"pathway","pval","padj","ES","NES","nMoreExtreme","size","leadingEdge"
"RA_mRNA_Splicing_-_Major_Pathway%R-MMU-72163",0.00127877237851662,0.0313090868646424,-0.499485252810129,-1.64928828595401,0,176,"POLR2L;SNRPF;POLR2F;RBM8A;SNRPD1;LSM7;SNRPE;DDX23;LSM5;LUC7L3;LSM4;POLR2H;MAGOH;UBL5;LSM8;SF3B6;LSM6;SNRNP27;SNRPD3;UPF3B;SNRPD2;ZMAT2;BCAS2;MAGOHB;RBMX2;PRKRIP1;POLR2I;SNRPG;BUD31;LSM3;PHF5A;U2AF1;SRSF9;PPIL3;CWC15;CCDC12;ACIN1;SYF2;HNRNPH1;FAM32A;PPIG;NCBP2;ISY1;SNRNP70;HNRNPA3;GTF2F2;LSM2;NKAP;RBM25;POLR2E;SNRPC;SRSF3;RBM17;POLR2G;LENG1;SRSF5;ALYREF;NSRP1;SNRPA1;SMNDC1"
"RA_mRNA_Splicing%R-MMU-72172",0.00126742712294043,0.0313090868646424,-0.509092750627513,-1.68751784520061,0,182,"POLR2L;SNRPF;POLR2F;RBM8A;SNRPD1;LSM7;SNRPE;DDX23;LSM5;LUC7L3;LSM4;POLR2H;MAGOH;UBL5;LSM8;SF3B6;LSM6;SNRNP27;ZCRB1;SNRPD3;UPF3B;SNRPD2;ZMAT2;BCAS2;MAGOHB;RBMX2;PRKRIP1;POLR2I;SNRPG;BUD31;LSM3;SNRNP48;PHF5A;U2AF1;SRSF9;PPIL3;CWC15;CCDC12;ACIN1;SYF2;HNRNPH1;FAM32A;SNRNP25;PPIG;NCBP2;ISY1;SNRNP70;HNRNPA3;GTF2F2;LSM2;NKAP;RBM25;POLR2E;SNRPC;SRSF3;RBM17;POLR2G;LENG1;SRSF5;ZMAT5;ALYREF;NSRP1;SNRPA1;SMNDC1"
"RA_The_citric_acid_(TCA)_cycle_and_respiratory_electron_transport%R-MMU-1428517",0.00135685210312076,0.0313090868646424,-0.73936141800532,-2.33205021236399,0,109,"NDUFA5;NDUFA1;NDUFA3;UQCRQ;NDUFB3;UQCRH;NDUFA2;NDUFB7;NDUFS6;NDUFB8;NDUFB10;NDUFAF2;NDUFA4;NDUFA13;NDUFS5;NDUFB11;COX4I1;ETFB;COX6B1;COX8A;COX20;COX6A1;MT-CO2;COX5A;NDUFB9;NDUFB6;NDUFS4;NDUFA6;NDUFC2;NDUFB2;COX16;COX7B;NDUFB5;UQCR10;NDUFC1;NDUFS7;NDUFAF3;NDUFA7;NDUFA12;NDUFA8;FAHD1"
"RA_Respiratory_electron_transport,_ATP_synthesis_by_chemiosmotic_coupling,_and_heat_production_by_uncoupling_proteins.%R-MMU-163200",0.00141442715700141,0.0313090868646424,-0.812846277652539,-2.41471069111454,0,74,"NDUFA5;NDUFA1;NDUFA3;UQCRQ;NDUFB3;UQCRH;NDUFA2;NDUFB7;NDUFS6;NDUFB8;NDUFB10;NDUFAF2;NDUFA4;NDUFA13;NDUFS5;NDUFB11;COX4I1;ETFB;COX6B1;COX8A;COX20;COX6A1;MT-CO2;COX5A;NDUFB9;NDUFB6;NDUFS4;NDUFA6;NDUFC2;NDUFB2;COX16;COX7B;NDUFB5;UQCR10;NDUFC1;NDUFS7;NDUFAF3;NDUFA7;NDUFA12;NDUFA8"
"RA_Respiratory_electron_transport%R-MMU-611105",0.00140646976090014,0.0313090868646424,-0.825398780526017,-2.4364558181524,0,70,"NDUFA5;NDUFA1;NDUFA3;UQCRQ;NDUFB3;UQCRH;NDUFA2;NDUFB7;NDUFS6;NDUFB8;NDUFB10;NDUFAF2;NDUFA4;NDUFA13;NDUFS5;NDUFB11;COX4I1;ETFB;COX6B1;COX8A;COX20;COX6A1;MT-CO2;COX5A;NDUFB9;NDUFB6;NDUFS4;NDUFA6;NDUFC2;NDUFB2;COX16;COX7B;NDUFB5;UQCR10;NDUFC1;NDUFS7;NDUFAF3;NDUFA7;NDUFA12;NDUFA8"
"RA_Complex_I_biogenesis%R-MMU-6799198",0.00149476831091181,0.0313090868646424,-0.837361301857944,-2.30532159289851,0,45,"NDUFA5;NDUFA1;NDUFA3;NDUFB3;NDUFA2;NDUFB7;NDUFS6;NDUFB8;NDUFB10;NDUFAF2;NDUFA13;NDUFS5;NDUFB11;NDUFB9;NDUFB6;NDUFS4;NDUFA6;NDUFC2;NDUFB2;NDUFB5;NDUFC1;NDUFS7;NDUFAF3;NDUFA7;NDUFA12;NDUFA8"
"RA_L13a-mediated_translational_silencing_of_Ceruloplasmin_expression%R-MMU-156827",0.00137174211248285,0.0313090868646424,-0.851359612579076,-2.57988503579917,0,83,"RPS21;RPL38;RPS12;RPL22;RPLP1;RPL35A;RPLP2;RPL23;RPS27L;RPS15A;RPS20;RPS24;RPL34;RPL30;RPS15;RPS29;RPS23;RPS28;RPS16;RPS17;RPS10;RPL36A;RPL27A;RPS9;RPL37A;RPL28;RPS14;RPL31;RPL39;RPL18;RPL26;RPL27;RPSA;RPL8;RPS25;RPS5;RPL11;RPL32;RPS13;RPL24;RPS4X;EIF3K;RPS8;RPS6;EIF1AX;RPL14;RPL19;RPS19;RPL7;RPL18A;RPL6;RPL9;RPL13;EIF4B;RPLP0;EIF4A2;RPL23A;RPS18;EIF2S3X;RPS3;PABPC1;RPS11"
"RA_Eukaryotic_Translation_Initiation%R-MMU-72613",0.00139664804469274,0.0313090868646424,-0.841508186556411,-2.57765606522103,0,91,"RPS21;RPL38;RPS12;RPL22;RPLP1;RPL35A;RPLP2;RPL23;RPS27L;RPS15A;RPS20;RPS24;RPL34;RPL30;RPS15;RPS29;RPS23;RPS28;RPS16;RPS17;RPS10;RPL36A;RPL27A;RPS9;RPL37A;RPL28;RPS14;RPL31;RPL39;RPL18;RPL26;RPL27;RPSA;RPL8;RPS25;RPS5;RPL11;RPL32;RPS13;RPL24;RPS4X;EIF3K;RPS8;RPS6;EIF1AX;RPL14;RPL19;RPS19;RPL7;RPL18A;RPL6;RPL9;RPL13;EIF4B;RPLP0;EIF4A2;RPL23A;RPS18;EIF2S3X;RPS3;PABPC1;RPS11"
"RA_Translation_initiation_complex_formation%R-MMU-72649",0.00147058823529412,0.0313090868646424,-0.82504651691192,-2.30642055159625,0,49,"RPS21;RPS12;RPS27L;RPS15A;RPS20;RPS24;RPS15;RPS29;RPS23;RPS28;RPS16;RPS17;RPS10;RPS9;RPS14;RPSA;RPS25;RPS5;RPS13;RPS4X;EIF3K;RPS8;RPS6;EIF1AX;RPS19;EIF4B;EIF4A2;RPS18;EIF2S3X;RPS3;PABPC1;RPS11"
"RA_Activation_of_the_mRNA_upon_binding_of_the_cap-binding_complex_and_eIFs,_and_subsequent_binding_to_43S%R-MMU-72662",0.00144717800289436,0.0313090868646424,-0.82381654812775,-2.31595754642992,0,50,"RPS21;RPS12;RPS27L;RPS15A;RPS20;RPS24;RPS15;RPS29;RPS23;RPS28;RPS16;RPS17;RPS10;RPS9;RPS14;RPSA;RPS25;RPS5;RPS13;RPS4X;EIF3K;RPS8;RPS6;EIF1AX;RPS19;EIF4B;EIF4A2;RPS18;EIF2S3X;RPS3;PABPC1;RPS11"
"RA_Formation_of_a_pool_of_free_40S_subunits%R-MMU-72689",0.00141442715700141,0.0313090868646424,-0.872430340039631,-2.58581552648782,0,73,"RPS21;RPL38;RPS12;RPL22;RPLP1;RPL35A;RPLP2;RPL23;RPS27L;RPS15A;RPS20;RPS24;RPL34;RPL30;RPS15;RPS29;RPS23;RPS28;RPS16;RPS17;RPS10;RPL36A;RPL27A;RPS9;RPL37A;RPL28;RPS14;RPL31;RPL39;RPL18;RPL26;RPL27;RPSA;RPL8;RPS25;RPS5;RPL11;RPL32;RPS13;RPL24;RPS4X;EIF3K;RPS8;RPS6;EIF1AX;RPL14;RPL19;RPS19;RPL7;RPL18A;RPL6;RPL9;RPL13;RPLP0;RPL23A;RPS18"
"RA_Formation_of_the_ternary_complex,_and_subsequently,_the_43S_complex%R-MMU-72695",0.0015015015015015,0.0313090868646424,-0.841024322053578,-2.29311480231648,0,42,"RPS21;RPS12;RPS27L;RPS15A;RPS20;RPS24;RPS15;RPS29;RPS23;RPS28;RPS16;RPS17;RPS10;RPS9;RPS14;RPSA;RPS25;RPS5;RPS13;RPS4X;EIF3K;RPS8;RPS6;EIF1AX;RPS19;RPS18;EIF2S3X;RPS3;RPS11"
"RA_Ribosomal_scanning_and_start_codon_recognition%R-MMU-72702",0.00147058823529412,0.0313090868646424,-0.822989340185759,-2.30066970654421,0,49,"RPS21;RPS12;RPS27L;RPS15A;RPS20;RPS24;RPS15;RPS29;RPS23;RPS28;RPS16;RPS17;RPS10;RPS9;RPS14;RPSA;RPS25;RPS5;RPS13;RPS4X;EIF3K;RPS8;RPS6;EIF1AX;RPS19;EIF4B;EIF4A2;RPS18;EIF2S3X;RPS3;RPS11"
"RA_GTP_hydrolysis_and_joining_of_the_60S_ribosomal_subunit%R-MMU-72706",0.00137551581843191,0.0313090868646424,-0.851943014186312,-2.58411819512348,0,84,"RPS21;RPL38;RPS12;RPL22;RPLP1;RPL35A;RPLP2;RPL23;RPS27L;RPS15A;RPS20;RPS24;RPL34;RPL30;RPS15;RPS29;RPS23;RPS28;RPS16;RPS17;RPS10;RPL36A;RPL27A;RPS9;RPL37A;RPL28;RPS14;RPL31;RPL39;RPL18;RPL26;RPL27;RPSA;RPL8;RPS25;RPS5;RPL11;RPL32;RPS13;RPL24;RPS4X;EIF3K;RPS8;RPS6;EIF1AX;RPL14;RPL19;RPS19;RPL7;RPL18A;RPL6;RPL9;RPL13;EIF4B;RPLP0;EIF4A2;RPL23A;RPS18;EIF2S3X"
"RA_Cap-dependent_Translation_Initiation%R-MMU-72737",0.00139664804469274,0.0313090868646424,-0.841508186556411,-2.57765606522103,0,91,"RPS21;RPL38;RPS12;RPL22;RPLP1;RPL35A;RPLP2;RPL23;RPS27L;RPS15A;RPS20;RPS24;RPL34;RPL30;RPS15;RPS29;RPS23;RPS28;RPS16;RPS17;RPS10;RPL36A;RPL27A;RPS9;RPL37A;RPL28;RPS14;RPL31;RPL39;RPL18;RPL26;RPL27;RPSA;RPL8;RPS25;RPS5;RPL11;RPL32;RPS13;RPL24;RPS4X;EIF3K;RPS8;RPS6;EIF1AX;RPL14;RPL19;RPS19;RPL7;RPL18A;RPL6;RPL9;RPL13;EIF4B;RPLP0;EIF4A2;RPL23A;RPS18;EIF2S3X;RPS3;PABPC1;RPS11"
"RA_Translation%R-MMU-72766",0.00125156445556946,0.0313090868646424,-0.787365343742189,-2.62419911578623,0,187,"RPS21;RPL38;RPS12;RPL22;RPLP1;RPL35A;RPLP2;RPL23;RPS27L;RPS15A;RPS20;RPS24;RPL34;RPL30;RPS15;RPS29;RPS23;MRPS25;RPS28;MRPL52;MRPL51;RPS16;RPS17;RPS10;RPL36A;RPL27A;RPS9;RPL37A;RPL28;MRPS21;RPS14;MRPL23;RPL31;MRPS28;SRP9;MRPS12;GADD45GIP1;RPL39;RPL18;RPL26;RPL27;RPSA;RPL8;MRPL24;MRPS33;MRPS18C;SRP14;RPS25;MRPS14;RPS5;RPL11;RPL32;MRPL34;RPS13;MRPL12;RPL24;RPS4X;EIF3K;RPS8;MRPL13;RPS6;CHCHD1;MRPL54;EIF1AX;MRPS24;EEF1D;RPL14;RPL19;AURKAIP1;RPS19;MRPL14;MRPL47;MRPS15;MRPS26;RPL7;RPL18A;RPL6;MRPL57;RPL9;RPL13;MRPL2;MRPL20;EIF4B;RPLP0;EIF4A2;MRPL21;RPL23A;RPS18;EIF2S3X;EEF1G;MRPL55;MRPL41;TRMT112;RPS3;PABPC1;RPS11;MRPL11;MRPL48;MRPL22;RPL5;MRPS16;MRPL18;MRPS18A;EIF2S2;MRPS23;MRPL58;RPL15;EIF3I;MRPL42;MRPL30;MRPL28"
"RA_SRP-dependent_cotranslational_protein_targeting_to_membrane%R-MMU-1799339",0.00143061516452074,0.0313090868646424,-0.889222933778612,-2.57663058574075,0,64,"RPS21;RPL38;RPS12;RPL22;RPLP1;RPL35A;RPLP2;RPL23;RPS27L;RPS15A;RPS20;RPS24;RPL34;RPL30;RPS15;RPS29;RPS23;RPS28;RPS16;RPS17;RPS10;RPL36A;RPL27A;RPS9;RPL37A;RPL28;RPS14;RPL31;SRP9;RPL39;RPL18;RPL26;RPL27;RPSA;RPL8;SRP14;RPS25;RPS5;RPL11;RPL32;RPS13;RPL24;RPS4X;RPS8;RPS6;RPL14;RPL19;RPS19;RPL7;RPL18A;RPL6;RPL9;RPL13;RPLP0;RPL23A;RPS18"
"RA_Major_pathway_of_rRNA_processing_in_the_nucleolus_and_cytosol%R-MMU-6791226",0.00130890052356021,0.0313090868646424,-0.677184006466699,-2.1913554688134,0,144,"RPS21;RPL38;RPS12;RPL22;RPLP1;RPL35A;RPLP2;RPL23;RPS27L;RPS15A;RPS20;RPS24;RPL34;RPL30;RPS15;RPS29;RPS23;RPS28;RPS16;RPS17;RPS10;RPL36A;RPL27A;RPS9;RPL37A;RPL28;RPS14;RPL31;RPL39;RPL18;RPL26;RPL27;RPSA;RPL8;RPS25;RPS5;RPL11;EMG1;RPL32;FCF1;RPS13;RPL24;RPS4X;RPS8;RPS6;RPL14;RPL19;RPS19;EXOSC3;RPL7;RPL18A;RPL6;RPL9;RPL13;RPLP0;MPHOSPH6;RPL23A;RPS18;FBL;EXOSC2;RPS3;RPS11;NIP7"
"RA_rRNA_processing%R-MMU-72312",0.00130890052356021,0.0313090868646424,-0.677184006466699,-2.1913554688134,0,144,"RPS21;RPL38;RPS12;RPL22;RPLP1;RPL35A;RPLP2;RPL23;RPS27L;RPS15A;RPS20;RPS24;RPL34;RPL30;RPS15;RPS29;RPS23;RPS28;RPS16;RPS17;RPS10;RPL36A;RPL27A;RPS9;RPL37A;RPL28;RPS14;RPL31;RPL39;RPL18;RPL26;RPL27;RPSA;RPL8;RPS25;RPS5;RPL11;EMG1;RPL32;FCF1;RPS13;RPL24;RPS4X;RPS8;RPS6;RPL14;RPL19;RPS19;EXOSC3;RPL7;RPL18A;RPL6;RPL9;RPL13;RPLP0;MPHOSPH6;RPL23A;RPS18;FBL;EXOSC2;RPS3;RPS11;NIP7"
"RA_rRNA_processing_in_the_nucleus_and_cytosol%R-MMU-8868773",0.00130890052356021,0.0313090868646424,-0.677184006466699,-2.1913554688134,0,144,"RPS21;RPL38;RPS12;RPL22;RPLP1;RPL35A;RPLP2;RPL23;RPS27L;RPS15A;RPS20;RPS24;RPL34;RPL30;RPS15;RPS29;RPS23;RPS28;RPS16;RPS17;RPS10;RPL36A;RPL27A;RPS9;RPL37A;RPL28;RPS14;RPL31;RPL39;RPL18;RPL26;RPL27;RPSA;RPL8;RPS25;RPS5;RPL11;EMG1;RPL32;FCF1;RPS13;RPL24;RPS4X;RPS8;RPS6;RPL14;RPL19;RPS19;EXOSC3;RPL7;RPL18A;RPL6;RPL9;RPL13;RPLP0;MPHOSPH6;RPL23A;RPS18;FBL;EXOSC2;RPS3;RPS11;NIP7"
"RA_Nonsense-Mediated_Decay_(NMD)%R-MMU-927802",0.00140845070422535,0.0313090868646424,-0.830799133584778,-2.52422711106786,0,87,"RPS21;RPL38;RPS12;RPL22;RPLP1;RPL35A;RPLP2;RPL23;RPS27L;RPS15A;RPS20;RBM8A;RPS24;RPL34;RPL30;RPS15;RPS29;RPS23;RPS28;RPS16;RPS17;RPS10;RPL36A;RPL27A;RPS9;RPL37A;RPL28;RPS14;MAGOH;RPL31;RPL39;UPF3B;RPL18;RPL26;RPL27;RPSA;RPL8;RPS25;MAGOHB;RPS5;RPL11;RPL32;RPS13;RPL24;RPS4X;RPS8;RPS6;RPL14;RPL19;RPS19;RPL7;RPL18A;RPL6;RPL9;RPL13;RPLP0;RPL23A;RPS18;NCBP2;RPS3;PABPC1;RPS11"
"RA_Nonsense_Mediated_Decay_(NMD)_independent_of_the_Exon_Junction_Complex_(EJC)%R-MMU-975956",0.00142045454545455,0.0313090868646424,-0.872051051947131,-2.55983215184018,0,68,"RPS21;RPL38;RPS12;RPL22;RPLP1;RPL35A;RPLP2;RPL23;RPS27L;RPS15A;RPS20;RPS24;RPL34;RPL30;RPS15;RPS29;RPS23;RPS28;RPS16;RPS17;RPS10;RPL36A;RPL27A;RPS9;RPL37A;RPL28;RPS14;RPL31;RPL39;RPL18;RPL26;RPL27;RPSA;RPL8;RPS25;RPS5;RPL11;RPL32;RPS13;RPL24;RPS4X;RPS8;RPS6;RPL14;RPL19;RPS19;RPL7;RPL18A;RPL6;RPL9;RPL13;RPLP0;RPL23A;RPS18;NCBP2;RPS3;PABPC1;RPS11"
"RA_Nonsense_Mediated_Decay_(NMD)_enhanced_by_the_Exon_Junction_Complex_(EJC)%R-MMU-975957",0.00140845070422535,0.0313090868646424,-0.830799133584778,-2.52422711106786,0,87,"RPS21;RPL38;RPS12;RPL22;RPLP1;RPL35A;RPLP2;RPL23;RPS27L;RPS15A;RPS20;RBM8A;RPS24;RPL34;RPL30;RPS15;RPS29;RPS23;RPS28;RPS16;RPS17;RPS10;RPL36A;RPL27A;RPS9;RPL37A;RPL28;RPS14;MAGOH;RPL31;RPL39;UPF3B;RPL18;RPL26;RPL27;RPSA;RPL8;RPS25;MAGOHB;RPS5;RPL11;RPL32;RPS13;RPL24;RPS4X;RPS8;RPS6;RPL14;RPL19;RPS19;RPL7;RPL18A;RPL6;RPL9;RPL13;RPLP0;RPL23A;RPS18;NCBP2;RPS3;PABPC1;RPS11"
"RA_TP53_Regulates_Metabolic_Genes%R-MMU-5628897",0.00147058823529412,0.0313090868646424,-0.694225380581472,-1.88977161445276,0,40,"LAMTOR4;LAMTOR2;NDUFA4;COX4I1;COX6B1;COX8A;COX20;COX6A1;MT-CO2;COX5A;COX16;COX7B;PRDX5;LAMTOR5;MT-CO1"
"RA_Mitochondrial_translation%R-MMU-5368287",0.00139082058414465,0.0313090868646424,-0.742782108720183,-2.2409260685702,0,80,"MRPS25;MRPL52;MRPL51;MRPS21;MRPL23;MRPS28;MRPS12;GADD45GIP1;MRPL24;MRPS33;MRPS18C;MRPS14;MRPL34;MRPL12;MRPL13;CHCHD1;MRPL54;MRPS24;AURKAIP1;MRPL14;MRPL47;MRPS15;MRPS26;MRPL57;MRPL2;MRPL20;MRPL21;MRPL55;MRPL41;MRPL11;MRPL48;MRPL22;MRPS16;MRPL18;MRPS18A;MRPS23;MRPL58;MRPL42;MRPL30;MRPL28;MRPL9;MRPS17;MRPL40;MRPL17;MRPL16;MTRF1L;MRPL10;MRPL15;MRPL36"
"RA_Mitochondrial_translation_elongation%R-MMU-5389840",0.0013986013986014,0.0313090868646424,-0.744386369859306,-2.22751513356134,0,77,"MRPS25;MRPL52;MRPL51;MRPS21;MRPL23;MRPS28;MRPS12;GADD45GIP1;MRPL24;MRPS33;MRPS18C;MRPS14;MRPL34;MRPL12;MRPL13;CHCHD1;MRPL54;MRPS24;AURKAIP1;MRPL14;MRPL47;MRPS15;MRPS26;MRPL57;MRPL2;MRPL20;MRPL21;MRPL55;MRPL41;MRPL11;MRPL48;MRPL22;MRPS16;MRPL18;MRPS18A;MRPS23;MRPL58;MRPL42;MRPL30;MRPL28;MRPL9;MRPS17;MRPL40;MRPL17;MRPL16"
"RA_Mitochondrial_translation_termination%R-MMU-5419276",0.00139664804469274,0.0313090868646424,-0.744894775889263,-2.23869769647528,0,79,"MRPS25;MRPL52;MRPL51;MRPS21;MRPL23;MRPS28;MRPS12;GADD45GIP1;MRPL24;MRPS33;MRPS18C;MRPS14;MRPL34;MRPL12;MRPL13;CHCHD1;MRPL54;MRPS24;AURKAIP1;MRPL14;MRPL47;MRPS15;MRPS26;MRPL57;MRPL2;MRPL20;MRPL21;MRPL55;MRPL41;MRPL11;MRPL48;MRPL22;MRPS16;MRPL18;MRPS18A;MRPS23;MRPL58;MRPL42;MRPL30;MRPL28;MRPL9;MRPS17;MRPL40;MRPL17;MRPL16;MTRF1L;MRPL10;MRPL15;MRPL36"
"KEGG_Oxidative_phosphorylation%mmu00190",0.00134589502018843,0.0343213728549142,-0.824036224845627,-2.54422755863835,0,93,"NDUFA5;ATP5K;NDUFA1;NDUFA3;UQCRQ;NDUFB3;UQCRH;NDUFA2;NDUFB7;ATP5L;NDUFS6;COX6C;NDUFB8;NDUFB10;NDUFA4;ATP5G3;NDUFA13;NDUFS5;NDUFB11;COX4I1;ATP6V1G1;ATP5J2;COX6B1;COX5B;COX8A;COX6A1;UQCRB;ATP5H;COX5A;NDUFB9;COX6B2;NDUFA11;ATP6V1F;NDUFB6;COX7A2;NDUFS4;NDUFA6;NDUFC2;NDUFB2;ATP6V0B;COX7B;NDUFB5;UQCR10;NDUFC1;ATP5E;NDUFS7;NDUFA7;NDUFA12;ATP5J;NDUFA8"
"KEGG_Ribosome%mmu03010",0.00131233595800525,0.0343213728549142,-0.84671081728108,-2.67412760303897,0,109,"RPS21;RPL38;RPL17;RPS12;RPL22;RPLP1;RPL35A;RPLP2;RPL23;RPS27L;RPS15A;RPS20;RPS24;FAU;RPL34;RPL36AL;RPL30;RPS15;RPS29;RPS27A;RPS23;RPS28;RPS3A1;RPS16;RPS17;RPS10;RPL36A;RPL27A;RPS9;RPL37A;RPL28;MRPS21;RPS14;MRPL23;RPL31;RPL21;MRPS12;RPL39;RPL18;RPL7A;RPL26;RPL27;RPSA;RPL8;MRPL24;RPL36;MRPS18C;RPS25;MRPS14;RPS5;RPL11;RPL32;MRPL34;RPS13;MRPL12;RPL24;RPS4X;RPS8;RPL10A;MRPL13;RPS6;RPL14;RPL19;RPS19;MRPL14;MRPS15;RPL7;RPL18A;RPL6;RPL9;RSL24D1;RPL13;MRPL2;MRPL20;RPLP0;MRPL21;RPL23A;RPS18;RPS3;RPS11;MRPL11;MRPL22;RPL5;MRPS16;MRPL18;MRPS18A"
"KEGG_Spliceosome%mmu03040",0.00130718954248366,0.0343213728549142,-0.526754566114471,-1.67767235419642,0,119,"SNRPF;RBM8A;SNRPD1;LSM7;SNRPE;DDX23;RP9;LSM5;LSM4;TRA2A;MAGOH;LSM8;SF3B6;LSM6;SNRNP27;SNRPD3;SNRPD2;ZMAT2;BCAS2;MAGOHB;SNRPG;BUD31;SNRPB2;LSM3;PHF5A;U2AF1;SRSF9;CWC15;CCDC12;ACIN1;SYF2;PRPF38B;NCBP2;ISY1;SNRNP70"
"KEGG_Cardiac_muscle_contraction%mmu04260",0.0015600624024961,0.0343213728549142,-0.819964727432475,-2.06864347756728,0,31,"UQCRQ;UQCRH;COX6C;COX4I1;COX6B1;COX5B;COX8A;COX6A1;UQCRB;COX5A;COX6B2;COX7A2;COX7B;UQCR10"
"KEGG_Thermogenesis%mmu04714",0.00128865979381443,0.0343213728549142,-0.706401385222505,-2.30371248810544,0,152,"NDUFA5;ATP5K;NDUFA1;NDUFA3;UQCRQ;NDUFB3;UQCRH;NDUFA2;NDUFB7;ATP5L;NDUFS6;COX6C;NDUFB8;NDUFB10;NDUFAF2;NDUFA4;ATP5G3;NDUFA13;NDUFS5;NDUFB11;COX4I1;ATP5J2;COX6B1;COX5B;COX8A;COX20;COX6A1;UQCRB;ATP5H;COX5A;NDUFB9;COX6B2;NDUFA11;NPR1;NDUFB6;ACTB;COX7A2;NDUFS4;NDUFA6;NDUFC2;NDUFB2;COX16;COX7B;NDUFB5;UQCR10;NDUFC1;ATP5E;RPS6;NDUFS7;NDUFAF3;NDUFA7;NDUFA12;ATP5J;NDUFA8"
"KEGG_Retrograde_endocannabinoid_signaling%mmu04723",0.00143266475644699,0.0343213728549142,-0.740782745435617,-2.15443307572884,0,66,"NDUFA5;NDUFA1;NDUFA3;NDUFB3;NDUFA2;NDUFB7;NDUFS6;NDUFB8;NDUFB10;NDUFA4;NDUFA13;NDUFS5;NDUFB11;NDUFB9;NDUFA11;NDUFB6;NDUFS4;NDUFA6;NDUFC2;NDUFB2;NDUFB5;NDUFC1;NDUFS7;NDUFA7;NDUFA12;NDUFA8"
"KEGG_Non-alcoholic_fatty_liver_disease%mmu04932",0.00130718954248366,0.0343213728549142,-0.725619184548428,-2.29698988416696,0,111,"NDUFA5;NDUFA1;NDUFA3;UQCRQ;NDUFB3;UQCRH;NDUFA2;NDUFB7;NDUFS6;COX6C;NDUFB8;NDUFB10;NDUFA4;NDUFA13;NDUFS5;NDUFB11;COX4I1;COX6B1;COX5B;COX8A;COX6A1;UQCRB;COX5A;NDUFB9;COX6B2;NDUFA11;NDUFB6;COX7A2;NDUFS4;NDUFA6;NDUFC2;BAX;NDUFB2;COX7B;NDUFB5;UQCR10;NDUFC1;NDUFS7;NDUFA7;NDUFA12;NDUFA8"
"KEGG_Parkinson_disease%mmu05012",0.00125786163522013,0.0343213728549142,-0.677599763463836,-2.25607808553631,0,182,"NDUFA5;SEM1;NDUFA1;NDUFA3;UQCRQ;NDUFB3;UQCRH;NDUFA2;NDUFB7;NDUFS6;RPS27A;COX6C;SOD1;NDUFB8;NDUFB10;TXN1;NDUFA4;ATP5G3;NDUFA13;NDUFS5;NDUFB11;COX4I1;COX6B1;COX5B;COX8A;COX6A1;UQCRB;ATP5H;COX5A;NDUFB9;COX6B2;NDUFA11;NDUFB6;COX7A2;NDUFS4;NDUFA6;NDUFC2;BAX;NDUFB2;SLC39A1;COX7B;NDUFB5;UQCR10;NDUFC1;ATP5E;PSMB5;NDUFS7;PSMB4;NDUFA7;NDUFA12;ATP5J;PSMB6;NDUFA8;PSMA7;PARK7;PSMD9;CALM3;CALML4;ATP5D;PSMB1;ATP5G1;NDUFAB1;NDUFV3;TUBB5;PSMA3;NDUFV2;PSMA6"
"KEGG_Prion_disease%mmu05020",0.00126262626262626,0.0343213728549142,-0.693865965572674,-2.30178102541123,0,178,"NDUFA5;SEM1;NDUFA1;NDUFA3;UQCRQ;NDUFB3;UQCRH;NDUFA2;NDUFB7;NDUFS6;COX6C;SOD1;NDUFB8;NDUFB10;NDUFA4;ATP5G3;NDUFA13;NDUFS5;NDUFB11;COX4I1;COX6B1;COX5B;COX8A;COX6A1;UQCRB;ATP5H;COX5A;NDUFB9;COX6B2;NDUFA11;NDUFB6;COX7A2;NDUFS4;NDUFA6;NDUFC2;BAX;NDUFB2;COX7B;NDUFB5;CYBA;UQCR10;NDUFC1;ATP5E;PSMB5;NDUFS7;PSMB4;NDUFA7;NDUFA12;ATP5J;PSMB6;NDUFA8;PSMA7;PSMD9;ATP5D;PSMB1;ATP5G1;NOTCH1;NDUFAB1;NDUFV3;TUBB5;CSNK2A2;PSMA3;NDUFV2;PSMA6;SLC25A4;BAD;C1QB;PSMA2;PSMD13;ATF4;ATP5O;PSMC5;C1QC;PSMD7"
"KEGG_Coronavirus_disease%mmu05171",0.00130378096479791,0.0343213728549142,-0.77237758346431,-2.48998361162625,0,140,"RPS21;RPL38;RPL17;RPS12;RPL22;RPLP1;RPL35A;RPLP2;RPL23;RPS27L;RPS15A;RPS20;RPS24;FAU;RPL34;RPL36AL;RPL30;RPS15;RPS29;RPS27A;RPS23;RPS28;RPS3A1;RPS16;RPS17;RPS10;RPL36A;RPL27A;RPS9;RPL37A;RPL28;RPS14;RPL31;RPL21;RPL39;RPL18;RPL7A;RPL26;RPL27;RPSA;RPL8;RPL36;RPS25;TAB2;RPS5;RPL11;RPL32;RPS13;RPL24;RPS4X;RPS8;RPL10A;RPS6;RPL14;RPL19;RPS19;RPL7;RPL18A;RPL6;RPL9;RSL24D1;RPL13;RPLP0;RPL23A;RPS18"
"KEGG_Chemical_carcinogenesis%mmu05208",0.00128865979381443,0.0343213728549142,-0.657641902255987,-2.14251329273011,0,151,"NDUFA5;NDUFA1;NDUFA3;UQCRQ;NDUFB3;UQCRH;NDUFA2;NDUFB7;NDUFS6;COX6C;SOD1;NDUFB8;NDUFB10;NDUFA4;ATP5G3;NDUFA13;NDUFS5;NDUFB11;COX4I1;COX6B1;COX5B;COX8A;COX6A1;UQCRB;ATP5H;COX5A;NDUFB9;COX6B2;NDUFA11;NDUFB6;COX7A2;NDUFS4;NDUFA6;NDUFC2;NDUFB2;COX7B;NDUFB5;CYBA;UQCR10;NDUFC1;ATP5E;FOXO3;NDUFS7;NDUFA7;NDUFA12;ATP5J;MGST1;NDUFA8;ATP5D;ATP5G1;NDUFAB1;SOD2;NDUFV3;GSTT2;FOS;NFKBIA;NDUFV2"
"KEGG_Diabetic_cardiomyopathy%mmu05415",0.00130039011703511,0.0343213728549142,-0.689999236393807,-2.22052761098534,0,135,"NDUFA5;NDUFA1;NDUFA3;UQCRQ;NDUFB3;UQCRH;NDUFA2;NDUFB7;NDUFS6;COX6C;NDUFB8;NDUFB10;NDUFA4;ATP5G3;NDUFA13;NDUFS5;NDUFB11;COX4I1;COX6B1;COX5B;COX8A;COX6A1;UQCRB;ATP5H;COX5A;NDUFB9;COX6B2;NDUFA11;NDUFB6;COX7A2;NDUFS4;NDUFA6;NDUFC2;NDUFB2;COX7B;NDUFB5;CYBA;UQCR10;NDUFC1;ATP5E;NDUFS7;NDUFA7;NDUFA12;ATP5J;NDUFA8;MPC2"
"RA_G_alpha_(q)_signalling_events%R-MMU-416476",0.003003003003003,0.04352195423624,0.564058282636312,1.74892051992231,0,46,"DGKQ;KALRN;DAGLB;DGKZ;RPS6KA1;P2RY2;DGKH;GNA15;RPS6KA2;DGKA;ANXA1;GNA11;DGKG;ITPR1;CREB1;PIK3R2;ITPR2"
"RA_COPI-dependent_Golgi-to-ER_retrograde_traffic%R-MMU-6811434",0.0032258064516129,0.04352195423624,0.600811453660553,1.91938805452692,0,60,"KIF20A;COPB1;COPG1;COPA;COPG2;COPB2;KIF1B;ARFGAP2;TMED7;KIF11;KIF2C;NBAS;ARCN1;KIF13B;KIF18A;GBF1;KIF18B;KIF23;ZW10;KIF20B"
"RA_Factors_involved_in_megakaryocyte_development_and_platelet_production%R-MMU-983231",0.0032258064516129,0.04352195423624,0.609677420707832,1.94771180091806,0,60,"KIF20A;DOCK2;SH2B2;KIF1B;KIF11;KIF2C;DOCK8;KIF13B;KIF18A;RAC1;DOCK11;AKAP10;KIF18B;KIF23;KIF20B;MFN2;PRKACA;DOCK5;SH2B3;CAPZA2;DOCK10;KIF22;KDM1A;RCOR1;RACGAP1;VPS45;CDC42"
"RA_PI_Metabolism%R-MMU-1483255",0.0032258064516129,0.04352195423624,0.641335627343802,2.04884899341765,0,60,"SACM1L;PIP5K1C;PIK3R4;FIG4;PLEKHA1;RUFY1;PIK3CG;PITPNB;PI4KA;VAC14;PIK3C3;INPP5J;MTMR14;MTMR6;PI4K2A;PIK3C2G;PLEKHA3;MTMR4;INPP5E;MTMR2;PI4K2B;PIK3R2;MTMR9;PIK3CB;SBF1"
"RA_CDC42_GTPase_cycle%R-MMU-9013148",0.00323624595469256,0.04352195423624,0.591345490825853,1.84490784154738,0,53,"ARHGEF11;ARHGAP1;FAM13B;DOCK8;RASGRF2;DOCK11;ARHGEF6;ARHGAP31;ARHGAP45;VAV3;ECT2;ABR;SRGAP2;ARHGAP33;FGD2;PIK3R2;DOCK10;RACGAP1;CDC42;DEPDC1B;ARAP1;ARHGAP39;KTN1;PLEKHG2;PREX1;TAGAP"
"RA_mRNA_Splicing_-_Minor_Pathway%R-MMU-72165",0.00294985250737463,0.04352195423624,-0.60669718762238,-1.65987319215523,1,41,"POLR2L;SNRPF;POLR2F;SNRPD1;SNRPE;DDX23;POLR2H;SF3B6;ZCRB1;SNRPD3;SNRPD2;POLR2I;SNRPG;SNRNP48"
"RA_Synthesis_of_PIPs_at_the_Golgi_membrane%R-MMU-1660514",0.0024390243902439,0.04352195423624,0.760908020840676,1.82807234104679,0,16,"SACM1L;PIK3R4;FIG4;PI4KA;VAC14;PIK3C3;PI4K2A;PIK3C2G;INPP5E;PI4K2B"
"RA_Transport_of_Mature_mRNA_Derived_from_an_Intronless_Transcript%R-MMU-159231",0.00302114803625378,0.04352195423624,0.624716638188496,1.85148732401434,0,38,"NUP160;NUP107;POM121;CPSF3;NUP214;NUP188;NUP133;RANBP2;CPSF1;NUP93;NUP155;NUP88;NUP98;AAAS;TPR;SEH1L;NCBP1;WDR33"
"RA_Transport_of_Mature_mRNAs_Derived_from_Intronless_Transcripts%R-MMU-159234",0.00303951367781155,0.04352195423624,0.623905034912243,1.85829582652315,0,39,"NUP160;NUP107;POM121;CPSF3;NUP214;NUP188;NUP133;RANBP2;CPSF1;NUP93;NUP155;NUP88;NUP98;AAAS;TPR;SEH1L;NCBP1;WDR33"
"RA_SUMOylation_of_ubiquitinylation_proteins%R-MMU-3232142",0.0029585798816568,0.04352195423624,0.651568569459771,1.87213508718855,0,34,"NUP160;NUP107;POM121;NUP214;NUP188;NUP133;RANBP2;NUP93;NUP155;NUP88;NUP98;AAAS;TPR;PML;SEH1L"
"RA_Nuclear_Pore_Complex_(NPC)_Disassembly%R-MMU-3301854",0.00268096514745308,0.04352195423624,0.72093409203409,1.99760582058669,0,28,"NUP160;NUP107;POM121;CCNB1;NUP214;NUP188;NUP133;RANBP2;NUP93;NUP155;NUP88;NUP98;AAAS;TPR;SEH1L"
"RA_SUMOylation_of_DNA_replication_proteins%R-MMU-4615885",0.00303951367781155,0.04352195423624,0.647597421438039,1.92886339776811,0,39,"NUP160;NUP107;POM121;NUP214;TOP2A;NUP188;TOP2B;NUP133;RANBP2;AURKB;NUP93;NUP155;NUP88;NUP98;INCENP;AAAS;TPR;SEH1L"
"RA_Glycolysis%R-MMU-70171",0.003003003003003,0.04352195423624,0.626174039348316,1.94151679032256,0,46,"NUP160;PFKP;NUP107;POM121;HK3;NUP214;NUP188;NUP133;RANBP2;NUP93;NUP155;ENO1;NUP88;NUP98;GNPDA1;AAAS;TPR;PFKL;SEH1L;GNPDA2"
"RA_Glucose_metabolism%R-MMU-70326",0.00324675324675325,0.04352195423624,0.598513751883422,1.89506742033191,0,58,"NUP160;PFKP;NUP107;POM121;HK3;NUP214;SLC25A12;NUP188;NUP133;RANBP2;NUP93;SLC25A13;NUP155;ENO1;NUP88;NUP98;GNPDA1;AAAS;TPR;PFKL;SEH1L;GNPDA2"
"RA_Activation_of_ATR_in_response_to_replication_stress%R-MMU-176187",0.00289017341040462,0.04352195423624,0.637561558126737,1.81964499760001,0,33,"CDC6;MCM6;MCM2;MCM5;ORC3;ORC5;CDC25C;MCM7;RAD9A;RFC5;RPA1;ATRIP;MCM4;MCM10;ORC1;ORC4"
"RA_Resolution_of_Sister_Chromatid_Cohesion%R-MMU-2500257",0.0034965034965035,0.0440256490459806,0.525843496654998,1.79916324353203,0,91,"PPP2R1B;CLASP2;BUB1B;CKAP5;BUB1;NUP160;NUP107;CCNB1;KIF2C;NUP133;CENPO;SMC1A;RANBP2;KIF18A;XPO1;CLIP1;PLK1;ZWILCH;AURKB;ERCC6L;CLASP1;STAG1;KNTC1;ZW10;NUP98;PPP2R5B;PPP2R5C;INCENP;MAD1L1;NDC80;CENPI;STAG2;NDEL1;SMC3"
"RA_Mitotic_Spindle_Checkpoint%R-MMU-69618",0.00348432055749129,0.0440256490459806,0.521534260492805,1.79222162073783,0,94,"PPP2R1B;CLASP2;BUB1B;CDC23;CKAP5;BUB1;NUP160;NUP107;ANAPC2;KIF2C;NUP133;CENPO;RANBP2;KIF18A;CDC16;UBE2E1;XPO1;ANAPC1;CLIP1;PLK1;ZWILCH;AURKB;ERCC6L;CLASP1;KNTC1;ZW10;NUP98;PPP2R5B;PPP2R5C;INCENP;MAD1L1;NDC80;CENPI"
"RA_EML4_and_NUDC_in_mitotic_spindle_formation%R-MMU-9648025",0.00359712230215827,0.0440256490459806,0.529551596650204,1.77567604232705,0,82,"PPP2R1B;CLASP2;BUB1B;CKAP5;BUB1;NUP160;NUP107;KIF2C;NUP133;CENPO;RANBP2;KIF18A;XPO1;CLIP1;PLK1;ZWILCH;AURKB;ERCC6L;CLASP1;KNTC1;ZW10;NUP98;PPP2R5B;PPP2R5C;INCENP;MAD1L1;NDC80;CENPI"
"RA_Golgi-to-ER_retrograde_transport%R-MMU-8856688",0.00352112676056338,0.0440256490459806,0.545867283478213,1.84995148865625,0,85,"KIF20A;COPB1;COPG1;COPA;COPG2;DCTN1;COPB2;KIF1B;ARFGAP2;TMED7;KIF11;KIF2C;PLA2G4A;RAB3GAP2;NBAS;ARCN1;KIF13B;KIF18A;GBF1;KIF18B;KIF23;ZW10;KIF20B"
"RA_Phospholipid_metabolism%R-MMU-1483257",0.00392156862745098,0.044156862745098,0.53922353489853,1.90356869511321,0,121,"SACM1L;PIP5K1C;PIK3R4;FIG4;GNPAT;PLEKHA1;RUFY1;PIK3CG;OSBPL8;PCYT1A;PITPNB;PLA2G4A;PI4KA;VAC14;PIK3C3;INPP5J;CDIPT;HADHB;MTMR14;HADHA;MTMR6;DGAT2;ABHD4;MBOAT1;PI4K2A;PIK3C2G;PLEKHA3;MTMR4;OSBPL5;LPCAT3;INPP5E;PNPLA8;MTMR2;PI4K2B;PIK3R2;MTMR9;PIK3CB;CHPT1;SBF1;AGK;PNPLA2;SYNJ2;AGPAT2;MTMR3;PI4KB;PTDSS2;BMX;PITPNM1;CPNE3"
"RA_Intra-Golgi_and_retrograde_Golgi-to-ER_traffic%R-MMU-6811442",0.00390625,0.044156862745098,0.455862985226306,1.61272171209116,0,125,"KIF20A;COPB1;COPG1;COPA;COPG2;DCTN1;COPB2;KIF1B;COG1;ARFGAP2;TMED7;KIF11;KIF2C;PLA2G4A;RAB3GAP2;NBAS;ARCN1;KIF13B;KIF18A;COG4;GBF1;VPS52;COG2;KIF18B;KIF23;ZW10;KIF20B;COG5;VPS53"
"RA_RAC1_GTPase_cycle%R-MMU-9013149",0.00377358490566038,0.044156862745098,0.574800599099038,1.98873771159787,0,107,"ARHGEF11;ARHGAP1;ESYT1;DOCK2;KALRN;ERBIN;FAM13B;IQGAP3;NCKAP1L;NISCH;GIT2;DOCK8;RASGRF2;IQGAP1;ITGB1;RAC1;DOCK11;MPP7;CYFIP1;TIAM2;ARHGEF6;VRK2;FMNL1;ARHGAP31;ARHGAP45;VAV3;VAV1;PKN1;ALS2;IQGAP2;ARHGAP15;ECT2;DOCK5;GIT1;ABR;SRGAP2;SWAP70;ARHGAP33;PIK3R2;DOCK10;CYFIP2;RACGAP1;CDC42;DEPDC1B;ARAP1;ARHGAP39;KTN1;PLEKHG2"
"RA_Platelet_activation,_signaling_and_aggregation%R-MMU-76002",0.00386100386100386,0.044156862745098,0.483713828145408,1.70270366303224,0,118,"RAF1;VCL;DGKQ;ACTN4;TLN1;PLCG2;DAGLB;FERMT3;FLNA;ARRB1;PRKCB;PIK3CG;DGKZ;PLA2G4A;MAGED2;RAC1;TOR4A;DGKH;SHC1;FN1;PTPN6;COL1A2;HGF;VEGFA;VAV3;VAV1;GNA15;DGKA;GNA11;DGKG;ABCC4;ITPR1;COL1A1;PIK3R2;ACTN1;PIK3CB;ITPR2;PLEK;GNA12;APBB1IP;PECAM1"
"RA_GPCR_downstream_signalling%R-MMU-388396",0.0040650406504065,0.044874860513311,0.483035486309144,1.73912752002665,0,138,"PPP2R1B;GRK6;ARHGEF11;DGKQ;AKT1;KALRN;DAGLB;ARRB1;PIK3CG;NET1;DGKZ;RPS6KA1;PLA2G4A;PDE4D;P2RY2;RASGRF2;ITGB1;DGKH;ARHGEF1;CNR2;TIAM2;ARHGEF6;ADCY3;FN1;VAV3;VAV1;GNA15;RPS6KA2;DGKA;ECT2;PRKACA;CAMKK1;ANXA1;GNA11;DGKG;ABR;ARHGEF3;FGD2;GNB5;ITPR1;CREB1;PLEKHG5;PIK3R2;ITPR2;GNA12"
"RA_Signaling_by_GPCR%R-MMU-372790",0.00425531914893617,0.0453301127214171,0.469317035054519,1.69448473290814,0,145,"PPP2R1B;GRK6;ARHGEF11;DGKQ;AKT1;KALRN;DAGLB;ARRB1;PIK3CG;NET1;DGKZ;RPS6KA1;PLA2G4A;PDE4D;P2RY2;RASGRF2;ITGB1;DGKH;ARHGEF1;CNR2;ADGRE5;TIAM2;ARHGEF6;ADCY3;FN1;VAV3;VAV1;GNA15;RPS6KA2;DGKA;ECT2;PRKACA;CAMKK1;ANXA1;GNA11;DGKG;ABR;ARHGEF3;FGD2;GNB5;ITPR1;CREB1;PLEKHG5;PIK3R2;ITPR2;GNA12"
"RA_RHO_GTPase_Effectors%R-MMU-195258",0.00429184549356223,0.0453301127214171,0.475380753805672,1.76080529834701,0,165,"PPP2R1B;CLASP2;BUB1B;CKAP5;PIK3R4;PRC1;FLNA;NCOA2;BUB1;NUP160;NUP107;IQGAP3;NCKAP1L;CTNNA1;KIF2C;MYH9;FMNL3;NUP133;CENPO;LIMK1;IQGAP1;RANBP2;PIK3C3;KIF18A;RAC1;XPO1;CDC25C;CLIP1;PLK1;CYFIP1;ZWILCH;AURKB;MEN1;ERCC6L;NF2;FMNL1;CLASP1;KNTC1;ZW10;NUP98;PKN1;PPP2R5B;IQGAP2;DIAPH2;PPP2R5C;INCENP;MAD1L1;NDC80;CENPI"
"RA_Mitotic_Prometaphase%R-MMU-68877",0.00434782608695652,0.0453301127214171,0.47262213956609,1.720704033238,0,152,"PPP2R1B;ODF2;CLASP2;BUB1B;NCAPH;DCTN1;CKAP5;BUB1;NCAPG;NUP160;NUP107;CCNB1;KIF2C;TUBGCP4;NUP133;SMC2;CENPO;SMC1A;TUBGCP2;RANBP2;KIF18A;XPO1;CLIP1;PLK1;ZWILCH;TUBG1;AURKB;ERCC6L;CLASP1;STAG1;KNTC1;ZW10;NUP98;PPP2R5B;TUBGCP6;NEDD1;PPP2R5C;INCENP;MAD1L1;NDC80;CENPI;PRKACA;STAG2"
"RA_TP53_Regulates_Transcription_of_DNA_Repair_Genes%R-MMU-6796648",0.00447761194029851,0.0458344640434193,-0.614519841307813,-1.64476764834599,2,37,"POLR2L;POLR2F;POLR2H;GTF2H5;POLR2I;ELOB;ELOC;GTF2F2;MNAT1;POLR2E;CCNH;NELFE;POLR2G"
"KEGG_Inositol_phosphate_metabolism%mmu00562",0.00323624595469256,0.045993031358885,0.630976655366129,1.99332495453804,0,57,"SACM1L;PIP5K1C;INPP5B;PLCG2;FIG4;PIK3CG;PI4KA;PIK3C3;INPP5J;CDIPT;MTMR14;MTMR6;PLCG1;ISYNA1;PI4K2A;PIK3C2G;MTMR4;INPP5E;INPP5A;MTMR2;PI4K2B;PIK3CB"
"KEGG_Proteasome%mmu03050",0.00294117647058824,0.045993031358885,-0.62953432692469,-1.68758216231035,1,41,"SEM1;PSMB9;POMP;PSMB5;PSMB4;PSMB10;PSMB6;PSMA7;PSMD9;PSMB1;PSMA3;PSMA6;PSMA2;PSMD13;PSMC5;PSMD7;PSMD4;PSMB3;PSMA4"
"KEGG_Phosphatidylinositol_signaling_system%mmu04070",0.00348432055749129,0.045993031358885,0.615365731441162,2.02719856407029,0,72,"SACM1L;PPIP5K2;PIP5K1C;DGKQ;INPP5B;PLCG2;PRKCB;DGKZ;PI4KA;PIK3C3;DGKH;CDIPT;MTMR14;MTMR6;PLCG1;DGKA;PI4K2A;PIK3C2G;MTMR4;INPP5E;DGKG;INPP5A;ITPR1;MTMR2;PI4K2B;PIK3R2;PIK3CB;ITPR2"
"KEGG_B_cell_receptor_signaling_pathway%mmu04662",0.00320512820512821,0.045993031358885,0.535536066500373,1.70474549190506,0,58,"RAF1;PLCG2;AKT1;PIK3AP1;PRKCB;RAC1;NFATC1;PTPN6;DAPP1;VAV3;VAV1;NFATC3;MAP2K1;IKBKG;PIK3R2;PIK3CB;BCL10;SYK"
"KEGG_Fc_gamma_R-mediated_phagocytosis%mmu04666",0.00340136054421769,0.045993031358885,0.507836002193456,1.663194642815,0,69,"PIP5K1C;RAF1;PLCG2;AKT1;PRKCB;PLA2G4A;LIMK1;HCK;RAC1;DNM2;VAV3;VAV1;PLCG1;GSN;MAP2K1;SCIN;PIK3R2;PIK3CB;SYK;PAK1;CDC42"
"KEGG_Amoebiasis%mmu05146",0.0029940119760479,0.045993031358885,0.628970118725331,1.92592312833762,0,43,"VCL;ACTN4;PRKCB;ITGB2;GNAS;FN1;COL1A2;GNA15;ITGB2L;PRKACA;GNA11;RAB7B;COL1A1;PIK3R2;ACTN1;PIK3CB"
"KEGG_Central_carbon_metabolism_in_cancer%mmu05230",0.00327868852459016,0.045993031358885,0.635334205109696,1.942759154155,0,49,"MYC;RAF1;HK1;AKT1;PFKP;G6PDX;HK3;MTOR;IDH1;PKM;PDK1;MAP2K1;TRP53;PIK3R2;PIK3CB;PFKL;SIRT3;GLS"
"KEGG_Choline_metabolism_in_cancer%mmu05231",0.0032258064516129,0.045993031358885,0.605047693630831,1.92891715321467,0,59,"PIP5K1C;RAF1;DGKQ;AKT1;PRKCB;TSC2;PCYT1A;DGKZ;PLA2G4A;MTOR;RAC1;DGKH;PLCG1;DGKA;MAP2K1;DGKG;SLC22A3;PIK3R2;PIK3CB;CHPT1"
"KEGG_Chemokine_signaling_pathway%mmu04062",0.00398406374501992,0.0466595970307529,0.494017880313533,1.71328292217722,0,99,"GRK6;RAF1;JAK3;PLCG2;AKT1;DOCK2;ARRB1;PRKCB;PIK3CG;HCK;RAC1;SHC1;STAT1;ADCY3;PXN;STAT2;VAV3;ELMO1;VAV1;PLCG1;MAP2K1;IKBKG;PRKACA;JAK2"
"KEGG_Phospholipase_D_signaling_pathway%mmu04072",0.0037593984962406,0.0466595970307529,0.520493530607553,1.72414071956789,0,76,"PIP5K1C;RAF1;DGKQ;PLCG2;AKT1;TSC2;PIK3CG;DGKZ;PLA2G4A;MTOR;DGKH;SHC1;GNAS;ADCY3;DNM2;PLCG1;DGKA;MAP2K1;DGKG;PIK3R2;PIK3CB;GNA12"
"KEGG_Focal_adhesion%mmu04510",0.0040650406504065,0.0466595970307529,0.518791200884462,1.79526071690318,0,100,"PIP5K1C;ZYX;RAF1;VCL;ACTN4;ILK;TLN1;FLNB;AKT1;FLNA;PRKCB;ITGB1;RAC1;SHC1;ITGB5;FN1;COL1A2;HGF;PXN;VEGFA;PARVG;VAV3;VAV1;COL6A4;MAP2K1"
"RA_Cell_Cycle_Checkpoints%R-MMU-69620",0.00492610837438424,0.0495249824067558,0.425024565484716,1.60485527242047,0,187,"PPP2R1B;CLASP2;BUB1B;CDC23;CKAP5;BUB1;NUP160;NUP107;BLM;CDC6;CCNB1;ANAPC2;KIF2C;MCM6;RMI1;MCM2;MCM5;NUP133;CENPO;ORC3;RANBP2;KIF18A;CDC16;ORC5;UBE2E1;XPO1;ANAPC1;CDC25C;CLIP1;PLK1;PSMD1;MCM7;ZWILCH;AURKB;TOP3A;ERCC6L;CLASP1;RAD9A;RFC5;EXO1;RPA1;KNTC1;ATRIP;MCM4;WRN;ZW10;MCM10;NUP98;PPP2R5B;ORC1;PSMF1;PPP2R5C;INCENP;MAD1L1;NDC80;ORC4;CENPI;KAT5;PSMD5;NDEL1"
"RA_Kinesins%R-MMU-983189",0.00520833333333333,0.0510148604566872,0.716096754947555,1.88086023392245,1,23,"KIF20A;KIF1B;KIF11;KIF2C;KIF13B;KIF18A;KIF18B;KIF23;KIF20B"
"RA_Transport_of_the_SLBP_Dependant_Mature_mRNA%R-MMU-159230",0.00558659217877095,0.0510148604566872,0.615157163452631,1.75537713004061,1,32,"NUP160;NUP107;POM121;NUP214;NUP188;NUP133;RANBP2;NUP93;NUP155;NUP88;NUP98;AAAS;TPR;SEH1L;NCBP1"
"RA_Regulation_of_Glucokinase_by_Glucokinase_Regulatory_Protein%R-MMU-170822",0.00530503978779841,0.0510148604566872,0.724744859397196,1.96612193650267,1,26,"NUP160;NUP107;POM121;NUP214;NUP188;NUP133;RANBP2;NUP93;NUP155;NUP88;NUP98;AAAS;TPR;SEH1L"
"RA_SUMOylation_of_SUMOylation_proteins%R-MMU-4085377",0.00561797752808989,0.0510148604566872,0.66997184751338,1.89679728955795,1,31,"NUP160;NUP107;POM121;NUP214;NUP188;NUP133;RANBP2;TOPORS;NUP93;NUP155;NUP88;NUP98;AAAS;TPR;SEH1L"
"RA_PI5P,_PP2A_and_IER3_Regulate_PI3K/AKT_Signaling%R-MMU-6811558",0.00558659217877095,0.0510148604566872,0.628556485186688,1.79361266451444,1,32,"PPP2R1B;PIP5K1C;AKT1;RAC1;HGF;VAV1;PPP2R5B;PPP2R5C;PIK3R2;PIK3CB"
"RA_Costimulation_by_the_CD28_family%R-MMU-388841",0.00558659217877095,0.0510148604566872,0.610801997915659,1.74294947994509,1,32,"PPP2R1B;BTLA;AKT1;MTOR;RAC1;PTPN6;VAV1;PPP2R5B;PPP2R5C;PIK3R2;MAPKAP1"
"WP_Electron_Transport_Chain%WP295",0.00140252454417952,0.0510510510510511,-0.832884436406082,-2.47008845386582,0,72,"NDUFA5;ATP5K;NDUFA1;NDUFA3;UQCRQ;NDUFB3;UQCRH;NDUFA2;NDUFB7;ATP5L;NDUFS6;COX6C;NDUFB10;ATPIF1;NDUFA4;ATP5G3;NDUFS5;COX4I1;ATP5J2;COX6B1;COX5B;COX8A;COX6A1;UQCRB;ATP5H;COX5A;NDUFB9;NDUFB6;COX7A2;NDUFS4;NDUFA6;NDUFC2;NDUFB2;COX7B;NDUFB5;UQCR10;NDUFC1;ATP5E;NDUFS7;NDUFA7;NDUFA12;ATP5J;NDUFA8"
"WP_Cytoplasmic_Ribosomal_Proteins%WP163",0.00142247510668563,0.0510510510510511,-0.886005492425409,-2.61040432233162,0,67,"RPS21;RPL38;RPL17;RPS12;RPL22;RPLP1;RPL35A;RPLP2;RPS15A;RPS20;RPS24;FAU;RPL34;RPL30;RPS15;RPS29;RPS27A;RPS23;RPS28;RPS3A1;RPS16;RPS17;RPS10;RPL36A;RPL27A;RPL37A;RPL28;RPS14;RPL31;RPL21;RPL39;RPL18;RPL7A;RPL26;RPL27;RPSA;RPL8;RPL36;RPS25;RPS5;RPL11;RPL32;RPS13;RPL24;RPS4X;RPS8;RPL10A;RPS6;RPL19;RPS19;RPL7;RPL18A;RPL6;RPL9;RPL13;RPLP0;RPL23A;RPS18"
"WP_Oxidative_phosphorylation%WP1248",0.0015015015015015,0.0510510510510511,-0.831381538956467,-2.29570722828279,0,45,"NDUFA5;ATP5K;NDUFA3;NDUFA2;NDUFB7;ATP5L;NDUFS6;NDUFB8;NDUFB10;NDUFA4;ATP5G3;NDUFS5;ATP5J2;ATP5H;NDUFB9;NDUFA11;NDUFB6;NDUFS4;NDUFA6;NDUFC2;NDUFB2;NDUFB5;NDUFC1;ATP5E;NDUFS7;NDUFA7;ATP5J;NDUFA8;ATP5D;ATP5G1"
"RA_G_alpha_(12/13)_signalling_events%R-MMU-416482",0.00591715976331361,0.0528787451864375,0.588472264362965,1.69084210870491,1,34,"ARHGEF11;KALRN;NET1;RASGRF2;ARHGEF1;TIAM2;ARHGEF6;VAV3;VAV1;ECT2;ABR;ARHGEF3;FGD2;PLEKHG5;GNA12;PLEKHG2;ARHGEF2;PREX1"
"RA_Regulation_of_HSF1-mediated_heat_shock_response%R-MMU-3371453",0.00615384615384615,0.0541346153846154,0.53816645328455,1.67596115888652,1,48,"NUP160;NUP107;POM121;NUP214;NUP188;NUP133;RANBP2;NUP93;NUP155;RPA1;HSF1;NUP88;NUP98;HSPA5;AAAS;BAG5;TPR;SEH1L"
"RA_RAC2_GTPase_cycle%R-MMU-9013404",0.00649350649350649,0.0562437562437563,0.537094060831747,1.7005949372643,1,58,"ARHGAP1;ESYT1;DOCK2;ERBIN;NCKAP1L;GIT2;ANKLE2;IQGAP1;ITGB1;MPP7;CYFIP1;VRK2;VAV3;VAV1;GIT1;ABR;SWAP70;PIK3R2;DOCK10;RACGAP1;CDC42;DEPDC1B;ARHGAP39;PREX1"
"KEGG_Carbohydrate_digestion_and_absorption%mmu04973",0.00520833333333333,0.0572916666666667,0.725140958165116,1.89629896840427,1,23,"HK1;MGAM;AKT1;PRKCB;HK3;ATP1A3;ATP1A1;PIK3R2;PIK3CB"
"RA_Amplification_of_signal_from_the_kinetochores%R-MMU-141424",0.00706713780918728,0.0577270117299647,0.530840536638017,1.77021793528109,1,80,"PPP2R1B;CLASP2;BUB1B;CKAP5;BUB1;NUP160;NUP107;KIF2C;NUP133;CENPO;RANBP2;KIF18A;XPO1;CLIP1;PLK1;ZWILCH;AURKB;ERCC6L;CLASP1;KNTC1;ZW10;NUP98;PPP2R5B;PPP2R5C;INCENP;MAD1L1;NDC80;CENPI"
"RA_Amplification__of_signal_from_unattached__kinetochores_via_a_MAD2__inhibitory_signal%R-MMU-141444",0.00706713780918728,0.0577270117299647,0.530840536638017,1.77021793528109,1,80,"PPP2R1B;CLASP2;BUB1B;CKAP5;BUB1;NUP160;NUP107;KIF2C;NUP133;CENPO;RANBP2;KIF18A;XPO1;CLIP1;PLK1;ZWILCH;AURKB;ERCC6L;CLASP1;KNTC1;ZW10;NUP98;PPP2R5B;PPP2R5C;INCENP;MAD1L1;NDC80;CENPI"
"RA_RHO_GTPases_Activate_Formins%R-MMU-5663220",0.00719424460431655,0.0577270117299647,0.500746665230499,1.72902083605042,1,98,"PPP2R1B;CLASP2;BUB1B;CKAP5;BUB1;NUP160;NUP107;KIF2C;FMNL3;NUP133;CENPO;RANBP2;KIF18A;RAC1;XPO1;CLIP1;PLK1;ZWILCH;AURKB;ERCC6L;FMNL1;CLASP1;KNTC1;ZW10;NUP98;PPP2R5B;DIAPH2;PPP2R5C;INCENP;MAD1L1;NDC80;CENPI"
"RA_Cytoprotection_by_HMOX1%R-MMU-9707564",0.00748502994011976,0.0577270117299647,-0.614892203830206,-1.61861319519531,4,35,"NDUFA4;COX4I1;COX6B1;COX8A;COX20;COX6A1;MT-CO2;COX5A;COX16;COX7B"
"RA_MHC_class_II_antigen_presentation%R-MMU-2132295",0.00696864111498258,0.0577270117299647,0.552756565837681,1.81837784322335,1,72,"KIF20A;AP1M1;DCTN1;AP1B1;KIF1B;OSBPL1A;AP2A1;KIF11;KIF2C;KIF13B;KIF18A;SEC24D;CLTC;CTSE;KIF18B;KIF23;SEC31A;DNM2;SEC24C;AP2M1;ACTR1B;KIF20B"
"RA_RNA_Polymerase_I_Transcription_Initiation%R-MMU-73762",0.00742942050520059,0.0577270117299647,-0.597283133255785,-1.61510454753293,4,39,"POLR2L;POLR2F;POLR2H;GTF2H5;TAF1D;ZNRD1;CHD3;POLR1C;MNAT1;POLR2E;GATAD2B;CCNH"
"RA_RNA_Polymerase_I_Promoter_Clearance%R-MMU-73854",0.00742942050520059,0.0577270117299647,-0.597283133255785,-1.61510454753293,4,39,"POLR2L;POLR2F;POLR2H;GTF2H5;TAF1D;ZNRD1;CHD3;POLR1C;MNAT1;POLR2E;GATAD2B;CCNH"
"RA_RNA_Polymerase_I_Transcription%R-MMU-73864",0.00742942050520059,0.0577270117299647,-0.597283133255785,-1.61510454753293,4,39,"POLR2L;POLR2F;POLR2H;GTF2H5;TAF1D;ZNRD1;CHD3;POLR1C;MNAT1;POLR2E;GATAD2B;CCNH"
"KEGG_Glycolysis_/_Gluconeogenesis%mmu00010",0.0062111801242236,0.0585625554569654,0.54800588033974,1.64940891286796,1,41,"HK1;PFKP;PGM1;HK3;ALDH3A2;PGM2;ENO1;PKM;ALDH9A1;ALDH2;PFKL;DLD;FBP1;GPI1;HK2;LDHB;DLAT;PGAM1;ADH5;ACSS2"
"KEGG_Aminoacyl-tRNA_biosynthesis%mmu00970",0.00609756097560976,0.0585625554569654,0.627929050748837,1.90823787871443,1,42,"LARS;IARS;AARS;VARS;FARSB;DARS;TARS;DARS2;NARS2;EPRS;IARS2;GARS;TARSL2;TARS2;RARS2;KARS"
"KEGG_VEGF_signaling_pathway%mmu04370",0.0056980056980057,0.0585625554569654,0.622555113366802,1.82831666997823,1,36,"RAF1;PLCG2;AKT1;PRKCB;PLA2G4A;RAC1;MAPKAPK3;PXN;VEGFA;PLCG1;MAPK14;MAP2K1;PIK3R2;PIK3CB"
"KEGG_Long-term_depression%mmu04730",0.00584795321637427,0.0585625554569654,0.633085378107712,1.83179606133035,1,34,"PPP2R1B;RAF1;PRKCB;PLA2G4A;GNAS;PPP2R1A;MAP2K1;GNA11;ITPR1;ITPR2;GNA12"
"KEGG_Parathyroid_hormone_synthesis,_secretion_and_action%mmu04928",0.00647249190938511,0.0589219953130231,0.530064936064932,1.67453368614841,1,57,"RAF1;ARHGEF11;MEF2D;ARRB1;PRKCB;PDE4D;MEF2A;ARHGEF1;GNAS;ADCY3;LRP5;MAP2K1;PRKACA;GNA11;ITPR1;CREB1;ITPR2;GNA12"
"RA_NRAGE_signals_death_through_JNK%R-MMU-193648",0.00826446280991736,0.0604271761296555,0.640180152926081,1.79574729259536,2,30,"ARHGEF11;KALRN;NET1;RASGRF2;ARHGEF1;TIAM2;ARHGEF6;VAV3;VAV1;ECT2;ABR;ARHGEF3;FGD2;PLEKHG5;PLEKHG2;ARHGEF2;PREX1"
"RA_Transcriptional_regulation_by_small_RNAs%R-MMU-5578749",0.00826446280991736,0.0604271761296555,0.593154933552639,1.66383846976231,2,30,"NUP160;NUP107;POM121;NUP214;NUP188;NUP133;RANBP2;NUP93;NUP155;NUP88;NUP98;AAAS;TPR;SEH1L"
"RA_RHOU_GTPase_cycle%R-MMU-9013420",0.00826446280991736,0.0604271761296555,0.576333868708673,1.61665428025868,2,30,"SPTBN1;GIT2;IQGAP1;WWP2;CLTC;ARHGEF6;WDR6;ARHGAP31;PEAK1;GIT1;STAM2;SRGAP2;PIK3R2;NCK2;CDC42;DEPDC1B"
"RA_Formation_of_the_Early_Elongation_Complex%R-MMU-113418",0.00794912559618442,0.0604271761296555,-0.663063620728682,-1.66713551485793,4,28,"POLR2L;POLR2F;POLR2H;GTF2H5;POLR2I;NCBP2;GTF2F2;MNAT1;POLR2E;CCNH;NELFE;POLR2G"
"RA_Transport_of_the_SLBP_independent_Mature_mRNA%R-MMU-159227",0.00842696629213483,0.0608254105445117,0.616099556057354,1.74427622946367,2,31,"NUP160;NUP107;POM121;NUP214;NUP188;NUP133;RANBP2;NUP93;NUP155;NUP88;NUP98;AAAS;TPR;SEH1L;NCBP1"
"RA_Opioid_Signalling%R-MMU-111885",0.00867052023121387,0.0617911758249799,0.57925980790028,1.65324775046578,2,33,"PPP2R1B;PLA2G4A;PDE4D;ADCY3;GNA15;PRKACA;CAMKK1;GNA11;GNB5"
"WP_IL-9_Signaling_Pathway%WP10",0.0025062656641604,0.0639097744360902,0.724122178213811,1.88240055705115,0,20,"JAK3;AKT1;JAK1;TYK2;VCP;SHC1;STAT1;MAP2K1;KAT5"
"RA_Signaling_by_NTRKs%R-MMU-166520",0.00925925925925926,0.065162037037037,0.555516918771257,1.67602483271128,2,41,"PPP2R1B;AP2A1;RPS6KA1;KIDINS220;RAC1;CLTC;MAPKAPK3;PPP2R1A;AP2M1;RPS6KA2;CREB1;PIK3R2;PIK3CB;AP2B1"
"KEGG_Thyroid_hormone_signaling_pathway%mmu04919",0.00746268656716418,0.0656716417910448,0.481546033817001,1.63673091098396,1,86,"MYC;RAF1;PLCG2;AKT1;NCOA2;PRKCB;MED16;TSC2;PFKP;KAT2A;MTOR;STAT1;MED12;RCAN1;ATP1A3;PLCG1;MED1;ATP2A2;MAP2K1;SIN3A;PRKACA;TRP53;ATP1A1;NCOA1;PIK3R2;PIK3CB;PFKL"
"RA_Cellular_response_to_chemical_stress%R-MMU-9711123",0.00958904109589041,0.0666497547776087,-0.480830561080247,-1.50660652476802,6,105,"RPS27A;SOD1;NDUFA4;BACH1;COX4I1;COX6B1;COX8A;COX20;COX6A1;MT-CO2;COX5A;RBX1;COX16;COX7B;CYBA;PRDX5;PSMB5;PSMB6;GSTP1;PSMA7;PSMD9;MT-CO1;PSMB1;SOD2;CCS;BLVRA;PSMD13;PRDX2;PSMC5;PSMD7;PSMD10"
"RA_RNA_Polymerase_III_Transcription_Initiation_From_Type_2_Promoter%R-MMU-76066",0.00970873786407767,0.0666587733838504,-0.669984823017328,-1.61398952335586,5,23,"POLR2L;POLR2F;POLR2H;GTF3C6;POLR1C;POLR3GL;POLR2E"
"KEGG_MAPK_signaling_pathway%mmu04010",0.0087719298245614,0.0666666666666667,0.420721766155373,1.54772676561252,1,149,"MYC;RAF1;FLNB;AKT1;FLNA;ARRB1;PRKCB;RPS6KA1;PLA2G4A;MAP3K4;RASGRF2;MAP3K3;RAC1;TGFBR2;NFATC1;MAPKAPK3;HGF;VEGFA;CSF1R;PPM1A;RPS6KA2;ELK4;MAPK14;NFATC3;MAP2K1;MKNK1;IKBKG;PRKACA;MAP2K3;TRP53"
"KEGG_PI3K-Akt_signaling_pathway%mmu04151",0.00873362445414847,0.0666666666666667,0.399808938926681,1.50764677092184,1,162,"PPP2R1B;MYC;RAF1;JAK3;AKT1;PIK3AP1;TSC2;PIK3CG;BRCA1;JAK1;RBL2;ITGB1;MTOR;RAC1;ITGB5;FN1;COL1A2;HGF;PPP2R1A;VEGFA;CSF1R;PRKAA1;PKN1;PPP2R5B;COL6A4;PPP2R5C;PPP2R3C;MAP2K1;IKBKG;TRP53;JAK2;YWHAQ;GYS1;IFNAR1;ITGA5;GNB5;CREB1;COL1A1;PIK3R2;PIK3CB;IBSP;SYK;ERBB3"
"KEGG_Fc_epsilon_RI_signaling_pathway%mmu04664",0.00909090909090909,0.0666666666666667,0.507852007106463,1.55660535532313,2,44,"RAF1;PLCG2;AKT1;PLA2G4A;ALOX5;RAC1;VAV3;VAV1;PLCG1;MAPK14;MAP2K1;MAP2K3;PIK3R2;PIK3CB;SYK"
"KEGG_Regulation_of_actin_cytoskeleton%mmu04810",0.00829875518672199,0.0666666666666667,0.432271260118774,1.53914455906599,1,123,"PIP5K1C;RAF1;VCL;ACTN4;AKT1;IQGAP3;NCKAP1L;MYH9;LIMK1;IQGAP1;ITGB1;RAC1;ARHGEF1;ITGB2;CYFIP1;ITGB5;ARHGEF6;FN1;MSN;PXN;VAV3;VAV1;IQGAP2;DIAPH2;ITGB2L;GSN;MAP2K1;GIT1;SCIN;EZR;ITGA5;SSH1;PIK3R2;ACTN1;PIK3CB;GNA12"
"KEGG_Morphine_addiction%mmu05032",0.00802139037433155,0.0666666666666667,0.654114806428323,1.78784550505292,2,26,"GRK6;ARRB1;PRKCB;PDE4D;GNAS;ADCY3"
"KEGG_Endometrial_cancer%mmu05213",0.00898203592814371,0.0666666666666667,0.510558689556255,1.5633442023969,2,43,"MYC;RAF1;ILK;AKT1;MLH1;DDB2;CTNNA1"
"WP_Integrin-mediated_Cell_Adhesion%WP6",0.00336700336700337,0.0674603174603175,0.606153787470395,1.96944158488235,0,68,"ZYX;RAF1;VCL;ILK;TLN1;AKT1;GIT2;ITGB1;RAC1;SHC1;ITGB2;ITGB5;PXN;CAPN1;VAV3;MAP2K1;MAP2K3;ITGA5;PIK3R2;ACTN1"
"WP_Focal_Adhesion%WP85",0.00396825396825397,0.0674603174603175,0.508279965093643,1.75085343007997,0,102,"PIP5K1C;ZYX;RAF1;VCL;ILK;TLN1;AKT1;PIK3R4;FLNA;PIK3CG;HCK;ITGB1;RAC1;SHC1;ITGB2;ITGB5;FN1;COL1A2;HGF;PXN;CAPN1;VEGFA"
"RA_RHOA_GTPase_cycle%R-MMU-8980692",0.0104529616724739,0.0694082423388517,0.468747955142539,1.61082460640128,2,94,"ARHGEF11;ARHGAP1;DOCK2;KALRN;ERBIN;IQGAP3;NET1;SCFD1;FMNL3;ANLN;RASGRF2;IQGAP1;ARHGEF1;JUP;ARHGAP31;ARHGAP45;VAV3;VAV1;PKN1;ECT2;ABR;AAAS;ARHGEF3;STK10;PLEKHG5;PIK3R2;STOM;RACGAP1;DEPDC1B;ARAP1;ARHGAP39;KTN1;ARHGEF2;PREX1;TAGAP;ARHGAP19;FLOT2"
"RA_Formation_of_RNA_Pol_II_elongation_complex%R-MMU-112382",0.0104790419161677,0.0694082423388517,-0.567312046072085,-1.5706489654611,6,47,"POLR2L;POLR2F;POLR2H;GTF2H5;POLR2I;ELOB;ELOC;NCBP2;GTF2F2;MNAT1;POLR2E;CCNH;NELFE;IWS1;POLR2G"
"RA_RNA_Polymerase_II_Transcription_Elongation%R-MMU-75955",0.0104790419161677,0.0694082423388517,-0.567312046072085,-1.5706489654611,6,47,"POLR2L;POLR2F;POLR2H;GTF2H5;POLR2I;ELOB;ELOC;NCBP2;GTF2F2;MNAT1;POLR2E;CCNH;NELFE;IWS1;POLR2G"
"RA_RNA_Polymerase_I_Promoter_Escape%R-MMU-73772",0.0112,0.0708494382022472,-0.65455610613515,-1.59645449482484,6,24,"POLR2L;POLR2F;POLR2H;GTF2H5;TAF1D;ZNRD1;POLR1C;MNAT1;POLR2E;CCNH"
"RA_mRNA_Capping%R-MMU-72086",0.0111642743221691,0.0708494382022472,-0.650214598124673,-1.60123200718617,6,25,"POLR2L;POLR2F;POLR2H;GTF2H5;POLR2I;NCBP2;GTF2F2;MNAT1;POLR2E;CCNH;POLR2G"
"RA_RNA_Polymerase_I_Transcription_Termination%R-MMU-73863",0.0112,0.0708494382022472,-0.665880957040448,-1.62407567039944,6,24,"POLR2L;POLR2F;POLR2H;GTF2H5;TAF1D;ZNRD1;POLR1C;MNAT1;POLR2E;CCNH"
"RA_RNA_Polymerase_III_Transcription_Initiation_From_Type_1_Promoter%R-MMU-76061",0.0112,0.0708494382022472,-0.660786223586925,-1.61164967659145,6,24,"POLR2L;POLR2F;POLR2H;GTF3C6;POLR1C;POLR3GL;POLR2E"
"RA_Selective_autophagy%R-MMU-9663891",0.0119402985074627,0.0728189872599108,-0.583722826288986,-1.55136824798094,7,36,"TOMM7;TOMM5;RPS27A;TOMM22;TOMM20;DYNLL1;PARK7"
"RA_Synthesis_of_PIPs_at_the_plasma_membrane%R-MMU-1660499",0.0121580547112462,0.0728189872599108,0.554604061924924,1.65188346940145,3,39,"PIP5K1C;PLEKHA1;RUFY1;PIK3CG;INPP5J;MTMR14;MTMR6;PI4K2A;PIK3C2G;PLEKHA3;PI4K2B;PIK3R2;MTMR9;PIK3CB"
"RA_Negative_regulation_of_the_PI3K/AKT_network%R-MMU-199418",0.0120481927710843,0.0728189872599108,0.561831988725664,1.64229974531552,3,37,"PPP2R1B;PIP5K1C;AKT1;RAC1;HGF;VAV1;PPP2R5B;PPP2R5C"
"RA_ROS_and_RNS_production_in_phagocytes%R-MMU-1222556",0.0117845117845118,0.0728189872599108,-0.705896311091775,-1.64432824566299,6,19,"ATP6V1G1;ATP6V1F;ATP6V0B;CYBA;ATP6V1D"
"RA_PINK1-PRKN_Mediated_Mitophagy%R-MMU-5205685",0.011864406779661,0.0728189872599108,-0.750016954621549,-1.66627175885454,6,15,"TOMM7;TOMM5;RPS27A;TOMM22;TOMM20"
"KEGG_Galactose_metabolism%mmu00052",0.0103896103896104,0.0741312741312741,0.65296811910106,1.68513431178053,3,22,"HK1;MGAM;PFKP;PGM1;HK3;PGM2"
"RA_Mitotic_Metaphase_and_Anaphase%R-MMU-2555396",0.0130434782608696,0.0750967053488062,0.390810616548592,1.4506574925771,2,167,"PPP2R1B;CLASP2;BUB1B;CDC23;CKAP5;BUB1;NUP160;NUP107;POM121;CCNB1;ANAPC2;KIF2C;NUP188;ANKLE2;NUP133;CENPO;SMC1A;RANBP2;KIF18A;ESPL1;CDC16;UBE2E1;XPO1;ANAPC1;CLIP1;PLK1;PSMD1;ZWILCH;AURKB;ERCC6L;NUP93;CLASP1;STAG1;NUP155;SIRT2;KNTC1;ZW10;NUP98;PPP2R5B;PSMF1;PPP2R5C;INCENP;MAD1L1;NDC80;CHMP7;CENPI;STAG2;PSMD5;NDEL1"
"RA_Mitotic_Anaphase%R-MMU-68882",0.0129310344827586,0.0750967053488062,0.391723914366871,1.45200669364667,2,166,"PPP2R1B;CLASP2;BUB1B;CDC23;CKAP5;BUB1;NUP160;NUP107;POM121;CCNB1;ANAPC2;KIF2C;NUP188;ANKLE2;NUP133;CENPO;SMC1A;RANBP2;KIF18A;ESPL1;CDC16;UBE2E1;XPO1;ANAPC1;CLIP1;PLK1;PSMD1;ZWILCH;AURKB;ERCC6L;NUP93;CLASP1;STAG1;NUP155;SIRT2;KNTC1;ZW10;NUP98;PPP2R5B;PSMF1;PPP2R5C;INCENP;MAD1L1;NDC80;CHMP7;CENPI;STAG2;PSMD5;NDEL1"
"RA_Metabolism_of_carbohydrates%R-MMU-71387",0.0127659574468085,0.0750967053488062,0.401370403133173,1.44799906710379,2,143,"PAPSS2;NUP160;PFKP;MAN2B1;NUP107;HMMR;POM121;PGM1;HK3;NUP214;SLC25A12;NUP188;NUP133;RANBP2;NUP93;PGM2;SLC25A13;NUP155;MAN2B2;ENO1;PHKG2;ST3GAL3;NUP88;PAPSS1;NUP98;GNPDA1;GLB1L;TKFC;GYS1;EXT2;AAAS;NDST2;TPR;B3GALT5;PFKL;SEH1L;B4GALT5;GNPDA2;ABCC5;GBE1;MAN2C1;UGP2;HGSNAT;FBP1"
"RA_COPI-mediated_anterograde_transport%R-MMU-6807878",0.0130718954248366,0.0750967053488062,0.489006499825231,1.57705823078625,3,63,"COPB1;COPG1;COPA;COPG2;DCTN1;SPTBN1;COPB2;COG1;ARFGAP2;TMED7;ARCN1;COG4;GBF1;COG2;COG5;CAPZA2;TMEM115;COG6;USO1;NSF;GOSR2"
"KEGG_Serotonergic_synapse%mmu04726",0.0113960113960114,0.0791722896986055,0.56813859580574,1.6685065197716,3,36,"RAF1;PRKCB;PLA2G4A;ALOX5;GNAS;MAP2K1;PRKACA;GNB5;ITPR1;ITPR2"
"WP_Amino_Acid_metabolism%WP662",0.00961538461538462,0.0796875,0.492995833512256,1.5743004867266,2,61,"CAD;IARS;ACLY;VARS;FARSB;PCX;PYCR1;IDH1;EHHADH;EPRS;HIBADH;PKM;WARS;SDHA;ALDH18A1;OGDH;HDC;GOT2;ACO2;GLS;DLD;HIBCH;ASNS;FH1;MCCC1;ASS1"
"WP_Primary_Focal_Segmental_Glomerulosclerosis_FSGS%WP2573",0.0111111111111111,0.0796875,0.541291894921049,1.60392296786628,3,37,"VCL;ACTN4;ILK;TLN1;AKT1;MYH9;AGRN;ITGB1;LRP5;DAG1;PLCG1"
"WP_Insulin_Signaling%WP65",0.0125,0.0796875,0.46130102314152,1.60569842349179,2,112,"RAF1;XBP1;AKT1;PIK3R4;SH2B2;PRKCB;TSC2;PIK3CG;RPS6KA1;MAP3K4;MTOR;PIK3C3;MAP3K3;RAC1;MINK1;SHC1;MYO1C;MAP3K9;MAP4K5;PRKAA1;RPS6KA2;MAPK14;MAP2K1;PIK3C2G;CAP1;MAP2K3;GYS1;ARHGAP33;RPS6KA4;PIK3R2;PIK3CB;PFKL"
"WP_IL-6_signaling_Pathway%WP387",0.0111111111111111,0.0796875,0.447432654267858,1.48381668460372,2,83,"PPP2R1B;RAF1;AKT1;JAK1;TYK2;MAP3K4;HCK;RAC1;SHC1;STAT1;PPP2R1A;PXN;VAV1;PLCG1;PPP2R5B;RPS6KA2;MAPK14;PPP2R5C;MAP2K1;JAK2;TEC;NCOA1;PIK3R2"
"WP_Regulation_of_Actin_Cytoskeleton%WP523",0.0111940298507463,0.0796875,0.447592684373606,1.4884522352219,2,84,"PIP5K1C;RAF1;VCL;PIK3R4;PIK3CG;LIMK1;IQGAP1;PIK3C3;RAC1;ARHGEF1;ARHGEF6;FN1;MSN;PXN;VAV1;GSN;MAP2K1;PIK3C2G;GIT1;EZR;SSH1;PIK3R2;ACTN1;PIK3CB;GNA12"
"WP_EPO_Receptor_Signaling%WP1249",0.0075187969924812,0.0796875,0.658744494576416,1.71244720967362,2,20,"RAF1;AKT1;PIK3CG;SHC1;STAT1;PDK1;MAP2K1;JAK2"
"WP_EGFR1_Signaling_Pathway%WP572",0.0123456790123457,0.0796875,0.437292638070799,1.56355091620654,2,129,"MYC;RAF1;PLCG2;AKT1;EPS15L1;PRKCB;CEACAM1;PIK3CG;AP2A1;RPS6KA1;JAK1;SH2D3C;MAP3K4;MAP3K3;RAC1;SHC1;STAT1;RIPK1;APPL2;PTPN6;PXN;STAT2;SH3KBP1;VAV3;VAV1;PLCG1;RPS6KA2;ELK4;MAPK14;MAP2K1;SIN3A;TNIP1;MAP2K3;PLEC;JAK2;GIT1"
"WP_Chemokine_signaling_pathway%WP2292",0.00772200772200772,0.0796875,0.486478142130694,1.66213704956002,1,97,"GRK6;RAF1;JAK3;AKT1;DOCK2;ARRB1;PRKCB;PIK3CG;HCK;RAC1;SHC1;STAT1;TIAM2;ADCY3;PXN;STAT2;VAV3;ELMO1;VAV1;MAP2K1;IKBKG;PRKACA;JAK2;GNB5;PIK3R2;PIK3CB"
"WP_Kit_Receptor_Signaling_Pathway%WP407",0.00602409638554217,0.0796875,0.546748952175161,1.72305722596522,1,53,"RAF1;AKT1;SH2B2;PRKCB;PIK3CG;RPS6KA1;HCK;CLTC;SHC1;STAT1;PTPN6;SH3KBP1;VAV1;PLCG1;MAP2K1;JAK2;TEC;PIK3R2;SPRED2"
"WP_ESC_Pluripotency_Pathways%WP339",0.00911854103343465,0.0796875,0.526735024160739,1.62139047227163,2,46,"MYC;RAF1;AKT1;JAK1;MTOR;DVL3;LRP5;MAP2K1;DVL2;MAP2K3;AXIN1"
"WP_FAS_pathway_and_Stress_induction_of_HSP_regulation%WP571",0.016,0.0828426395939086,0.590775047235363,1.69080743561023,5,30,"SPTAN1;CASP8;PARP1;PRKDC;FAF1;MAPKAPK3"
"WP_One_Carbon_Metabolism%WP435",0.0148514851485149,0.0828426395939086,0.638064164888028,1.6920217482461,5,21,"MTHFD1L;DNMT1;MTHFD1;MTR;SHMT1;GART;AHCYL2;ATIC"
"WP_Fatty_Acid_Biosynthesis%WP336",0.0190476190476191,0.0828426395939086,0.653778959210851,1.64573192257716,7,17,"FASN;ACLY;PCX;ACSL5;ECHDC1;ACSL1;ACACA"
"WP_DNA_Replication%WP150",0.0175953079178886,0.0828426395939086,0.533173930478618,1.59823822430789,5,40,"POLE;POLD1;CDC6;POLA1;MCM6;MCM2;MCM5;ORC3;ORC5;MCM7;RFC5;RPA1;MCM4;MCM10;ORC1;ORC4;RFC1;POLE2;ORC2;CDC45;MCM3;POLA2;PRIM1;PRIM2"
"WP_MAPK_signaling_pathway%WP493",0.0161290322580645,0.0828426395939086,0.426142730868777,1.48546283959266,3,110,"MYC;RAF1;AKT1;FLNA;ARRB1;PRKCB;CASP8;MAP3K4;RAC1;MINK1;TGFBR2;CASP2;PPM1A;MAPK14;MAP2K1;HSPA5;IKBKG;PRKACA;TRP53"
"WP_PluriNetWork:_mechanisms_associated_with_pluripotency%WP1763",0.0203045685279188,0.0828426395939086,0.357962666439336,1.36085969919309,3,195,"MYC;RAF1;MEF2D;CAD;ZFP143;DNMT1;AKT1;NEDD4L;PARP1;USP7;BRCA1;JAK1;POU2F1;WWP2;RBL2;HCK;ITGB1;MTOR;SMARCA4;DDB1;MED12;LRP5;PPP2R1A;MYBL2;KDM3A;PSEN1;CTR9;HNRNPU;SMARCAD1;EZH1;DGKA;MAP2K1;SIN3A;PRKACA;XPO4;AXIN1;KAT5;TRP53;ELP4;IPO9;RIF1;CREB1;GATAD2A;NCOA1"
"WP_Focal_Adhesion-PI3K-Akt-mTOR-signaling_pathway%WP2841",0.016597510373444,0.0828426395939086,0.406313634178233,1.48684561577225,3,146,"PPP2R1B;RAF1;JAK3;AKT1;PIK3R4;STRADA;TSC2;PIK3CG;JAK1;ITGB1;MTOR;ITGB2;ITGB5;FN1;SLC2A3;COL1A2;HGF;PPP2R1A;VEGFA;CSF1R;PRKAA1;PPP2R5B;PPP2R5C;PPP2R3C;MAP2K1;PIK3C2G;IKBKG;ACACA;JAK2;GYS1;COL11A2;IFNAR1;RAB11B;ITGA5;CREB1;COL1A1;PIK3R2;ULK1;PIK3CB"
"WP_p38_MAPK_Signaling_Pathway%WP350",0.0183246073298429,0.0828426395939086,0.597573236383975,1.70056870336166,6,29,"MYC;MEF2D;PLA2G4A;RAC1;SHC1;STAT1;RIPK1;MAP3K9;MAPK14;MKNK1"
"WP_MicroRNAs_in_Cardiomyocyte_Hypertrophy%WP1560",0.019672131147541,0.0828426395939086,0.482539218351292,1.51829571444214,5,59,"RAF1;AKT1;PRKCB;PIK3CG;MTOR;RAC1;HDAC5;LRP5;RCAN1;MAPK14;MAP2K1;IKBKG;MAP2K3;HDAC9;PIK3R2;PIK3CB"
"KEGG_Hepatitis_C%mmu05160",0.0122448979591837,0.0828885400313972,0.439396856322081,1.52079903673484,2,101,"PPP2R1B;MYC;RAF1;AKT1;CASP8;JAK1;TYK2;STAT1;EIF2AK1;RIPK1;PPP2R1A;EIF2S1;SCARB1;STAT2;TBK1;MAP2K1;IKBKG;TRP53;YWHAQ;IFNAR1;PIK3R2;PIK3CB"
"RA_Signaling_by_NTRK1_(TRKA)%R-MMU-187037",0.0151975683890578,0.0851791333817478,0.547939180943397,1.63203217822861,4,39,"PPP2R1B;AP2A1;RPS6KA1;KIDINS220;CLTC;MAPKAPK3;PPP2R1A;AP2M1;RPS6KA2;CREB1;PIK3R2;PIK3CB;AP2B1"
"RA_SUMOylation_of_RNA_binding_proteins%R-MMU-4570464",0.0154320987654321,0.0851791333817478,0.544585510046376,1.64304417656863,4,41,"NUP160;NUP107;POM121;NUP214;NUP188;NUP133;RANBP2;NUP93;NUP155;NUP88;NUP98;AAAS;TPR;SEH1L"
"RA_Signaling_by_FGFR%R-MMU-190236",0.0152439024390244,0.0851791333817478,-0.602429213160337,-1.57061629693275,9,33,"POLR2L;POLR2F;RPS27A;POLR2H;SPRY2;POLR2I;NCBP2;GTF2F2;CBL;POLR2E;POLR2G"
"RA_RHOC_GTPase_cycle%R-MMU-9013106",0.0153846153846154,0.0851791333817478,0.51692525249918,1.6098116854901,4,48,"ARHGEF11;ARHGAP1;ERBIN;IQGAP3;FMNL3;ANLN;IQGAP1;ARHGEF1;JUP;PKN1;ABR;STK10;STOM;RACGAP1;DEPDC1B;ARHGAP39;PREX1;FLOT2;SLK"
"RA_Signaling_by_FGFR2%R-MMU-5654738",0.0156494522691706,0.085540209976146,-0.620820772364044,-1.58671224943219,9,30,"POLR2L;POLR2F;RPS27A;POLR2H;SPRY2;POLR2I;NCBP2;GTF2F2;CBL;POLR2E;POLR2G"
"RA_L1CAM_interactions%R-MMU-373760",0.0159151193633952,0.0857904761904762,0.589511524930124,1.59925458726302,5,26,"NUMB;SPTBN1;AP2A1;ITGB1;RAC1;CLTC;SDCBP;MSN;DNM2;AP2M1"
"RA_RNA_Pol_II_CTD_phosphorylation_and_interaction_with_CE%R-MMU-77075",0.016,0.0857904761904762,-0.645876519734145,-1.57528508765985,9,24,"POLR2L;POLR2F;POLR2H;GTF2H5;POLR2I;GTF2F2;MNAT1;POLR2E;CCNH;POLR2G"
"KEGG_Growth_hormone_synthesis,_secretion_and_action%mmu04935",0.0134228187919463,0.0885906040268456,0.485743784155199,1.59977015620788,3,70,"RAF1;PLCG2;AKT1;PRKCB;MTOR;SHC1;STAT1;GNAS;ADCY3;PLCG1;MAPK14;MAP2K1;PRKACA;MAP2K3;JAK2;GNA11;ITPR1;CREB1;PIK3R2;PIK3CB;ITPR2"
"KEGG_GnRH_secretion%mmu04929",0.0138504155124654,0.0891831632997771,0.62320826708176,1.78250165551072,4,31,"RAF1;AKT1;ARRB1;PRKCB;MAP2K1;GNA11;ITPR1;PIK3R2;PIK3CB;ITPR2"
"RA_HDMs_demethylate_histones%R-MMU-3214842",0.0172413793103448,0.0915744957709824,0.653938085223967,1.65062902601159,6,20,"KDM2B;PHF8;KDM4A;KDM4B;KDM5B;RIOX2;KDM3A"
"RA_Postmitotic_nuclear_pore_complex_(NPC)_reformation%R-MMU-9615933",0.0175879396984925,0.0925421500023482,0.644575227882595,1.65468231967263,6,21,"NUP160;NUP107;POM121;NUP188;NUP133;NUP93;NUP155;NUP98"
"RA_RHOB_GTPase_cycle%R-MMU-9013026",0.0179640718562874,0.0936460412508317,0.522545231450313,1.62682528093265,5,47,"ARHGEF11;ARHGAP1;ERBIN;IQGAP3;NET1;ANLN;ARHGEF1;JUP;PKN1;ECT2;ABR;ARHGEF3;STK10;PIK3R2;STOM;RACGAP1;DEPDC1B;ARHGAP39;ARHGEF2;PREX1;FLOT2;SLK"
"RA_Cyclin_A/B1/B2_associated_events_during_G2/M_transition%R-MMU-69273",0.0193236714975845,0.0946019743751313,0.64701626382737,1.59912324796971,7,18,"PPP2R1B;CCNB1;XPO1;PLK1;PPP2R1A;PPME1"
"RA_HDR_through_Single_Strand_Annealing_(SSA)%R-MMU-5685938",0.0185676392572944,0.0946019743751313,0.590840907353586,1.56298035484823,6,24,"BLM;RMI1;TOP3A;RAD9A;RFC5;EXO1;RPA1;ATRIP;WRN;KAT5"
"RA_RNA_Polymerase_II_Promoter_Escape%R-MMU-73776",0.0191740412979351,0.0946019743751313,-0.564725115884971,-1.5450410846105,12,41,"POLR2L;POLR2F;POLR2H;GTF2H5;TAF15;POLR2I;TAF4;TAF10;TAF12;TAF3;GTF2F2;MNAT1;POLR2E;CCNH;POLR2G;GTF2A2;TAF13;ERCC2"
"RA_RNA_Polymerase_II_Transcription_Pre-Initiation_And_Promoter_Opening%R-MMU-73779",0.0191740412979351,0.0946019743751313,-0.564725115884971,-1.5450410846105,12,41,"POLR2L;POLR2F;POLR2H;GTF2H5;TAF15;POLR2I;TAF4;TAF10;TAF12;TAF3;GTF2F2;MNAT1;POLR2E;CCNH;POLR2G;GTF2A2;TAF13;ERCC2"
"RA_RNA_Polymerase_II_Transcription_Initiation%R-MMU-75953",0.0191740412979351,0.0946019743751313,-0.564725115884971,-1.5450410846105,12,41,"POLR2L;POLR2F;POLR2H;GTF2H5;TAF15;POLR2I;TAF4;TAF10;TAF12;TAF3;GTF2F2;MNAT1;POLR2E;CCNH;POLR2G;GTF2A2;TAF13;ERCC2"
"RA_RNA_Polymerase_II_Transcription_Initiation_And_Promoter_Clearance%R-MMU-76042",0.0191740412979351,0.0946019743751313,-0.564725115884971,-1.5450410846105,12,41,"POLR2L;POLR2F;POLR2H;GTF2H5;TAF15;POLR2I;TAF4;TAF10;TAF12;TAF3;GTF2F2;MNAT1;POLR2E;CCNH;POLR2G;GTF2A2;TAF13;ERCC2"
"RA_Semaphorin_interactions%R-MMU-373755",0.0185676392572944,0.0946019743751313,0.590747634432782,1.56273361542812,6,24,"PIP5K1C;ARHGEF11;TLN1;LIMK1;RAC1"
"RA_Separation_of_Sister_Chromatids%R-MMU-2467813",0.0210084033613445,0.101149838303988,0.406527381072406,1.44429218453692,4,133,"PPP2R1B;CLASP2;BUB1B;CDC23;CKAP5;BUB1;NUP160;NUP107;ANAPC2;KIF2C;NUP133;CENPO;SMC1A;RANBP2;KIF18A;ESPL1;CDC16;UBE2E1;XPO1;ANAPC1;CLIP1;PLK1;PSMD1;ZWILCH;AURKB;ERCC6L;CLASP1;STAG1;KNTC1;ZW10;NUP98;PPP2R5B;PSMF1;PPP2R5C;INCENP;MAD1L1;NDC80;CENPI;STAG2;PSMD5;NDEL1"
"RA_RNA_Polymerase_III_Transcription%R-MMU-74158",0.021671826625387,0.101149838303988,-0.591982970471595,-1.53207623211256,13,31,"POLR2L;POLR2F;POLR2H;SNAPC5;GTF3C6;POLR1C;POLR3GL"
"RA_RNA_Polymerase_III_Transcription_Initiation%R-MMU-76046",0.021671826625387,0.101149838303988,-0.591982970471595,-1.53207623211256,13,31,"POLR2L;POLR2F;POLR2H;SNAPC5;GTF3C6;POLR1C;POLR3GL"
"RA_Nuclear_Envelope_Breakdown%R-MMU-2980766",0.0210843373493976,0.101149838303988,0.545974134118739,1.59594540610946,6,37,"NUP160;NUP107;POM121;CCNB1;NUP214;NUP188;NUP133;RANBP2;NUP93;NUP155;NUP88;NUP98;AAAS;TPR;SEH1L"
"RA_Mitophagy%R-MMU-5205647",0.021523178807947,0.101149838303988,-0.658084715824228,-1.56115911545448,12,21,"TOMM7;TOMM5;RPS27A;TOMM22;TOMM20"
"RA_DAP12_interactions%R-MMU-2172127",0.0217391304347826,0.101149838303988,0.646409645466122,1.59762396954604,8,18,"PLCG2;RAC1;VAV3;PLCG1;CD300LB;PIK3R2;PIK3CB;SYK;CLEC5A"
"RA_Nuclear_Events_(kinase_and_transcription_factor_activation)%R-MMU-198725",0.0223325062034739,0.103059024529146,0.667079989799294,1.61121743496924,8,17,"PPP2R1B;RPS6KA1;PPP2R1A;RPS6KA2;CREB1"
"KEGG_Glycerophospholipid_metabolism%mmu00564",0.0164473684210526,0.103359173126615,0.487154737355218,1.51352460646241,4,53,"DGKQ;GNPAT;PCYT1A;DGKZ;PLA2G4A;PNPLA7;DGKH;CDIPT;MBOAT1;DGKA;LPCAT3;DGKG"
"KEGG_Relaxin_signaling_pathway%mmu04926",0.0168350168350168,0.103359173126615,0.487350822747652,1.56460256916807,4,64,"RAF1;AKT1;ARRB1;TGFBR2;SHC1;GNAS;ADCY3;COL1A2;VEGFA;GNA15;MAPK14;MAP2K1;PRKACA;GNB5;CREB1;COL1A1;PIK3R2;PIK3CB"
"KEGG_Glycerolipid_metabolism%mmu00561",0.0173410404624277,0.104046242774566,0.530664261516719,1.57054635547575,5,37,"DGKQ;DGKZ;ALDH3A2;DGKH;ALDH9A1;DGAT2;MBOAT1;DGKA;ALDH2;TKFC;DGKG;AGK;PNPLA2;AGPAT2"
"WP_Glutathione_and_one_carbon_metabolism%WP730",0.027027027027027,0.106029106029106,0.62811324408348,1.60988870014907,10,19,"DNMT1;G6PDX;CHDH;MTR;SHMT1;IDH1"
"BP_meiotic_cell_cycle%0051321",0.00277777777777778,0.109794795853607,0.653665541644243,1.93690167058362,0,37,"CLASP2;MLH1;NBN;TUBGCP4;XRN1;SMC1A;TUBGCP2;PMS2;EXO1;RPA1;SIRT2;TUBGCP6;STAG2;SMC3;KLHDC3"
"BP_RNA_splicing%0008380",0.00260078023407022,0.109794795853607,-0.500095089595005,-1.6016216680985,1,133,"SREK1IP1;SNRPF;RBM8A;RP9;LUC7L3;TRA2A;MAGOH;ARGLU1;SNRNP27;MAGOHB;WTAP;PRKRIP1;TAF15;SNRNP48;FRG1;ARL6IP4;SRSF9;PPIL3;ACIN1;HNRNPH1;SRPK1;PRPF38B;NCBP2;CIR1;PABPC1;HNRNPA3;CD2BP2;TARDBP;RBM25;SRSF3;SREK1;CRIPT;IWS1;ZRANB2;THOC7;SRSF5;ZMAT5;ALYREF;SON;NSRP1;LSM10;SMNDC1;RSRC1;WBP4;LARP7;YBX1;SRSF7;SFPQ;LGALS3"
"BP_antimicrobial_humoral_immune_response_mediated_by_antimicrobial_peptide%0061844",0.00171821305841924,0.109794795853607,-0.829145886730241,-1.87641947046587,0,17,"ROMO1;FAU;RPL30;RPL39;CAMP;RPS19;S100A9;PGLYRP1"
"BP_mRNA_splicing,_via_spliceosome%0000398",0.00130890052356021,0.109794795853607,-0.509367101949273,-1.62457286822046,0,126,"SNRPF;RBM8A;SNRPD1;LSM7;SNRPE;DDX23;LSM5;LSM4;TRA2A;UBL5;LSM8;SF3B6;LSM6;ZCRB1;SNRPD3;SNRPD2;ZMAT2;BCAS2;MAGOHB;RBMX2;SNRPG;BUD31;SNRPB2;LSM3;PHF5A;U2AF1;ZRSR2;CWC15;SYF2;SNRNP25;NCBP2;FRA10AC1;ISY1;SNRNP70"
"BP_cell-matrix_adhesion%0007160",0.00293255131964809,0.109794795853607,0.580655564686875,1.78880776980325,0,43,"ZYX;ILK;FERMT3;EMILIN1;MKLN1;ITGB1;ITGB2;HPSE;ITGB5;FN1"
"BP_integrin-mediated_signaling_pathway%0007229",0.00306748466257669,0.109794795853607,0.560761726002998,1.75331653659458,0,51,"ZYX;ILK;TLN1;FERMT3;CTNNA1;CUL3;ITGB1;ITGB2;ITGB5;FN1;PXN;VAV3;VAV1;ITGB2L;TEC;ITGA5;PLEK;SYK;LIMS1;CDC42"
"BP_phagocytosis%0006909",0.00304878048780488,0.109794795853607,0.615221729299139,1.93379747146442,0,52,"MYO7A;PIP5K1C;ELMO2;HCK;ITGB1;EIF2AK1;WASHC5;DNM2;TM9SF4;ELMO1;VAV1;UNC13D;ABL2;ANXA1;ABR;PECAM1;CDC42SE2;MYO1G;MYD88;IRF8"
"BP_mitochondrial_respiratory_chain_complex_I_assembly%0032981",0.00149253731343284,0.109794795853607,-0.818330170527591,-2.30954711690339,0,53,"NDUFA5;NDUFA1;NDUFA3;NDUFB3;NDUFA2;NDUFB7;NDUFS6;NDUFB8;NDUFB10;NDUFAF2;NDUFA13;NDUFS5;NDUFB11;NDUFB9;NDUFA11;NDUFB6;NDUFS4;NDUFA6;NDUFC2;NDUFB2;NDUFB5;NDUFC1;DMAC1;NDUFS7;NDUFAF3;NDUFA12;NDUFA8;MT-ND6;MT-ND1;NDUFAB1"
"BP_cell_projection_organization%0030030",0.00273224043715847,0.109794795853607,0.755092362472148,2.22880728715048,0,35,"MYO7A;ILK;AKT1;TSC2;KIF17;CUL3;ITGB1;MTOR"
"BP_rRNA_processing%0006364",0.00132450331125828,0.109794795853607,-0.532869385891257,-1.67773124727823,0,109,"PIN4;RPL35A;RPS24;RPS15;RPS28;RPS16;RPS17;NPM3;DDX17;LSM6;RPL26;RPL27;RPS25;RPL11;POP5;NSA2;FRG1;RPS6;CDKN2A;RPL14;RPS19;AK6;EXOSC3;RPL7"
"BP_vesicle_docking_involved_in_exocytosis%0006904",0.00238095238095238,0.109794795853607,0.704615315015368,1.77370027089471,0,17,"EXOC1;EXOC2;EXOC4;VPS11;EXOC6;PLEK;EXOC7;EXOC3;VPS18;STXBP2;EXOC5"
"BP_translation%0006412",0.00137551581843191,0.109794795853607,-0.725324634968499,-2.19001256350115,0,81,"RPL23;RPS27L;RPS24;RPS29;RPS23;MRPL52;MRPL51;RPS3A1;RPS17;RPL27A;RPS9;RPS14;MRPL23;MRPS12;RACK1;MRPL24;MRPS18C;MRPS14;RPS5;RPL11;RPL32;MRPL34;MRPL12;RPL24;RPS4X;RPL10A;MRPL13;AIMP1;RPL19;MRPL43;RPL7;EEF1E1;MRPL57;RPL9;RSL24D1;MRPL2;MRPL20;MRPL55;MRPL41;MRPL11;MRPL22;MRPS18A"
"BP_lamellipodium_assembly%0030032",0.00246305418719212,0.109794795853607,0.734540548053582,1.97142869921461,0,22,"VCL;ITGB1;RAC1;CYFIP1;ARHGEF6;PXN;VAV3"
"BP_microtubule_bundle_formation%0001578",0.00248756218905473,0.109794795853607,0.7076837471474,1.91869764404505,0,23,"KIF20A;PRC1;MAP1S;CCDC66;CLIP1;PLK1;CLASP1"
"BP_cytoplasmic_translation%0002181",0.00140252454417952,0.109794795853607,-0.870463281990982,-2.58153617522005,0,72,"RPS21;RPL38;RPL17;RPS12;RPL22;RPLP1;RPL35A;RPLP2;RPL23;RPS15A;RPS20;RPS24;FAU;RPL34;RPL30;RPS15;RPS29;RPS27A;RPS23;RPS28;RPS16;RPS17;RPS10;RPL36A;RPL27A;RPS9;RPL37A;RPL28;RPS14;RPL31;RPL21;RPL39;RPL18;RPL7A;RPL26;RPL27;RPSA;RPL8;RPL36;RPS25;RPS5;RPL11;RPL32;RPS13;RPL24;RPS4X;RPS8;RPL10A;RPS6;RPL14;RPL19;RPS19;RPL7;RPL18A;RPL6;RPL9;RPL13;RPLP0;RPL23A;RPS18;RWDD1;RPS3;RPS11"
"BP_phosphatidylinositol_dephosphorylation%0046856",0.00248756218905473,0.109794795853607,0.699681966868187,1.89700292937656,0,23,"SACM1L;INPP5B;FIG4;INPP5J;MTMR6;MTMR4;INPP5E;INPP5A;MTMR2;MTMR9;SYNJ2;MTMR3"
"BP_positive_regulation_of_neutrophil_chemotaxis%0090023",0.00235294117647059,0.109794795853607,0.761231171844477,1.85703215920342,0,15,"RIPOR2;NCKAP1L;RAC1;SELL;MOSPD2"
"BP_aerobic_respiration%0009060",0.00148367952522255,0.109794795853607,-0.785053226664554,-2.20977538321196,0,52,"NDUFA5;NDUFA1;NDUFA3;NDUFB3;NDUFA2;NDUFB7;NDUFS6;NDUFB8;NDUFB10;NDUFA13;NDUFS5;NDUFB11;NDUFB9;NDUFA11;NDUFB6;NDUFS4;NDUFA6;NDUFC2;NDUFB2;BLOC1S1;NDUFB5;NDUFC1;NDUFS7;NDUFA7;NDUFA12;NDUFA8;MT-CO1;MT-ND1;NDUFAB1;NDUFV3;NDUFV2"
"BP_proton_motive_force-driven_mitochondrial_ATP_synthesis%0042776",0.00152439024390244,0.109794795853607,-0.835857998017853,-2.27878984800843,0,42,"NDUFA5;NDUFA1;NDUFA3;NDUFB3;NDUFA2;NDUFB7;NDUFS6;NDUFB8;NDUFB10;NDUFA13;NDUFS5;NDUFB11;NDUFB9;NDUFA11;NDUFB6;NDUFS4;NDUFA6;NDUFC2;NDUFB2;NDUFB5;NDUFC1;NDUFS7;NDUFA7;NDUFA12;NDUFA8"
"BP_ribosomal_small_subunit_biogenesis%0042274",0.00140845070422535,0.109794795853607,-0.624065746931174,-1.84675515771058,0,70,"RPS12;RPS15A;RPS24;RPS15;RPS27A;RPS23;RPS28;RPS3A1;RPS16;RPS17;RPS9;RPS14;RPS25;RPS5;EMG1;FCF1;RPS13;RPS4X;RPS8;NOL7;RPS6;NPM1;RPS19;AK6"
"BP_DNA_biosynthetic_process%0071897",0.00238095238095238,0.109794795853607,0.730703938950639,1.83937213234191,0,17,"POLE;LIG3;POLD1;POLA1"
"BP_mitochondrial_translation%0032543",0.00137174211248285,0.109794795853607,-0.710812415569631,-2.16082908791687,0,86,"MRPS25;MRPL52;MRPL51;MRPS21;MRPL23;MRPS28;MRPS12;GADD45GIP1;MRPL24;MRPS33;MRPS18C;MRPS14;MRPL34;MRPL12;MRPL13;CHCHD1;MRPL54;MRPS24;AURKAIP1;MRPL14;MRPL47;MRPS15;MRPS26;MRPL43;MRPL57;MRPL2;MRPL20;MRPL21;MRPL55;MRPL41;MRPL11;MRPL48;MRPL22;MRPS16;MRPL18;MRPS18A;MRPS23;MRPL58;MRPL42;MRPL30;MRPL28;MRPL9;MRPS17;MRPL40;MRPL17;MRPL16;MRPL10;MRPL15;MRPL36;MRPS10"
"BP_translation_at_presynapse%0140236",0.00154083204930663,0.109794795853607,-0.891806199657239,-2.38112540176578,0,38,"RPL38;RPL17;RPS12;RPL22;RPL35A;RPLP2;RPL23;RPS15A;RPS24;RPL34;RPS27A;RPS28;RPS16;RPS10;RPL36A;RPL27A;RPL37A;RPL28;RPS14;RPL7A;RPL26;RPL27;RPL8;RPL36;RPS5;RPL32;RPL24;RPL10A;RPL14;RPL7;RPL6;RPL9;RPL13;RPL23A"
"BP_translation_at_postsynapse%0140242",0.00153609831029186,0.109794795853607,-0.888970358136983,-2.38664063138595,0,39,"RPL38;RPL17;RPS12;RPL22;RPL35A;RPLP2;RPL23;RPS15A;RPS24;RPL34;RPS27A;RPS28;RPS16;RPS10;RPL36A;RPL27A;RPL37A;RPL28;RPS14;RPL7A;RPL26;RPL27;RPL8;RPL36;RPS5;RPL32;RPL24;RPL10A;RPL14;RPL7;RPL6;RPL9;RPL13;RPL23A"
"BP_post-translational_protein_modification%0043687",0.00247524752475248,0.109794795853607,0.6999942904799,1.85624836547267,0,21,"DCAF1;PADI4;PRKCB;STT3A;STT3B;AURKB;SIRT2;PKN1;JAK2;RPS6KA4"
"BP_DNA_replication_initiation%0006270",0.00248756218905473,0.109794795853607,0.708405776764511,1.92065523672803,0,23,"CDC6;POLA1;MCM6;MCM2;MCM5;ORC3;ORC5;MCM7;MCM4;MCM10;ORC1;ORC4;ORC2;CDC45;MCM3;NOC3L;POLA2;PRIM1;PRIM2"
"BP_glucose_metabolic_process%0006006",0.00289017341040462,0.109794795853607,0.596140133979144,1.83260692616296,0,42,"MYC;HK1;AKT1;PGM1;G6PDX;NISCH;HK3;KBTBD2;PGM2;PKM;PRKAA1;MAPK14"
"BP_mitochondrial_electron_transport,_NADH_to_ubiquinone%0006120",0.00166666666666667,0.109794795853607,-0.742484951784905,-1.79150330380678,0,23,"NDUFS6;NDUFB8;NDUFB9;NDUFB6;NDUFC2;DNAJC15;NDUFS7;NDUFA7;NDUFA8;MT-ND6;MT-ND1;NDUFV2"
"BP_phosphatidylinositol-mediated_signaling%0048015",0.00238095238095238,0.109794795853607,0.737332957510105,1.85605909863987,0,17,"PLCG2;PIK3CG;PI4KA;PIK3C3;PLCL2;PLCG1;PIK3C2G;PIK3CB"
"RA_RNA_Polymerase_II_Pre-transcription_Events%R-MMU-674695",0.024113475177305,0.11037306117742,-0.501670147951001,-1.46606589086017,16,67,"POLR2L;POLR2F;POLR2H;GTF2H5;TAF15;POLR2I;ELOB;ELOC;TAF4;NCBP2;TAF10;TAF12;TAF3;GTF2F2;MNAT1;POLR2E;CCNH;NELFE;IWS1;POLR2G;GTF2A2"
"RA_Mitotic_Prophase%R-MMU-68875",0.0256410256410256,0.112650066696309,0.49295260382549,1.53973669493378,7,52,"NCAPG2;BLZF1;NUP160;NUP107;POM121;CCNB1;NUP214;NUP188;NUP133;SMC2;RANBP2;NUP93;NUP155;NUP88;NCAPD3;NUP98;AAAS;TPR;SMC4;SEH1L;GORASP2"
"RA_G2/M_DNA_damage_checkpoint%R-MMU-69473",0.0260115606936416,0.112650066696309,0.530319225429728,1.51356792671068,8,33,"BLM;CCNB1;RMI1;CDC25C;TOP3A;RAD9A;RFC5;EXO1;RPA1;ATRIP;WRN;KAT5"
"RA_RAC3_GTPase_cycle%R-MMU-9013423",0.025974025974026,0.112650066696309,0.481030357221434,1.5230810575235,7,58,"ARHGAP1;ESYT1;ERBIN;NCKAP1L;GIT2;ITGB1;MPP7;CYFIP1;VRK2;ARHGAP15;GIT1;ABR;SRGAP2;SWAP70;PIK3R2;DOCK10;RACGAP1;CDC42;DEPDC1B;ARHGAP39;PREX1"
"RA_RNA_Polymerase_III_Transcription_Initiation_From_Type_3_Promoter%R-MMU-76071",0.025518341307815,0.112650066696309,-0.612870543579724,-1.50926776093894,15,25,"POLR2L;POLR2F;POLR2H;SNAPC5;POLR1C;POLR3GL;POLR2E"
"RA_Cellular_response_to_heat_stress%R-MMU-3371556",0.0258064516129032,0.112650066696309,0.473454742322133,1.51252671904894,7,60,"NUP160;NUP107;POM121;NUP214;NUP188;NUP133;VCP;RANBP2;MTOR;NUP93;NUP155;RPA1;HSF1;NUP88;NUP98;HSPA5;AAAS;HDAC6;BAG5;TPR"
"RA_UCH_proteinases%R-MMU-5689603",0.0259365994236311,0.112650066696309,-0.515436855299028,-1.4759144108502,17,58,"RPS27A;INO80D;NEDD8;PSMB5;HIST1H2AB;PSMB6;UCHL3;PSMA7;PSMD9;YY1;PSMB1;HIST1H2AC;MBD6;PSMD13;BARD1;PSMC5;PSMD7;PSMD10;TFPT;PSMD4"
"RA_RNA_Polymerase_II_Transcription_Termination%R-MMU-73856",0.0260115606936416,0.112650066696309,-0.507160267254571,-1.45317269084,17,60,"SNRPF;RBM8A;SNRPE;MAGOH;SNRPD3;UPF3B;MAGOHB;SNRPG;SARNP;U2AF1;NUDT21;SRSF9;NCBP2;CHTOP;PABPN1;CPSF7;SRSF3;THOC7;SRSF5;ALYREF;LSM10;SRSF11"
"BP_double-strand_break_repair%0006302",0.00326797385620915,0.113071895424837,0.544550946869084,1.75407403529124,0,63,"LIG3;MSH2;PARP1;DDX1;TDP1;BRCA1;PRKDC;NBN;VCP;BRCA2;PLK1;RAD50;ATR;EME1;DCLRE1C;WRN;XRCC6;RAD54L;KAT5;TRP53"
"BP_MAPK_cascade%0000165",0.00342465753424658,0.114670790985418,0.501023835282104,1.62759813602931,0,70,"MYC;RAF1;MAP3K4;IQGAP1;MEF2A;MAP3K3;MINK1;MEN1;NF2;PTPN6;PXN;HSF1;MAP3K9;MAP4K5;MAPK14;MAP2K1;MAP3K15;MAP2K3"
"RA_SUMOylation_of_chromatin_organization_proteins%R-MMU-4551638",0.027027027027027,0.116154322261193,0.49726711697444,1.54182766485489,8,46,"NUP160;NUP107;POM121;NUP214;NUP188;NUP133;RANBP2;NUP93;NUP155;NUP88;NUP98;AAAS;TPR;L3MBTL2;SEH1L"
"KEGG_Chagas_disease%mmu05142",0.0198019801980198,0.116171617161716,0.471137754764134,1.50197491896558,5,62,"PPP2R1B;AKT1;CASP8;TGFBR2;GNAS;PPP2R1A;GNA15;MAPK14;IKBKG;GNA11;PIK3R2;PIK3CB;MYD88;TGFB1;C3;PPP2CB;IFNGR1;GNAI3;MAPK1;PPP2R2D;RELA"
"BP_cytoskeleton_organization%0007010",0.0036231884057971,0.117527173913043,0.514822984208271,1.69923098857237,0,79,"ODF2;PSTPIP2;MAST3;AKT1;DOCK2;SYNE3;FMNL3;NAA25;PACSIN2;MICAL2;MTOR;RAC1;ADD1;SVIL;PXN;SH3KBP1;PRPF40A;STRADB"
"RA_G_alpha_(s)_signalling_events%R-MMU-418555",0.0276381909547739,0.117881072026801,0.601610343554549,1.54438761489793,10,21,"GRK6;ARRB1;PDE4D;ITGB1;FN1"
"KEGG_Cell_cycle%mmu04110",0.0208333333333333,0.119511090991399,0.42747759625782,1.49662612909984,4,109,"MYC;BUB1B;CDC23;BUB1;CUL1;CDC6;CCNB1;ANAPC2;PRKDC;MCM6;MCM2;MCM5;SMC1A;ORC3;RBL2;ESPL1;CDC16;ORC5;ANAPC1;CDC25C;PLK1;MCM7;E2F4;TFDP1;ATR;STAG1;TTK;MCM4;ORC1;MAD1L1;ORC4;STAG2;TRP53;YWHAQ"
"KEGG_Apelin_signaling_pathway%mmu04371",0.0212765957446809,0.119511090991399,0.460913849808517,1.52663743063975,5,74,"RAF1;MEF2D;AKT1;PIK3R4;PIK3CG;MEF2A;MTOR;PIK3C3;BECN1;HDAC5;ADCY3;NRF1;PRKAA1;MAP2K1;PRKACA;SLC8A1;GNB5;ITPR1;ITPR2"
"BP_Golgi_organization%0007030",0.00386100386100386,0.121446121446121,0.583802072368723,1.97398223117825,0,90,"TRAPPC8;CLASP2;ATP8B2;BLZF1;COG1;DYM;TMED7;GOLPH3L;GAK;CORO7;CLTC;COG4;TRAPPC11;GBF1;NPLOC4;STX17;UBXN2A;CLASP1;COG2;TRAPPC12;FBXW8;ZW10;KIFC3;COG5;MYO18A;PI4K2A;SEC16B;TJAP1;BAG5;COG6;USO1;ATP8B4;PI4K2B"
"RA_Platelet_homeostasis%R-MMU-418346",0.0291777188328912,0.123511697014419,0.568241183605508,1.54155140505623,10,26,"PPP2R1B;PLA2G4A;PAFAH2;PTPN6;PPP2R5B;ATP2A2;PPP2R5C;SLC8A1;ITPR1;ITPR2;PECAM1"
"RA_Antigen_processing-Cross_presentation%R-MMU-1236975",0.0294117647058824,0.123573309920983,-0.532079011930669,-1.48742882132661,19,49,"H2-Q4;VAMP8;CYBA;H2-Q6;PSMB5;PSMB6;PSMA7;PSMD9;PSMB1;H2-Q7;LNPEP;H2-T22;PSMD13;PSMC5;PSMD7;PSMD10;PSMD4;H2-K1;TAP1;PSME1;SEC22B;TAP2"
"KEGG_Hippo_signaling_pathway%mmu04390",0.0228758169934641,0.124469589816124,0.470568021888279,1.50181224772397,6,61,"PPP2R1B;MYC;SAV1;CTNNA1;DVL3;TGFBR2;ITGB2;LLGL2;NF2;PPP2R1A;BTRC;ITGB2L;DVL2;AXIN1;YWHAQ"
"KEGG_PD-L1_expression_and_PD-1_checkpoint_pathway_in_cancer%mmu05235",0.0231023102310231,0.124469589816124,0.463180648447567,1.47660787080572,6,62,"RAF1;AKT1;JAK1;MTOR;MAP3K3;STAT1;NFATC1;PTPN6;PLCG1;MAPK14;NFATC3;MAP2K1;IKBKG;MAP2K3;JAK2;PIK3R2;PIK3CB"
"KEGG_Autophagy%mmu04140",0.0251046025104603,0.124898621248986,0.414500041855694,1.46102783448191,5,116,"SUPT20;RAF1;AKT1;PIK3R4;RRAGC;TSC2;MTOR;PIK3C3;BECN1;ATG7;ATG13;STX17;EIF2S1;MTMR14;SQSTM1;PRKAA1;TBK1;WIPI2;MAP2K1;MTMR4;PRKACA;RAB7B;ITPR1;PIK3R2;LAMP1;ULK1;PIK3CB;ATG4D;CTSB"
"KEGG_AMPK_signaling_pathway%mmu04152",0.0255474452554745,0.124898621248986,0.451590395174102,1.52659122029703,6,82,"PPP2R1B;AKT1;FASN;STRADA;TSC2;PFKP;MTOR;PPP2R1A;PRKAA1;PPP2R5B;STRADB;PPP2R5C;PPP2R3C;ACACA;GYS1;RAB11B;EEF2K;CREB1;PIK3R2;ULK1;PIK3CB;PFKL"
"KEGG_ECM-receptor_interaction%mmu04512",0.0237467018469657,0.124898621248986,0.587897645623669,1.58965990730731,8,25,"HMMR;AGRN;ITGB1;ITGB5;FN1;COL1A2;DAG1;COL6A4;ITGA5;COL1A1;IBSP"
"KEGG_Inflammatory_mediator_regulation_of_TRP_channels%mmu04750",0.0248447204968944,0.124898621248986,0.49671025607269,1.4950173946515,7,41,"PLCG2;PRKCB;PLA2G4A;P2RY2;GNAS;ADCY3;PLCG1;MAPK14;PRKACA;MAP2K3;ITPR1;PIK3R2;PIK3CB;ITPR2"
"KEGG_Hepatitis_B%mmu05161",0.0254237288135593,0.124898621248986,0.41015655147846,1.4461878706729,5,117,"MYC;RAF1;JAK3;AKT1;PRKCB;CASP8;DDB2;JAK1;STAT6;TYK2;TGFBR2;DDB1;STAT1;NFATC1;STAT2;TBK1;MAPK14;NFATC3;MAP2K1;IKBKG;MAP2K3;TRP53;JAK2;YWHAQ;IFNAR1;CREB1;PIK3R2;PIK3CB;IFIH1;MAVS"
"RA_Peptide_ligand-binding_receptors%R-MMU-375276",0.0306122448979592,0.127664399092971,-0.669247117581701,-1.53876788984159,17,18,"CXCR4;PENK;HEBP1;GAL;FPR2;C5AR2;CX3CR1;CCL6"
"RA_RHOQ_GTPase_cycle%R-MMU-9013406",0.031055900621118,0.128562294483011,0.526926500495585,1.57638519919451,9,40,"ARHGAP1;IQGAP3;GIT2;IQGAP1;WWP2;MPP7;JUP;GIT1;SRGAP2;ARHGAP33;STOM;CDC42;DEPDC1B;PREX1"
"BP_chromatin_looping%0140588",0.00421940928270042,0.128816083395383,0.507717632830908,1.79935859150281,0,128,"SNRNP200;MTREX;RECQL;AQR;FBH1;BLM;DHX29;DDX20;DDX1;DDX41;MCM6;MCM2;MCM5;DHX8;VCP;DHX15;MOV10;DHX30;MCM7;RAD50;ERCC6L;DHX34;RNF213;ASCC3;BRIP1;RECQL4;PMS2;DDX31;RTEL1;DDX11;MCM4;WRN;SMARCAD1;MORC2A;DHX32;DHX36;RAD54L;HSPA5;DDX56;ATAD2;RECQL5;DHX33;ENTPD1;MCM9;AFG3L2;IGHMBP2;NSF;UPF1;IFIH1;VPS4B;AFG3L1;SUPV3L1;DHX58;MCM3;DDX54;DDX21;DHX9;YME1L1"
"WP_IL-2_Signaling_Pathway%WP450",0.0359477124183007,0.129242465381483,0.448998989137403,1.4462879428383,10,63,"RAF1;JAK3;AKT1;PIK3CG;JAK1;MTOR;SHC1;STAT1;PTPN6;VAV1;ITM2B;MAPK14;MAP2K1;MKNK1;JAK2;STAM2;CREB1;PIK3R2;PIK3CB;SYK;EIF3B"
"WP_Proteasome_Degradation%WP519",0.0364741641337386,0.129242465381483,-0.526472965563385,-1.4463150892884,23,44,"PSMB9;PSMB5;PSMB4;PSMB10;PSMB6;PSMA7;PSMD9;PSMB1;H2AFZ;PSMA3;PSMA6;PSMA2;PSMD13;PSMC5;PSMD7;UBE2B;PSMD4;PSMA4"
"WP_Glycogen_Metabolism%WP317",0.036745406824147,0.129242465381483,0.53350635654842,1.49426422365244,13,28,"PPP2R1B;PYGB;PGM2;PPP2R1A;PHKG2;PPP2R5B;PPP2R5C;PYGL;GYS1;GBE1;UGP2;PPP2R5D;PPP2CB;AGL;PHKA2"
"RA_SUMOylation_of_DNA_damage_response_and_repair_proteins%R-MMU-3108214",0.0326797385620915,0.134297027813559,0.455673046190934,1.46955700650132,9,63,"NUP160;NUP107;BLM;POM121;NUP214;BRCA1;NUP188;NUP133;RANBP2;NUP93;NUP155;RPA1;NUP88;NUP98;SMC5;SP100;STAG2;AAAS;TPR;PML;SEH1L"
"KEGG_Yersinia_infection%mmu05135",0.0282258064516129,0.135483870967742,0.411925820625244,1.42868044654698,6,102,"PIP5K1C;AKT1;ELMO2;GIT2;RPS6KA1;LIMK1;ITGB1;RAC1;ARHGEF1;NFATC1;FN1;PXN;VAV3;ELMO1;VAV1;PKN1;PLCG1;RPS6KA2;TBK1;MAPK14;NFATC3;MAP2K1;IKBKG;MAP2K3;ITGA5;PIK3R2;PIK3CB"
"KEGG_Starch_and_sucrose_metabolism%mmu00500",0.0301507537688442,0.139645596403068,0.652346004150521,1.59416181318606,11,18,"HK1;MGAM;PGM1;HK3;PYGB;PGM2;PYGL;GYS1;GBE1;UGP2;AGL;GPI1;HK2"
"KEGG_Progesterone-mediated_oocyte_maturation%mmu04914",0.0299003322259136,0.139645596403068,0.444351796029981,1.43216833134765,8,65,"RAF1;CDC23;AKT1;BUB1;CCNB1;ANAPC2;RPS6KA1;CDC16;ANAPC1;CDC25C;PLK1;ADCY3;RPS6KA2;MAPK14;MAP2K1;MAD1L1;PRKACA;STK10;PIK3R2;PIK3CB;KIF22"
"RA_Transport_to_the_Golgi_and_subsequent_modification%R-MMU-948021",0.0343511450381679,0.140142714902091,0.383477091587115,1.35552067939237,8,119,"COPB1;COPG1;COPA;COPG2;DCTN1;SPTBN1;COPB2;COG1;PPP6R1;ARFGAP2;TMED7;SCFD1;TRAPPC9;ARCN1;SEC24D;COG4;GBF1;STX17;COG2;SEC31A;SEC24C;SEC23A;MAN1C1"
"KEGG_Amino_sugar_and_nucleotide_sugar_metabolism%mmu00520",0.0331325301204819,0.1410804508356,0.490921316117795,1.47371811548906,10,40,"HK1;PGM3;PGM1;GNE;HK3;UAP1;PGM2"
"KEGG_Fanconi_anemia_pathway%mmu03460",0.0327868852459016,0.1410804508356,0.475317155856897,1.45345040175897,9,49,"WDR48;FANCI;MLH1;BLM;BRCA1;FANCC;RMI1;FANCD2;TOP3B;BRCA2;TOP3A;BRIP1;PMS2;ATR;REV1;EME1;RPA1;ATRIP"
"KEGG_TGF-beta_signaling_pathway%mmu04350",0.0320699708454811,0.1410804508356,0.509374029676175,1.48231069399055,10,35,"PPP2R1B;MYC;CUL1;TGFBR2;E2F4;TFDP1;PPP2R1A"
"KEGG_Signaling_pathways_regulating_pluripotency_of_stem_cells%mmu04550",0.0323624595469256,0.1410804508356,0.459333340299389,1.45108476182657,9,57,"MYC;RAF1;JAK3;AKT1;JAK1;DVL3;SMARCAD1;MAPK14;MAP2K1;DVL2;AXIN1;JAK2;RIF1;PIK3R2;PIK3CB"
"KEGG_Natural_killer_cell_mediated_cytotoxicity%mmu04650",0.033003300330033,0.1410804508356,0.447270667932273,1.42588726636772,9,62,"RAF1;PLCG2;PRKCB;RAC1;SHC1;ITGB2;NFATC1;PTPN6;VAV3;VAV1;PLCG1;ITGB2L;MAP2K1;IFNAR1;PIK3R2;PIK3CB;SYK;PAK1"
"BP_regulation_of_mitotic_spindle_organization%0060236",0.00476190476190476,0.141224489795918,0.725540222867803,1.78665334845612,1,16,"PKD1;DCTN1;SASS6;TPX2;CLTC;STIL"
"BP_microtubule_nucleation%0007020",0.00495049504950495,0.142739273927393,0.689715596648535,1.82899127368899,1,21,"CLASP2;TUBGCP4;TUBGCP2;TPX2;TUBG1;CLASP1;CCDC57;TUBGCP6;NEDD1;NDEL1"
"RA_Fcgamma_receptor_(FCGR)_dependent_phagocytosis%R-MMU-2029480",0.0355987055016181,0.142984126984127,0.476153664402116,1.48552689225744,10,53,"PLCG2;ELMO2;NCKAP1L;MYH9;LIMK1;HCK;RAC1;MYO1C;CYFIP1;MYO5A;NF2;VAV3;ELMO1;VAV1;PLCG1;PIK3R2;PIK3CB;SYK;CYFIP2;CDC42"
"RA_Cargo_trafficking_to_the_periciliary_membrane%R-MMU-5620920",0.0373333333333333,0.142984126984127,0.559714530649671,1.49741429104178,13,25,"PKD1;BBS9;EXOC1;EXOC2;EXOC4;UNC119B;GBF1;INPP5E;NPHP3;EXOC7;EXOC3"
"RA_p53-Dependent_G1_DNA_Damage_Response%R-MMU-69563",0.03725782414307,0.142984126984127,-0.542327313243464,-1.45441720777801,24,38,"RPS27A;CDKN1B;PSMB5;PSMB6;PSMA7;PSMD9;PSMB1;PSMD13;PSMC5;PSMD7;PSMD10;MDM4;PSMD4;CDK2;PSME1"
"RA_p53-Dependent_G1/S_DNA_damage_checkpoint%R-MMU-69580",0.03725782414307,0.142984126984127,-0.542327313243464,-1.45441720777801,24,38,"RPS27A;CDKN1B;PSMB5;PSMB6;PSMA7;PSMD9;PSMB1;PSMD13;PSMC5;PSMD7;PSMD10;MDM4;PSMD4;CDK2;PSME1"
"RA_G1/S_DNA_Damage_Checkpoints%R-MMU-69615",0.037147102526003,0.142984126984127,-0.539258632201517,-1.4582013465163,24,39,"RPS27A;CDKN1B;PSMB5;PSMB6;PSMA7;PSMD9;PSMB1;PSMD13;PSMC5;PSMD7;PSMD10;MDM4;PSMD4;CDK2;PSME1"
"RA_RUNX1_regulates_transcription_of_genes_involved_in_differentiation_of_HSCs%R-MMU-8939236",0.037147102526003,0.142984126984127,-0.541484152445799,-1.46421934311964,24,39,"RPS27A;PSMB5;PSMB6;PSMA7;PSMD9;PSMB1;LDB1;MNAT1;CCNH;PSMD13;PSMC5;PSMD7;PSMD10;PSMD4;LMO2;PSME1;TCF3"
"RA_Insulin_receptor_recycling%R-MMU-77387",0.0367278797996661,0.142984126984127,-0.677743502574756,-1.53855868935172,21,17,"ATP6V1G1;ATP6V1F;ATP6V0B;ATP6V1D"
"RA_Transferrin_endocytosis_and_recycling%R-MMU-917977",0.037037037037037,0.142984126984127,-0.644310301664791,-1.50086862808568,21,19,"ATP6V1G1;ATP6V1F;ATP6V0B;ATP6V1D"
"RA_Antigen_activates_B_Cell_Receptor_(BCR)_leading_to_generation_of_second_messengers%R-MMU-983695",0.0372208436724566,0.142984126984127,0.628738404548029,1.51860990425949,14,17,"PLCG2;PTPN6;DAPP1;SH3KBP1;VAV1;ITPR1;ITPR2;SYK"
"BP_cellular_respiration%0045333",0.00515463917525773,0.144608526051825,-0.799418593797846,-1.78791950376087,2,16,"UQCRQ;UQCRH;MTLN;UQCRB;NDUFS4;BAX;UQCR10;SDHAF4"
"WP_MAPK_Cascade%WP251",0.0426065162907268,0.144862155388471,0.601016826359428,1.56238055230791,16,20,"RAF1;MAP3K3;RASA3;MAPK14;MAP2K1;MAP2K3;SIPA1"
"RA_Oxygen-dependent_proline_hydroxylation_of_Hypoxia-inducible_Factor_Alpha%R-MMU-1234176",0.0382352941176471,0.145449125596184,-0.541433166379307,-1.47385137099121,25,40,"RPS27A;RBX1;ELOB;PSMB5;ELOC;PSMB6;PSMA7;PSMD9;PSMB1;PSMD13;PSMC5;PSMD7;PSMD10;PSMD4;VHL"
"RA_Antimicrobial_peptides%R-MMU-6803157",0.0388513513513514,0.146800743696717,-0.675309448412737,-1.52294513520601,22,16,"CAMP;PRTN3;S100A9;PGLYRP1;ATOX1;S100A8;RNASE6"
"RA_SUMOylation%R-MMU-2990846",0.0392156862745098,0.14718954248366,0.383332522928992,1.35324173230627,9,121,"DNMT1;NUP160;NUP107;BLM;POM121;NUP214;BRCA1;TOP2A;NUP188;TOP2B;NUP133;RANBP2;TOPORS;AURKB;UBA2;NUP93;NR1H2;NUP155;RPA1;NUP88;MBD1;NUP98;SMC5;SP100;INCENP;SIN3A;IKBKG;STAG2;AAAS;HIPK2;TPR;NCOA1;PML;L3MBTL2;CASP8AP2;SEH1L"
"KEGG_Tryptophan_metabolism%mmu00380",0.0351758793969849,0.147403685092127,0.650460987134474,1.56924441916676,13,17,"CAT;ALDH3A2;EHHADH;KYAT3;4930438A08RIK;HADHA;ALDH9A1;ALDH2"
"RA_MAPK_targets/_Nuclear_events_mediated_by_MAP_kinases%R-MMU-450282",0.0397022332506204,0.147685301771174,0.624867606626154,1.50926065500252,15,17,"PPP2R1B;RPS6KA1;PPP2R1A;RPS6KA2;CREB1"
"RA_TNFR1-induced_NFkappaB_signaling_pathway%R-MMU-5357956",0.0398724082934609,0.147685301771174,-0.591256043142678,-1.45603944213626,24,25,"RPS27A;RACK1;TAB2;XIAP;TRADD"
"RA_ER-Phagosome_pathway%R-MMU-1236974",0.0405405405405405,0.148209898209898,-0.671907796495639,-1.51527379394019,23,16,"H2-Q4;VAMP8;H2-Q6;H2-Q7;H2-T22;H2-K1;TAP1;SEC22B;TAP2;H2-T23;VAMP3"
"RA_ER_to_Golgi_Anterograde_Transport%R-MMU-199977",0.0404411764705882,0.148209898209898,0.412193805278312,1.42283120987718,10,102,"COPB1;COPG1;COPA;COPG2;DCTN1;SPTBN1;COPB2;COG1;PPP6R1;ARFGAP2;TMED7;SCFD1;TRAPPC9;ARCN1;SEC24D;COG4;GBF1;STX17;COG2;SEC31A;SEC24C;SEC23A;COG5;SEC16B;CAPZA2;TMEM115;COG6;USO1;NSF;GOSR2"
"RA_Developmental_Biology%R-MMU-1266738",0.040983606557377,0.148863035430989,0.372751443491506,1.33495747734839,9,137,"PIP5K1C;ARHGEF11;MEF2D;NUMB;TLN1;SPTBN1;KALRN;AP2A1;CTNNA1;NCSTN;LIMK1;ITGB1;KRT80;MEF2A;RAC1;CLTC;SHC1;SDCBP;JUP;MSN;DAG1;DNM2;SH3KBP1;VAV3;AP2M1;PLCG1"
"WP_Wnt_Signaling_Pathway_NetPath%WP539",0.0454545454545455,0.149560117302053,0.440381627919215,1.41001231511621,13,62,"RAF1;AKT1;ARRB1;PRKCB;CUL1;DVL3;RAC1;MARK2;CDC25C;LRP5;JUP;BTRC;DVL2;AXIN1;HIPK2;TBP"
"WP_IL-7_Signaling_Pathway%WP297",0.0472222222222222,0.150520833333333,0.480965629908306,1.4251678767086,16,37,"RAF1;JAK3;AKT1;JAK1;CLTC;SHC1;STAT1"
"RA_Deadenylation-dependent_mRNA_decay%R-MMU-429914",0.0419681620839363,0.151462020854206,-0.512172615355712,-1.43984730132402,28,50,"LSM7;LSM5;LSM4;LSM6;LSM3;DCP2;EXOSC3;EIF4B;EIF4A2;PAN3;PAIP1;EXOSC2;PABPC1;DDX6;LSM2;EXOSC7;EXOSC5;CNOT6L"
"KEGG_Gastric_cancer%mmu05226",0.0371621621621622,0.153293918918919,0.42458437522085,1.38196681431293,10,68,"MYC;RAF1;AKT1;MLH1;DDB2;CTNNA1;MTOR;DVL3;TGFBR2;SHC1;LRP5;JUP;HGF;MAP2K1;DVL2;AXIN1;TRP53"
"KEGG_Insulin_signaling_pathway%mmu04910",0.0387596899224806,0.15742397137746,0.418332182531761,1.43537001176477,9,92,"RAF1;HK1;AKT1;FASN;SH2B2;TSC2;HK3;MTOR;PYGB;SHC1;PHKG2;PRKAA1;MAP2K1;MKNK1;PYGL;PRKACA;ACACA;GYS1;INPP5A;MKNK2;PIK3R2;PIK3CB;EXOC7;PPP1CA;RPTOR;FBP1;FLOT2;PDE3B;PRKAB1;SOS2;PHKA2;RPS6KB2;HK2;MAPK1;LIPE;CBLB;PHKB"
"KEGG_Oocyte_meiosis%mmu04114",0.04,0.157611940298507,0.409490970762828,1.38889592807665,10,83,"PPP2R1B;CDC23;BUB1;CUL1;CCNB1;ANAPC2;RPS6KA1;SMC1A;ESPL1;CDC16;ANAPC1;CDC25C;PLK1;ADCY3;PPP2R1A;BTRC;PPP2R5B;RPS6KA2;MAPK14;PPP2R5C;MAP2K1;MAD1L1;PRKACA;YWHAQ;SMC3;ITPR1;ITPR2;STAG3"
"KEGG_Type_I_diabetes_mellitus%mmu04940",0.0397350993377483,0.157611940298507,-0.639854977708563,-1.48366693873205,23,18,"H2-Q4;H2-AB1;H2-Q6;H2-Q7;H2-T22;H2-AA;H2-K1"
"BP_mitotic_spindle_organization%0007052",0.00578034682080925,0.157894736842105,0.569720319418423,1.75138921845934,1,42,"CLASP2;ILK;KIF4;CKAP5;CCNB1;DLGAP5;MAP1S;PLK1;TUBG1;AURKB;CLASP1;WDR62;INTS13;INCENP;NDC80;STIL"
"BP_phosphatidylinositol_3-kinase/protein_kinase_B_signal_transduction%0043491",0.00595238095238095,0.158424908424908,0.552358687057123,1.70935037050795,1,45,"ILK;XBP1;AKT1;PIK3R4;PLEKHA1;PIK3CG;KBTBD2;PIK3C3;ATP1A3;PIK3C2G;PIK3R2;PIK3CB;ERBB3"
"RA_Interferon_Signaling%R-MMU-913531",0.0446428571428571,0.159075497287523,0.496388078515441,1.51931641928941,14,42,"FLNB;TYK2;EIF4G1;UBE2E1;PTPN6;UBA7;NEDD4;PLCG1;KPNA1;DDX58;EIF4G3;JAK2;ABCE1;IFNAR1"
"RA_Signaling_by_VEGF%R-MMU-194138",0.0445859872611465,0.159075497287523,0.459183728471137,1.46833666035363,13,59,"AKT1;ELMO2;PRKCB;NCKAP1L;CTNNA1;MTOR;RAC1;CYFIP1;MAPKAPK3;JUP;PXN;VEGFA;VAV3;ELMO1;VAV1;PLCG1;PRKACA;PIK3R2;MAPKAP1;PIK3CB;CYFIP2;NCK2;CDC42"
"RA_VEGFA-VEGFR2_Pathway%R-MMU-4420097",0.0454545454545455,0.159943181818182,0.463448315727552,1.46741123554676,13,58,"AKT1;ELMO2;PRKCB;NCKAP1L;CTNNA1;MTOR;RAC1;CYFIP1;MAPKAPK3;JUP;PXN;VEGFA;VAV3;ELMO1;VAV1;PLCG1;PRKACA;PIK3R2;MAPKAP1;PIK3CB;CYFIP2;NCK2;CDC42"
"RA_Toll_Like_Receptor_4_(TLR4)_Cascade%R-MMU-166016",0.0452961672473868,0.159943181818182,0.437967199213694,1.46309998875644,12,78,"PPP2R1B;PLCG2;CASP8;CD180;CUL1;RPS6KA1;RIPK3;ITGB2;RIPK1;MAPKAPK3;PPP2R1A;DNM2;RPS6KA2;TBK1;MAPK14;USP14;IKBKG;MAP2K3"
"RA_Deposition_of_new_CENPA-containing_nucleosomes_at_the_centromere%R-MMU-606279",0.0464,0.160265030674847,-0.579535935906005,-1.43194132787479,28,26,"CENPW;CENPX;CENPS;NPM1;HIST1H2AB;MIS18A;HIST1H2AC;CENPK;CENPH;ITGB3BP"
"RA_Nucleosome_assembly%R-MMU-774815",0.0464,0.160265030674847,-0.579535935906005,-1.43194132787479,28,26,"CENPW;CENPX;CENPS;NPM1;HIST1H2AB;MIS18A;HIST1H2AC;CENPK;CENPH;ITGB3BP"
"RA_Cell-Cell_communication%R-MMU-1500931",0.045945945945946,0.160265030674847,0.521497769975668,1.45295669042884,16,29,"ILK;FLNA;CTNNA1;IQGAP1;ITGB1;ARHGEF6;JUP;PXN;PLEC;PVR;ACTN1;LIMS1;NCK2"
"RA_Activation_of_the_pre-replicative_complex%R-MMU-68962",0.046831955922865,0.160770677954713,0.513774278834719,1.44117052989787,16,30,"POLE;CDC6;POLA1;MCM6;MCM2;MCM5;ORC3;ORC5;MCM7;RPA1;MCM4;MCM10;ORC1;ORC4;POLE2;ORC2;CDC45;MCM3;POLA2;PRIM1;PRIM2"
"WP_Glycolysis_and_Gluconeogenesis%WP157",0.052054794520548,0.160896637608966,0.493084984787441,1.44387355640892,18,33,"HK1;PFKP;HK3;PCX;SLC2A3;ENO1;PKM;PFKL;GOT2;DLD;FBP1;GPI1;HK2;LDHB;DLAT;PGAM1"
"KEGG_ErbB_signaling_pathway%mmu04012",0.043046357615894,0.162346263008515,0.455379796937229,1.41787872228568,12,54,"MYC;RAF1;PLCG2;AKT1;PRKCB;MTOR;SHC1;PLCG1;MAP2K1;ABL2;PIK3R2;PIK3CB;ERBB3;PAK1;NCK2"
"KEGG_Leukocyte_transendothelial_migration%mmu04670",0.0419354838709678,0.162346263008515,0.455080530555578,1.4508156145758,12,59,"VCL;ACTN4;PLCG2;PRKCB;CTNNA1;ITGB1;RAC1;ITGB2;MSN;PXN;VAV3;VAV1;PLCG1;MAPK14;ITGB2L;EZR;PIK3R2;ACTN1;PIK3CB;PECAM1;SIPA1;RASSF5;CDC42"
"KEGG_Chemical_carcinogenesis%mmu05207",0.0424710424710425,0.162346263008515,0.408226699316009,1.41195628439679,10,94,"MYC;RAF1;ARNT;UGT1A7C;AKT1;ARRB1;PRKCB;CDC6;RPS6KA1;MTOR;GNAS;ADCY3;VEGFA;KPNA3;RPS6KA2;KPNA4;KPNA1;MAP2K1;PRKACA;JAK2;CREB1;PIK3R2;PIK3CB"
"KEGG_Colorectal_cancer%mmu05210",0.0437710437710438,0.162754303599374,0.433346908701588,1.39122713053594,12,64,"MYC;RAF1;AKT1;MSH2;MLH1;DDB2;MSH6;MTOR;RAC1;TGFBR2"
"WP_IL-3_Signaling_Pathway%WP373",0.0545454545454545,0.163636363636364,0.401181132866079,1.32863337788463,14,81,"RAF1;VCL;AKT1;PRKCB;JAK1;STAT6;TYK2;HCK;RAC1;SHC1;STAT1;PTPN6;PXN;VAV1;MAPK14;MAP2K1;PRKACA;JAK2;TEC;CREB1;PIK3R2"
"BP_DNA_duplex_unwinding%0032508",0.00655737704918033,0.166013594562175,0.519758375163573,1.63540471643438,1,59,"RECQL;FBH1;BLM;DDX1;CHTF18;NBN;RAD50;ERCC6L;ASCC3;BRIP1;RECQL4;RFC5;RTEL1;DDX11;WRN;POT1A;SMARCAD1;XRCC6;DHX36;RAD54L;ANXA1;RECQL5;MCM9;IGHMBP2;UPF1"
"BP_small_GTPase-mediated_signal_transduction%0007264",0.00641025641025641,0.166013594562175,0.499740414213569,1.59583818737043,1,61,"DOCK7;ARHGAP1;DOCK2;RUFY1;RHOBTB2;DOCK8;SH2D3C;RASGRF2;G3BP2;RAC1;DOCK11;TIAM2;ARHGAP31;VAV3;VAV1;ARHGAP15;NUCB1;YWHAQ;ARHGAP33;DNAJA3;USO1;DOCK10"
"BP_DNA_replication%0006260",0.00675675675675676,0.166988416988417,0.485460335113445,1.57923821984056,1,69,"POLE;LIG3;POLD1;KAT7;BLM;POLA1;CHTF18;RMI1;CHAF1A;ORC3;ORC5;RECQL4;RPA1;TICRR;WRN;ORC1;SIN3A;ORC4;SLX4;POLL;RECQL5;CHAF1B;MCM9;UPF1;RBBP7;DTL;FAM111A"
"KEGG_Citrate_cycle_(TCA_cycle)%mmu00020",0.045945945945946,0.168281489036206,0.529540472432738,1.46598736836003,16,27,"ACLY;PCX;ACO1;IDH1;SDHA;IDH3G;OGDH;IDH3A;IDH3B;ACO2;DLD"
"KEGG_Sphingolipid_signaling_pathway%mmu04071",0.0467625899280576,0.168281489036206,0.408066016510699,1.38359177158871,12,81,"PPP2R1B;RAF1;AKT1;PRKCB;RAC1;ASAH1;SGMS2;NSMAF;PPP2R1A;PPP2R5B;MAPK14;PPP2R5C;PPP2R3C;MAP2K1;TRP53;PIK3R2;PIK3CB;GNA12"
"KEGG_Bacterial_invasion_of_epithelial_cells%mmu05100",0.0471698113207547,0.168281489036206,0.462759651341527,1.41816042822021,14,45,"VCL;ILK;ELMO2;CTNNA1;ITGB1;RAC1;CLTC;SHC1;FN1;PXN;DNM2;ELMO1"
"KEGG_Rap1_signaling_pathway%mmu04015",0.0483870967741936,0.169096209912536,0.381654409242418,1.32369024839339,11,102,"RAF1;TLN1;AKT1;PRKCB;ITGB1;RAC1;ITGB2;GNAS;ADCY3;HGF;VEGFA;CSF1R;VAV3;SIPA1L1;VAV1;PLCG1;MAPK14;ITGB2L;MAP2K1;MAP2K3;RAPGEF6;PIK3R2;PIK3CB;APBB1IP;SIPA1;RASSF5;CDC42;TLN2;FPR1"
"KEGG_Allograft_rejection%mmu05330",0.0493197278911565,0.169096209912536,-0.653626246334774,-1.47625585549053,28,16,"H2-Q4;H2-AB1;H2-Q6;H2-Q7;H2-T22;H2-AA;H2-K1"
"KEGG_Graft-versus-host_disease%mmu05332",0.0493197278911565,0.169096209912536,-0.653626246334774,-1.47625585549053,28,16,"H2-Q4;H2-AB1;H2-Q6;H2-Q7;H2-T22;H2-AA;H2-K1"
"WP_IL-5_Signaling_Pathway%WP151",0.059016393442623,0.171990632318501,0.436151482312508,1.37233804270926,17,59,"RAF1;AKT1;SH2B2;PRKCB;PIK3CG;RPS6KA1;PLA2G4A;JAK1;HCK;ALOX5;RAC1;SHC1;ITGB2;STAT1;SDCBP;PTPN6;DNM2;VAV1;MAPK14"
"RA_Inhibition_of_the_proteolytic_activity_of_APC/C_required_for_the_onset_of_anaphase_by_mitotic_spindle_checkpoint_components%R-MMU-141405",0.0507246376811594,0.172035969966824,0.587852032012337,1.45289678685414,20,18,"BUB1B;CDC23;ANAPC2;CDC16;UBE2E1;ANAPC1"
"RA_Inactivation_of_APC/C_via_direct_inhibition_of_the_APC/C_complex%R-MMU-141430",0.0507246376811594,0.172035969966824,0.587852032012337,1.45289678685414,20,18,"BUB1B;CDC23;ANAPC2;CDC16;UBE2E1;ANAPC1"
"RA_Inositol_phosphate_metabolism%R-MMU-1483249",0.0513513513513514,0.17208815958816,0.511261823558354,1.42443808941814,18,29,"PPIP5K2;PLCG2;INPP5J;PLCG1;ISYNA1;INPP5A"
"RA_Iron_uptake_and_transport%R-MMU-917937",0.0512048192771084,0.17208815958816,-0.539359075043647,-1.41574666129846,33,34,"RPS27A;ATP6V1G1;NEDD8;ATP6V1F;ATP6V0B"
"RA_Cyclin_E_associated_events_during_G1/S_transition%R-MMU-69202",0.0525525525525526,0.174041688747571,-0.51803103944075,-1.41244981084542,34,42,"RPS27A;CDKN1B;PSMB5;PSMB6;CCND1;PSMA7;PSMD9;PSMB1;MNAT1;CCNH;PSMD13;PSMC5;PSMD7;PSMD10;PSMD4"
"RA_FGFR2_alternative_splicing%R-MMU-6803529",0.0523648648648649,0.174041688747571,-0.657874899405691,-1.48362706901102,30,16,"POLR2L;POLR2F;POLR2H;POLR2I;NCBP2;GTF2F2;POLR2E;POLR2G"
"RA_Cyclin_A:Cdk2-associated_events_at_S_phase_entry%R-MMU-69656",0.0531757754800591,0.175075798802768,-0.51394114393651,-1.41181243934336,35,44,"RPS27A;CDKN1B;PSMB5;PSMB6;CCND1;PSMA7;PSMD9;PSMB1;MNAT1;CCNH;PSMD13;PSMC5;PSMD7;PSMD10;PSMD4"
"RA_SUMO_E3_ligases_SUMOylate_target_proteins%R-MMU-3108232",0.0538461538461539,0.176252236135957,0.383732172095897,1.3502787483927,13,115,"DNMT1;NUP160;NUP107;BLM;POM121;NUP214;BRCA1;TOP2A;NUP188;TOP2B;NUP133;RANBP2;TOPORS;AURKB;NUP93;NR1H2;NUP155;RPA1;NUP88;MBD1;NUP98;SMC5;SP100;INCENP;SIN3A;IKBKG;STAG2;AAAS;HIPK2;TPR;NCOA1;PML;L3MBTL2;CASP8AP2;SEH1L"
"KEGG_Platelet_activation%mmu04611",0.0522648083623693,0.17689627445725,0.404209705938589,1.33764242271931,14,73,"TLN1;PLCG2;AKT1;FERMT3;PIK3CG;PLA2G4A;ITGB1;ARHGEF1;GNAS;ADCY3;COL1A2;MAPK14;PRKACA;ITPR1;COL1A1;PIK3R2;PIK3CB;ITPR2;APBB1IP;SYK;PPP1CA;TLN2"
"BP_protein_import_into_nucleus%0006606",0.00740740740740741,0.178811369509044,0.485342147270975,1.60953557813181,1,83,"AKT1;TSC2;NUP107;POM121;NUP214;ADAR;SPG11;NUP188;NUP133;NUP93;IPO11;APPL2;NUP155;NUP88;SQSTM1;CSE1L;KPNA3;NUP98;MED1;KPNA4;KPNA1;NFATC3;TRP53;IPO9;RANBP6;TPR;PML;SYK"
"KEGG_Tight_junction%mmu04530",0.0545454545454545,0.18,0.401523797169985,1.36187317116271,14,83,"PPP2R1B;ACTN4;NEDD4L;MYH9;ITGB1;RAC1;HSPA4;LLGL2;NF2;MSN;PPP2R1A;NEDD4;PRKAA1;TJP3;PRKACA;RAPGEF6;EZR;TJAP1"
"KEGG_Antigen_processing_and_presentation%mmu04612",0.0544117647058824,0.18,-0.51866272458412,-1.39037050853012,36,41,"H2-Q4;H2-AB1;H2-Q6;HSP90AA1;CTSL;H2-Q7;H2-T22;HSP90AB1;NFYA;CTSS;H2-AA;H2-K1;LGMN;TAP1;PSME1;RFXANK;TAP2;H2-T23;H2-DMA;HSPA2"
"RA_G-protein_beta:gamma_signalling%R-MMU-397795",0.0558252427184466,0.180629952014284,0.611037243848994,1.42811529100031,22,15,"AKT1;PIK3CG;ARHGEF6;CDC42"
"RA_Homologous_DNA_Pairing_and_Strand_Exchange%R-MMU-5693579",0.0558252427184466,0.180629952014284,0.620232757226519,1.44960703048957,22,15,"BLM;RMI1;TOP3A;EXO1;WRN;KAT5;XRCC2;PALB2"
"KEGG_T_cell_receptor_signaling_pathway%mmu04660",0.0561056105610561,0.180632697416083,0.417066260224182,1.33754398175614,16,63,"RAF1;AKT1;NFATC1;PTPN6;VAV3;VAV1;PLCG1;MAPK14;NFATC3;MAP2K1;IKBKG;TEC;PIK3R2;PIK3CB;BCL10;PAK1;NCK2;CDC42;SOS2;MAPK1;MAP3K7;CBLB;MALT1;RELA;NFKBIE"
"KEGG_Type_II_diabetes_mellitus%mmu04930",0.0555555555555556,0.180632697416083,0.593128605882144,1.49773131433571,21,20,"HK1;HK3;MTOR;PKM;ABCC8;PIK3R2;PIK3CB"
"KEGG_Protein_export%mmu03060",0.0594059405940594,0.18366129994037,-0.614392402795589,-1.44354252487264,35,20,"SRP9;SRP19;SPCS1;SRP14;SEC11C;SEC62;SEC11A"
"KEGG_Thyroid_hormone_synthesis%mmu04918",0.0578034682080925,0.18366129994037,0.471553764865963,1.39560377535952,19,37,"PRKCB;TTF2;GNAS;ADCY3;ATP1A3;HSPA5;PRKACA;ATP1A1;ITPR1;CREB1;ITPR2;ATF6B;PDIA4"
"KEGG_Proteoglycans_in_cancer%mmu05205",0.0598290598290598,0.18366129994037,0.376357107150737,1.32040084660745,13,112,"MYC;RAF1;PLCG2;FLNB;AKT1;FLNA;PRKCB;IQGAP1;ITGB1;MTOR;RAC1;ARHGEF1;HPSE;ITGB5;FN1;MSN;PTPN6;COL1A2;HGF;PXN;VEGFA;VAV3;VAV1;PLCG1;MAPK14;MAP2K1;PRKACA;TRP53;EZR;ITGA5;ITPR1;COL1A1;PIK3R2;PIK3CB;ITPR2"
"KEGG_Autoimmune_thyroid_disease%mmu05320",0.0596026490066225,0.18366129994037,-0.627480950884386,-1.45497460197199,35,18,"H2-Q4;H2-AB1;H2-Q6;H2-Q7;H2-T22;H2-AA;H2-K1"
"RA_Interleukin-2_family_signaling%R-MMU-451927",0.0572916666666667,0.184315476190476,0.5465414881444,1.4355157234512,21,23,"JAK3;SHC1;PTPN6;JAK2;PIK3R2;PIK3CB;SYK;STAT4;SOS2;STAT3;STAT5A;INPP5D;PTK2B;INPPL1;STAT5B"
"RA_Glycerophospholipid_biosynthesis%R-MMU-1483206",0.0578778135048232,0.185143232972815,0.428451733030076,1.37692894143872,17,62,"GNPAT;OSBPL8;PCYT1A;PITPNB;PLA2G4A;CDIPT;HADHB;HADHA;DGAT2;ABHD4;MBOAT1;OSBPL5;LPCAT3;PNPLA8;CHPT1;AGK;PNPLA2;AGPAT2;PTDSS2;PITPNM1;CPNE3;PLA2R1;GPD2"
"BP_actin_cytoskeleton_organization%0030036",0.00840336134453782,0.185781786941581,0.458222256655019,1.62372372532893,1,127,"SPTAN1;ACTN4;SPECC1;FLII;TLN1;FLNB;SPTBN1;SPECC1L;DOCK2;FLNA;SH2B2;NISCH;MYH9;FMNL3;PI4KA;PACSIN2;CAPZA1;MKLN1;LIMK1;RAC1;MINK1;SHC1;EPB41;ATP2C1;NF2;TMOD3;PARVG;SIPA1L1;ELMO1;GSN;FER;CAP1;ABL2;CORO1B;PLEC;ANXA1;ABR;EZR;CAPZA2;SSH1;NUAK2;ACTN1;PLEK"
"BP_mitotic_spindle_assembly%0090307",0.00833333333333333,0.185781786941581,0.601625389958621,1.78269948259041,2,37,"ZFP207;CLASP2;FLNA;KIF11;SMC1A;TPX2;CLTC;CLASP1;STAG1;MYBL2;SPICE1;STAG2;AAAS;SMC3"
"BP_microtubule-based_movement%0007018",0.0084985835694051,0.185781786941581,0.587827862522302,1.74969312173712,2,38,"KIF20A;KIF4;KIF11;KIF2C;KIF13B;KIF18A;KIF18B;KIF23;KIF24;KIF20B;KIFC3;DYNLT3"
"BP_protein_import_into_mitochondrial_matrix%0030150",0.00859106529209622,0.185781786941581,-0.756359974531291,-1.71169947967592,4,17,"ROMO1;TOMM7;DNAJC15;DNAJC19;TOMM20;DNLZ;TIMM17A"
"BP_mitotic_sister_chromatid_segregation%0000070",0.00813008130081301,0.185781786941581,0.63541772103551,1.83405478910862,2,31,"ZFP207;NCAPG2;KIF18A;ESPL1;PLK1;TUBG1;NSL1;KIF18B;KNTC1;KNL1;SPAG5;ZW10;NDC80;CENPI;NUSAP1"
"BP_axon_extension%0048675",0.00952380952380953,0.192865105908584,0.693476771224579,1.74566165504563,3,17,"VCL;RNF6;SPG11;LIMK1;ITGB1;CYFIP1"
"BP_defense_response_to_Gram-negative_bacterium%0050829",0.00966183574879227,0.192865105908584,-0.649639812216444,-1.64126803894408,5,28,"ROMO1;RPL30;CAMP;RPS19"
"BP_protein_autoubiquitination%0051865",0.00934579439252336,0.192865105908584,0.514031254951101,1.5916321337053,2,49,"RAD18;NFX1;DDB2;BRCA1;CUL3;RNF10;WWP2;TRIM37;RNF41;RNF213;RNF115;HECTD1;LTN1"
"BP_transforming_growth_factor_beta_receptor_signaling_pathway%0007179",0.00934579439252336,0.192865105908584,0.505970709481358,1.5666736840755,2,49,"ZYX;PARP1;ITGB1;TGFBR2;ITGB5;HPGD;APPL2;COL1A2;PXN;USP15;LGALS9;DCP1A;NRROS;TRP53;HIPK2;CREB1;PML;ARAP1;GLG1;TGFB1;SMAD3;SMAD4;STAT3;MAP3K7;ADAM9"
"WP_Novel_Jun-Dmp1_Pathway%WP3654",0.0696517412935323,0.197346600331675,0.522037362950824,1.41536648599705,27,23,"MYC;RAF1;MAP2K1;TRP53"
"RA_Regulation_of_actin_dynamics_for_phagocytic_cup_formation%R-MMU-2029482",0.0634441087613293,0.200228205622157,0.465991952268151,1.38107125691256,20,38,"ELMO2;NCKAP1L;MYH9;LIMK1;RAC1;MYO1C;CYFIP1;MYO5A;NF2;VAV3;ELMO1;VAV1"
"RA_RHOV_GTPase_cycle%R-MMU-9013424",0.0636604774535809,0.200228205622157,0.535398431668511,1.41631566179565,23,24,"SPTBN1;GIT2;IQGAP1;CLTC;WDR6;PEAK1;GIT1;TPM4;MAP3K11;NCK2;CDC42;DEPDC1B"
"RA_MET_promotes_cell_motility%R-MMU-8875878",0.0631067961165049,0.200228205622157,0.604921166783164,1.4138208052442,25,15,"ITGB1;RAC1;FN1;COL1A2;HGF;COL1A1"
"BP_skeletal_system_morphogenesis%0048705",0.0103896103896104,0.200231481481481,0.618855018441915,1.72452112130799,3,27,"MYC;WDR48;PLEKHA1;RECQL4;IDUA;PSEN1;COL11A2;TIPARP;COL1A1"
"BP_substrate_adhesion-dependent_cell_spreading%0034446",0.0104166666666667,0.200231481481481,0.634858890569718,1.75674925718835,3,26,"ILK;FERMT3;RAC1;FN1;PXN;PARVG;FER;PEAK1"
"KEGG_Bladder_cancer%mmu05219",0.0672043010752688,0.202020202020202,0.512963667802459,1.44035719752247,24,29,"MYC;RAF1;VEGFA;MAP2K1;TRP53"
"KEGG_Breast_cancer%mmu05224",0.0673400673400673,0.202020202020202,0.403650777191762,1.29588996994047,19,64,"MYC;RAF1;AKT1;DDB2;BRCA1;MTOR;DVL3;BRCA2;SHC1;LRP5;MAP2K1;DVL2;AXIN1;TRP53;NCOA1;PIK3R2;PIK3CB"
"BP_establishment_of_cell_polarity%0030010",0.012987012987013,0.202576112412178,0.613166983818587,1.70867066271212,4,27,"CLASP2;PKD1;TSC2;CORO7;EXOC4;MARK2;CLASP1"
"BP_endosome_organization%0007032",0.0136612021857924,0.202576112412178,0.565317542060901,1.66864865799223,4,35,"USP8;PIK3C3;DNAJC13;VPS11;VPS33B;WASHC5;SQSTM1;ALS2;CC2D1A;PLEKHF2;PI4K2A;PLEKHA3;STX6;PI4K2B;VPS4B;VPS18"
"BP_cell_migration%0016477",0.0123456790123457,0.202576112412178,0.426426827472521,1.52469993487922,2,129,"CLASP2;SPECC1L;DOCK2;CASS4;PIK3CG;NCKAP1L;CTNNA1;LCP1;FMNL3;CUL3;CORO7;EMILIN1;IQGAP1;ITGB1;RAC1;ITGB5;JUP;FMNL1;CLASP1;CARMIL2;PXN;VEGFA;SH3KBP1;VAV3;PRPF40A;VAV1;PLCG1;MYO18A;PIK3C2G;USP33;CORO1B;PEAK1;DOCK5;NEDD9;NDEL1;ABR;TMEM18"
"BP_phospholipid_transport%0015914",0.0130208333333333,0.202576112412178,0.612218056259578,1.69409869113773,4,26,"ATP8B2;ESYT1;OSBPL8;PITPNB;OSBPL2;SCARB1;ATP10A;OSBPL5;ATP11B"
"BP_regulation_of_cytokinesis%0032465",0.013550135501355,0.202576112412178,0.611835793683808,1.76598846775183,4,31,"KIF20A;PIK3R4;PRC1;PIK3C3;BRCA2;BECN1;PLK1;AURKB;ATXN10;PRPF40A"
"BP_mitotic_cytokinesis%0000281",0.0125391849529781,0.202576112412178,0.507508058194741,1.57572467182013,3,50,"KIF20A;KIF4;SPTBN1;USP8;EXOC1;ANLN;EXOC2;EXOC4;STX2;PLK1;AURKB;KIF23;EXOC6;INCENP;ECT2;NUSAP1"
"BP_endocytosis%0006897",0.0125,0.202576112412178,0.450878282970491,1.56294597245659,2,111,"MYO7A;HEATR5B;MYO1F;ARRB1;EPS15L1;RUFY1;CSNK1G3;PIK3CG;LY75;CSNK1G2;PIK3C3;RAC1;RAB31;SH3GL1;MYO1C;MYO5A;LRP5;AP3M1;MTMR6;DNM2;DENND1C;LRP10;ITSN2;TBC1D2B;USP33;RAB11B;MTMR9;PIK3CB;LRP8"
"BP_protein_export_from_nucleus%0006611",0.0130208333333333,0.202576112412178,0.616974957223291,1.70726174572931,4,26,"PKD1;STRADA;NUP214;ADAR;XPO5;XPO1;XPO7;CSE1L;PPM1A;STRADB;XPO6;PRKACA;XPO4;TPR"
"BP_regulation_of_postsynaptic_neurotransmitter_receptor_internalization%0099149",0.0124378109452736,0.202576112412178,0.643071310316528,1.74351807997689,4,23,"PIP5K1C;NUMB;RNF216;NEDD4L;VAC14;SIRT2;NEDD4"
"BP_microtubule_depolymerization%0007019",0.0117647058823529,0.202576112412178,0.705365847453828,1.72074806073909,4,15,"CLASP2;KIF2C;KIF18A;ARHGEF1;KIF18B;KATNB1;KIF24;NEDD1"
"BP_positive_regulation_of_telomere_maintenance%0032206",0.0125,0.202576112412178,0.655160323534507,1.80190728958143,4,24,"MYC;NBN;MAP3K4;AURKB;RAD50;RTEL1;DHX36;NVL;SLX4;PML"
"BP_release_of_cytochrome_c_from_mitochondria%0001836",0.0134453781512605,0.202576112412178,-0.721245730912329,-1.68585328277228,7,19,"FIS1;IFI27L2A;BAX;GGCT;BAK1;SOD2;BCL2;BAD;IFI27"
"BP_spinal_cord_development%0021510",0.0119047619047619,0.202576112412178,0.666539639533636,1.67785387857641,4,17,"PKD1;AKT1;ACTL6A;MTOR;MED12"
"BP_double-strand_break_repair_via_nonhomologous_end_joining%0006303",0.0133333333333333,0.202576112412178,0.639961753039376,1.83158055779233,4,30,"LIG3;MLH1;POLA1;PRKDC;TRP53BP1;PRPF19;DCLRE1C;DCLRE1A;XRCC6;XRCC1;POLL"
"BP_peptidyl-tyrosine_phosphorylation%0018108",0.0136612021857924,0.202576112412178,0.569432388060648,1.68079445525564,4,35,"JAK3;JAK1;HCK;PTPN6;PXN;TTK;VEGFA;CSF1R;DYRK3;FER;ABL2;JAK2;LRRK1;CLK3;SYK;WEE1;IL12RB1;PDGFRB;STAT5A;DYRK1A;ABL1;KIT"
"BP_barbed-end_actin_filament_capping%0051016",0.0117647058823529,0.202576112412178,0.706037570476881,1.72238673674452,4,15,"FLII;CAPZA1;ADD1;SVIL;GSN;SCIN;CAPZA2"
"RA_SCF(Skp2)-mediated_degradation_of_p27/p21%R-MMU-187577",0.0655737704918033,0.205100182149363,-0.511889334171315,-1.37278842115511,43,38,"RPS27A;CDKN1B;PSMB5;PSMB6;CCND1;PSMA7;PSMD9;PSMB1;PSMD13;PSMC5;PSMD7;PSMD10;PSMD4;CDK2;PSME1"
"WP_Selenium_metabolism/Selenoproteins%WP108",0.0786163522012579,0.205611998064828,-0.520818922266315,-1.36249417082927,49,35,"RPL30;SELENOW;SELENOT;SELENOH;SELENOS;MSRB1;SELENOM;TRNAU1AP"
"WP_G_Protein_Signaling_Pathways%WP232",0.0753012048192771,0.205611998064828,0.436305263029904,1.35706491680803,24,47,"PRKCB;PDE4D;ARHGEF1;AKAP10;GNAS;ADCY3;GNA15;PRKACA;GNA11;GNB5;ITPR1;GNA12"
"WP_Oxidative_Stress_and_Redox_Pathway%WP4466",0.0771513353115727,0.205611998064828,-0.474742499811245,-1.3458169110517,51,54,"SOD1;TXN1;CYBA;GGCT;PRDX5;S100A9;MGST1;GSTP1;PRDX4;SOD2;CD44;GSTT2;MGST2;PRDX2;GSTK1;GSTM5;S100A8"
"BP_intracellular_protein_transport%0006886",0.0141509433962264,0.205952380952381,0.390455809020495,1.46339006593044,2,177,"MYO7A;COPB1;COPG1;AP1M1;COPA;COPG2;AP1B1;AP3B1;VPS35;COPB2;AP2A1;TMED7;VPS26A;SCFD1;SPG11;SCFD2;RAB31;GGA2;STX2;CLTC;AP1G2;VPS11;STX17;XPO7;VPS33B;AP4E1;AP3M1;AP2M1;RFFL;CSE1L;SEC23A;VPS26C;VPS39;SEC23B;EXOC6"
"BP_negative_regulation_of_gene_expression_via_chromosomal_CpG_island_methylation%0044027",0.0142857142857143,0.205952380952381,0.69608418385374,1.71411742408143,5,16,"MYC;DNMT1;USP7;BRCA1"
"WP_Oxidative_Damage%WP1496",0.0810372771474878,0.206645056726094,-0.568878199280436,-1.42876852138604,49,27,"CDKN1B;BAK1;BCL2;BAD;C1QB;GADD45A;C1QC;PCNA;TNK2"
"RA_Transcriptional_regulation_by_RUNX1%R-MMU-8878171",0.0666666666666667,0.207366482504604,-0.428014384676493,-1.30968315267008,47,90,"RPS27A;PSMB5;HIST1H2AB;PSMB6;CCND1;PSMA7;PSMD9;CTSL;PSMB1;SETD1A;SETD1B;HIST1H2AC;LDB1;CSNK2A2;KAT2B;CBX8;MNAT1;ARID1A;CCNH;PSMD13;PSMC5;PSMD7;PSMD10;PSMD4;LMO2;CSNK2B;PHC3;EP300;KMT2B;PCGF5;PSME1;TCF3"
"RA_VxPx_cargo-targeting_to_cilium%R-MMU-5620916",0.0679611650485437,0.210231516056759,0.602172068439122,1.40739561689258,27,15,"PKD1;EXOC1;EXOC2;EXOC4;GBF1;EXOC7;EXOC3;ASAP1;EXOC5"
"KEGG_Adrenergic_signaling_in_cardiomyocytes%mmu04261",0.0723684210526316,0.214665878178593,0.404787811286907,1.31735545408968,21,66,"PPP2R1B;AKT1;PIK3CG;GNAS;ADCY3;PPP2R1A;ATP1A3;PPP2R5B;MAPK14;ATP2A2;PPP2R5C;PPP2R3C;PRKACA;SLC8A1;ATP1A1;TPM4;CREB1"
"KEGG_Neutrophil_extracellular_trap_formation%mmu04613",0.0732600732600733,0.214896214896215,0.384186676802794,1.30467432434952,19,84,"RAF1;PADI4;PLCG2;AKT1;PRKCB;MTOR;RAC1;ATG7;ITGB2;HDAC5;PLCG1;MAPK14;ITGB2L;MAP2K1;MPO;HDAC6;HDAC9;PIK3R2;PIK3CB"
"KEGG_Ras_signaling_pathway%mmu04014",0.0766129032258065,0.215342785006797,0.3615833476416,1.26457157573935,18,106,"RAF1;PLCG2;AKT1;RASAL3;PRKCB;PLA2G4A;RASGRF2;EXOC2;RAC1;SHC1;RASA3;RALGAPB;HGF;VEGFA;CSF1R;PLCG1;TBK1;MAP2K1;ABL2;IKBKG;PRKACA"
"KEGG_Ubiquitin_mediated_proteolysis%mmu04120",0.075,0.215342785006797,0.36331328811188,1.28558553711194,17,118,"CDC23;UBE4A;NEDD4L;PPIL2;DDB2;CUL1;UBR5;ANAPC2;BRCA1;UBA1;CUL3;RHOBTB2;MGRN1;WWP2;CDC16;UBE2E1;TRIM37;DDB1;CUL4B;ANAPC1;UBA2;UBE2J1;UBE2Q2;UBA7;CUL2;PRPF19;TRIM32;NEDD4;FBXW8;BTRC;HERC4"
"KEGG_JAK-STAT_signaling_pathway%mmu04630",0.0774907749077491,0.215342785006797,0.388238939029416,1.28338066090541,20,75,"MYC;RAF1;JAK3;AKT1;JAK1;STAT6;TYK2;MTOR;STAT1;PTPN6;STAT2;JAK2;STAM2;IFNAR1;PIK3R2;PIK3CB;CSF3R;IL13RA1;STAT4;PIAS1;CCND3;CSF2RB2;IFNGR1;SOS2;CSF2RA;IL31RA;STAT3;OSMR;IL12RB1;PDGFRB;STAT5A;IL6ST"
"KEGG_GnRH_signaling_pathway%mmu04912",0.0771812080536913,0.215342785006797,0.438554883109523,1.35368815267822,22,52,"RAF1;PRKCB;PLA2G4A;MAP3K4;MAP3K3;GNAS;ADCY3;MAPK14;MAP2K1;PRKACA;MAP2K3;GNA11;ITPR1;ITPR2"
"KEGG_Hepatocellular_carcinoma%mmu05225",0.0772357723577236,0.215342785006797,0.370393400397469,1.28173477190847,18,100,"MYC;RAF1;PLCG2;AKT1;PRKCB;DDB2;ACTL6A;SMARCC2;MTOR;DVL3;SMARCA4;TGFBR2;SHC1;TXNRD1;LRP5;HGF;PLCG1;MAP2K1;DVL2;AXIN1;TRP53"
"BP_nucleocytoplasmic_transport%0006913",0.0151975683890578,0.216096931340301,0.513419631336494,1.58040316353099,4,46,"NUP160;NUP107;POM121;NUP214;NUP188;NUP133;RANBP2;XPO1;NUP93;XPO7;NUP155;NUP88;CSE1L;NUP98;NXT2;AXIN1;AAAS;TPR"
"RA_Toll_Like_Receptor_9_(TLR9)_Cascade%R-MMU-168138",0.0705128205128205,0.216239053618067,0.412452100932002,1.32393603391501,21,61,"PPP2R1B;PIK3R4;CASP8;CUL1;RPS6KA1;PIK3C3;MAPKAPK3;PPP2R1A;RPS6KA2;MAPK14;USP14;IKBKG;MAP2K3"
"RA_Toll-like_Receptor_Cascades%R-MMU-168898",0.0706713780918728,0.216239053618067,0.378114068023252,1.30505204879947,19,97,"PPP2R1B;PLCG2;PIK3R4;CASP8;CD180;CUL1;RPS6KA1;RIPK3;PIK3C3;ITGB2;RIPK1;MAPKAPK3;PPP2R1A;GSDME;DNM2;RPS6KA2;TBK1;MAPK14;USP14;IKBKG;MAP2K3"
"RA_Regulation_of_APC/C_activators_between_G1/S_and_early_anaphase%R-MMU-176408",0.0716180371352785,0.217175370075703,0.526553054091654,1.39291655179535,26,24,"BUB1B;CDC23;CUL1;CCNB1;ANAPC2;CDC16;UBE2E1;ANAPC1"
"RA_Formation_of_TC-NER_Pre-Incision_Complex%R-MMU-6781823",0.0717488789237668,0.217175370075703,-0.495014672908405,-1.36748645497265,47,46,"POLR2L;POLR2F;RPS27A;POLR2H;GTF2H5;RBX1;POLR2I;XPA;HMGN1;ISY1;MNAT1;POLR2E;CCNH;POLR2G"
"KEGG_beta-Alanine_metabolism%mmu00410",0.0804020100502513,0.219487861656136,0.596351044173676,1.43870357553103,31,17,"ALDH3A2;EHHADH;HADHA;ALDH9A1;ALDH2;ALDH6A1;HIBCH"
"KEGG_Base_excision_repair%mmu03410",0.0806451612903226,0.219487861656136,0.502865876373064,1.40079201157053,29,28,"POLE;LIG3;POLD1;PARP1;MUTYH;XRCC1;POLL"
"WP_Fatty_Acid_Beta_Oxidation%WP1269",0.089238845144357,0.219905280271436,0.48117191992315,1.34768400890096,33,28,"ACSL5;HADHB;HADHA;CRAT;ACSL1;CPT2;ACADL;PNPLA2;ACADVL;DLD;GPD2;LIPE"
"WP_Signaling_of_Hepatocyte_Growth_Factor_Receptor%WP193",0.0918635170603675,0.219905280271436,0.478190125235323,1.3393324886808,34,28,"RAF1;ITGB1;HGF;PXN;MAP2K1;PAK1;RASA1;STAT3;MAPK1;CRKL;RAP1B;PTK2B"
"WP_Translation_Factors%WP307",0.0927051671732523,0.219905280271436,-0.486763359823722,-1.33722572339948,60,44,"EEF1B2;EEF1D;EIF4B;EIF4A2;EIF1;EIF2S3X;PAIP1;EEF1G;PABPC1;EIF4EBP2;EIF2S2;EIF3I"
"RA_Macroautophagy%R-MMU-1632852",0.0759668508287293,0.224820303487443,-0.43212770032046,-1.30477315244727,54,82,"TOMM7;LAMTOR4;TOMM5;RPS27A;LAMTOR2;CHMP4B;TOMM22;TOMM20;DYNLL1;PARK7;LAMTOR5;GABARAPL2;CSNK2A2;ATG101;CHMP2A"
"RA_Autophagy%R-MMU-9612973",0.0759668508287293,0.224820303487443,-0.43212770032046,-1.30477315244727,54,82,"TOMM7;LAMTOR4;TOMM5;RPS27A;LAMTOR2;CHMP4B;TOMM22;TOMM20;DYNLL1;PARK7;LAMTOR5;GABARAPL2;CSNK2A2;ATG101;CHMP2A"
"RA_Axon_guidance%R-MMU-422475",0.0754716981132076,0.224820303487443,0.370998267869179,1.28922050887735,19,109,"PIP5K1C;ARHGEF11;NUMB;TLN1;SPTBN1;KALRN;AP2A1;NCSTN;LIMK1;ITGB1;RAC1;CLTC;SHC1;SDCBP;MSN;DAG1;DNM2;SH3KBP1;VAV3;AP2M1;PLCG1;USP33;PLXNB3;PRKACA;EZR;CREB1;PIK3R2;PIK3CB"
"RA_Nervous_system_development%R-MMU-9675108",0.0754716981132076,0.224820303487443,0.370998267869179,1.28922050887735,19,109,"PIP5K1C;ARHGEF11;NUMB;TLN1;SPTBN1;KALRN;AP2A1;NCSTN;LIMK1;ITGB1;RAC1;CLTC;SHC1;SDCBP;MSN;DAG1;DNM2;SH3KBP1;VAV3;AP2M1;PLCG1;USP33;PLXNB3;PRKACA;EZR;CREB1;PIK3R2;PIK3CB"
"RA_FLT3_Signaling%R-MMU-9607240",0.076271186440678,0.224820303487443,-0.653524093203813,-1.45189883178842,44,15,"RPS27A;CDKN1B;FOXO3;CBL"
"RA_Cell_surface_interactions_at_the_vascular_wall%R-MMU-202733",0.0769230769230769,0.225560897435897,0.448032767191672,1.38152231750447,24,44,"CEACAM1;ITGB1;SHC1;ITGB2;SELL;FN1;PTPN6;COL1A2;CD177;PLCG1;COL1A1;PIK3R2;PIK3CB;OLR1;PECAM1"
"RA_GPVI-mediated_activation_cascade%R-MMU-114604",0.0773333333333333,0.225588946459413,0.511121083508129,1.36741137309668,28,25,"PLCG2;PIK3CG;RAC1;PTPN6;COL1A2;VAV3;VAV1;COL1A1;PIK3R2;PIK3CB;SYK;CDC42"
"KEGG_RNA_polymerase%mmu03020",0.0857142857142857,0.226285714285714,-0.552824685268608,-1.3791206850674,53,28,"POLR2L;POLR2F;POLR2H;POLR2I;POLR1D;POLR1C;POLR3GL;POLR2E;POLR2G"
"KEGG_Human_papillomavirus_infection%mmu05165",0.0857142857142857,0.226285714285714,0.309775259191534,1.17468961509295,17,179,"PPP2R1B;RAF1;AKT1;TSC2;CASP8;NFX1;JAK1;TYK2;RBL2;ITGB1;MTOR;DVL3;STAT1;GNAS;TUBG1;LLGL2;ITGB5;FN1;ATR;COL1A2;PPP2R1A;PXN;VEGFA;PKM;STAT2;PSEN1;PPP2R5B;TBK1;COL6A4;PPP2R5C;PPP2R3C;MAP2K1;DVL2;IKBKG;PRKACA;AXIN1;TRP53;IFNAR1;ITGA5;CREB1;COL1A1;PIK3R2;TBP;PIK3CB"
"KEGG_Non-small_cell_lung_cancer%mmu05223",0.0841423948220065,0.226285714285714,0.40744239456571,1.28715553216989,25,57,"RAF1;JAK3;PLCG2;AKT1;PRKCB;DDB2"
"KEGG_Alanine,_aspartate_and_glutamate_metabolism%mmu00250",0.086734693877551,0.226712467165084,0.564255707636285,1.40281824303132,33,19,"CAD;ADSL;4930438A08RIK;ADSSL1;GOT2;GLS;ASNS;ASS1"
"BP_protein_folding%0006457",0.0161725067385445,0.22685218911634,-0.463008377605405,-1.42152459744936,11,94,"TBCA;HSPE1;PFDN5;PFDN2;PFDN6;PFDN4;PFDN1;WDR83OS;PPIL3;DNAJC1;HSP90AA1;DNAJC25;PPIG;PDRG1;STUB1;TBCC;DNLZ;HSP90AB1;P3H1;NUDCD2;PPIA;NKTR;CALR3;ARL2"
"KEGG_Rheumatoid_arthritis%mmu05323",0.0880121396054628,0.227796126037669,-0.513822685119889,-1.33786897690513,57,35,"ATP6V1G1;ATP6V1F;ATP6V0B;H2-AB1;CTSL;FOS;ATP6V1D;ATP6V0E"
"WP_G1_to_S_cell_cycle_control%WP413",0.103125,0.22866847826087,0.416221597919583,1.30799175302693,32,56,"MYC;POLE;MCM6;MCM2;E2F6;MCM5;ORC3;ORC5;MCM7;E2F4;TFDP1;RPA1;MCM4;ORC1;ORC4;TRP53;POLE2;ATM;TFDP2;RBL1;ORC2;CDC45;CCND3;MCM3;WEE1;POLA2;CDK7;PRIM1;RB1;PRIM2"
"WP_Factors_and_pathways_affecting_insulin-like_growth_factor_(IGF1)-Akt_signaling%WP3675",0.0988235294117647,0.22866847826087,0.577527667227634,1.40888535643225,41,15,"ILK;AKT1;ITGB1;MTOR;PDK1"
"WP_Apoptosis_Modulation_by_HSP70%WP166",0.101176470588235,0.22866847826087,0.57527751993312,1.4033960963449,42,15,"CASP8;RIPK1;CASP2;AIFM1;CASP7;CASP3;CASP9;TNFRSF1A;CASP6"
"RA_Formation_of_Incision_Complex_in_GG-NER%R-MMU-5696395",0.0791044776119403,0.229566087090322,-0.502974744537426,-1.34621623606107,52,37,"RPS27A;GTF2H5;RBX1;XPA;RPA3;CETN2;UBE2V2;SUMO2;MNAT1;CCNH"
"WP_Calcium_Regulation_in_the_Cardiac_Cell%WP553",0.105919003115265,0.229866772718234,0.409240902471407,1.28100123893111,33,55,"GRK6;ARRB1;PRKCB;ANXA6;GNAS;ADCY3;ATP2A2;YWHAQ;SLC8A1;GNA11;GNB5;ITPR1;ITPR2"
"RA_Cell_junction_organization%R-MMU-446728",0.0804020100502513,0.232135034145084,0.5422289427864,1.3919502426284,31,21,"ILK;FLNA;CTNNA1;ITGB1;ARHGEF6;JUP;PXN;PLEC;PVR;ACTN1;LIMS1"
"KEGG_Bile_secretion%mmu04976",0.0909090909090909,0.233009708737864,0.493333736999425,1.34839403651694,33,26,"UGT1A7C;GNAS;ADCY3;SCARB1;ATP1A3;PRKACA;ATP1A1;ABCC4;ABCC2;ABCC3;PRKACB;SLC4A5;RXRA;HMGCR;ADCY7;SLC9A1"
"BP_positive_regulation_of_vascular_associated_smooth_muscle_cell_proliferation%1904707",0.0173267326732673,0.233573357335734,0.627928975318794,1.66514520178349,6,21,"MEF2D;DNMT1;XBP1;HPGD;MFN2;JAK2"
"BP_protein_targeting_to_lysosome%0006622",0.0172413793103448,0.233573357335734,0.6224789775028,1.67066736364467,6,22,"PIK3R4;AP3B1;NCOA4;PIK3C3;BECN1;NEDD4;VPS53;GGA3;ATG14;SORT1;VPS4A;HGS"
"BP_positive_regulation_of_dendrite_morphogenesis%0050775",0.0172413793103448,0.233573357335734,0.629571460404267,1.68970283333751,6,22,"ILK;NUMB;ANAPC2;FBXW8;CUX1;HDAC6;CAPRIN1;CUL7;FBXO31;TNIK"
"BP_cognition%0050890",0.0180032733224223,0.236549338084485,-0.65450621850922,-1.60867832396783,10,25,"COMT;RP9;GRCC10;NDUFS4"
"BP_lysosome_organization%0007040",0.0178571428571429,0.236549338084485,0.505211554735246,1.56344704719431,5,45,"MYO7A;AP3B1;VPS35;SPG11;MTOR;BECN1;IDUA;WASHC5;HPS4;HPS1"
"BP_B_cell_receptor_signaling_pathway%0050853",0.0183727034120735,0.238385826771654,0.574874429221032,1.61012944294628,6,28,"PLCG2;SH2B2;PRKCB;PLEKHA1;NCKAP1L;KLHL6;PTPN6;VAV3;NFAM1;TEC;SYK"
"RA_ISG15_antiviral_mechanism%R-MMU-1169408",0.0848806366047745,0.239138349514563,0.514318899591611,1.36055294442871,31,24,"FLNB;EIF4G1;UBE2E1;UBA7;NEDD4;PLCG1;DDX58;EIF4G3"
"RA_PTEN_Regulation%R-MMU-6807070",0.0837988826815642,0.239138349514563,-0.430048468635718,-1.29246243532607,59,79,"LAMTOR4;RPS27A;LAMTOR2;PSMB5;XIAP;PSMB6;CHD3;PSMA7;PSMD9;LAMTOR5;PSMB1;STUB1;CSNK2A2;CBX8;GATAD2B;PSMD13;PSMC5;PSMD7;PSMD10;PSMD4;CSNK2B;PHC3"
"RA_RHOG_GTPase_cycle%R-MMU-9013408",0.0838509316770186,0.239138349514563,0.428895263612086,1.33583035195803,26,49,"ARHGAP1;ESYT1;DOCK2;KALRN;ERBIN;ELMO2;ANKLE2;ITGB1;MPP7;CYFIP1;VRK2;VAV3;VAV1;IQGAP2;DOCK5;LETM1;MAP3K11;CDC42;DEPDC1B;ARHGAP39;KTN1;PREX1"
"RA_RAF_activation%R-MMU-5673000",0.0849514563106796,0.239138349514563,0.584938780360966,1.36711800293962,34,15,"PPP2R1B;PPP2R5B;PPP2R5C;JAK2;MARK3;MAP3K11;SHOC2;PPP2CB;BRAP"
"RA_Phosphorylation_of_the_APC/C%R-MMU-176412",0.0849514563106796,0.239138349514563,0.583863828094478,1.36460562618301,34,15,"CDC23;CCNB1;ANAPC2;CDC16;UBE2E1;ANAPC1"
"BP_cell_morphogenesis%0000902",0.0191082802547771,0.241882864688519,0.490547281663774,1.54157160024213,5,57,"ILK;AP3B1;NCKAP1L;SCFD1;MYH9;CUL3;SMARCA4;CYFIP1;ADD1;IDUA;HGF;STRADB;MED1;MAPK14;HPS1;CAP1;ECT2;THOC2;PLEC;SART3;SSH1;ITPR1;CFAP44"
"BP_Schwann_cell_development%0014044",0.0190476190476191,0.241882864688519,0.670569617215648,1.65128743274316,7,16,"RAF1;ILK;MED12;DAG1;MAP2K1"
"WP_Microglia_Pathogen_Phagocytosis_Pathway%WP3626",0.11614730878187,0.246813031161473,0.450150263102988,1.30672290575381,40,34,"PLCG2;PIK3CG;NCKAP1L;HCK;PIK3C3;RAC1;ITGB2;PTPN6;VAV3;VAV1;PIK3R2;PIK3CB;SYK"
"RA_Hedgehog_ligand_biogenesis%R-MMU-5358346",0.0883233532934132,0.247393273155182,-0.510951611382304,-1.34500488888631,58,35,"RPS27A;PSMB5;PSMB6;ERLEC1;PSMA7;PSMD9;PSMB1;PSMD13;PSMC5;PSMD7;PSMD10;DERL2;PSMD4"
"RA_AURKA_Activation_by_TPX2%R-MMU-8854518",0.0941558441558442,0.247490073737947,0.403954820256602,1.27903764407309,28,58,"ODF2;DCTN1;CKAP5;HMMR;TPX2;PLK1;TUBG1;CLASP1"
"RA_MyD88-independent_TLR4_cascade%R-MMU-166166",0.0927835051546392,0.247490073737947,0.393414262005412,1.29013252504681,26,70,"PPP2R1B;CASP8;CUL1;RPS6KA1;RIPK3;RIPK1;MAPKAPK3;PPP2R1A;RPS6KA2;TBK1;MAPK14;USP14;IKBKG;MAP2K3"
"RA_TRIF(TICAM1)-mediated_TLR4_signaling%R-MMU-937061",0.0927835051546392,0.247490073737947,0.393414262005412,1.29013252504681,26,70,"PPP2R1B;CASP8;CUL1;RPS6KA1;RIPK3;RIPK1;MAPKAPK3;PPP2R1A;RPS6KA2;TBK1;MAPK14;USP14;IKBKG;MAP2K3"
"RA_Gamma_carboxylation,_hypusine_formation_and_arylsulfatase_activation%R-MMU-163841",0.0938511326860841,0.247490073737947,-0.56734934404716,-1.36674125430339,57,23,"FN3KRP;DPH3;DHPS;DNAJC24;ARSB;SUMF2"
"RA_Asparagine_N-linked_glycosylation%R-MMU-446203",0.0909090909090909,0.247490073737947,0.31994623882762,1.19430219965188,19,176,"COPB1;COPG1;COPA;COPG2;DCTN1;SPTBN1;PGM3;COPB2;COG1;PPP6R1;GNE;ARFGAP2;TMED7;SCFD1;TRAPPC9;ARCN1;VCP;SEC24D;COG4;GBF1;UAP1;STX17;COG2;ST3GAL3;SEC31A;SEC24C;SEC23A;MAN1C1"
"RA_RAB_GEFs_exchange_GTP_for_GDP_on_RABs%R-MMU-8876198",0.092814371257485,0.247490073737947,0.421565502849359,1.31244794962718,30,47,"TRAPPC8;DENND4C;RAB3GAP2;TRAPPC9;RIN3;TRAPPC11;TRAPPC13;TRAPPC12;DENND1C;HPS4;ALS2;HPS1;MON1B;DENND2A;SBF1;DENND5A"
"RA_Asymmetric_localization_of_PCP_proteins%R-MMU-4608870",0.0907668231611894,0.247490073737947,-0.53254081286578,-1.36108369550691,57,30,"RPS27A;PSMB5;PSMB6;PSMA7;PSMD9;PSMB1;PSMD13;PSMC5;PSMD7;PSMD10;PSMD4"
"RA_Ubiquitin_Mediated_Degradation_of_Phosphorylated_Cdc25A%R-MMU-69601",0.0907668231611894,0.247490073737947,-0.531376193265086,-1.35810712599022,57,30,"RPS27A;PSMB5;PSMB6;PSMA7;PSMD9;PSMB1;PSMD13;PSMC5;PSMD7;PSMD10;PSMD4"
"RA_p53-Independent_DNA_Damage_Response%R-MMU-69610",0.0907668231611894,0.247490073737947,-0.531376193265086,-1.35810712599022,57,30,"RPS27A;PSMB5;PSMB6;PSMA7;PSMD9;PSMB1;PSMD13;PSMC5;PSMD7;PSMD10;PSMD4"
"RA_p53-Independent_G1/S_DNA_damage_checkpoint%R-MMU-69613",0.0907668231611894,0.247490073737947,-0.531376193265086,-1.35810712599022,57,30,"RPS27A;PSMB5;PSMB6;PSMA7;PSMD9;PSMB1;PSMD13;PSMC5;PSMD7;PSMD10;PSMD4"
"RA_CD28_co-stimulation%R-MMU-389356",0.0931372549019608,0.247490073737947,0.547295686147078,1.36744120863463,37,19,"AKT1;MTOR;RAC1;VAV1;PIK3R2;MAPKAP1;CDC42;RICTOR"
"RA_Regulation_of_RUNX2_expression_and_activity%R-MMU-8939902",0.0945121951219512,0.247490073737947,-0.514536895660643,-1.34146886645536,61,33,"RPS27A;RBX1;PSMB5;PSMB6;PSMA7;PSMD9;PSMB1;STUB1;PSMD13;PSMC5;PSMD7;PSMD10;PSMD4"
"RA_Regulation_of_RUNX3_expression_and_activity%R-MMU-8941858",0.0916149068322981,0.247490073737947,-0.521172184376974,-1.35260944250716,58,32,"RPS27A;PSMB5;PSMB6;PSMA7;PSMD9;PSMB1;PSMD13;PSMC5;PSMD7;PSMD10;PSMD4;EP300;PSME1"
"RA_Signaling_by_SCF-KIT%R-MMU-1433557",0.09375,0.247490073737947,0.517728984892536,1.35983839181721,35,23,"SH2B2;RAC1;PTPN6;VAV1;FER;JAK2;SH2B3;TEC;PIK3R2"
"KEGG_Fatty_acid_degradation%mmu00071",0.0991735537190083,0.248233416913608,0.479877854667254,1.3585668177507,35,30,"ALDH3A2;ACSL5;EHHADH;HADHB;HADHA;ALDH9A1;ALDH2;ACSL1;CPT2;ACADL;ACADVL"
"KEGG_Gap_junction%mmu04540",0.100609756097561,0.248233416913608,0.432914649744751,1.31560107293675,32,42,"RAF1;PRKCB;GNAS;ADCY3;MAP2K1;PRKACA;GNA11;ITPR1;ITPR2;CSNK1D;SOS2;GNAI3;MAPK1;PDGFRB"
"KEGG_Human_cytomegalovirus_infection%mmu05163",0.0991379310344828,0.248233416913608,0.323067314219061,1.18685280302679,22,145,"MYC;RAF1;ARHGEF11;AKT1;PRKCB;TSC2;CASP8;JAK1;MTOR;RAC1;ARHGEF1;GNAS;NFATC1;RIPK1;ADCY3;PXN;VEGFA;TBK1;MAPK14;NFATC3;MAP2K1;IKBKG;PRKACA;TRP53;GNA11;GNB5;ITPR1;CREB1;PIK3R2;PIK3CB;ITPR2;GNA12"
"KEGG_Kaposi_sarcoma-associated_herpesvirus_infection%mmu05167",0.1,0.248233416913608,0.343890655310808,1.22566916203326,23,125,"MYC;RAF1;PLCG2;AKT1;CASP8;PIK3CG;JAK1;TYK2;HCK;MTOR;PIK3C3;RAC1;BECN1;STAT1;NFATC1;VEGFA;STAT2;RCAN1;PLCG1;TBK1;MAPK14;NFATC3;MAP2K1;IKBKG;TRP53;JAK2;IFNAR1;GNB5;ITPR1;CREB1;PIK3R2;PIK3CB;ITPR2"
"KEGG_Salmonella_infection%mmu05132",0.101941747572816,0.248617777507747,0.308866520155961,1.17258591388116,20,183,"MYC;RAF1;DCTN1;FLNB;AKT1;FLNA;ELMO2;CASP8;PIK3CG;NCKAP1L;VPS41;RIPK3;EXOC2;PIK3C3;RAC1;EXOC4;CYFIP1;VPS11;RIPK1;DNM2;CSE1L;KPNA3;ELMO1;PKN1;VPS39;ACTR1B;KPNA4;KPNA1;MAPK14;MAP2K1;PIK3C2G;VPS16;MLKL;IKBKG;MAP2K3;DYNLT3;NAIP2;RAB7B"
"KEGG_Acute_myeloid_leukemia%mmu05221",0.102649006622517,0.248617777507747,0.406501532672305,1.26569047996661,30,54,"MYC;RAF1;AKT1;MTOR;JUP;CSF1R;MAP2K1;MPO;IKBKG;PIK3R2;PIK3CB;PML"
"WP_Nucleotide_Metabolism%WP87",0.119904076738609,0.249596241374248,0.52711090897274,1.34265612138741,49,18,"POLD1;ADSL;POLA1;RRM1;IMPDH1"
"KEGG_C-type_lectin_receptor_signaling_pathway%mmu04625",0.10472972972973,0.251351351351351,0.379468064071244,1.22998990713757,30,67,"RAF1;PLCG2;AKT1;CASP8;STAT1;NFATC1;STAT2;MAPK14;NFATC3;IKBKG;ITPR1;PIK3R2;PIK3CB;ITPR2;BCL10;SYK;PAK1"
"WP_Mitochondrial_LC-Fatty_Acid_Beta-Oxidation%WP401",0.123809523809524,0.252571428571429,0.53740279721187,1.32336220218519,51,16,"EHHADH;HADHA;ACSL1;CPT2;ACADL;ACADVL"
"BP_positive_regulation_of_release_of_cytochrome_c_from_mitochondria%0090200",0.0205128205128205,0.256533827618165,-0.67628648254103,-1.5518884121675,11,18,"FAM162A;PDCD5;BAX;BAK1;PLAUR;BAD;PYCARD"
"RA_Stabilization_of_p53%R-MMU-69541",0.0993788819875776,0.2578719971561,-0.515490449400565,-1.33786351283307,63,32,"RPS27A;PSMB5;PSMB6;PSMA7;PSMD9;PSMB1;PSMD13;PSMC5;PSMD7;PSMD10;MDM4;PSMD4"
"RA_The_role_of_GTSE1_in_G2/M_progression_after_G2_checkpoint%R-MMU-8852276",0.0998509687034277,0.2578719971561,-0.491973225245858,-1.31937725998764,66,38,"RPS27A;PSMB5;PSMB6;PSMA7;HSP90AA1;PSMD9;PSMB1;HSP90AB1;PSMD13;PSMC5;PSMD7;PSMD10;PSMD4"
"RA_Synthesis_of_IP3_and_IP4_in_the_cytosol%R-MMU-1855204",0.0995145631067961,0.2578719971561,0.573035984987009,1.33929880820098,40,15,"PLCG2;INPP5J;PLCG1"
"RA_Cilium_Assembly%R-MMU-5617833",0.1015625,0.26109446347032,0.344116241150739,1.21860732897385,25,124,"ODF2;PKD1;DCTN1;CKAP5;BBS9;KIF17;EXOC1;EXOC2;EXOC4;UNC119B;GBF1;PLK1;TUBG1;CLASP1;KIF24;NEDD1;CEP162;TMEM67;INPP5E;PRKACA;HDAC6;CEP78;NPHP3;EXOC7;EXOC3;IQCB1;PLK4;CSNK1D;ACTR1A;IFT140;PCM1;IFT172;CENPJ;ASAP1;CEP89"
"KEGG_Cellular_senescence%mmu04218",0.112033195020747,0.266457328697993,0.338957048714372,1.20951986543179,26,122,"MYC;RAF1;AKT1;TSC2;CCNB1;NBN;RBL2;MTOR;TGFBR2;NFATC1;RAD50;E2F4;ATR;RAD9A;MYBL2;CAPN1;SQSTM1;BTRC;MAPK14;NFATC3;MAP2K1;MAP2K3;TRP53;HIPK2;ITPR1;PIK3R2;PIK3CB;ITPR2"
"KEGG_cGMP-PKG_signaling_pathway%mmu04022",0.113138686131387,0.266684045881126,0.363376956960323,1.22838766741267,30,82,"RAF1;MEF2D;AKT1;GTF2IRD1;PIK3CG;GTF2I;MEF2A;NFATC1;ADCY3;ATP1A3;ATP2A2;NFATC3;MAP2K1;SLC8A1;GNA11;ATP1A1;ITPR1;CREB1;ITPR2;GNA12"
"WP_Tryptophan_metabolism%WP79",0.134292565947242,0.268585131894484,0.516653417071944,1.31601881361033,55,18,"UBR5;CAT;ALDH3A2;ALDH9A1;WARS;ALDH2;OGDH"
"BP_cell_differentiation%0030154",0.0253807106598985,0.269165487977369,0.352911090655208,1.34165522189265,4,195,"ODF2;RAF1;ARNT;JAK3;MEF2D;ILK;TMTC3;NEDD4L;TFIP11;ANAPC2;DDX41;JAK1;AGRN;TYK2;RBL2;HCK;MEF2A;ELF4;STX2;MMP19;CLPTM1;NR1H2;RNF114;PTPN6;CAND1;SQSTM1;TTLL7;HERC4;ELK4;UNC45A;ZCWPW1;ITSN2;ZFP39;DHX36;ECT2;COL19A1;JAK2"
"BP_regulation_of_alternative_mRNA_splicing,_via_spliceosome%0000381",0.0249221183800623,0.269165487977369,-0.579506505162377,-1.53320591096493,15,37,"RBM8A;MAGOH;DDX17;ARGLU1;WTAP;ZBTB7A;RBM15;CELF1;RBM25;CELF2;NSRP1"
"BP_activation_of_protein_kinase_activity%0032147",0.0221130221130221,0.269165487977369,0.63781605736078,1.63475754283296,8,19,"STRADA;RIPK3;TPX2;STRADB;PPP2R3C;ECT2;AXIN1;SESN2"
"BP_glycolytic_process%0006096",0.0255754475703325,0.269165487977369,0.573551483784563,1.58384924218208,9,25,"HK1;PFKP;HK3;ENO1;PKM;OGDH;UCP2;PFKL;LIPA;GPI1;HK2"
"BP_protein_deubiquitination%0016579",0.0234604105571848,0.269165487977369,0.503211465058916,1.55022810990691,7,43,"USP19;USP8;USP7;USP37;USP15;JOSD1;USP10;USP21;USP54;USP33;USP4;USP39;USP22;USP3;OTUD5"
"BP_protein_targeting_to_mitochondrion%0006626",0.0259965337954939,0.269165487977369,-0.70081827418404,-1.54547575661961,14,15,"TOMM5;FIS1;TOMM22;TOMM20;TOMM34;BCAP31"
"BP_homophilic_cell_adhesion_via_plasma_membrane_adhesion_molecules%0007156",0.0261904761904762,0.269165487977369,0.640723578382168,1.61286812864732,10,17,"NPTN;CEACAM1;PLXNB3;PVR;EMB;PIK3CB;PECAM1;L1CAM;PLXNB2;CELSR3"
"BP_neuroblast_proliferation%0007405",0.0246305418719212,0.269165487977369,0.601389108868376,1.61406439952139,9,22,"NUMB;DAGLB;CTNNA1;NBN;ITGB1;VEGFA;TRP53;ASPM;RACGAP1;HIF1A;KIFAP3"
"BP_regulation_of_myelination%0031641",0.0238095238095238,0.269165487977369,0.657611478231712,1.61937782707871,9,16,"AKT1;MTOR;CYFIP1;SIRT2;NSUN5"
"BP_non-motile_cilium_assembly%1905515",0.0244565217391304,0.269165487977369,0.522126948888595,1.54997176113433,8,36,"DCTN1;STIL;TBC1D32;NPHP3;CSNK1D;IFT140;PCM1;IFT172;CENPJ;CEP89;CC2D2A;TOGARAM1;EXOC5;BBS2;PIBF1;C2CD3;IFT57;IFT122"
"BP_phosphatidic_acid_biosynthetic_process%0006654",0.0238095238095238,0.269165487977369,0.65699482575603,1.61785931139097,9,16,"DGKQ;DGKZ;DGKH;ABHD4;DGKA;DGKG;ABHD8;AGPAT2"
"BP_cell_population_proliferation%0008283",0.0253164556962025,0.269165487977369,0.388103354455131,1.41485385900085,5,142,"MYC;ILK;CARM1;NAA60;TSC2;CUL1;DDX41;FNTB;TYK2;ITGB1;BRCA2;STAT1;MCM7;TXNRD1;MEN1;ASCC3;BOP1;APPL2;VEGFA;HSF1;CSF1R;FBXW8;MCM10;PDK1;USPL1;ASPH;MELK;MRPS27;TRP53"
"BP_negative_regulation_of_Rho_protein_signal_transduction%0035024",0.0235294117647059,0.269165487977369,0.677860860429175,1.65364932998232,9,15,"KCTD10;RIPOR2;CUL3;ITGB1;RIPOR1;ABL2"
"BP_necroptotic_process%0070266",0.0261904761904762,0.269165487977369,0.639394085112039,1.60952144780867,10,17,"CASP8;RIPK3;RIPK1;MLKL;PYGL;TRP53"
"BP_phosphatidylinositol-3-phosphate_biosynthetic_process%0036092",0.0261904761904762,0.269165487977369,0.656377199782903,1.61633839845161,10,16,"PIK3R4;FIG4;PIK3CG;PIK3C3;BECN1;PIK3C2G;INPP5E;PIK3CB;ATM;ATG14"
"BP_negative_regulation_of_vascular_associated_smooth_muscle_cell_proliferation%1904706",0.0259965337954939,0.269165487977369,-0.701455295562206,-1.54688054461198,14,15,"CDKN1B;GSTP1;PARK7;SOD2;PDCD4"
"BP_centrosome_duplication%0051298",0.0235294117647059,0.269165487977369,0.685104158038301,1.67131943742976,9,15,"CKAP5;SASS6;BRCA1;BRCA2;NDC80;USP33;STIL"
"BP_chaperone_cofactor-dependent_protein_refolding%0051085",0.0249169435215947,0.269165487977369,-0.647506484160776,-1.5742393495263,14,24,"HSPE1;SDF2;DNAJB14;TOR1B"
"KEGG_Endocytosis%mmu04144",0.115384615384615,0.269571136827774,0.301495640115403,1.1490451126754,23,184,"GRK6;PIP5K1C;VPS35;ARRB1;EPS15L1;RUFY1;NEDD4L;USP8;ACAP3;AP2A1;WASHC2;GIT2;ARFGAP2;VPS26A;CAPZA1;RAB31;SH3GL1;CLTC;TGFBR2;GBF1;RNF41;RBSN;SNX4;WASHC5;DNM2;SH3KBP1;NEDD4;AP2M1"
"RA_Antiviral_mechanism_by_IFN-stimulated_genes%R-MMU-1169410",0.105820105820106,0.270803270803271,0.493199213773547,1.34863008059812,39,27,"FLNB;EIF4G1;UBE2E1;UBA7;NEDD4;PLCG1;DDX58;EIF4G3;ABCE1"
"KEGG_mTOR_signaling_pathway%mmu04150",0.118367346938776,0.271635150166852,0.352205408277014,1.21902020447743,28,101,"RAF1;TTI1;FNIP2;AKT1;STRADA;RRAGC;PRKCB;TSC2;RPS6KA1;MTOR;DVL3;CLIP1;DEPDC5;LRP5;MIOS;PRKAA1;STRADB;RPS6KA2;MAP2K1;DVL2;SESN2;PIK3R2;MAPKAP1;ULK1;PIK3CB"
"KEGG_Cholinergic_synapse%mmu04725",0.118032786885246,0.271635150166852,0.410554461398325,1.25541554625263,35,49,"AKT1;PRKCB;PIK3CG;ADCY3;MAP2K1;PRKACA;JAK2;GNA11;GNB5;ITPR1;CREB1;PIK3R2;PIK3CB;ITPR2"
"KEGG_Insulin_resistance%mmu04931",0.119354838709677,0.271635150166852,0.386379521394385,1.23179394668223,36,59,"AKT1;PRKCB;RPS6KA1;MTOR;PYGB;NR1H2;PRKAA1;RPS6KA2;PYGL;GYS1;CREB1;PIK3R2;PIK3CB"
"BP_negative_regulation_of_apoptotic_signaling_pathway%2001234",0.0267558528428094,0.272280149518001,-0.651331298142189,-1.54998831523361,15,21,"BAX;PSEN2;MNT;CDK11B;IGBP1;ING2;BCL2;CX3CR1"
"BP_Wnt_signaling_pathway%0016055",0.027027027027027,0.272369456835476,0.415107240679801,1.40358240560994,6,90,"GRK6;MYC;PKD1;CSNK1G3;CUL3;CSNK1G2;HBP1;MARK2;CALCOCO1;DDB1;LRP5;CTR9;TLE1;PRKAA1;BTRC;CCAR2;DVL2;AXIN1;UBAC2"
"RA_Ubiquitin-dependent_degradation_of_Cyclin_D%R-MMU-75815",0.107981220657277,0.274166057949842,-0.525210986686782,-1.34234990710589,68,30,"RPS27A;PSMB5;PSMB6;PSMA7;PSMD9;PSMB1;PSMD13;PSMC5;PSMD7;PSMD10;PSMD4"
"RA_Regulation_of_PTEN_stability_and_activity%R-MMU-8948751",0.108108108108108,0.274166057949842,-0.47808773518076,-1.30354144773368,71,42,"RPS27A;PSMB5;XIAP;PSMB6;PSMA7;PSMD9;PSMB1;STUB1;CSNK2A2;PSMD13;PSMC5;PSMD7;PSMD10;PSMD4;CSNK2B"
"RA_Autodegradation_of_the_E3_ubiquitin_ligase_COP1%R-MMU-349425",0.109546165884194,0.276567225976687,-0.524440709909145,-1.34038121073983,69,30,"RPS27A;PSMB5;PSMB6;PSMA7;PSMD9;PSMB1;PSMD13;PSMC5;PSMD7;PSMD10;PSMD4"
"BP_phospholipase_C-activating_G_protein-coupled_receptor_signaling_pathway%0007200",0.0277777777777778,0.27724358974359,0.510562019411625,1.51286608415582,9,37,"DGKQ;PIK3CG;DGKZ;MYH9;P2RY2;DGKH;VEGFA;GNA15;DGKA;ABL2;GNA11;DGKG;ITPR1;PLEK;TGM2;FPR1;PRKD2"
"BP_canonical_glycolysis%0061621",0.0282352941176471,0.279126050420168,0.66926322672813,1.63267530413258,11,15,"HK1;PFKP;ENO1;PKM;BCL2L13;PFKL"
"KEGG_Pancreatic_secretion%mmu04972",0.12536443148688,0.282873588996038,0.434946963368409,1.26572321625738,42,35,"PRKCB;RAC1;GNAS;ADCY3;RAB3D;ATP1A3;ATP2A2;CPA3;ATP1A1;ITPR1;ITPR2"
"WP_Metapathway_biotransformation%WP1251",0.148588410104012,0.285962600577532,-0.452138662929952,-1.25445526444976,99,46,"COMT;MGST1;GSTP1;GSTT2;GSTCD;MGST2;NAT9;GSTK1;GSTM5;GAL3ST1;GPX1;GSS;NAT2;NAA20;AKR1A1;NAA30;CYP39A1;GSR"
"WP_Wnt_Signaling_Pathway_and_Pluripotency%WP723",0.148255813953488,0.285962600577532,0.397054068352875,1.23010075527476,50,44,"PPP2R1B;MYC;PRKCB;DVL3;LRP5;PPP2R1A;PPP2R5C;DVL2;AXIN1;TRP53"
"KEGG_Cysteine_and_methionine_metabolism%mmu00270",0.127840909090909,0.286016949152542,0.444095116268296,1.27573959852916,44,32,"DNMT1;MTR;KYAT3;4930438A08RIK;LACC1;MAT2A;AHCYL2;GOT2;PSAT1;AHCYL1;GCLC;MTAP;ADI1;SRM;LDHB;GCLM"
"RA_Response_to_elevated_platelet_cytosolic_Ca2+%R-MMU-76005",0.11400651465798,0.286077235772358,0.408678174710156,1.28059387429135,34,54,"VCL;ACTN4;TLN1;FERMT3;FLNA;PRKCB;MAGED2;TOR4A;FN1;HGF;VEGFA"
"RA_Nuclear_events_mediated_by_NFE2L2%R-MMU-9759194",0.114329268292683,0.286077235772358,-0.505266078274367,-1.31729856303268,74,33,"RPS27A;RBX1;PSMB5;PSMB6;PSMA7;PSMD9;PSMB1;PSMD13;PSMC5;PSMD7;PSMD10;PSMD4;GSK3B;EP300"
"KEGG_Hedgehog_signaling_pathway%mmu04340",0.129032258064516,0.286256438059095,0.468338662132344,1.31505407735844,47,29,"ARRB1;CSNK1G3;CUL1;CUL3;CSNK1G2;MGRN1;BTRC;PRKACA;IQCE;CSNK1D;DISP1"
"RA_Organelle_biogenesis_and_maintenance%R-MMU-1852241",0.117647058823529,0.28722097284691,0.336768359437854,1.19645547183642,27,133,"ODF2;PKD1;DCTN1;CKAP5;BBS9;KIF17;EXOC1;EXOC2;EXOC4;UNC119B;GBF1;PLK1;TUBG1;CLASP1;ATP5B;KIF24;NEDD1;CEP162;TMEM67;INPP5E;PRKACA;HDAC6;CEP78;NPHP3;GABPB1;EXOC7;EXOC3;IQCB1;PLK4;CSNK1D;ACTR1A;IFT140;PCM1;IFT172;CENPJ;ASAP1;CEP89"
"RA_Nuclear_Envelope_(NE)_Reassembly%R-MMU-2995410",0.117117117117117,0.28722097284691,0.41418480120431,1.28422242907337,38,46,"NUP160;NUP107;POM121;CCNB1;NUP188;ANKLE2;NUP133;NUP93;NUP155;SIRT2;NUP98;CHMP7"
"RA_MAPK_family_signaling_cascades%R-MMU-5683057",0.118110236220472,0.28722097284691,0.334427802365871,1.19629786111978,29,129,"PPP2R1B;VCL;JAK3;TLN1;SPTBN1;KALRN;ARRB1;RASAL3;CUL3;FNTB;RASGRF2;IQGAP1;RAC1;XPO1;PSMD1;FN1;RASA3;HGF;PPP2R5B;ZDHHC9;PSMF1;PPP2R5C;PRKACA;JAK2;PSMD5;PIK3R2;PIK3CB;APBB1IP;SPRED2;MARK3;PSMC2;MAP3K11;PSMD2;PSME3"
"RA_Regulation_of_TP53_Degradation%R-MMU-6804757",0.117647058823529,0.28722097284691,0.508241514472939,1.3248361050521,45,22,"PPP2R1B;USP7;MTOR;PPP2R1A;RFFL;RNF34;PPP2R5C;PHF20;MAPKAP1;CCNG1;RICTOR;PPP2CB"
"RA_Regulation_of_TP53_Expression_and_Degradation%R-MMU-6806003",0.117647058823529,0.28722097284691,0.508241514472939,1.3248361050521,45,22,"PPP2R1B;USP7;MTOR;PPP2R1A;RFFL;RNF34;PPP2R5C;PHF20;MAPKAP1;CCNG1;RICTOR;PPP2CB"
"RA_Platelet_Aggregation_(Plug_Formation)%R-MMU-76009",0.118357487922705,0.28722097284691,0.536163077208387,1.3251457334242,48,18,"TLN1;SHC1;FN1;COL1A2;COL1A1;APBB1IP;SYK"
"RA_GSK3B_and_BTRC:CUL1-mediated-degradation_of_NFE2L2%R-MMU-9762114",0.117647058823529,0.28722097284691,-0.512632201653716,-1.32671318457611,75,31,"RPS27A;RBX1;PSMB5;PSMB6;PSMA7;PSMD9;PSMB1;PSMD13;PSMC5;PSMD7;PSMD10;PSMD4;GSK3B"
"RA_Chromatin_modifying_enzymes%R-MMU-3247509",0.11969111969112,0.287974787974788,0.345595745820648,1.21518115886053,30,117,"KDM2B;CARM1;KANSL3;PADI4;PHF8;KDM4A;NCOA2;RBBP5;KAT7;KDM4B;ACTL6A;SMARCC2;SMARCA4;KDM5B;RIOX2;KDM3A;PRMT7"
"RA_Chromatin_organization%R-MMU-4839726",0.11969111969112,0.287974787974788,0.345595745820648,1.21518115886053,30,117,"KDM2B;CARM1;KANSL3;PADI4;PHF8;KDM4A;NCOA2;RBBP5;KAT7;KDM4B;ACTL6A;SMARCC2;SMARCA4;KDM5B;RIOX2;KDM3A;PRMT7"
"BP_cell_adhesion_mediated_by_integrin%0033627",0.0300751879699248,0.2890559732665,0.615212540268007,1.59928319190826,11,20,"EMILIN1;ITGB1;ITGB2;ITGB5;ITGB2L;ADAM17;ITGA5;ITGA6;ADAM9;ICAM1"
"BP_regulation_of_mitochondrial_membrane_potential%0051881",0.0299003322259136,0.2890559732665,-0.62713512861547,-1.52471183082635,17,24,"NDUFS6;SOD1;NDUFS4;BAX;BAK1;DYNLL1;PARK7;SOD2;BCL2"
"BP_spliceosomal_snRNP_assembly%0000387",0.0299003322259136,0.2890559732665,-0.629699499217576,-1.53094641411989,17,24,"SNRPF;SNRPD1;SNRPE;LSM4;SNRPD3;SNRPD2;SNRPG"
"KEGG_ABC_transporters%mmu02010",0.131720430107527,0.289784946236559,0.466054182784336,1.29824871178772,48,28,"ABCA9;ABCA2;ABCC10;ABCD2;ABCC8;ABCD1;ABCC4;ABCC5;ABCC2;ABCC3;ABCB8"
"BP_myelination%0042552",0.0305555555555556,0.290978593272171,0.497048958324719,1.47282500974323,10,37,"RAF1;FIG4;GNPAT;POMGNT1;MYO5A;NAB1;MAP2K1;MTMR2;AFG3L2;ERBB3;TNFRSF21"
"BP_lipid_transport%0006869",0.0311614730878187,0.291136873597607,0.50937468733562,1.47864308012268,10,34,"ABCA9;ABCA2;HDLBP;OSBPL1A;OSBPL9;ABCC10;SCARB1;LRP10"
"BP_regulation_of_synaptic_vesicle_exocytosis%2000300",0.0311750599520384,0.291136873597607,0.622933740679042,1.58673589543321,12,18,"PRKCB;GIT2;P2RY2;PREPL;GIT1;STXBP5;VPS18;P2RX1;LRRK2;FBXO45;DVL1"
"BP_pigmentation%0043473",0.031413612565445,0.291136873597607,0.53533471103611,1.52345085084466,11,29,"MYC;DOCK7;AP3B1;FIG4;ARCN1;MFSD12;MYO5A;RECQL4"
"RA_FCERI_mediated_NF-kB_activation%R-MMU-2871837",0.122754491017964,0.291235589713272,-0.462769498162241,-1.28121452482453,81,47,"RPS27A;TAB2;PSMB5;PSMB6;PSMA7;PSMD9;PSMB1;NFKBIA;PSMD13;PSMC5;PSMD7;PSMD10;PDPK1;CDC34;PSMD4"
"RA_AUF1_(hnRNP_D0)_binds_and_destabilizes_mRNA%R-MMU-450408",0.121951219512195,0.291235589713272,-0.500687119272834,-1.30536058347643,79,33,"RPS27A;PSMB5;PSMB6;PSMA7;PSMD9;PSMB1;PABPC1;PSMD13;PSMC5;PSMD7;PSMD10;PSMD4"
"RA_Integrin_cell_surface_interactions%R-MMU-216083",0.123115577889447,0.291235589713272,0.517294136766844,1.32794036312906,48,21,"ITGB1;ITGB2;ITGB5;FN1;COL1A2;COL1A1;PECAM1;IBSP"
"RA_Golgi_Associated_Vesicle_Biogenesis%R-MMU-432722",0.123076923076923,0.291235589713272,0.412178772860682,1.27096546325824,39,44,"AP1M1;AP1B1;AP3B1;ARRB1;GAK;CLTC;AP4E1;DNM2"
"BP_cellular_oxidant_detoxification%0098869",0.0318979266347687,0.293009272981327,-0.594285303520198,-1.51463095930858,19,30,"SELENOW;SELENOT;SELENOS;PRDX5;S100A9;TXNDC17;PRDX4;MGST2;NXN;GSTK1;HP;S100A8;APOE;GPX1"
"KEGG_Mismatch_repair%mmu03430",0.135064935064935,0.29359914325727,0.505191033999673,1.30376157808246,51,22,"MSH2;POLD1;MLH1;MSH6;PMS2;RFC5;EXO1;RPA1;MSH3"
"KEGG_Malaria%mmu05144",0.135678391959799,0.29359914325727,0.554682048614349,1.33817665688857,53,17,"ITGB2;HGF;ITGB2L;PECAM1;MYD88;VCAM1;TGFB1;LRP1;TLR4;ICAM1"
"RA_Gene_Silencing_by_RNA%R-MMU-211000",0.126888217522659,0.298904043787685,0.435358577644437,1.29028240747187,41,38,"NUP160;NUP107;POM121;NUP214;NUP188;NUP133;RANBP2;NUP93;NUP155;NUP88;NUP98;AAAS;TPR;SEH1L"
"RA_G2/M_Checkpoints%R-MMU-69481",0.130281690140845,0.299733806566105,0.350325039172422,1.18725622023187,36,85,"BLM;CDC6;CCNB1;MCM6;RMI1;MCM2;MCM5;ORC3;ORC5;CDC25C;PSMD1;MCM7;TOP3A;RAD9A;RFC5;EXO1;RPA1;ATRIP;MCM4;WRN;MCM10;ORC1;PSMF1;ORC4;KAT5;PSMD5"
"RA_Interleukin-17_signaling%R-MMU-448424",0.130434782608696,0.299733806566105,0.421732116202464,1.26167931463169,41,40,"PPP2R1B;CUL1;RPS6KA1;MAPKAPK3;PPP2R1A;RPS6KA2;MAPK14;IKBKG;MAP2K3"
"RA_Signaling_by_Interleukins%R-MMU-449147",0.128755364806867,0.299733806566105,0.314873806938641,1.15176386162458,29,155,"PPP2R1B;JAK3;CASP8;CUL1;IL16;RPS6KA1;STAT6;TYK2;HCK;MAP3K3;SMARCA4;SHC1;PSMD1;MAPKAPK3;PTPN6;PPP2R1A;CSF1R;SQSTM1;VAV1;RPS6KA2;TBK1;PSMF1;MAPK14;USP14;IKBKG;PRKACA;MAP2K3;JAK2;PSMD5;TEC;CREB1;PIK3R2;PIK3CB;SYK;PSMC2;PSMD2;IL13RA1;PSME3;STAT4"
"RA_MAP_kinase_activation%R-MMU-450294",0.130434782608696,0.299733806566105,0.421732116202464,1.26167931463169,41,40,"PPP2R1B;CUL1;RPS6KA1;MAPKAPK3;PPP2R1A;RPS6KA2;MAPK14;IKBKG;MAP2K3"
"RA_FBXL7_down-regulates_AURKA_during_mitotic_entry_and_in_early_mitosis%R-MMU-8854050",0.130434782608696,0.299733806566105,-0.504417190150767,-1.30912484359939,83,32,"RPS27A;RBX1;PSMB5;PSMB6;PSMA7;PSMD9;PSMB1;PSMD13;PSMC5;PSMD7;PSMD10;PSMD4"
"RA_PLC_beta_mediated_events%R-MMU-112043",0.12807881773399,0.299733806566105,0.523710823024522,1.32191763295852,51,20,"PLA2G4A;ADCY3;GNA15;PRKACA;CAMKK1;GNA11"
"BP_neuron_projection_morphogenesis%0048812",0.0341880341880342,0.301243781094527,0.497398219857654,1.49176027179864,11,39,"ILK;ZFP335;NCKAP1L;RAC1;MAP1S;MINK1;DNM2;KIF20B;ALS2;MAP2K1;SRGAP2;PAK1;ATP7A;WEE1;TNIK"
"BP_proteolysis%0006508",0.0348258706467662,0.301243781094527,0.343980192506695,1.30262126481999,6,188,"NLRP1A;PITRM1;PREP;CASP8;TPP2;USP8;USP7;DPP9;XPNPEP1;USP37;ESPL1;MMP19;CTSE;DPP8;PREPL;IDE;CASP2;DPP3;HGF;CAPN1;CTSC;USP15;LTA4H;USP47;JOSD1;KDM8;BTRC;NUP98;USP10;USPL1;DNPEP;USP21;USP54;USP33;CPA3;ADAM17;USP4;UQCRC2;MYSM1;AFG3L2;CASP7;ATG4D;CTSB;TINAGL1;PEPD;FAM111A;MINDY3;AOPEP;TGM2;UFSP2;APEH;THOP1;CTSA;DLD;USP3;CLPX"
"BP_positive_regulation_of_phosphatidylinositol_3-kinase/protein_kinase_B_signal_transduction%0051897",0.0346020761245675,0.301243781094527,0.424171717940146,1.38616025851142,9,73,"ILK;XBP1;SPECC1L;PIK3AP1;CASS4;PIK3CG;OSBPL8;CAT;ITGB1;MTOR;RAC1;HPSE;FN1;PTPN6;HGF;VEGFA;CSF1R;VAV3;NEDD4;VAV1;FER;JAK2;SESN2"
"BP_mitochondrial_fusion%0008053",0.0348258706467662,0.301243781094527,-0.640813066290406,-1.52066591463322,20,20,"FIS1;BAX;NME3;BAK1;PARL;THG1L"
"BP_leukocyte_cell-cell_adhesion%0007159",0.0343980343980344,0.301243781094527,0.619133374973787,1.58687280302433,13,19,"FERMT3;ITGB1;ITGB2;CD177;ITGB2L;TNIP1;EZR;ITGA5;OLR1;PECAM1;SYK;VCAM1;L1CAM"
"BP_Golgi_to_plasma_membrane_protein_transport%0043001",0.0344827586206897,0.301243781094527,0.591736067220811,1.58815666251606,13,22,"SPTBN1;BLZF1;GOLPH3L;RAB31;GGA2;PREPL;NSF;GOLPH3;GGA3;GGA1;BBS2"
"BP_RNA_processing%0006396",0.0340314136125654,0.301243781094527,0.534633518936314,1.52145540448369,12,29,"EXOSC10;CHERP;DIS3;ADAR;DIS3L;XRN1;RNGTT;DNTTIP2;FASTKD2;U2SURP"
"RA_DNA_Double-Strand_Break_Repair%R-MMU-5693532",0.131868131868132,0.301795765210399,0.352386754612119,1.21770829626131,35,99,"POLE;SPIDR;KDM4A;POLD1;BLM;KDM4B;BRCA1;PRKDC;NBN;RMI1;BRCA2;TOP3A;RAD9A;EME1;RFC5;EXO1;RPA1;DCLRE1C;ATRIP;WRN;XRCC6;KAT5;SLX4;XRCC1;POLL;RIF1;RFC1;POLE2;ATM;XRCC2;POLM"
"RA_G-protein_mediated_events%R-MMU-112040",0.132992327365729,0.303136357517836,0.495598058024439,1.29187833375906,51,22,"PLA2G4A;ADCY3;GNA15;PRKACA;CAMKK1;GNA11;GNAI3;PRKACB;ADCY7;PRKAR2B;GRK2"
"BP_ribosomal_large_subunit_biogenesis%0042273",0.0362204724409449,0.303385943612573,-0.577485558115701,-1.48694475457027,22,32,"RPL35A;RPL26;RPL11;NPM1;RPL14;RPL7;RSL24D1;NIP7;RPL5;MALSU1;MRTO4;WDR74;EIF6;NOP16;TMA16;EBNA1BP2;PAK1IP1;LTO1"
"BP_exocytosis%0006887",0.0368098159509202,0.303385943612573,0.467280262871012,1.46103090515066,11,51,"PIP5K1C;SNAP47;EXOC1;EXOC2;HCK;EXOC4;STX2;LLGL2;MYO5A;STX17;WASHC5;RAB3D;EXOC6;EXOC7;EXOC3;PAK1;MYO1G;STXBP5"
"BP_protein_K48-linked_ubiquitination%0070936",0.0357142857142857,0.303385943612573,0.419045099288764,1.37754506742347,9,78,"CDC23;RNF6;RNF216;NEDD4L;CUL1;UBR5;ANAPC2;KBTBD2;CUL3;CDC16;UBE2E1;FBXO9;ANAPC1;TOPORS;UBE2Q2;NT5C2;RNF115;FBXO38;RFFL;BTRC;RNF34"
"BP_cellular_response_to_calcium_ion%0071277",0.0368271954674221,0.303385943612573,0.485632708777566,1.44550516301264,12,38,"PLCG2;NCSTN;CLIC4;CPNE2;IQGAP1;MEF2A;NFATC1;ADD1;MICU2;PRKAA1;NFATC3;ASPH;ECT2;EEF2K"
"BP_proton_transmembrane_transport%1902600",0.0366032210834553,0.303385943612573,-0.511654570147615,-1.4420912095043,24,50,"UQCRH;NDUFA2;NDUFB7;NDUFS4;ATP6V0B;NDUFS7;SLC25A3;NDUFV2;ATP6V0E;SLC25A4"
"BP_response_to_X-ray%0010165",0.0357142857142857,0.303385943612573,0.641601539765843,1.57995312081562,14,16,"MSH2;BLM;BRCA2;TRP53;XRCC2;CASP3;ERCC6"
"BP_positive_regulation_of_D-glucose_import%0046326",0.0373134328358209,0.304971206957339,0.571136167855652,1.54848493286834,14,23,"C2CD5;AKT1;OSBPL8;MEF2A;MAPK14;MFN2"
"RA_Sensory_Perception%R-MMU-9709957",0.135549872122762,0.306484249016527,0.494453492904445,1.28889478921897,52,22,"MYO7A;FNTB;LRP10"
"RA_Transcriptional_regulation_by_RUNX2%R-MMU-8878166",0.135294117647059,0.306484249016527,-0.467175904226562,-1.2717134628875,91,40,"RPS27A;RBX1;PSMB5;PSMB6;CCND1;PSMA7;PSMD9;PSMB1;STUB1;PSMD13;PSMC5;PSMD7;PSMD10;PSMD4"
"RA_Regulation_of_TP53_Activity%R-MMU-5633007",0.137037037037037,0.308607407407407,0.347852957085659,1.19940555187381,36,101,"PPP2R1B;TAF6;BLM;USP7;TAF1;RMI1;MTOR;TPX2;AURKB;TOP3A;RAD9A;RFC5;PPP2R1A;EXO1;RPA1;PPP1R13B;ATRIP;WRN;RFFL;RNF34;PPP2R5C;SMYD2;KAT5;PHF20;GATAD2A;MAPKAP1;TBP;PML"
"KEGG_Adherens_junction%mmu04520",0.144578313253012,0.310314428445489,0.410465615746697,1.23219463863357,47,40,"VCL;ACTN4;CTNNA1;IQGAP1;RAC1;TGFBR2;PTPN6"
"RA_ESR-mediated_signaling%R-MMU-8939211",0.140173410404624,0.314412868756189,-0.437548908912213,-1.2445503696867,96,55,"POLR2L;POLR2F;CDKN1B;POLR2H;POLR2I;USF2;FOXO3;HSP90AA1;GTF2F2;KAT2B;HSP90AB1;POLR2E;POLR2G;GTF2A2;PDPK1;SP1;CALM1"
"KEGG_Aldosterone-regulated_sodium_reabsorption%mmu04960",0.148241206030151,0.315610309612579,0.54773849020117,1.32142524442179,58,17,"PRKCB;NEDD4L;ATP1A3;ATP1A1;PIK3R2;PIK3CB"
"RA_Degradation_of_AXIN%R-MMU-4641257",0.141566265060241,0.316277012813157,-0.48702437703679,-1.27837495958513,93,34,"RPS27A;PSMB5;PSMB6;PSMA7;PSMD9;PSMB1;PSMD13;PSMC5;PSMD7;PSMD10;PSMD4"
"RA_Cell_death_signalling_via_NRAGE,_NRIF_and_NADE%R-MMU-204998",0.142857142857143,0.317899491812535,0.416740678455117,1.24674662747282,45,40,"ARHGEF11;KALRN;NET1;NCSTN;RASGRF2;ARHGEF1;TIAM2;ARHGEF6;CASP2;VAV3;SQSTM1;VAV1;ECT2;ABR;ARHGEF3;FGD2;PLEKHG5"
"RA_Regulation_of_mRNA_stability_by_proteins_that_bind_AU-rich_elements%R-MMU-450531",0.144300144300144,0.319846382838509,-0.44018815334974,-1.25146507500572,99,53,"RPS27A;ANP32A;PSMB5;DCP2;EXOSC3;PSMB6;PSMA7;PSMD9;EXOSC2;PSMB1;PABPC1;PSMD13;EXOSC7;EXOSC5;PSMC5;PSMD7;PSMD10;PSMD4"
"BP_regulation_of_cilium_assembly%1902017",0.0404761904761905,0.32071973827699,0.626481849478064,1.54272066363563,16,16,"ODF2;IFT140;SYNE2;SYNE1"
"BP_positive_regulation_of_peptidyl-tyrosine_phosphorylation%0050731",0.0398860398860399,0.32071973827699,0.474475472380563,1.4230120482594,13,39,"DGKQ;PLCG2;AGRN;ITGB1;MTOR;VEGFA;ITGA5;PECAM1;LRRK1;SYK;ARHGEF2;TGFB1;RICTOR;TNFRSF14;RASA1;EHD4;ABL1;TLR4;ICAM1;NRP1;SEMA4D;BANK1"
"BP_melanosome_assembly%1903232",0.0404761904761905,0.32071973827699,0.631145596773165,1.55420520916257,16,16,"AP1M1;AP1B1;AP3B1;AP3M1;HPS4;HPS1;AP1G1;AP3D1;HPS6;HPS3;HPS5"
"BP_toll-like_receptor_signaling_pathway%0002224",0.0404761904761905,0.32071973827699,0.630374042741542,1.55230524614099,16,16,"PLCG2;AP3B1;MAPKAPK3;TIFAB;TLR13;BCL10"
"RA_Extracellular_matrix_organization%R-MMU-1474244",0.156050955414013,0.321602229188436,0.375388278902763,1.20038306587039,48,59,"CEACAM1;EMILIN1;ITGB1;MMP19;ITGB2;ITGB5;FN1;COL1A2;CAPN1;CAST;COL19A1;COL11A2;COL1A1;PECAM1;CTSB;IBSP"
"RA_O-linked_glycosylation%R-MMU-5173105",0.154494382022472,0.321602229188436,0.439425330286253,1.24408328281798,54,31,"GALNT11;POMGNT1;DAG1;ST3GAL3;GALNT12;POMT1;POMT2;POMK;B4GALT5"
"RA_Recruitment_of_NuMA_to_mitotic_centrosomes%R-MMU-380320",0.15112540192926,0.321602229188436,0.373670302776381,1.20087611925438,46,62,"ODF2;DCTN1;CKAP5;TUBGCP4;TUBGCP2;PLK1;TUBG1;CLASP1;TUBGCP6;NEDD1"
"RA_Mitotic_G2-G2/M_phases%R-MMU-453274",0.15625,0.321602229188436,0.326081998639223,1.15359118017992,39,125,"PPP2R1B;ODF2;DCTN1;CKAP5;CUL1;HMMR;CCNB1;TUBGCP4;TUBGCP2;TPX2;XPO1;CDC25C;PLK1;PSMD1;TUBG1;CLASP1;PPP2R1A"
"RA_G2/M_Transition%R-MMU-69275",0.147286821705426,0.321602229188436,0.328257512495475,1.16257691951695,37,123,"PPP2R1B;ODF2;DCTN1;CKAP5;CUL1;HMMR;CCNB1;TUBGCP4;TUBGCP2;TPX2;XPO1;CDC25C;PLK1;PSMD1;TUBG1;CLASP1;PPP2R1A"
"RA_MyD88:MAL(TIRAP)_cascade_initiated_on_plasma_membrane%R-MMU-166058",0.154838709677419,0.321602229188436,0.385844071350547,1.21621021422279,47,55,"PPP2R1B;CASP8;CUL1;RPS6KA1;MAPKAPK3;PPP2R1A;RPS6KA2;MAPK14;USP14;IKBKG;MAP2K3"
"RA_Toll_Like_Receptor_10_(TLR10)_Cascade%R-MMU-168142",0.154838709677419,0.321602229188436,0.385844071350547,1.21621021422279,47,55,"PPP2R1B;CASP8;CUL1;RPS6KA1;MAPKAPK3;PPP2R1A;RPS6KA2;MAPK14;USP14;IKBKG;MAP2K3"
"RA_Toll_Like_Receptor_3_(TLR3)_Cascade%R-MMU-168164",0.149837133550489,0.321602229188436,0.390733988242398,1.22436573026078,45,54,"PPP2R1B;CASP8;CUL1;RPS6KA1;MAPKAPK3;PPP2R1A;RPS6KA2;MAPK14;USP14;IKBKG;MAP2K3"
"RA_Toll_Like_Receptor_5_(TLR5)_Cascade%R-MMU-168176",0.154838709677419,0.321602229188436,0.385844071350547,1.21621021422279,47,55,"PPP2R1B;CASP8;CUL1;RPS6KA1;MAPKAPK3;PPP2R1A;RPS6KA2;MAPK14;USP14;IKBKG;MAP2K3"
"RA_Toll_Like_Receptor_TLR1:TLR2_Cascade%R-MMU-168179",0.154838709677419,0.321602229188436,0.385844071350547,1.21621021422279,47,55,"PPP2R1B;CASP8;CUL1;RPS6KA1;MAPKAPK3;PPP2R1A;RPS6KA2;MAPK14;USP14;IKBKG;MAP2K3"
"RA_Toll_Like_Receptor_7/8_(TLR7/8)_Cascade%R-MMU-168181",0.156050955414013,0.321602229188436,0.3750070903831,1.19916413531336,48,59,"PPP2R1B;CASP8;CUL1;RPS6KA1;MAPKAPK3;PPP2R1A;RPS6KA2;MAPK14;USP14;IKBKG;MAP2K3"
"RA_Toll_Like_Receptor_TLR6:TLR2_Cascade%R-MMU-168188",0.154838709677419,0.321602229188436,0.385844071350547,1.21621021422279,47,55,"PPP2R1B;CASP8;CUL1;RPS6KA1;MAPKAPK3;PPP2R1A;RPS6KA2;MAPK14;USP14;IKBKG;MAP2K3"
"RA_Toll_Like_Receptor_2_(TLR2)_Cascade%R-MMU-181438",0.154838709677419,0.321602229188436,0.385844071350547,1.21621021422279,47,55,"PPP2R1B;CASP8;CUL1;RPS6KA1;MAPKAPK3;PPP2R1A;RPS6KA2;MAPK14;USP14;IKBKG;MAP2K3"
"RA_MyD88_cascade_initiated_on_plasma_membrane%R-MMU-975871",0.154838709677419,0.321602229188436,0.385844071350547,1.21621021422279,47,55,"PPP2R1B;CASP8;CUL1;RPS6KA1;MAPKAPK3;PPP2R1A;RPS6KA2;MAPK14;USP14;IKBKG;MAP2K3"
"RA_RAF/MAP_kinase_cascade%R-MMU-5673001",0.152671755725191,0.321602229188436,0.331479677896945,1.16911102791364,39,113,"PPP2R1B;VCL;JAK3;TLN1;SPTBN1;ARRB1;RASAL3;CUL3;FNTB;RASGRF2;IQGAP1;PSMD1;FN1;RASA3;HGF;PPP2R5B;ZDHHC9;PSMF1;PPP2R5C;JAK2;PSMD5;PIK3R2;PIK3CB;APBB1IP;SPRED2;MARK3;PSMC2;MAP3K11;PSMD2;PSME3"
"RA_MAPK1/MAPK3_signaling%R-MMU-5684996",0.157088122605364,0.321602229188436,0.331165117566605,1.16741104746294,40,114,"PPP2R1B;VCL;JAK3;TLN1;SPTBN1;ARRB1;RASAL3;CUL3;FNTB;RASGRF2;IQGAP1;PSMD1;FN1;RASA3;HGF;PPP2R5B;ZDHHC9;PSMF1;PPP2R5C;JAK2;PSMD5;PIK3R2;PIK3CB;APBB1IP;SPRED2;MARK3;PSMC2;MAP3K11;PSMD2;PSME3"
"RA_GLI3_is_processed_to_GLI3R_by_the_proteasome%R-MMU-5610785",0.149700598802395,0.321602229188436,-0.480873781797356,-1.26582943090233,99,35,"RPS27A;RBX1;PSMB5;PSMB6;PSMA7;PSMD9;PSMB1;PSMD13;PSMC5;PSMD7;PSMD10;PSMD4;GSK3B"
"RA_TNFR2_non-canonical_NF-kB_pathway%R-MMU-5668541",0.15695067264574,0.321602229188436,-0.450115817935543,-1.24345260430227,104,46,"RPS27A;PSMB5;XIAP;PSMB6;PSMA7;PSMD9;PSMB1;PSMD13;PSMC5;PSMD7;PSMD10;PSMD4;TNFSF14;TNFRSF18;BIRC2;PSME1;UBE2M"
"RA_Nucleotide_Excision_Repair%R-MMU-5696398",0.149584487534626,0.321602229188436,-0.386983790882635,-1.19644633815141,107,96,"POLR2L;POLR2F;RPS27A;INO80D;POLR2H;GTF2H5;RBX1;POLR2I;XPA;RPA3;POLE4;CETN2;HMGN1;POLE3;YY1;UBE2V2;ISY1"
"RA_Dual_incision_in_TC-NER%R-MMU-6782135",0.148843930635838,0.321602229188436,-0.432438242406376,-1.23001375044339,102,55,"POLR2L;POLR2F;RPS27A;POLR2H;GTF2H5;RBX1;POLR2I;XPA;RPA3;POLE4;HMGN1;POLE3;ISY1"
"RA_Detoxification_of_Reactive_Oxygen_Species%R-MMU-3299685",0.147249190938511,0.321602229188436,-0.538836085913127,-1.2980529820858,90,23,"SOD1;CYBA;PRDX5;GSTP1;SOD2;CCS;PRDX2"
"RA_Glutathione_conjugation%R-MMU-156590",0.161936560934891,0.324099659206042,-0.565648949589833,-1.28409066735113,96,17,"GGCT;MGST1;GSTP1;MGST2;GSTK1;GSTM5;GSS"
"RA_TRAF6_mediated_induction_of_NFkB_and_MAP_kinases_upon_TLR7/8_or_9_activation%R-MMU-975138",0.162337662337662,0.324099659206042,0.376862545692646,1.19325567714706,49,58,"PPP2R1B;CASP8;CUL1;RPS6KA1;MAPKAPK3;PPP2R1A;RPS6KA2;MAPK14;USP14;IKBKG;MAP2K3"
"RA_MyD88_dependent_cascade_initiated_on_endosome%R-MMU-975155",0.162337662337662,0.324099659206042,0.376862545692646,1.19325567714706,49,58,"PPP2R1B;CASP8;CUL1;RPS6KA1;MAPKAPK3;PPP2R1A;RPS6KA2;MAPK14;USP14;IKBKG;MAP2K3"
"RA_Visual_phototransduction%R-MMU-2187338",0.160804020100503,0.324099659206042,0.497716719470072,1.27768338013542,63,21,"MYO7A;FNTB;LRP10"
"RA_Downstream_TCR_signaling%R-MMU-202424",0.159189580318379,0.324099659206042,-0.441167602716431,-1.24023417722494,109,50,"RPS27A;TAB2;PSMB5;PSMB6;PSMA7;PSMD9;PSMB1;NFKBIA;PSMD13;PSMC5;PSMD7;PSMD10;PDPK1;CDC34;PSMD4"
"RA_Conversion_from_APC/C:Cdc20_to_APC/C:Cdh1_in_late_anaphase%R-MMU-176407",0.161290322580645,0.324099659206042,0.517645018467813,1.25028286207663,64,17,"CDC23;ANAPC2;CDC16;UBE2E1;ANAPC1"
"RA_VEGFR2_mediated_vascular_permeability%R-MMU-5218920",0.160194174757282,0.324099659206042,0.540078410809174,1.26227041735992,65,15,"AKT1;CTNNA1;MTOR;RAC1;JUP"
"WP_Alpha6-Beta4_Integrin_Signaling_Pathway%WP488",0.175637393767705,0.325727530260108,0.406510063231161,1.20999344689195,61,38,"AKT1;ERBIN;PIK3CG;MTOR;RAC1;SHC1;PLEC;PIK3R2;PIK3CB;PAK1;SMAD3;YWHAZ;ITGA6;CASP3"
"WP_Myometrial_Relaxation_and_Contraction_Pathways%WP385",0.173913043478261,0.325727530260108,0.358662996696587,1.16594422234298,51,67,"GRK6;PLCG2;ARRB1;PRKCB;DGKZ;PDE4D;GNAS;ADCY3;PLCG1;ATP2A2;YWHAQ;SLC8A1;GNB5;ITPR1;CREB1;ITPR2;GABPB1"
"KEGG_Nucleocytoplasmic_transport%mmu03013",0.154440154440154,0.326177606177606,0.349445896193307,1.20172973196082,39,93,"NUP160;THOC1;NUP107;POM121;CASC3;NUP214;NUP205;NUP188;XPO5;NUP133;RANBP2;XPO1;NUP93;IPO11;XPO7;TMEM33;NUP155;NUP88;CSE1L;KPNA3;NUP98;KPNA4;KPNA1;XPO6;NXT2;THOC2;XPO4;IPO9;AAAS;TPR"
"KEGG_Human_T-cell_leukemia_virus_1_infection%mmu05166",0.15668202764977,0.328286153170946,0.301499636465705,1.13193323087709,33,165,"MYC;JAK3;BUB1B;CDC23;TLN1;AKT1;ANAPC2;JAK1;KAT2A;VAC14;ESPL1;MAP3K3;CDC16;TGFBR2;ITGB2;XPO1;ANAPC1;NFATC1;ADCY3;ATR;CRTC1;ELK4;NFATC3;ITGB2L;MAP2K1;MAD1L1;IKBKG;PRKACA;KAT5;TRP53"
"KEGG_Th17_cell_differentiation%mmu04659",0.158064516129032,0.328575057150114,0.368826908090926,1.17583548714062,48,59,"JAK3;JAK1;STAT6;TYK2;MTOR;TGFBR2;STAT1;NFATC1;PLCG1;MAPK14;NFATC3;IKBKG;JAK2;TGFB1;HIF1A;IFNGR1;SMAD3;SMAD4;STAT3;MAPK1;IL12RB1;RELA;STAT5A;NFKBIE;IL6ST"
"BP_protein_autophosphorylation%0046777",0.0423076923076923,0.329216417910448,0.393248301477755,1.34103195946961,10,96,"CAD;SIK2;RIPK3;HCK;MTOR;MAP3K3;MINK1;MARK2;EIF2AK1;RIPK1;VRK2;ATR;TTK;EIF2S1;MAP3K9;CSF1R;FER;MELK;PRKACA;PEAK1;JAK2;EEF2K;STK24;STK10;ULK1;CLK3;SYK;MAP3K11;PAK1;ATM"
"BP_intra-Golgi_vesicle-mediated_transport%0006891",0.041871921182266,0.329216417910448,0.577730657248515,1.55056763188077,16,22,"COPB1;COPG1;COPA;COPG2;COPB2;COG2;COG5;COG6;NSF;GOSR2"
"BP_regulation_of_signal_transduction%0009966",0.0425,0.329216417910448,0.538821244722706,1.48193639597903,16,24,"GRK6;PPP6R1;GNAS"
"KEGG_Osteoclast_differentiation%mmu04380",0.16044776119403,0.329875896204098,0.345215157068519,1.14929422393143,42,78,"PLCG2;AKT1;JAK1;TYK2;RAC1;TGFBR2;STAT1;NFATC1;STAT2;CSF1R;SQSTM1;MAPK14;MAP2K1;IKBKG;IFNAR1;TEC;CREB1;PIK3R2;PIK3CB;SYK"
"KEGG_Synaptic_vesicle_cycle%mmu04721",0.161189358372457,0.329875896204098,-0.491174035522362,-1.23933180108701,102,30,"ATP6V1G1;ATP6V1F;ATP6V0B;AP2S1;CLTA;CLTB;ATP6V1D;ATP6V0E"
"RA_Transcriptional_regulation_by_RUNX3%R-MMU-8878159",0.166666666666667,0.331566548881036,-0.454539606196844,-1.23933573842908,110,42,"RPS27A;PSMB5;PSMB6;CCND1;PSMA7;PSMD9;PSMB1;KAT2B;PSMD13;PSMC5;PSMD7;PSMD10;PSMD4;EP300;MAML3;PSME1"
"RA_Cellular_response_to_hypoxia%R-MMU-1234174",0.168389955686854,0.333815299477812,-0.445023574023466,-1.22249371357002,113,44,"RPS27A;RBX1;ELOB;PSMB5;ELOC;PSMB6;PSMA7;PSMD9;PSMB1;PSMD13;PSMC5;PSMD7;PSMD10;PSMD4;VHL;EP300"
"RA_DNA_Damage_Bypass%R-MMU-73893",0.172619047619048,0.33526734739591,0.392667480132919,1.20185430655621,57,42,"POLE;WDR48;RAD18;POLD1;VCP;DDB1;CUL4B;NPLOC4;REV1;RFC5;UBA7;RPA1"
"RA_GPCR_ligand_binding%R-MMU-500792",0.170731707317073,0.33526734739591,-0.477012028762047,-1.24363634737485,111,33,"CXCR4;RAMP1;PENK;HEBP1;GAL;FPR2;C5AR2;CX3CR1;CCL6;PTAFR;ADRB2;GPR65"
"RA_Estrogen-dependent_gene_expression%R-MMU-9018519",0.171641791044776,0.33526734739591,-0.464350300131288,-1.23411023026785,114,36,"POLR2L;POLR2F;POLR2H;POLR2I;USF2;HSP90AA1;GTF2F2;KAT2B;HSP90AB1;POLR2E;POLR2G;GTF2A2;SP1"
"RA_Peroxisomal_protein_import%R-MMU-9033241",0.171597633136095,0.33526734739591,0.43364835697371,1.24599058739937,57,34,"LONP2;GNPAT;CROT;CAT;HSD17B4;IDH1;EHHADH;CRAT;PEX14"
"RA_mTORC1-mediated_signalling%R-MMU-166208",0.172818791946309,0.33526734739591,-0.541465230262205,-1.27286824644724,102,20,"LAMTOR4;LAMTOR2;RPS6;EIF4B;LAMTOR5"
"RA_Signaling_by_ERBB4%R-MMU-1236394",0.172881355932203,0.33526734739591,-0.581734114943079,-1.29240695282816,101,15,"RPS27A;PSENEN"
"RA_Processing_of_Capped_Intronless_Pre-mRNA%R-MMU-75067",0.17329093799682,0.33526734739591,-0.502085499804259,-1.26238952349549,108,28,"SNRPF;SNRPE;SNRPD3;SNRPG;NUDT21;NCBP2;PABPN1;CPSF7"
"RA_Regulation_of_insulin_secretion%R-MMU-422356",0.174019607843137,0.335524106903035,0.498885318579936,1.246485876422,70,19,"GNA15;ABCC8;PRKACA;GNA11;ITPR1;ITPR2;PRKACB;GNG12;RAPGEF3;PLCB3;PLCB1"
"BP_retrograde_vesicle-mediated_transport,_Golgi_to_endoplasmic_reticulum%0006890",0.0439882697947214,0.33822091886608,0.47422245471236,1.42152571725711,14,40,"COPA;COPB2;GOLPH3L;PITPNB;SCFD1;NBAS;ARCN1;COG4;GBF1;SCYL1"
"WP_Signal_Transduction_of_S1P_Receptor%WP57",0.188235294117647,0.342522052927025,0.495048516532128,1.20767652399018,79,15,"AKT1;PIK3C2G;RACGAP1;GNAI3;MAPK1;SPHK2"
"WP_Parkinsons_Disease_Pathway%WP3638",0.194373401534527,0.342522052927025,0.443909338268849,1.22584543653409,75,25,"UBA1;UBE2J1;EPRS;CASP2;UBA7;MAPK14;PINK1;CASP7"
"WP_TYROBP_Causal_Network%WP3625",0.194767441860465,0.342522052927025,0.376717208805218,1.16709576859054,66,44,"BIN2;NCKAP1L;RPS6KA1;ELF4;ITGB2;IGSF6;NRROS;SH2B3;ABCC4;GAPT;PLEK;APBB1IP;IL13RA1;ZFP36L2;C3"
"KEGG_Estrogen_signaling_pathway%mmu04915",0.168918918918919,0.343035343035343,0.356033027541615,1.15402868369339,49,67,"RAF1;AKT1;NCOA2;SHC1;GNAS;ADCY3;FKBP5;MAP2K1;PRKACA;ITPR1;CREB1;NCOA1;PIK3R2;PIK3CB;ITPR2"
"RA_Downstream_signal_transduction%R-MMU-186763",0.178743961352657,0.343456826762955,0.493893893686936,1.22067597304754,73,18,"STAT6;PLCG1;PIK3R2;PIK3CB;NCK2;RASA1;STAT3;STAT5A;CRKL"
"RA_Degradation_of_DVL%R-MMU-4641258",0.181137724550898,0.346872581367877,-0.463300903841451,-1.21957141696134,120,35,"RPS27A;RBX1;PSMB5;PSMB6;PSMA7;PSMD9;PSMB1;PSMD13;PSMC5;PSMD7;PSMD10;PSMD4"
"RA_Amino_acids_regulate_mTORC1%R-MMU-9639288",0.184249628528975,0.346931574788672,-0.451985922723241,-1.22220849470824,123,39,"LAMTOR4;LAMTOR2;ATP6V1G1;ATP6V1F;ATP6V0B"
"RA_Cellular_response_to_starvation%R-MMU-9711097",0.184249628528975,0.346931574788672,-0.451985922723241,-1.22220849470824,123,39,"LAMTOR4;LAMTOR2;ATP6V1G1;ATP6V1F;ATP6V0B"
"RA_DNA_Replication%R-MMU-69306",0.183453237410072,0.346931574788672,0.332525412229383,1.14817213210238,50,98,"POLE;CDC23;POLD1;CUL1;CDC6;POLA1;ANAPC2;MCM6;MCM2;MCM5;ORC3;CDC16;ORC5;UBE2E1;ANAPC1;PSMD1;MCM7;RFC5;RPA1;MCM4;MCM10;ORC1;PSMF1;KPNA1"
"RA_Platelet_degranulation%R-MMU-114608",0.182692307692308,0.346931574788672,0.385397515766451,1.203788543882,56,52,"VCL;ACTN4;TLN1;FERMT3;FLNA;MAGED2;TOR4A;FN1;HGF;VEGFA"
"RA_Transcription-Coupled_Nucleotide_Excision_Repair_(TC-NER)%R-MMU-6781827",0.181818181818182,0.346931574788672,-0.405477872620078,-1.18355778452984,127,66,"POLR2L;POLR2F;RPS27A;POLR2H;GTF2H5;RBX1;POLR2I;XPA;RPA3;POLE4;HMGN1;POLE3;ISY1"
"BP_intermembrane_lipid_transfer%0120009",0.0455635491606715,0.34775708844689,0.600874250934915,1.53054599604874,18,18,"ESYT1;OSBPL8;PITPNB;OSBPL2;OSBPL5;PITPNM1;C2CD2L;ATG2A;GLTP"
"BP_endoplasmic_reticulum_to_Golgi_vesicle-mediated_transport%0006888",0.0461538461538462,0.34890756302521,0.4012943081874,1.36306687537862,11,94,"COPB1;COPG1;COPA;COPG2;MIA2;COPB2;TMED7;SCFD1;TRAPPC9;CUL3;ARCN1;VCP;SEC24D;TRAPPC11;STX17;TRAPPC13;TRAPPC12;SEC24C;ZW10"
"BP_negative_regulation_of_T_cell_proliferation%0042130",0.0467980295566503,0.34890756302521,0.564285527521527,1.51448233382788,18,22,"BTLA;TSC2;RIPOR2;CEACAM1;PTPN6;GPNMB;MAD1L1"
"BP_behavioral_fear_response%0001662",0.0463917525773196,0.34890756302521,-0.66440480783149,-1.48595782426197,26,16,"COMT;DBI;PENK"
"BP_inner_cell_mass_cell_proliferation%0001833",0.0470588235294118,0.34890756302521,0.633927240760841,1.54647276179657,19,15,"NCAPG2;BRCA2;INTS1;NDEL1;COPS2;TAF8;SETDB1;PALB2"
"BP_response_to_starvation%0042594",0.0476190476190476,0.350557244174265,0.579014484056877,1.50518409754814,18,20,"BCAS3;CAD;GNPAT;ADSL;ATG7;TRIM32"
"BP_cellular_response_to_insulin_stimulus%0032869",0.0491803278688525,0.351554562080878,0.445146921304145,1.40064193170131,14,59,"XBP1;AKT1;DENND4C;TSC2;CEACAM1;PARP1;PRKDC;MTOR;RAB31;CYFIP1;MYO5A;PKM;EEF2K;HDAC9;PIK3R2;MAPKAP1;UCP2"
"BP_protein_localization_to_plasma_membrane%0072659",0.0485074626865672,0.351554562080878,0.399476926145035,1.32844513415647,12,84,"CLASP2;C2CD5;SPTBN1;FLNA;DENND4C;PPIL2;GAK;PACS1;RAC1;MYO5A;TSPAN5;JUP;HECTD1;EFR3A;SEC23A;SESN2;RAPGEF6;EZR;TTC7B;FRMD8"
"BP_neuromuscular_junction_development%0007528",0.05,0.351554562080878,0.613680764695278,1.51119780622515,20,16,"DCTN1;KALRN;NEDD4L;SPG11;AGRN;NEDD4;ALS2;DNAJA3;AFG3L2;PAK1"
"BP_maturation_of_5.8S_rRNA%0000460",0.0494117647058824,0.351554562080878,0.632295242389906,1.5424914830856,20,15,"NOL9;MTREX;EXOSC10;PRKDC;BOP1"
"BP_positive_regulation_of_macroautophagy%0016239",0.050125313283208,0.351554562080878,0.574094202853568,1.49239352110039,19,20,"TSC2;SUPT5;WAC;TBK1;IKBKG;SESN2;PINK1;SESN1;HIF1A;GNAI3;MAP3K7;PAFAH1B2;GPSM1"
"BP_regulation_of_canonical_NF-kappaB_signal_transduction%0043122",0.0485933503836317,0.351554562080878,0.532543113870993,1.47060557104352,18,25,"PLCG2;PIK3AP1;CARD6;SQSTM1;PPM1A;BTRC;UFL1"
"BP_positive_regulation_of_protein_serine/threonine_kinase_activity%0071902",0.0498338870431894,0.351554562080878,-0.608277392198016,-1.47886427340795,29,24,"HIGD1A;PIM1;CIB1"
"KEGG_Vascular_smooth_muscle_contraction%mmu04270",0.176079734219269,0.352564102564103,0.387707578639042,1.18403488445577,52,50,"RAF1;ARHGEF11;PRKCB;MYH9;PLA2G4A;ARHGEF1;GNAS;ADCY3;MAP2K1;PRKACA;GNA11;ITPR1;ITPR2;GNA12"
"KEGG_Toll-like_receptor_signaling_pathway%mmu04620",0.176282051282051,0.352564102564103,0.363090875504697,1.15580923842048,54,58,"AKT1;CASP8;RAC1;STAT1;RIPK1;TBK1;MAPK14;MAP2K1;IKBKG;MAP2K3;IFNAR1;PIK3R2;PIK3CB"
"RA_Mitotic_G1_phase_and_G1/S_transition%R-MMU-453279",0.189473684210526,0.354397621961881,0.331918312858114,1.13737463264508,53,92,"PPP2R1B;POLE;CUL1;CDC6;POLA1;MCM6;MCM2;MCM5;ORC3;RBL2;ORC5;PSMD1;MCM7;E2F4;TFDP1;PPP2R1A;RPA1;MCM4;MCM10;ORC1;PSMF1"
"RA_trans-Golgi_Network_Vesicle_Budding%R-MMU-199992",0.188925081433225,0.354397621961881,0.380217984650233,1.19141381206328,57,54,"AP1M1;AP1B1;AP3B1;ARRB1;GAK;CLTC;GBF1;AP1G2;AP4E1;DNM2"
"RA_Class_A/1_(Rhodopsin-like_receptors)%R-MMU-373076",0.190779014308426,0.355657566409417,-0.49376166426951,-1.24146097093131,119,28,"CXCR4;PENK;HEBP1;GAL;FPR2;C5AR2;CX3CR1;CCL6;PTAFR;ADRB2;GPR65"
"KEGG_Glycine,_serine_and_threonine_metabolism%mmu00260",0.180246913580247,0.357783347257031,0.534233812797251,1.26108346394323,72,15,"ALAS1;CHDH;SHMT1;DLD;PSAT1;SHMT2"
"RA_Rab_regulation_of_trafficking%R-MMU-9007101",0.193220338983051,0.357838983050848,0.350946939401653,1.15932433737101,56,73,"TRAPPC8;DENND4C;RAB3GAP2;TRAPPC9;RIN3;TBC1D15;TBC1D25;TRAPPC11;RABGAP1;TRAPPC13;TRAPPC12;DENND1C;HPS4;ALS2;HPS1;MON1B;RAB7B;RAB11B;ULK1;TBC1D2;DENND2A;SBF1;DENND5A;TBC1D14"
"RA_mRNA_3'-end_processing%R-MMU-72187",0.192753623188406,0.357838983050848,-0.421701220278255,-1.19037085316296,132,52,"RBM8A;MAGOH;UPF3B;MAGOHB;SARNP;U2AF1;NUDT21;SRSF9;NCBP2;CHTOP;PABPN1;CPSF7;SRSF3;THOC7;SRSF5;ALYREF;SRSF11"
"BP_protein_K48-linked_deubiquitination%0071108",0.0551378446115288,0.358882978723404,0.565712906242897,1.47060582023524,21,20,"USP19;USP8;USP37;USP14;USP33;MINDY3;OTUD5"
"BP_positive_regulation_of_epithelial_cell_migration%0010634",0.051980198019802,0.358882978723404,0.559890695987167,1.48472095187665,20,21,"CLASP2;PLCG2;PPM1F;TGFBR2;CLASP1;PLCG1;DOCK5;HDAC6"
"BP_androgen_receptor_signaling_pathway%0030521",0.0532646048109966,0.358882978723404,-0.644998526685136,-1.45968015190498,30,17,"TMF1;DDX17;PARK7;RWDD1;ARID1A"
"BP_regulation_of_translation%0006417",0.0553191489361702,0.358882978723404,-0.46381223054738,-1.36807660554739,38,68,"RPL38;RPLP1;RBM8A;RPS9;RPS14;MAGOH;RACK1;SARNP;FOXO3;S100A9;TNRC6C;DNAJC1;MCTS1;RPS3;PUM2"
"BP_phosphatidylinositol_phosphate_biosynthetic_process%0046854",0.0525,0.358882978723404,0.528550450779202,1.45368832018478,20,24,"PIP5K1C;PIK3CG;PI4KA;PIK3C3;PI4K2A;TTC7B;PI4K2B;PIK3CB"
"BP_immune_response%0006955",0.0540540540540541,0.358882978723404,-0.463208820231595,-1.36473454940403,37,67,"CXCR4;LST1;H2-Q4;H2-AB1;H2-Q6;PGLYRP1;IGF1R;SLPI;H2-Q7;H2-T22;FCGRT;CX3CR1;BCAP31;CCL6;PNP2;TNFSF14;H2-K1;COLEC12;CCR2"
"BP_platelet_dense_granule_organization%0060155",0.0523809523809524,0.358882978723404,0.592148236599135,1.49059134152201,21,17,"AP1M1;AP1B1;AP3B1;AP3M1;HPS4;HPS1;AP1G1;AP3D1;HPS6;HPS3;HPS5"
"BP_actin_filament_organization%0007015",0.0535117056856187,0.358882978723404,0.417237180647478,1.3563575964156,15,67,"MYO7A;MYO1F;ELMO2;RHOBTB2;CORO7;RAC1;MYO1C;MYO5A;TMOD3;SH3KBP1;ELMO1;GSN;CAP1;ABL2;CORO1B;PLEC;HDAC6;TPM4;ACTN1;MYO1G;NCK2;CDC42;ARHGEF2"
"BP_cell-cell_adhesion%0098609",0.0547945205479452,0.358882978723404,0.410844154634942,1.33464544637055,15,70,"PKD1;TLN1;CTNNA1;MYH9;ITGB1;SHC1;ITGB2;ITGB5;LRP5;JUP;VEGFA;EFR3A;PSEN1;TJP3;ITGB2L;ABL2;PVR;ITGA5;PECAM1;CYFIP2;LIMS1;CDC42;FNDC3A;PPP1CA;TLN2"
"BP_reactive_oxygen_species_metabolic_process%0072593",0.0548387096774194,0.358882978723404,-0.572176198362739,-1.45001158687973,33,29,"NDUFS6;SOD1;NDUFA13;NDUFS4;CYBA;SH3PXD2A;PRDX4;BCL2"
"BP_blood_vessel_development%0001568",0.0542005420054201,0.358882978723404,0.494684628802327,1.4278460963833,19,31,"PKD1;CEACAM1;MAP3K3;SMARCA4;COL1A2;VEGFA;PSEN1;GATAD2A;COL1A1;CCM2;DHCR7;ATP7A;HIF1A"
"BP_positive_regulation_of_NLRP3_inflammasome_complex_assembly%1900227",0.0551378446115288,0.358882978723404,0.564572749978972,1.46764191324426,21,20,"PLCG2;PTPN22;DHX33;ZDHHC5;MAVS;MYD88;NEK7;TLR4;BTK"
"RA_CLEC7A_(Dectin-1)_signaling%R-MMU-5607764",0.194524495677233,0.359073085463221,-0.411352436782189,-1.17787655877451,134,58,"RPS27A;TAB2;PSMB5;PSMB6;PSMA7;PSMD9;PSMB1;NFKBIA;PSMD13;PSMC5;PSMD7;PSMD10;PDPK1;PYCARD;CDC34;CALM1;PSMD4;PPP3CB"
"RA_Signaling_by_Nuclear_Receptors%R-MMU-9006931",0.195804195804196,0.359080658754926,-0.386500949356939,-1.15990114926919,139,78,"POLR2L;POLR2F;CDKN1B;POLR2H;POLR2I;USF2;FOXO3;HSP90AA1;PPARD;FABP5;GTF2F2;KAT2B;HSP90AB1;POLR2E;POLR2G;GTF2A2;PDPK1;SP1;CALM1;EP300;ABCA1;PDHB;TBL1XR1;POLR2C;PPID;UHMK1;USF1"
"RA_Ub-specific_processing_proteases%R-MMU-5689880",0.1953125,0.359080658754926,0.316090368004949,1.11824345468936,49,125,"MYC;USP19;WDR48;ARRB1;RNF123;DDB2;USP8;USP7;RHOT1;KAT2A;USP37;BECN1;PSMD1;RIPK1;USP15;USP47;USP10;PSMF1;DDX58;USP21;USP14;USP33;IKBKG;TADA2B;PSMD5;STAM2;USP4"
"KEGG_HIF-1_signaling_pathway%mmu04066",0.18450184501845,0.361184403400762,0.341230991073164,1.12798900579033,49,75,"ARNT;HK1;PLCG2;AKT1;PRKCB;PFKP;HK3;MTOR;ENO1;CUL2;VEGFA;PLCG1;PDK1;MAP2K1;MKNK1;MKNK2;PIK3R2;PIK3CB;PFKL"
"KEGG_Thyroid_cancer%mmu05216",0.184696569920844,0.361184403400762,0.44858034501014,1.21294955844265,69,25,"MYC;NCOA4;DDB2;MAP2K1;TRP53;TPR"
"BP_protein_homooligomerization%0051260",0.0560747663551402,0.361525512277239,0.448464107087553,1.40377726988183,17,55,"KCTD10;KCTD9;NLRP1A;RIPOR2;BLM;G3BP2;TRP53BP1;MOSPD2;ALS2;ECT2;RNF135;LETM1;BCL10;PNPT1"
"KEGG_Autophagy%mmu04136",0.186486486486487,0.362003179650239,0.444771236452212,1.23131101094758,68,27,"PIK3R4;MTOR;PIK3C3;BECN1;ATG7;ATG13;WIPI2;ATG4D;RPTOR;PPP2CB"
"BP_cristae_formation%0042407",0.0567010309278351,0.363306605574647,-0.650674765339825,-1.45525024384194,32,16,"UQCC3;MICOS13;MICOS10"
"RA_RET_signaling%R-MMU-8853659",0.20048309178744,0.366467469728339,0.484017125617438,1.19626519650645,82,18,"SHC1;PLCG1;PRKACA;PIK3R2;PIK3CB;PRKACB;PDLIM7;IRS2"
"RA_Phase_II_-_Conjugation_of_compounds%R-MMU-156580",0.202682563338301,0.367267343681325,-0.444621575103984,-1.19238927118224,135,38,"COMT;GGCT;MGST1;GSTP1;IMPAD1;TRMT112;MGST2;GSTK1;GSTM5;ABHD10;SLC26A2;GSS;NAT2"
"RA_Regulation_of_PLK1_Activity_at_G2/M_Transition%R-MMU-2565942",0.20265780730897,0.367267343681325,0.35503210793295,1.1501459870813,60,65,"ODF2;DCTN1;CKAP5;CUL1;CCNB1;PLK1;TUBG1;CLASP1"
"RA_Gap-filling_DNA_repair_synthesis_and_ligation_in_TC-NER%R-MMU-6782210",0.202877697841727,0.367267343681325,-0.415081341409722,-1.17946406513174,140,54,"POLR2L;POLR2F;RPS27A;POLR2H;GTF2H5;RBX1;POLR2I;RPA3;POLE4;HMGN1;POLE3;ISY1"
"RA_Metabolism_of_polyamines%R-MMU-351202",0.205089820359281,0.370081951481652,-0.453910990813958,-1.19485385340571,136,35,"PSMB5;PSMB6;PSMA7;PSMD9;PSMB1;PSMD13;OAZ1;PSMC5;PSMD7;PSMD10;SAT1;PSMD4;PSME1;SMS"
"KEGG_Fructose_and_mannose_metabolism%mmu00051",0.192612137203166,0.37116499431851,0.446304326443364,1.20679526357376,72,25,"HK1;PFKP;HK3;TKFC;FCSK;PFKL;FBP1;PFKFB4;HK2"
"RA_Recruitment_of_mitotic_centrosome_proteins_and_complexes%R-MMU-380270",0.209003215434084,0.371726212310175,0.35639398075978,1.14535465451892,64,62,"ODF2;DCTN1;CKAP5;TUBGCP4;TUBGCP2;PLK1;TUBG1;CLASP1;TUBGCP6;NEDD1"
"RA_Centrosome_maturation%R-MMU-380287",0.209003215434084,0.371726212310175,0.35639398075978,1.14535465451892,64,62,"ODF2;DCTN1;CKAP5;TUBGCP4;TUBGCP2;PLK1;TUBG1;CLASP1;TUBGCP6;NEDD1"
"RA_Telomere_C-strand_(Lagging_Strand)_Synthesis%R-MMU-174417",0.209115281501341,0.371726212310175,0.4322667148822,1.19774957965747,77,28,"POLD1;BLM;POLA1;CHTF18;RFC5;RPA1;WRN;CTC1;RFC1;POLA2;PRIM1;PRIM2;POLD2"
"RA_Signaling_by_WNT%R-MMU-195721",0.209302325581395,0.371726212310175,0.316718231305064,1.10789054382306,53,112,"PPP2R1B;VPS35;PRKCB;RBBP5;USP8;CUL1;AP2A1;VPS26A;CUL3;DVL3;RAC1;SMARCA4;CLTC;XPO1;PSMD1;MEN1;LRP5;TLE1;AP2M1;PPP2R5B;PSMF1;PPP2R5C;DVL2;AXIN1;PSMD5"
"RA_MAP2K_and_MAPK_activation%R-MMU-5674135",0.208542713567839,0.371726212310175,0.475609434376865,1.22093200000581,82,21,"VCL;TLN1;ARRB1;IQGAP1;FN1"
"BP_heart_development%0007507",0.0590717299578059,0.371876399462606,0.35945690378283,1.29577968651271,13,137,"KCTD10;CAD;PKD1;AP1B1;TSC2;MTHFD1;CASP8;PRKDC;MGRN1;KAT2A;MICAL2;MEF2A;SMARCA4;ASXL2;TGFBR2;SHC1;HDAC5;MED12;NFATC1;FN1;DAG1;PTCD2;PSEN1;RPS6KA2;MED1;NFATC3;TMEM67;MAP2K1;DVL2;SMYD2;MAP2K3;TRP53;GNA11;GYS1;TBC1D32;HDAC9;MOSPD3;CASP7;ZDHHC16;AP2B1;CCM2;ATM"
"BP_protein_localization_to_chromatin%0071168",0.0591133004926108,0.371876399462606,0.537491307268443,1.44256949672177,23,22,"CARM1;MSH2;PARP1;PLK1;TONSL;CHMP7;MCM9;MMS22L"
"BP_mitotic_spindle_assembly_checkpoint_signaling%0007094",0.0586666666666667,0.371876399462606,0.497423133741848,1.42363279747696,21,30,"ZFP207;BUB1B;BUB1;PLK1;ZWILCH;TTK;KNTC1;ZW10;MAD1L1;NDC80;TPR;HASPIN;NUF2;SPDL1;ATM;CDC20"
"KEGG_SNARE_interactions_in_vesicular_transport%mmu04130",0.194620253164557,0.372317006053935,-0.491973634859734,-1.21871366270279,122,27,"VAMP8;BET1L;STX4A;STX8;USE1;STX16;VTI1B;BNIP1"
"RA_Endosomal_Sorting_Complex_Required_For_Transport_(ESCRT)%R-MMU-917729",0.2112,0.372744827586207,-0.496762016614816,-1.22742010915532,131,26,"RPS27A;CHMP4B;CHMP5;SNF8;CHMP2A;MVB12B;MVB12A;CHMP3;STAM;VPS25"
"RA_RHOF_GTPase_cycle%R-MMU-9035034",0.210666666666667,0.372744827586207,0.456295206018732,1.22073472281169,78,25,"ARHGAP1;ESYT1;DIAPH2;SRGAP2;PIK3R2;ACTN1;DEPDC1B;ARHGAP39;ADD3;TOR1AIP1;RHOF;MTMR1"
"RA_Epigenetic_regulation_of_gene_expression%R-MMU-212165",0.213235294117647,0.372932846048424,-0.435441883792737,-1.18532933936543,144,40,"POLR2L;POLR2F;POLR2H;TAF1D;HIST1H2AB;ZNRD1;POLR1C;HIST1H2AC;KAT2B;POLR2E"
"RA_Homology_Directed_Repair%R-MMU-5693538",0.21602787456446,0.372932846048424,0.344892559537895,1.13457718517714,61,72,"POLE;SPIDR;POLD1;BLM;NBN;RMI1;BRCA2;TOP3A;RAD9A;EME1;RFC5;EXO1;RPA1;ATRIP;WRN"
"RA_Loss_of_Nlp_from_mitotic_centrosomes%R-MMU-380259",0.216129032258065,0.372932846048424,0.364828992181967,1.14996906699441,66,55,"ODF2;DCTN1;CKAP5;PLK1;TUBG1;CLASP1"
"RA_Loss_of_proteins_required_for_interphase_microtubule_organization_from_the_centrosome%R-MMU-380284",0.216129032258065,0.372932846048424,0.364828992181967,1.14996906699441,66,55,"ODF2;DCTN1;CKAP5;PLK1;TUBG1;CLASP1"
"RA_p75_NTR_receptor-mediated_signalling%R-MMU-193704",0.215434083601286,0.372932846048424,0.368395449206259,1.14563431086369,66,50,"ARHGEF11;KALRN;NET1;NCSTN;RASGRF2;ARHGEF1;TIAM2;ARHGEF6;CASP2;VAV3;SQSTM1;VAV1;ECT2;ABR;ARHGEF3;FGD2;PLEKHG5;MYD88;PLEKHG2;ARHGEF2;PREX1"
"RA_Synthesis_of_DNA%R-MMU-69239",0.212765957446809,0.372932846048424,0.330833729129515,1.12604816973627,59,90,"POLE;CDC23;POLD1;CUL1;CDC6;POLA1;ANAPC2;MCM6;MCM2;MCM5;ORC3;CDC16;ORC5;UBE2E1;ANAPC1;PSMD1;MCM7;RFC5;RPA1;MCM4;ORC1;PSMF1"
"RA_Regulation_of_PTEN_gene_transcription%R-MMU-8943724",0.218562874251497,0.372932846048424,-0.448005558449323,-1.17930867217038,145,35,"LAMTOR4;LAMTOR2;CHD3;LAMTOR5;CBX8;GATAD2B"
"RA_Signaling_by_FGFR3%R-MMU-5654741",0.216949152542373,0.372932846048424,-0.559534091523401,-1.24308637168372,127,15,"RPS27A;SPRY2"
"RA_Metalloprotease_DUBs%R-MMU-5689901",0.217171717171717,0.372932846048424,-0.518686785322043,-1.20823882821833,128,19,"RPS27A;HIST1H2AB;HIST1H2AC;KAT2B;BARD1;UIMC1;EP300;STAM"
"RA_Resolution_of_D-Loop_Structures%R-MMU-5693537",0.218592964824121,0.372932846048424,0.473586236900475,1.21573827094429,86,21,"SPIDR;BLM;RMI1;TOP3A;EME1;EXO1;WRN;KAT5;SLX4"
"RA_Resolution_of_D-loop_Structures_through_Holliday_Junction_Intermediates%R-MMU-5693568",0.218592964824121,0.372932846048424,0.473586236900475,1.21573827094429,86,21,"SPIDR;BLM;RMI1;TOP3A;EME1;EXO1;WRN;KAT5;SLX4"
"RA_Regulation_of_ornithine_decarboxylase_(ODC)%R-MMU-350562",0.219814241486068,0.373883437935518,-0.461770091517384,-1.19507995534168,141,31,"PSMB5;PSMB6;PSMA7;PSMD9;PSMB1;PSMD13;OAZ1;PSMC5;PSMD7;PSMD10;PSMD4"
"WP_TNF-alpha_NF-kB_Signaling_Pathway%WP246",0.219512195121951,0.379495659363373,0.298240928172676,1.09657491955883,53,153,"AKT1;FLNA;RNF216;CASP8;CUL1;GTF2I;ELP1;ACTL6A;FANCD2;SMARCC2;MCM5;RIPK3;POLR1B;G3BP2;POLR1A;MAP3K3;SMARCA4;MARK2;STAT1;PSMD1;MCM7;FAF1;RIPK1;NSMAF;CASP2;FKBP5;KPNA3;BTRC;DPF2;PKN1;TBK1;IQGAP2;LRPPRC;TRPC4AP;CCAR2;TNIP1;IKBKG;PRKACA"
"RA_Phase_I_-_Functionalization_of_compounds%R-MMU-211945",0.223958333333333,0.379784764056225,0.456879019200758,1.20001322864692,85,23,"ARNT;NCOA2;ALDH2;NCOA1"
"BP_peptidyl-serine_phosphorylation%0018105",0.0609318996415771,0.381007902578054,0.40411767729088,1.31399098026697,16,74,"DGKQ;PKD1;ILK;AKT1;PRKDC;MTOR;MARK2;PLK1;MAPKAPK3;ATR;TTK;PDK3;RPS6KA2;TBK1;MAPK14;MKNK1;PRKACA;PINK1;HIPK2;ULK1;MARK3;SYK;ATM"
"RA_Positive_epigenetic_regulation_of_rRNA_expression%R-MMU-5250913",0.228070175438597,0.38444164302973,-0.492943621594954,-1.21393322591131,142,25,"POLR2L;POLR2F;POLR2H;TAF1D;ZNRD1;POLR1C;KAT2B;POLR2E"
"RA_B-WICH_complex_positively_regulates_rRNA_expression%R-MMU-5250924",0.228070175438597,0.38444164302973,-0.492943621594954,-1.21393322591131,142,25,"POLR2L;POLR2F;POLR2H;TAF1D;ZNRD1;POLR1C;KAT2B;POLR2E"
"BP_regulation_of_mRNA_processing%0050684",0.0618556701030928,0.384468177047966,-0.641468503306115,-1.43466021056713,35,16,"RBM8A;MAGOH;MAGOHB;SRPK1"
"KEGG_Cytosolic_DNA-sensing_pathway%mmu04623",0.20431654676259,0.385037748798902,-0.431746567827607,-1.19522371411792,141,47,"POLR2L;POLR2F;POLR2H;DNASE2A;POLR1D;POLR1C;POLR3GL;NFKBIA;POLR2E"
"KEGG_Influenza_A%mmu05164",0.205645161290323,0.385037748798902,0.323804260937956,1.12304884264957,50,102,"RAF1;AKT1;PRKCB;CASP8;ADAR;JAK1;TYK2;XPO1;STAT1;NLRX1;EIF2S1;STAT2;NUP98;TBK1;KPNA1;MAP2K1;NXT2;IKBKG;JAK2;IFNAR1;RAB11B;PIK3R2;PIK3CB;PML;IFIH1;MAVS"
"KEGG_Arrhythmogenic_right_ventricular_cardiomyopathy%mmu05412",0.203166226912929,0.385037748798902,0.442417235371683,1.19628467065219,76,25,"CTNNA1;ITGB1;ITGB5;JUP;DAG1;ATP2A2;SLC8A1;ITGA5"
"RA_Integrin_signaling%R-MMU-354192",0.229268292682927,0.385307608299964,0.489272835359998,1.17547208473234,93,16,"TLN1;SHC1;FN1;APBB1IP;SYK"
"BP_positive_regulation_of_protein_import_into_nucleus%0042307",0.063013698630137,0.387030882710546,0.481295624713223,1.40935142374758,22,33,"XBP1;FLNA;UBR5;BRCA1;JUP;PSEN1;MAPK14;PTPN22;ECT2;JAK2;TPR;PIK3R2;MAVS"
"BP_positive_regulation_of_transcription_by_RNA_polymerase_I%0045943",0.06265664160401,0.387030882710546,0.558939315317773,1.45299745010889,24,20,"PHF8;MYBBP1A;HEATR1;SF3B1;MYO1C;DHX33;UTP15;WDR43;WDR75;DDX21;SMARCA5"
"RA_Signaling_by_FGFR1%R-MMU-5654736",0.233108108108108,0.388283623860547,-0.536508925598924,-1.20992481321852,137,16,"RPS27A;SPRY2"
"RA_Post-translational_modification:_synthesis_of_GPI-anchored_proteins%R-MMU-163125",0.231788079470199,0.388283623860547,-0.511791439895613,-1.21411096837876,139,21,"LY6K;DPM3;PIGL;PIGF;CD52;PLAUR;FCGR4"
"RA_DNA_Replication_Pre-Initiation%R-MMU-69002",0.232638888888889,0.388283623860547,0.338115718241445,1.11880591662374,66,75,"POLE;CDC23;CDC6;POLA1;ANAPC2;MCM6;MCM2;MCM5;ORC3;CDC16;ORC5;UBE2E1;ANAPC1;PSMD1;MCM7;RPA1;MCM4;MCM10;ORC1;PSMF1;KPNA1"
"RA_APC-Cdc20_mediated_degradation_of_Nek2A%R-MMU-179409",0.233990147783251,0.388603106790473,0.468793038642397,1.18329764584715,94,20,"BUB1B;CDC23;ANAPC2;CDC16;UBE2E1;ANAPC1"
"BP_cell_redox_homeostasis%0045454",0.0638297872340426,0.389347336834209,-0.572732522045218,-1.40769081727616,38,25,"TXN1;SELENOT;SELENOS;PRDX5;PRDX4;CHD6;PRDX2"
"BP_intrinsic_apoptotic_signaling_pathway_in_response_to_DNA_damage%0008630",0.0645161290322581,0.389347336834209,0.450407915134573,1.3875578349242,21,43,"MYC;FNIP2;MSH2;MLH1;MSH6;BRCA1;PRKDC;BRCA2;TOPORS;RAD9A;CASP2;USP47"
"BP_positive_regulation_of_cell-substrate_adhesion%0010811",0.0642857142857143,0.389347336834209,0.596784948539006,1.46959161326842,26,16,"RSU1;EMILIN1;ITGB1;RAC1;PPM1F;JAK2;ITGA5;LIMS1;L1CAM;ITGA6"
"KEGG_Dopaminergic_synapse%mmu04728",0.211221122112211,0.390376143680109,0.349845848385128,1.12196610869067,63,63,"PPP2R1B;AKT1;ARRB1;PRKCB;GNAS;PPP2R1A;PPP2R5B;MAPK14;PPP2R5C;PPP2R3C;PRKACA;GNB5;ITPR1;CREB1;ITPR2"
"KEGG_Human_immunodeficiency_virus_1_infection%mmu05170",0.211453744493392,0.390376143680109,0.299350650001375,1.0954906667821,47,146,"RAF1;DCAF1;AP1M1;PLCG2;AKT1;AP1B1;PRKCB;CASP8;CUL1;CCNB1;LIMK1;MTOR;RAC1;DDB1;CUL4B;CDC25C;AP1G2;NFATC1;RIPK1;ATR;PXN;BTRC;PLCG1;TBK1;MAPK14;NFATC3;MAP2K1;IKBKG;MAP2K3;GNA11;GNB5;ITPR1;PIK3R2;PIK3CB;ITPR2"
"BP_regulation_of_circadian_rhythm%0042752",0.0654761904761905,0.392857142857143,0.447352750643396,1.38439497373372,21,45,"USP7;PRKDC;TOP2A;MTOR;DDB1;ATG7;KDM5B;CRY1;PRKAA1;BTRC;CCAR2;FBXW7;PML;PPP1CA;CSNK1D;TIMELESS"
"RA_Nucleotide-binding_domain,_leucine_rich_repeat_containing_receptor_(NLR)_signaling_pathways%R-MMU-168643",0.238023952095808,0.394139661852765,-0.444242003653682,-1.16940166828398,158,35,"RPS27A;TAB2;PSTPIP1;BCL2;HSP90AB1;AAMP;PYCARD;SUGT1;BIRC2;AIM2"
"BP_establishment_of_protein_localization%0045184",0.0668316831683168,0.398685558210994,0.552183162420903,1.46428207576182,26,21,"FLNA;PLEKHA1;RIPOR2;PLK1;CARMIL2;LIMS1;CENPE;KIF14;CEP55;RDX;CORO1C;HINFP"
"WP_TCA_Cycle%WP434",0.241469816272966,0.399539170506912,0.413611672945404,1.15845878456981,91,28,"PCX;PDK3;PDK1;SDHA;IDH3G;OGDH;IDH3A;IDH3B;ACO2;DLD;FH1;DLAT;IDH2"
"WP_Wnt_Signaling_in_Kidney_Disease%WP3857",0.24047619047619,0.399539170506912,0.475129936786745,1.1700143779161,100,16,"DVL3;LRP5;BTRC;DVL2;AXIN1"
"WP_Glycerolipids_and_Glycerophospholipids%WP4345",0.242857142857143,0.399539170506912,0.47478171425801,1.16915687487579,101,16,"PCYT1A;DGKZ;CDIPT;DGAT2;CHPT1;PNPLA2;PTDSS2"
"KEGG_Viral_protein_interaction_with_cytokine_and_cytokine_receptor%mmu04061",0.219155844155844,0.401785714285714,-0.511606708718742,-1.21433370016726,134,21,"CXCR4;CX3CR1;CCL6;TNFSF14;TNFRSF10B;CCR2"
"BP_isotype_switching%0045190",0.0682352941176471,0.402433155080214,0.606406094390264,1.47933461013041,28,15,"MSH2;MLH1;MSH6;PCYT1A;NBN;EXO1;SWAP70"
"BP_protein_localization_to_phagophore_assembly_site%0034497",0.0682352941176471,0.402433155080214,0.607038086680767,1.4808763625589,28,15,"PIK3C3;ATG13;STX17;WIPI2;MFN2;ATG4D"
"BP_defense_response_to_Gram-positive_bacterium%0050830",0.0690690690690691,0.402773560076931,-0.493741953638523,-1.36337760554216,45,45,"ROMO1;FAU;RPL39;CAMP;PGLYRP1;RNASE4;PPP1R11"
"BP_intracellular_glucose_homeostasis%0001678",0.0690476190476191,0.402773560076931,0.587311164214951,1.44626228161784,28,16,"RAF1;HK1;HK3;ABCC8;PIK3R2"
"WP_G13_Signaling_Pathway%WP298",0.249322493224932,0.403664989030843,0.398524211738957,1.15029092661192,91,31,"MAP3K4;LIMK1;IQGAP1;RAC1;ARHGEF1;PKN1;IQGAP2;PIK3R2;PIK3CB;CDC42"
"BP_cardiac_muscle_cell_development%0055013",0.0705882352941176,0.404809879753006,0.59748042023827,1.45756032584478,29,15,"MTOR;ATG7;VEGFA;HNRNPU;PLEC;SLC8A1;ZMPSTE24"
"BP_positive_regulation_of_protein_metabolic_process%0051247",0.0705882352941176,0.404809879753006,0.600279839716828,1.46438954171384,29,15,"AKT1;EIF4G1;NR1H2;TGFB1"
"BP_positive_regulation_of_glial_cell_proliferation%0060252",0.0705882352941176,0.404809879753006,0.596073866115999,1.45412902095958,29,15,"MYC;MTOR;UFL1"
"WP_Oxidative_Stress%WP412",0.255852842809365,0.404838404838405,-0.489259534836391,-1.16430235162365,152,21,"SOD1;CYBA;MGST1;SOD2;GSTT2;FOS;JUNB;SP1"
"WP_Splicing_factor_NOVA_regulated_synaptic_proteins%WP1983",0.257985257985258,0.404838404838405,0.449057448201368,1.15095887308034,104,19,"AGRN;STX2;SNW1;EPB41;CLASP1"
"BP_regulation_of_Rho_protein_signal_transduction%0035023",0.0712530712530713,0.406377406377406,0.559774299701776,1.43473223692124,28,19,"DOCK7;DOCK8;DOCK11;DOCK10;CDC42SE2;ARHGEF2;TAGAP"
"RA_Synthesis_of_active_ubiquitin:_roles_of_E1_and_E2_enzymes%R-MMU-8866652",0.248,0.409454545454545,-0.477058236452191,-1.17873519527485,154,26,"RPS27A;UBE2A;UBE2S;UCHL3;UBE2K;UBE2R2;UBE2B;CDC34;UBE2T;UBE2C;OTULIN"
"KEGG_Systemic_lupus_erythematosus%mmu05322",0.225283630470016,0.410171575476443,-0.502713625558993,-1.20391752673497,138,22,"SNRPD1;SNRPD3;H2-AB1;C1QB;FCGR4;C1QC;H3F3B;SSB;H2-AA;SNRPB"
"BP_protein_processing%0016485",0.0731707317073171,0.411349766188476,0.443381602996156,1.39052465040126,23,54,"MYC;PITRM1;PMPCA;LONP2;CASP8;NCSTN;PIK3C3;CASP2;PSEN1;PCSK7;ADAM17;AFG3L2;CASP7;ATG4D;ZMPSTE24"
"BP_synapse_organization%0050808",0.0737100737100737,0.411349766188476,0.557820829498899,1.42972538563238,29,19,"NPTN;FLNA;MYO5A;PSEN1"
"BP_telomere_maintenance%0000723",0.0736196319018405,0.411349766188476,0.434683913442626,1.35911289642212,23,51,"PARP1;BLM;PRKDC;NBN;ACTL6A;XRN1;RAD50;RECQL4;ATR;RPA1;DCLRE1C;RTEL1;WRN;XRCC6;SP100;RIF1;CTC1;ACTR8;ATM"
"BP_monocyte_differentiation%0030224",0.0729411764705882,0.411349766188476,0.593595937896053,1.44808408669672,30,15,"FASN;MYH9;GMPR2;VEGFA;MED1;IFI209"
"RA_Interleukin-3,_Interleukin-5_and_GM-CSF_signaling%R-MMU-512988",0.25,0.411549707602339,0.404705142194068,1.14578488578737,88,31,"JAK3;HCK;SHC1;PTPN6;VAV1;PRKACA;JAK2;TEC;PIK3R2;PIK3CB;SYK"
"BP_release_of_sequestered_calcium_ion_into_cytosol%0051209",0.075,0.41513357862742,0.513400774088908,1.41202170533885,29,24,"CHERP;PLCG2;FLNA;PLCL2;PLCG1;ITPR1;ITPR2"
"BP_regulation_of_innate_immune_response%0045088",0.075187969924812,0.41513357862742,0.540264727058146,1.40445169857655,29,20,"MYO1F;CASP8;APPL2;PTPN22;TKFC;SERPINB1A;RNF135;LRP8;DHX58"
"KEGG_Neurotrophin_signaling_pathway%mmu04722",0.232824427480916,0.415308438209202,0.323952297185184,1.10150810788835,60,88,"RAF1;PLCG2;AKT1;SH2B2;RPS6KA1;KIDINS220;MAP3K3;RAC1;SHC1;PSEN1;PLCG1;RPS6KA2;MAPK14;MAP2K1;TRP53;ZFP110;SH2B3;PIK3R2;PIK3CB"
"KEGG_Melanogenesis%mmu04916",0.231927710843374,0.415308438209202,0.381541804111842,1.14536698667426,76,40,"RAF1;PRKCB;DVL3;GNAS;ADCY3;MAP2K1;DVL2;PRKACA;CREB1"
"KEGG_Alcoholism%mmu05034",0.230263157894737,0.415308438209202,0.361791048438169,1.12403639381983,69,53,"RAF1;SHC1;HDAC5;GNAS;MAP2K1;PRKACA;CAMKK1;HDAC6;SLC29A1;GNB5;CREB1;HDAC9;PPP1CA;ATF6B;SOS2;GNAI3;HDAC3;MAPK1;HDAC10;PRKACB;ARAF;HDAC1"
"KEGG_Phagosome%mmu04145",0.236772486772487,0.416719576719577,-0.362032453413141,-1.13134429010838,178,100,"H2-Q4;ATP6V1G1;ATP6V1F;ACTB;ATP6V0B;CYBA;H2-AB1;H2-Q6;CTSL;H2-Q7;TUBB5;H2-T22;ATP6V1D;ATP6V0E;FCGR4;EEA1;CTSS;H2-AA;H2-K1;TAP1;TUBA1C;COLEC12;SEC22B;TAP2;RAB5C;H2-T23;H2-DMA;TFRC;VAMP3;TCIRG1;RAB5A;ACTG1;ATP6AP1;CD14;THBS1"
"KEGG_Renal_cell_carcinoma%mmu05211",0.236065573770492,0.416719576719577,0.355282426115414,1.11247759092224,71,56,"RAF1;ARNT;AKT1;RAC1;HGF;CUL2;VEGFA"
"KEGG_Metabolism_of_xenobiotics_by_cytochrome_P450%mmu00980",0.23841059602649,0.416823823516512,-0.51190453323078,-1.1869812038682,143,18,"DHDH;MGST1;GSTP1;GSTT2;MGST2;GSTK1;GSTM5"
"RA_Cross-presentation_of_soluble_exogenous_antigens_(endosomes)%R-MMU-1236978",0.254746835443038,0.418141307155774,-0.458508847249198,-1.16004289641755,160,29,"PSMB5;PSMB6;PSMA7;PSMD9;PSMB1;PSMD13;PSMC5;PSMD7;PSMD10;PSMD4"
"RA_Intraflagellar_transport%R-MMU-5620924",0.259615384615385,0.418143236074271,-0.467476433284201,-1.16832820880004,161,27,"IFT20;DYNLRB1;DYNLL1;TRIP11;CLUAP1;KIF3B"
"RA_Regulation_of_RAS_by_GAPs%R-MMU-5658442",0.258258258258258,0.418143236074271,-0.426770132738723,-1.16362022227865,171,42,"RPS27A;RBX1;PSMB5;PSMB6;PSMA7;PSMD9;PSMB1;SYNGAP1;PSMD13;PSMC5;PSMD7;PSMD10;PSMD4"
"RA_Downstream_signaling_events_of_B_Cell_Receptor_(BCR)%R-MMU-1168372",0.257016248153619,0.418143236074271,-0.419289104117297,-1.15180031771704,173,44,"RPS27A;PSMB5;PSMB6;PSMA7;PSMD9;PSMB1;NFKBIA;FKBP1A;PSMD13;PSMC5;PSMD7;PSMD10;CALM1;PSMD4;PPP3CB"
"RA_Dectin-1_mediated_noncanonical_NF-kB_signaling%R-MMU-5607761",0.259701492537313,0.418143236074271,-0.433021010545279,-1.15084594299553,173,36,"RPS27A;PSMB5;PSMB6;PSMA7;PSMD9;PSMB1;PSMD13;PSMC5;PSMD7;PSMD10;PSMD4"
"RA_NIK-->noncanonical_NF-kB_signaling%R-MMU-5676590",0.259701492537313,0.418143236074271,-0.433021010545279,-1.15084594299553,173,36,"RPS27A;PSMB5;PSMB6;PSMA7;PSMD9;PSMB1;PSMD13;PSMC5;PSMD7;PSMD10;PSMD4"
"RA_RND2_GTPase_cycle%R-MMU-9696270",0.259946949602122,0.418143236074271,0.423110640252672,1.14783444212407,97,26,"ARHGAP1;NISCH;KIDINS220;WDR6;GOLGA3;RBMX;PIK3R2;DEPDC1B;KTN1"
"RA_Ion_transport_by_P-type_ATPases%R-MMU-936837",0.258312020460358,0.418143236074271,0.445197096349933,1.1604978544903,100,22,"ATP2C1;ATP13A2;ATP1A3;ATP2A2;ATP10A;ATP11B;ATP1A1;ATP8B4;ATP8A2;ATP7A;ATP13A1"
"BP_proteasomal_protein_catabolic_process%0010498",0.0761670761670762,0.418314418314418,0.555991842584587,1.42503759184072,30,19,"VCP;DDB1;CUL4B;RNF41;PRPF19;BAG6;TRIM21;NUB1;FILIP1L"
"BP_vesicle-mediated_transport%0016192",0.0769230769230769,0.420242914979757,0.361812389006838,1.27553722676276,18,117,"COPG1;AP1M1;MIA2;AP1B1;AP3B1;KIF1B;AP2A1;KIF17;ARFGAP2;GOLPH3L;SCFD2;RIN3;VPS41;STX2;AP1G2;VPS11;MYO5A;VPS33B;AP4E1;AP3M1;AP2M1;HPS4;GSN;HPS1;MON1B;STX6;OLR1;NSF;GOSR2;AP2A2;STX5A;AP2B1;VPS45;AP5B1;LGALS3BP;VPS33A;CCZ1;VPS9D1"
"KEGG_Glucagon_signaling_pathway%mmu04922",0.242524916943522,0.421227487322959,0.338932384770059,1.09239623260815,72,65,"AKT1;PFKP;SIK2;PYGB;GNAS;PHKG2;PKM;PRKAA1;PYGL;PRKACA;ACACA;GYS1;ITPR1;CREB1;ITPR2;PFKL"
"KEGG_Necroptosis%mmu04217",0.246153846153846,0.421978021978022,0.319774396877627,1.09007334365282,63,90,"JAK3;CASP8;PARP1;PLA2G4A;JAK1;STAT6;TYK2;RIPK3;PYGB;STAT1;FAF1;RIPK1;CAPN1;STAT2;SQSTM1;AIFM1;MLKL;USP21;CHMP7;PYGL;JAK2;IFNAR1"
"KEGG_Pancreatic_cancer%mmu05212",0.245791245791246,0.421978021978022,0.341454094345113,1.09621227323124,72,64,"RAF1;AKT1;DDB2;JAK1;MTOR;RAC1;BRCA2;TGFBR2;STAT1;ARHGEF6;VEGFA;MAP2K1;IKBKG;TRP53;PIK3R2;PIK3CB"
"RA_Anchoring_of_the_basal_body_to_the_plasma_membrane%R-MMU-5620912",0.263888888888889,0.422072285353535,0.326812986224498,1.08140581135699,75,75,"ODF2;DCTN1;CKAP5;PLK1;TUBG1;CLASP1;KIF24;NEDD1;CEP162;TMEM67;PRKACA;CEP78;IQCB1;PLK4;CSNK1D;ACTR1A;PCM1;CENPJ;CEP89;CDK5RAP2;CC2D2A;CEP72"
"RA_Degradation_of_GLI1_by_the_proteasome%R-MMU-5610780",0.26355421686747,0.422072285353535,-0.436584393983697,-1.14597663552321,174,34,"RPS27A;RBX1;PSMB5;PSMB6;PSMA7;PSMD9;PSMB1;PSMD13;PSMC5;PSMD7;PSMD10;PSMD4"
"BP_adaptive_immune_response%0002250",0.0778816199376947,0.423251945001713,0.437420010206071,1.36920716287978,24,55,"JAK3;BTLA;PRKCB;MFSD6;FBXO38;DCLRE1C;NEDD4;JAK2;ANXA1;TEC;BCL10;CTNNBL1;SYK;RNF125;TNFRSF21;ADGRE1;PRKD2;BMX"
"BP_cell_surface_receptor_signaling_pathway_via_JAK-STAT%0007259",0.0796019900497513,0.42372751626483,0.514711308723789,1.39550382411987,31,23,"JAK3;PKD1;JAK1;STAT6;TYK2;STAT1;STAT2;CTR9;JAK2;IFNAR1;STAT4;PIAS1;CSF2RB2;CSF2RA;IL31RA;STAT3;STAT5A"
"BP_spindle_assembly%0051225",0.0794520547945206,0.42372751626483,0.471685079102219,1.38120939326906,28,33,"PPP2R1B;KIF11;TUBGCP4;TUBGCP2;TPX2;PPP2R1A;TUBGCP6"
"BP_negative_regulation_of_ubiquitin-dependent_protein_catabolic_process%2000059",0.0790378006872852,0.42372751626483,-0.619541055302372,-1.40206798046935,45,17,"RPL23;RPL11;PSEN2;CDKN2A;RPL5"
"BP_maturation_of_SSU-rRNA%0030490",0.0786324786324786,0.42372751626483,-0.614695554153461,-1.41055445011614,45,18,"RPS28;RPS14;LSM6;NOL7;RPS19;TRMT112"
"KEGG_Dilated_cardiomyopathy%mmu05414",0.249307479224377,0.424626932356358,0.39822639142314,1.13900800017257,89,31,"ITGB1;GNAS;ITGB5;ADCY3;DAG1;ATP2A2;PRKACA;SLC8A1;TPM4;ITGA5"
"RA_Recognition_of_DNA_damage_by_PCNA-containing_replication_complex%R-MMU-110314",0.266666666666667,0.425306893295562,0.434444710463958,1.16227770138671,99,25,"POLE;WDR48;RAD18;POLD1;DDB1;CUL4B;RFC5;RPA1"
"RA_activated_TAK1_mediates_p38_MAPK_activation%R-MMU-450302",0.269491525423729,0.428492695302248,-0.534689510608712,-1.18789052139842,158,15,"RPS27A;TAB2"
"RA_HDR_through_Homologous_Recombination_(HRR)%R-MMU-5685942",0.270186335403727,0.428492695302248,0.377534809311592,1.12945597729431,86,40,"POLE;SPIDR;POLD1;BLM;RMI1;TOP3A;EME1;RFC5;EXO1;RPA1;WRN"
"BP_cellular_response_to_amino_acid_starvation%0034198",0.0816326530612245,0.429706905116741,0.435669557189436,1.31924395278996,27,41,"RRAGC;MTOR;BECN1;DEPDC5;MIOS;EIF2S1;TRIM32;SESN2;ULK1;UCP2;GCN1;SEH1L;SESN1"
"BP_negative_regulation_of_autophagy%0010507",0.0819672131147541,0.429706905116741,0.457853448404442,1.35144672753651,29,35,"AKT1;KDM4A;RRAGC;EIF4G1;MTOR;BECN1;WDR6;SIRT2;PTPN22;MTMR9;TBC1D14;RPTOR"
"BP_negative_regulation_of_programmed_cell_death%0043069",0.0815347721822542,0.429706905116741,0.560107215579831,1.4267042643779,33,18,"PLCG2;DPP9;XPNPEP1;BECN1;DPP8;VEGFA;DNAJA3;PEPD"
"RA_G1/S_Transition%R-MMU-69206",0.272727272727273,0.431307456588355,0.326428991255096,1.08402736344775,77,76,"PPP2R1B;POLE;CUL1;CDC6;POLA1;MCM6;MCM2;MCM5;ORC3;ORC5;PSMD1;MCM7;PPP2R1A;RPA1;MCM4;MCM10;ORC1;PSMF1"
"KEGG_Staphylococcus_aureus_infection%mmu05150",0.255663430420712,0.432661189942743,-0.483555323501446,-1.16563716833686,157,23,"CAMP;H2-AB1;FPR2;C1QB;FCGR4;C1QC;PTAFR;H2-AA"
"KEGG_Wnt_signaling_pathway%mmu04310",0.258389261744966,0.434488949685804,0.329856231162647,1.08636316442211,76,70,"MYC;PRKCB;CUL1;DVL3;RAC1;NFATC1;LRP5;PSEN1;TLE1;BTRC;NFATC3;DVL2;PRKACA;AXIN1;TRP53"
"BP_positive_regulation_of_fat_cell_differentiation%0045600",0.083743842364532,0.436814614946654,0.522158134253723,1.40141689131238,33,22,"CARM1;SAV1;XBP1;AKT1;ASXL2;LRP5"
"KEGG_Glioma%mmu05214",0.261744966442953,0.437346019879365,0.358111500810186,1.10538341871227,77,52,"RAF1;PLCG2;AKT1;PRKCB;DDB2;MTOR;SHC1"
"BP_calcium_ion_transmembrane_transport%0070588",0.0844686648501362,0.438392370572207,0.467265316715878,1.35864916658858,30,32,"PKD1;SEC61A1;ATP2C1;PSEN1;ATP2A2;SLC25A25;ASPH;SLC8A1;ANO6;ITPR2;P2RX4;ORAI2"
"BP_positive_regulation_of_peptidyl-serine_phosphorylation%0033138",0.0850439882697947,0.439182387184313,0.447056037572658,1.34009186648502,28,40,"RAF1;DOCK7;FNIP2;AKT1;ARRB1;EIF4G1"
"RA_Polymerase_switching_on_the_C-strand_of_the_telomere%R-MMU-174411",0.281329923273657,0.443665957431566,0.438100133378961,1.14199815993089,109,22,"POLD1;POLA1;CHTF18;RFC5;CTC1;RFC1;POLA2;PRIM1;PRIM2;POLD2"
"KEGG_Glutamatergic_synapse%mmu04724",0.26878612716763,0.446286399825499,0.381407658428075,1.12880864858445,92,37,"PRKCB;PLA2G4A;GNAS;ADCY3;PRKACA;GNB5;ITPR1;ITPR2;GLS;GNAI3;MAPK1;PLD1;PRKACB;SLC38A2;ADCY7;GRK2;GNG12"
"RA_Processing_of_DNA_double-strand_break_ends%R-MMU-5693607",0.283987915407855,0.446606693783861,0.382172162806083,1.13265258482375,93,38,"BLM;RMI1;TOP3A;RAD9A;RFC5;EXO1;RPA1;ATRIP;WRN;KAT5"
"KEGG_Ferroptosis%mmu04216",0.271505376344086,0.447983870967742,0.400032797123111,1.12325717150636,100,29,"NCOA4;ACSL5;ATG7;LPCAT3;ACSL1;TRP53;FTH1"
"BP_positive_regulation_of_T_cell_mediated_cytotoxicity%0001916",0.0873949579831933,0.449088942507696,-0.593057465379157,-1.38622362952134,51,19,"H2-Q4;H2-Q6;H2-Q7;H2-T22;H2-K1;TAP2;H2-T23;FADD;H2-M3;PNP"
"KEGG_Pentose_phosphate_pathway%mmu00030",0.274611398963731,0.450294467865993,0.42919572561294,1.14572212068519,105,24,"PFKP;PRPS1L3;PGM1;G6PDX;PGM2"
"KEGG_Fluid_shear_stress_and_atherosclerosis%mmu05418",0.276478679504814,0.45055784808192,-0.365128188376677,-1.10542973284001,200,83,"TXN1;ACTB;CYBA;MGST1;GSTP1;HSP90AA1;CALM3;CALML4;CTSL;BCL2;GSTT2;FOS;SUMO2;HSP90AB1;BMPR2;MGST2"
"KEGG_DNA_replication%mmu03030",0.283625730994152,0.451067427605158,0.385368879400048,1.11504264646623,96,34,"POLE;POLD1;POLA1;MCM6;MCM2;MCM5;MCM7;RFC5;RPA1;MCM4"
"KEGG_Apoptosis%mmu04215",0.279935275080906,0.451067427605158,-0.471502675732516,-1.13658358639176,172,23,"BAX;BAK1;BIRC5;XIAP;BCL2"
"KEGG_RIG-I-like_receptor_signaling_pathway%mmu04622",0.280487804878049,0.451067427605158,0.364776819565841,1.10853438544117,91,42,"CASP8;ADAR;NLRX1;RIPK1;TBK1;MAPK14;IKBKG;TKFC;IFIH1;MAVS;RNF125;DHX58;OTUD5"
"KEGG_Insulin_secretion%mmu04911",0.282548476454294,0.451067427605158,0.387199117252097,1.10746776634721,101,31,"PRKCB;GNAS;ADCY3;ATP1A3;ABCC8;PRKACA;GNA11;ATP1A1;CREB1"
"BP_B_cell_differentiation%0030183",0.0889570552147239,0.454864154250657,0.414571875868153,1.29622920370778,28,51,"DCAF1;JAK3;PLCG2;MSH2;TOP2B;HDAC5;DCLRE1C;ADGRG3;NFAM1;IKZF3;ADAM17"
"BP_vesicle_transport_along_microtubule%0047496",0.0894117647058824,0.454948096885813,0.585065393148391,1.42727372511688,37,15,"KIF1B;SPG11;TRAK1;MAP2K1;NDEL1"
"BP_positive_regulation_of_interleukin-1_beta_production%0032731",0.0901639344262295,0.456537385045982,0.451600894878126,1.33299105568052,32,35,"NLRP1A;HK1;CASP8;JAK2;IFNAR1;IFI209;MYD88;SMAD3;CASP1;STAT3;MALT1;RELA;APP"
"BP_Golgi_to_plasma_membrane_transport%0006893",0.0911330049261084,0.459204170452915,0.5174658400198,1.38882327269946,36,22,"EXOC1;EXOC2;EXOC4;GGA2;LLGL2;DNM2;EXOC6;STXBP5;SEC16A;GGA3;GGA1;EXOC5"
"BP_cortical_actin_cytoskeleton_organization%0030866",0.0915841584158416,0.459248098722916,0.522519565705752,1.38562000142006,36,21,"TLN1;NCKAP1L;FMNL3;EPB41;LLGL2;FMNL1"
"RA_Death_Receptor_Signaling%R-MMU-73887",0.294117647058824,0.459967320261438,0.306820636710776,1.05390697639669,84,93,"ARHGEF11;KALRN;CASP8;NET1;NCSTN;RASGRF2;TAX1BP1;ARHGEF1;RIPK1;TIAM2;ARHGEF6;NSMAF;CASP2;VAV3;SQSTM1;VAV1;TBK1;USP21;ECT2;IKBKG;ADAM17;ABR;ARHGEF3;USP4;FGD2;PLEKHG5;ULK1"
"RA_TCR_signaling%R-MMU-202403",0.294032023289665,0.459967320261438,-0.387336695019951,-1.10508027740064,201,57,"RPS27A;TAB2;PSMB5;PSMB6;PSMA7;PSMD9;PSMB1;NFKBIA;PSMD13;PSMC5;PSMD7;PSMD10;PDPK1;CDC34;PSMD4"
"KEGG_Porphyrin_metabolism%mmu00860",0.292746113989637,0.460029607698002,0.438940865382773,1.12131196297741,112,21,"UGT1A7C;ALAS1;EPRS;COX15;FECH"
"KEGG_Prolactin_signaling_pathway%mmu04917",0.291925465838509,0.460029607698002,0.364523381325987,1.09715631835027,93,41,"RAF1;AKT1;SHC1;STAT1;MAPK14;MAP2K1;JAK2;PIK3R2;PIK3CB"
"RA_HDR_through_Homologous_Recombination_(HRR)_or_Single_Strand_Annealing_(SSA)%R-MMU-5693567",0.296296296296296,0.461237948217961,0.32300749028302,1.05693368482562,87,67,"POLE;SPIDR;POLD1;BLM;RMI1;TOP3A;RAD9A;EME1;RFC5;EXO1;RPA1;ATRIP;WRN"
"RA_Negative_regulation_of_MAPK_pathway%R-MMU-5675221",0.29656862745098,0.461237948217961,0.45271478836668,1.13112687170814,120,19,"PPP2R1B;PPP2R5B;PPP2R5C"
"KEGG_Th1_and_Th2_cell_differentiation%mmu04658",0.299674267100977,0.468130216063065,0.356549970191242,1.08261485103183,91,47,"JAK3;JAK1;STAT6;TYK2;STAT1;NFATC1;PLCG1;MAPK14;NFATC3;IKBKG;JAK2"
"RA_Lagging_Strand_Synthesis%R-MMU-69186",0.30272952853598,0.469522657205942,0.455756819837963,1.10080252062425,121,17,"POLD1;POLA1;RFC5;RPA1;RFC1;POLA2;PRIM1;PRIM2;POLD2"
"BP_negative_regulation_of_double-strand_break_repair_via_homologous_recombination%2000042",0.0945273631840796,0.471727898966705,0.508650553741752,1.3790716870925,37,23,"FBH1;PLK1;TRP53BP1;KAT5;RECQL5;RIF1;SHLD2;SMCHD1"
"RA_Protein_localization%R-MMU-9609507",0.306188925081433,0.473583419837492,0.343435418451167,1.07615556763012,93,54,"PITRM1;LONP2;GNPAT;CROT;CAT;HSD17B4;ABCD2;IDH1;EHHADH"
"BP_regulation_of_lipid_metabolic_process%0019216",0.0983213429256595,0.476697230272222,0.546362856384665,1.39169465312948,40,18,"PLCG2;NCOA2;GOLM1;RNF213"
"BP_skeletal_muscle_cell_differentiation%0035914",0.0995024875621891,0.476697230272222,0.505871000265201,1.37153566167373,39,23,"MYC;MEF2D;SNW1"
"BP_chemotaxis%0006935",0.0986666666666667,0.476697230272222,0.470765555115444,1.3473383900408,36,30,"PIP5K1C;DOCK2;RIPOR2;PIK3CG;NCKAP1L;RAC1;MOSPD2;LGALS9;PIK3C2G;FER"
"BP_positive_regulation_of_cytosolic_calcium_ion_concentration%0007204",0.0991501416430595,0.476697230272222,0.443531519839571,1.3201892918226,34,38,"NPTN;JAK3;PKD1;PLCG2;PIK3CG;P2RY2"
"BP_neural_tube_development%0021915",0.0995024875621891,0.476697230272222,0.507484112996177,1.37590919096415,39,23,"PKD1;NUP133;MED12;STIL;KAT5;TBC1D32;IFT172;TGFB1;AMBRA1;DVL1;C2CD3"
"BP_forebrain_development%0030900",0.0962099125364431,0.476697230272222,0.428906821419103,1.29876582177965,32,41,"KDM2B;NUMB;TOP2B;RAC1;SMARCA4;PSEN1;STIL"
"BP_response_to_zinc_ion%0010043",0.0996563573883162,0.476697230272222,-0.605565223921173,-1.35436163612898,57,16,"CRIP1;PAM;KHK;SOD2"
"BP_negative_regulation_of_extrinsic_apoptotic_signaling_pathway_via_death_domain_receptors%1902042",0.0983213429256595,0.476697230272222,0.549312084170749,1.39920692174875,40,18,"RAF1;BRCA1;HGF;RFFL;RNF34"
"BP_glycosylation%0070085",0.0976190476190476,0.476697230272222,0.561320310631543,1.38225942675132,40,16,"COG1;COG4;COG2;COG5;COG6;B4GALT5;CLN5"
"BP_purine_nucleotide_biosynthetic_process%0006164",0.101176470588235,0.48174851592013,0.573553443065303,1.39919019108655,42,15,"MTHFD1;PRPS1L3;IMPDH1;GART"
"BP_regulation_of_synapse_organization%0050807",0.103529411764706,0.489079822616408,0.572875985231805,1.39753752494538,43,15,"NEDD4L;AGRN;VCP;DAG1;NEDD4"
"BP_hematopoietic_progenitor_cell_differentiation%0002244",0.103658536585366,0.489079822616408,0.410771483110158,1.28825343470896,33,54,"ZFAT;DOCK7;AP3B1;ADAR;TOP2A;ANLN;PTPN6;SAMD9L;PSEN1;TIFAB;KCNAB2;SIN3A;TRP53"
"BP_cellular_response_to_nerve_growth_factor_stimulus%1990090",0.104166666666667,0.489253393665158,0.490658449896414,1.35772512631144,39,26,"AKT1;CSTF2;PARP1;USP8;KAT2A;KIDINS220"
"KEGG_Arginine_and_proline_metabolism%mmu00330",0.315104166666667,0.489338235294118,0.421467152703761,1.10216878234375,120,23,"PYCR1;ALDH3A2;ALDH9A1;ALDH18A1;ALDH2;GOT2"
"BP_regulation_of_G_protein-coupled_receptor_signaling_pathway%0008277",0.105,0.490945945945946,0.500362911163421,1.37616327587955,41,24,"DGKQ;ARRB1;GIT2;PDE4D;ITGB1;USP33;GIT1"
"BP_DNA-templated_transcription_initiation%0006352",0.105515587529976,0.491144304287512,0.542007921015444,1.38060176825042,43,18,"MYC;TAF6;TBP;RRN3;SMARCA5"
"BP_transcription_initiation_at_RNA_polymerase_II_promoter%0006367",0.106858054226475,0.491493322012866,-0.522423337033841,-1.33147926669175,66,30,"GTF2H5;POLR2I;ELOB;ELOC;TAF4;TAF10;TAF12;GTF2F2;MNAT1;CCNH;POLR2G;GTF2A2;ERCC2"
"BP_mitotic_cell_cycle%0000278",0.107011070110701,0.491493322012866,0.373969864880571,1.25144468385405,28,85,"POLE;CDC23;TBCD;TUBGCP4;CUL3;TUBGCP2;ESPL1;CLTC;PLK1;TUBG1;AURKB;PTPN6;DIS3L2;KIF18B;MYBL2;TUBGCP6;CENPC1;NEDD1;INCENP;RECQL5;SETDB2;TUBD1;HASPIN;UBA3;XRCC2;WDHD1"
"BP_positive_regulation_of_axon_extension%0045773",0.106493506493506,0.491493322012866,0.482539611485891,1.3446602630294,40,27,"ILK;ANAPC2;LIMK1;CYFIP1;FN1;NDEL1;PAK1"
"RA_Gluconeogenesis%R-MMU-70263",0.320197044334975,0.493892975234496,0.432674509664043,1.09212954651846,129,20,"SLC25A12;SLC25A13;ENO1;FBP1;SLC25A10;PGAM1"
"BP_bicellular_tight_junction_assembly%0070830",0.108235294117647,0.494926146670122,0.569864479347374,1.39019092186098,45,15,"ACTN4;TBCD;ITGB1;MPP7;ECT2;PECAM1"
"BP_lipid_biosynthetic_process%0008610",0.110588235294118,0.499278499278499,0.558958173314836,1.36358486342611,46,15,"FASN;ACLY;PRPF19;PRKAA1;ACSL1;ACACA;LIPA;RICTOR"
"BP_regulation_of_synaptic_vesicle_endocytosis%1900242",0.110588235294118,0.499278499278499,0.558217596076373,1.36177821677386,46,15,"PIP5K1C;DGKQ;RAC1;SH3GL1"
"BP_macroautophagy%0016236",0.111111111111111,0.499278499278499,0.434685827689899,1.28803440321138,39,37,"RAB3GAP2;VPS41;VCP;MTOR;PIK3C3;BECN1;ATG7;NBR1;MYO5A;SQSTM1;ULK1;TBC1D5;ATG14;EI24;PLAA;PDCD6IP"
"BP_lipopolysaccharide-mediated_signaling_pathway%0031663",0.111111111111111,0.499278499278499,0.456751531231664,1.3183568943009,40,31,"PLCG2;AKT1;CD180;STAT1;SCARB1;TIFAB;MAPK14;PTPN22;JAK2;BCL10"
"BP_negative_regulation_of_cyclin-dependent_protein_serine/threonine_kinase_activity%0045736",0.111683848797251,0.4996889441877,-0.597195605434616,-1.35149854765998,64,17,"CDKN1B;TFAP4;CDKN2A;KAT2B;APC"
"BP_positive_regulation_of_neuron_projection_development%0010976",0.112727272727273,0.502192742879438,0.371177749373262,1.22926804514019,30,81,"NPTN;FIG4;TSC2;AP2A1;P2RY2;KIDINS220;ITGB1;MTOR;SF3A2;MARK2;WASHC5;KATNB1;FBXO38;PPP2R5B;HSPA5;ABL2;PLXNB3;ADAM17;DDX56;ITPR1;CBFA2T2;KDM1A;ATP8A2"
"BP_positive_regulation_of_smooth_muscle_cell_proliferation%0048661",0.113372093023256,0.502410003025108,0.413802393392066,1.28198821575529,38,44,"MYC;ZFP143;AKT1;PDE4D;MTOR;TGFBR2;SHC1;STAT1;VEGFA;ORC1"
"BP_negative_regulation_of_viral_genome_replication%0045071",0.113744075829384,0.502410003025108,-0.513011038326377,-1.31727077315563,71,31,"BANF1;BST2;IFITM3;SRPK1;SLPI;ISG15;IFITM6;IFI203"
"BP_megakaryocyte_development%0035855",0.114285714285714,0.502663438256659,0.546101666261923,1.34478329370597,47,16,"FLNA;VPS33B;PTPN6;MED1;SH2B3"
"RA_Chondroitin_sulfate/dermatan_sulfate_metabolism%R-MMU-1793185",0.331632653061225,0.508527250459277,-0.482696056815992,-1.10983995787016,194,18,"B3GAT3;CSGALNACT2;XYLT1;CHPF2;CHST14;B3GALT6;CHSY1;SDC3;HEXA;CHST11;HEXB;B4GALT7;DSE"
"RA_Interleukin-1_signaling%R-MMU-9020702",0.332394366197183,0.508527250459277,-0.365700925339714,-1.07693025686583,235,69,"RPS27A;RBX1;TAB2;PSMB5;PSMB6;PSMA7;PSMD9;PSMB1;NKIRAS1;NFKBIA;PSMD13;PSMC5;PSMD7;PSMD10;PSMD4"
"RA_Regulation_of_TP53_Activity_through_Acetylation%R-MMU-6804758",0.3312,0.508527250459277,-0.457317584995194,-1.11539210662756,206,24,"CHD3;BRPF3;ING2;GATAD2B;PIP4K2B;MEAF6;EP300;PIN1"
"KEGG_Chronic_myeloid_leukemia%mmu05220",0.331081081081081,0.511142721669037,0.319835543972345,1.04102301828133,97,68,"MYC;RAF1;AKT1;DDB2;TGFBR2;SHC1"
"WP_IL-1_Signaling_Pathway%WP37",0.332425068119891,0.511249721541546,0.36536423890045,1.06235537054681,121,32,"AKT1;ELP1;CAPN1;SQSTM1;PLCG1;MAP2K1;MYD88;CASP1;MAPK1;MAP3K7;RELA"
"WP_Wnt_Signaling_Pathway%WP403",0.335820895522388,0.511249721541546,0.394907197634262,1.07068660651249,134,23,"MYC;PRKCB;DVL3;RAC1;PPP2R5C;DVL2;AXIN1"
"BP_programmed_cell_death%0012501",0.119047619047619,0.521398432790838,0.533849576333365,1.34383842925535,49,17,"PLCG2;GSDME;PKM;GATAD2A;BCL10;LIPA"
"RA_Fanconi_Anemia_Pathway%R-MMU-6783310",0.342723004694836,0.521494734170791,-0.424972543932482,-1.08615750494672,218,30,"SLX1B;RPS27A;CENPX;CENPS;RPA3"
"RA_KEAP1-NFE2L2_pathway%R-MMU-9755511",0.342688330871492,0.521494734170791,-0.38880040131098,-1.08369477045049,231,48,"RPS27A;BACH1;RBX1;PSMB5;PSMB6;PSMA7;PSMD9;PSMB1;PSMD13;PSMC5;PSMD7;PSMD10;PSMD4;GSK3B;EP300"
"BP_erythrocyte_development%0048821",0.119904076738609,0.522942990145699,0.530913867983527,1.35234301290929,49,18,"ALAS1;NCKAP1L;G6PDX;TMOD3;MED1;SH2B3;MAEA;SLC25A40"
"BP_regulation_of_actin_cytoskeleton_organization%0032956",0.120915032679739,0.522957516339869,0.38622455675764,1.24408280014123,36,63,"CLASP2;BCAS3;ILK;MYO1F;RHOBTB2;HCK;MTOR;RAC1"
"BP_positive_regulation_of_type_I_interferon_production%0032481",0.120547945205479,0.522957516339869,0.446454327684096,1.30732757592543,43,33,"PLCG2;UAP1;TBK1;PTPN22;TRAF3IP3;DHX33;SYK;MAVS;USP22;MYD88;DHX58"
"BP_actin_filament_bundle_assembly%0051017",0.121428571428571,0.522999407231772,0.532664657017693,1.34085567871558,50,17,"ACTN4;LCP1;MYH9;ADD1;ABL2;CORO1B;EZR;SWAP70;ACTN1"
"KEGG_Ribosome_biogenesis_in_eukaryotes%mmu03008",0.3421926910299,0.525225990883103,0.320070602373465,1.03160375317514,102,65,"HEATR1;BMS1;PWP2;XRN2;WDR36;NOL6;XRN1;GNL2;TBL3;XPO1;SPATA5;WDR3;TCOF1;LSG1;UTP6;UTP4;EFL1;NAT10;NXT2;NVL;UTP15;WDR43;RCL1;UTP18;WDR75"
"BP_positive_regulation_of_transcription_by_RNA_polymerase_III%0045945",0.123809523809524,0.526047045324154,0.535405242260198,1.31844319407145,51,16,"MYBBP1A;MTOR;SF3B1;MYO1C;RPTOR;DDX21;SMARCA5;ERCC6;ICE2"
"BP_dendrite_morphogenesis%0048813",0.125319693094629,0.526047045324154,0.489711407958701,1.352326799445,48,25,"KIDINS220;ITGB1;MEF2A;RAC1;MINK1;TRAK1;ABL2;LRP8;ABITRAM;ATP7A"
"BP_platelet_aggregation%0070527",0.124700239808153,0.526047045324154,0.523679682093082,1.33391610539567,51,18,"PIP5K1C;FERMT3;GNAS;PTPN6;ENTPD1;PLEK;UBASH3A;PDIA4"
"BP_embryonic_placenta_development%0001892",0.126190476190476,0.526047045324154,0.524629412079364,1.32062887435849,52,17,"ARNT;PKD1;HSF1;HECTD1;MED1;SLC8A1"
"BP_positive_regulation_of_cardiac_muscle_hypertrophy%0010613",0.124705882352941,0.526047045324154,0.547497463319717,1.33562633017704,52,15,"PARP1;MEF2A;BECN1;NFATC3;GSN;ADK"
"BP_positive_regulation_of_tyrosine_phosphorylation_of_STAT_protein%0042531",0.126190476190476,0.526047045324154,0.523785762496337,1.31850518862237,52,17,"HSF1;CSF1R;JAK2;PECAM1;ARL2BP;PARP9;IL31RA;PIBF1;IL6ST;PARP14;OSBP;KIT;TNFRSF1A"
"BP_membrane_organization%0061024",0.12531328320802,0.526047045324154,0.513659446334554,1.33528961963274,49,20,"AP3B1;GNPAT;ATG7;TMEM33"
"BP_respiratory_electron_transport_chain%0022904",0.124378109452736,0.526047045324154,-0.561740944903082,-1.33302573356214,74,20,"NDUFA5;NDUFS6;ETFB;NDUFS4;MT-CO1;SOD2;PUM2;COQ7"
"WP_Dysregulated_miRNA_Targeting_in_Insulin/PI3K-AKT_Signaling%WP3855",0.351485148514851,0.527227722772277,0.405743735158087,1.07595326909256,141,21,"RAF1;FASN;MTOR;COL1A2;ACACA;COL1A1;EXOC7"
"BP_regulation_of_neuron_projection_development%0010975",0.127764127764128,0.528363205654042,0.514550020907303,1.31881992956359,51,19,"AKT1;ACAP3;PSEN1;MBOAT1;NDEL1"
"BP_early_endosome_to_late_endosome_transport%0045022",0.127764127764128,0.528363205654042,0.516374282886281,1.3234956130868,51,19,"PIK3R4;FLNA;PIK3C3;BECN1"
"RA_Muscle_contraction%R-MMU-397014",0.349397590361446,0.5302179066671,0.36468026015174,1.06600248897761,115,37,"VCL;TLN1;ITGB5;PXN;TMOD3;ATP1A3;ATP2A2;ALDH2;ASPH;PRKACA;SLC8A1;ATP1A1;TPM4;ITPR1;ITPR2"
"BP_insulin_receptor_signaling_pathway%0008286",0.128834355828221,0.530674846625767,0.398567164743032,1.24618776297125,41,51,"RAF1;C2CD5;AKT1;SH2B2;SIK2;SHC1;CSF1R;MAP2K1;FER;NDEL1"
"RA_Cyclin_D_associated_events_in_G1%R-MMU-69231",0.351851851851852,0.531079336709364,0.390451444103419,1.06767113131008,132,27,"PPP2R1B;CUL1;RBL2;E2F4;TFDP1;PPP2R1A"
"RA_G1_Phase%R-MMU-69236",0.351851851851852,0.531079336709364,0.390451444103419,1.06767113131008,132,27,"PPP2R1B;CUL1;RBL2;E2F4;TFDP1;PPP2R1A"
"KEGG_Axon_guidance%mmu04360",0.348432055749129,0.531711345189422,0.311146200255114,1.02500854068668,99,72,"RAF1;ILK;PLCG2;LIMK1;ITGB1;RAC1;PLCG1;NFATC3;PLXNB3;SRGAP2;LRIG2;SSH1;PIK3R2;PIK3CB;PAK1;NCK2;CDC42"
"KEGG_Pyrimidine_metabolism%mmu00240",0.350609756097561,0.531959629941127,-0.410667680725003,-1.08006235094302,229,37,"NME1;NT5C;HDDC2;DCTPP1;NME3;DUT;DTYMK"
"RA_snRNP_Assembly%R-MMU-191859",0.359820089955023,0.53592251493301,-0.395076767255694,-1.08160482219858,239,43,"SNRPF;SNRPD1;SNRPE;SNRPD3;SNRPD2;SNRPG"
"RA_Metabolism_of_non-coding_RNA%R-MMU-194441",0.359820089955023,0.53592251493301,-0.395076767255694,-1.08160482219858,239,43,"SNRPF;SNRPD1;SNRPE;SNRPD3;SNRPD2;SNRPG"
"RA_Activation_of_NF-kappaB_in_B_cells%R-MMU-1169091",0.358098068350669,0.53592251493301,-0.398123693570801,-1.07656043200443,240,39,"RPS27A;PSMB5;PSMB6;PSMA7;PSMD9;PSMB1;NFKBIA;PSMD13;PSMC5;PSMD7;PSMD10;PSMD4"
"RA_APC/C-mediated_degradation_of_cell_cycle_proteins%R-MMU-174143",0.358064516129032,0.53592251493301,0.323608180654149,1.0338179682002,110,60,"BUB1B;CDC23;CUL1;CCNB1;ANAPC2;CDC16;UBE2E1;ANAPC1;PLK1;PSMD1;AURKB"
"RA_Regulation_of_mitotic_cell_cycle%R-MMU-453276",0.358064516129032,0.53592251493301,0.323608180654149,1.0338179682002,110,60,"BUB1B;CDC23;CUL1;CCNB1;ANAPC2;CDC16;UBE2E1;ANAPC1;PLK1;PSMD1;AURKB"
"BP_positive_regulation_of_cell_cycle%0045787",0.130890052356021,0.537011361049604,0.451138353340581,1.28384559057485,49,29,"MYC;CCNB1;BRCA1;CCPG1;FNTB;RAD23A;TRIM32"
"RA_APC/C:Cdc20_mediated_degradation_of_Cyclin_B%R-MMU-174048",0.364764267990074,0.541852989125097,0.441328499422074,1.06595338443835,146,17,"CDC23;CCNB1;ANAPC2;CDC16;UBE2E1;ANAPC1"
"BP_regulation_of_blood_pressure%0008217",0.132686084142395,0.54223683204648,-0.527260185725539,-1.30958892932882,81,26,"COMT;SOD1;NPR1;WNK1;ATP2B1;SOD2;LNPEP"
"RA_HATs_acetylate_histones%R-MMU-3214847",0.36604774535809,0.542328633254223,0.388447308532177,1.05379812575113,137,26,"KANSL3;NCOA2;KAT7;PHF20;KANSL1;NCOA1;RBBP7;JADE3"
"RA_Lysosome_Vesicle_Biogenesis%R-MMU-432720",0.368286445012788,0.542987048773767,0.411866264066793,1.0736141805623,143,22,"AP1M1;AP1B1;ARRB1;CLTC;AP1G2;AP4E1;DNM2"
"RA_DNA_Damage_Recognition_in_GG-NER%R-MMU-5696394",0.368421052631579,0.542987048773767,-0.410233970721638,-1.06170235884841,237,31,"RPS27A;INO80D;RBX1;CETN2;YY1"
"BP_cell_adhesion%0007155",0.133603238866397,0.543843772326745,0.351100258774353,1.22204546470118,32,109,"VCL;TLN1;SPECC1L;CERCAM;CASS4;RIPOR2;CEACAM1;MYH9;ITGB1;RAC1;ITGB2;ADGRE5;FN1;JUP;PARVG;TM9SF4;CD177;COL6A4;ITGB2L;GPNMB;FER;COL19A1;ADAM17;NEDD9;ITGA5;EMB;OLR1;PECAM1;IBSP;MAEA;CSF3R;TROAP;TLN2;LGALS3BP;PRKD2;VCAM1"
"BP_protein_localization_to_cell_surface%0034394",0.134328358208955,0.544659514925373,0.484860005609781,1.31456989680079,53,23,"VCL;AP3B1;FLNA;TSC2;GGA2;CD177;USP4;LRIG2"
"KEGG_Homologous_recombination%mmu03440",0.36144578313253,0.54526678141136,0.359865916001198,1.0602178111308,119,38,"POLD1;BLM;BRCA1;NBN;TOP3B;BRCA2;TOP3A;RAD50;BRIP1;EME1;RPA1"
"RA_PCNA-Dependent_Long_Patch_Base_Excision_Repair%R-MMU-5651801",0.371980676328502,0.546801881913699,0.428448167211066,1.05892457893459,153,18,"POLE;POLD1;RFC5;RPA1"
"RA_Interconversion_of_nucleotide_di-_and_triphosphates%R-MMU-499943",0.373956594323873,0.54827490261547,-0.476101880972337,-1.08080812756429,223,17,"NME1;NME3;AK6;DTYMK;GUK1"
"BP_cytokine-mediated_signaling_pathway%0019221",0.136807817589577,0.548287701382164,0.376530376502227,1.21495285492373,41,65,"JAK3;SH2B2;IL16;JAK1;STAT6;TYK2;STAT1;PTPN6;CSF1R;FER;JAK2;IFNAR1;CSF3R;IL13RA1;STAT4;MYD88;CSF2RB2;IFNGR1;CSF2RA;IL31RA;STAT3;OSMR;IL12RB1;RELA;STAT5A;IL6ST"
"BP_negative_regulation_of_cGAS/STING_signaling_pathway%0160049",0.136470588235294,0.548287701382164,0.531142278621158,1.29572766985111,57,15,"AKT1;PARP1;PRKDC;AURKB"
"BP_mRNA_catabolic_process%0006402",0.135842880523732,0.548287701382164,-0.525750206827028,-1.29221531839782,82,25,"LSM7;LSM5;LSM6;DCP2;EXOSC3;LSM2;AGO4;EXOSC5;ZHX2;RIDA"
"RA_Signaling_by_ERBB2%R-MMU-1227986",0.375838926174497,0.549603416717511,-0.455337277823408,-1.0703999628646,223,20,"RPS27A;PTPN18;DIAPH1;HSP90AA1;STUB1"
"RA_Regulation_of_TP53_Activity_through_Phosphorylation%R-MMU-6804756",0.376996805111821,0.549868397093148,0.330730425665289,1.03369186396343,117,51,"TAF6;BLM;TAF1;RMI1;TPX2;AURKB;TOP3A;RAD9A;RFC5;EXO1;RPA1;ATRIP;WRN"
"KEGG_RNA_degradation%mmu03018",0.369098712446352,0.550520113479305,-0.366464245545536,-1.05246718625426,257,62,"LSM7;LSM5;LSM4;LSM8;LSM6;LSM3;DCP2;EXOSC3;PAN3;MPHOSPH6;EXOSC2;PABPC1;DDX6;C1D;LSM2;EXOSC7;EXOSC5;CNOT6L"
"KEGG_Adipocytokine_signaling_pathway%mmu04920",0.367469879518072,0.550520113479305,0.349819919398655,1.05013967707408,121,40,"AKT1;ACSL5;MTOR;PRKAA1;IKBKG;ACSL1;JAK2"
"BP_positive_regulation_of_interleukin-2_production%0032743",0.138107416879795,0.551367302773952,0.478336286393062,1.32091466264328,53,25,"PLCG2;SPTBN1;PDE4D;CARMIL2;SASH3;ABL2;ANXA1;PRKD2;PDE4B;MAP3K7;MALT1;STAT5A;ABL1"
"RA_Extra-nuclear_estrogen_signaling%R-MMU-9009391",0.385521885521886,0.559055974971094,-0.456442974756217,-1.06324691620113,228,19,"CDKN1B;FOXO3;HSP90AA1;PDPK1;CALM1"
"RA_Switching_of_origins_to_a_post-replicative_state%R-MMU-69052",0.385382059800665,0.559055974971094,0.311255321860751,1.00832868745338,115,65,"CDC23;CUL1;CDC6;ANAPC2;MCM6;MCM2;MCM5;ORC3;CDC16;ORC5;UBE2E1;ANAPC1;PSMD1;MCM7;MCM4;ORC1;PSMF1"
"RA_Dual_Incision_in_GG-NER%R-MMU-5696400",0.38719512195122,0.559055974971094,-0.401117480990185,-1.04576876231287,253,33,"RPS27A;GTF2H5;RBX1;XPA;RPA3;POLE4;POLE3"
"RA_Glycosphingolipid_metabolism%R-MMU-1660662",0.387267904509284,0.559055974971094,0.380758418262943,1.03293934265017,145,26,"ESYT1;GBA2;ASAH1;GLB1L;B4GALNT1;CERK;CTSA"
"RA_Hedgehog_'off'_state%R-MMU-5610787",0.392753623188406,0.563785602889272,-0.365468175935369,-1.04835352964049,270,61,"RPS27A;RBX1;PSMB5;PSMB6;PSMA7;PSMD9;PSMB1;PSMD13;PSMC5;PSMD7;PSMD10;PSMD4;GSK3B;OFD1;ADCY9;TUBA1C;PSME1;PTCH1"
"RA_TGF-beta_receptor_signaling_activates_SMADs%R-MMU-2173789",0.392255892255892,0.563785602889272,-0.453894487745228,-1.05731042225715,232,19,"RPS27A;NEDD8;CBL;STUB1;FKBP1A"
"RA_Assembly_of_the_pre-replicative_complex%R-MMU-68867",0.393548387096774,0.563785602889272,0.318371091842205,1.01708725235766,121,60,"CDC23;CDC6;ANAPC2;MCM6;MCM2;MCM5;ORC3;CDC16;ORC5;UBE2E1;ANAPC1;PSMD1;MCM7;MCM4;ORC1;PSMF1;KPNA1;ORC4;PSMD5"
"BP_cellular_response_to_nutrient_levels%0031669",0.142857142857143,0.568144499178982,0.456744824742866,1.27277968804436,54,27,"RRAGC;EIF4G1;MTOR;MIOS;PRKAA1;ABCC8;MAPKAP1;ULK1;SEH1L;RPTOR;RICTOR;PRKAB1;SEC13;WDR59"
"BP_positive_regulation_of_axonogenesis%0050772",0.144278606965174,0.571607610800957,0.478182488381534,1.29646557177489,57,23,"ILK;CYFIP1;TIAM2;TRAK1;MAP2K1;PLXNB3"
"BP_neuromuscular_process%0050905",0.145,0.572281368821293,0.475977113733196,1.3090942783024,57,24,"DCTN1;ATP1A3;KCNAB2;ABCC8;SPG21;IGHMBP2;POMK;ZMPSTE24"
"RA_MTOR_signalling%R-MMU-165159",0.400625978090767,0.572468085444421,-0.407213899956938,-1.04076943292394,255,30,"LAMTOR4;LAMTOR2;RPS6;EIF4B;LAMTOR5"
"BP_outflow_tract_morphogenesis%0003151",0.148337595907928,0.57386331140978,0.468631307831505,1.29411458736724,57,25,"ILK;SMARCA4;TGFBR2;VEGFA;NEDD4;DVL2"
"BP_negative_regulation_of_hippo_signaling%0035331",0.147619047619048,0.57386331140978,0.505081831439723,1.27142252255629,61,17,"VCP;PPP2R1A;MAPK14;MAP2K3;STRN4;MARK3"
"BP_axonogenesis%0007409",0.147590361445783,0.57386331140978,0.386808275942268,1.21901064880679,48,53,"PIP5K1C;DOCK7;NUMB;KALRN;SPG11;TOP2B;MAP1S"
"BP_negative_regulation_of_mRNA_splicing,_via_spliceosome%0048025",0.148717948717949,0.57386331140978,-0.561371187127079,-1.28818993535683,86,18,"NPM1;SRSF9;ACIN1"
"BP_positive_regulation_of_superoxide_anion_generation%0032930",0.147766323024055,0.57386331140978,-0.58014256628288,-1.29750323205684,85,16,"SOD1;CYBA;GSTP1;FPR2;TYROBP"
"BP_protein_monoubiquitination%0006513",0.147308781869688,0.57386331140978,0.419201577618536,1.24777024660459,51,38,"RAD18;NEDD4L;CUL1;CUL3;MGRN1;RNF10;TRIM37;TOPORS;KBTBD8;NEDD4"
"BP_lysosomal_transport%0007041",0.15,0.574538745387454,0.518893781980856,1.27778348305036,62,16,"VPS52;ATP13A2;NEDD4;ALS2;VPS53;HGSNAT;GRN;LRP1;VPS51"
"BP_positive_regulation_of_gluconeogenesis%0045722",0.14987714987715,0.574538745387454,0.500013282634286,1.28156147194756,60,19,"SUPT20;KAT2A;DDB1;CRY1;DGAT2;PRKACA"
"RA_TAK1-dependent_IKK_and_NF-kappa-B_activation_%R-MMU-445989",0.4032,0.574687594936709,-0.432789915434857,-1.05556941465332,251,24,"RPS27A;TAB2;NKIRAS1;NFKBIA"
"RA_Telomere_Maintenance%R-MMU-157579",0.404320987654321,0.574830091033795,0.335294263460867,1.0116010743094,130,41,"POLD1;BLM;POLA1;CHTF18;RFC5;RPA1;RTEL1;WRN;SHQ1;CTC1;RFC1;POLA2;PRIM1;PRIM2;POLD2"
"BP_phospholipid_translocation%0045332",0.151079136690647,0.575122356634962,0.505888435006873,1.28859826734529,62,18,"ATP8B2;ATP10A;ATP11B;ATP8B4;ANO6;ATP8A2"
"BP_regulation_of_protein_localization_to_plasma_membrane%1903076",0.151260504201681,0.575122356634962,-0.546874302070381,-1.27827423843874,89,19,"VAMP8;RACK1;ACTB;STX8;VTI1B;CAMK2G"
"RA_Telomere_Extension_By_Telomerase%R-MMU-171319",0.406779661016949,0.575419470232519,-0.473039790245158,-1.050926700314,239,15,"NHP2;GAR1;TERF2;TERF1"
"RA_Beta-catenin_independent_WNT_signaling%R-MMU-3858494",0.40606936416185,0.575419470232519,-0.365187644485828,-1.03872826258388,280,55,"RPS27A;AP2S1;PSMB5;PSMB6;CLTB;PSMA7;PSMD9;PSMB1;PSMD13;PSMC5;PSMD7;PSMD10;CALM1;PSMD4;PPP3CB"
"BP_heart_morphogenesis%0003007",0.152,0.575824817518248,0.44119671340019,1.26271190205947,56,30,"FLNA;MTOR;DVL3;ASXL2;DAG1;VEGFA;DVL2;SLC8A1;ZMPSTE24"
"RA_RHOD_GTPase_cycle%R-MMU-9013405",0.408284023668639,0.576100013346977,0.356361099287027,1.0239231125551,137,34,"ARHGAP1;ESYT1;VRK2;MOSPD2;DIAPH2;PIK3R2;ACTN1;RACGAP1;DEPDC1B;ARHGAP39;ADD3;LBR;TOR1AIP1"
"BP_regulation_of_mitotic_metaphase/anaphase_transition%0030071",0.153645833333333,0.576183493925429,0.459054177181216,1.27027138904618,58,26,"CDC23;CDC6;ACTL6A;SMARCC2;SMARCA4;PLK1;DPF2"
"BP_angiogenesis%0001525",0.153225806451613,0.576183493925429,0.341225467758708,1.18945535277538,37,110,"KCTD10;BCAS3;XBP1;FLNA;CASP8;PIK3CG;UBP1;MYH9;FMNL3;CLIC4;BECN1;SHC1;MMP19;RNF213;FN1;VEGFA;VAV3;SLC31A1;MED1;MAPK14"
"BP_long-term_synaptic_potentiation%0060291",0.155388471177945,0.576183493925429,0.494850341098726,1.28639418286971,61,20,"NPTN;CKAP5;SNAP47;RASGRF2;PSEN1"
"BP_protein_secretion%0009306",0.155313351498638,0.576183493925429,0.427748460869108,1.24374754358825,56,32,"COPG1;COPG2;MIA2;HPS1"
"BP_positive_regulation_of_fibroblast_proliferation%0048146",0.155425219941349,0.576183493925429,0.411623905140517,1.23388076878384,52,40,"MYC;CDC6;CCNB1;PRKDC;FNTB;FN1"
"BP_regulation_of_protein_catabolic_process%0042176",0.154791154791155,0.576183493925429,0.498909409699378,1.27873218506172,62,19,"XPO1;PSMD1;FAF1;UBXN2A;SAMD9L;SERPINB1A;PSMD2;CHEK2;PSMD3;FAM83D;CHMP6;MDM2;FURIN"
"RA_S_Phase%R-MMU-69242",0.415094339622642,0.577340518516989,0.288439974712543,1.00233010012489,109,109,"POLE;CDC23;POLD1;CUL1;CDC6;POLA1;ANAPC2;MCM6;MCM2;MCM5;SMC1A;ORC3;CDC16;ORC5;UBE2E1;ANAPC1;PSMD1;MCM7;STAG1;RFC5;RPA1;MCM4;ORC1;PSMF1"
"RA_Extension_of_Telomeres%R-MMU-180786",0.413373860182371,0.577340518516989,0.340035340700119,1.01279236283497,135,39,"POLD1;BLM;POLA1;CHTF18;RFC5;RPA1;RTEL1;WRN;SHQ1;CTC1;RFC1;POLA2;PRIM1;PRIM2;POLD2"
"RA_PCP/CE_pathway%R-MMU-4086400",0.416543574593796,0.577340518516989,-0.375624947115091,-1.03185350914479,281,44,"RPS27A;AP2S1;PSMB5;PSMB6;CLTB;PSMA7;PSMD9;PSMB1;PSMD13;PSMC5;PSMD7;PSMD10;PSMD4"
"RA_Interleukin-1_family_signaling%R-MMU-446652",0.417366946778712,0.577340518516989,-0.342985609572871,-1.02403959430295,297,75,"RPS27A;RBX1;TAB2;PSMB5;PSMB6;PSMA7;PSMD9;PSMB1;NKIRAS1;NFKBIA;PSMD13;PSMC5;PSMD7;PSMD10;PSMD4"
"RA_MAPK6/MAPK4_signaling%R-MMU-5687128",0.416543574593796,0.577340518516989,-0.375448583366111,-1.03136903239566,281,44,"RPS27A;PSMB5;FOXO3;PSMB6;PSMA7;PSMD9;PSMB1;PSMD13;PSMC5;PSMD7;PSMD10;MAPK4;PSMD4"
"RA_Regulated_Necrosis%R-MMU-5218859",0.413235294117647,0.577340518516989,-0.38140863939922,-1.03824383320585,280,40,"RPS27A;CHMP4B;BAX;XIAP;TRADD;HSP90AA1;STUB1;CHMP2A"
"RA_Global_Genome_Nucleotide_Excision_Repair_(GG-NER)%R-MMU-5696399",0.413986013986014,0.577340518516989,-0.346996014255534,-1.02909008256129,295,72,"RPS27A;INO80D;GTF2H5;RBX1;XPA;RPA3;POLE4;CETN2;POLE3;YY1;UBE2V2;SUMO2;MNAT1;CCNH"
"RA_COPI-independent_Golgi-to-ER_retrograde_traffic%R-MMU-6811436",0.416445623342175,0.577340518516989,0.374796668014755,1.01676602621898,156,26,"DCTN1;PLA2G4A;RAB3GAP2"
"RA_Nonhomologous_End-Joining_(NHEJ)%R-MMU-5693571",0.41871921182266,0.577791461412151,0.412730696680634,1.04178863910903,169,20,"PRKDC;DCLRE1C;XRCC6;KAT5;POLL;RIF1;POLM"
"KEGG_Valine,_leucine_and_isoleucine_degradation%mmu00280",0.394578313253012,0.582307316808591,0.35082234044907,1.04273350557548,130,39,"ALDH3A2;EHHADH;HIBADH;HADHB;4930438A08RIK;HADHA;ALDH9A1;PCCA;AACS;ALDH2"
"KEGG_Peroxisome%mmu04146",0.394822006472492,0.582307316808591,0.325519860080906,1.02835319623749,121,57,"XDH;GNPAT;CROT;CAT;ACSL5;HSD17B4;ABCD2;IDH1;EHHADH;CRAT;FAR2;ACSL1;ABCD1;PEX14"
"BP_positive_regulation_of_substrate_adhesion-dependent_cell_spreading%1900026",0.158854166666667,0.582652385159011,0.45705724176425,1.26474557084859,60,26,"ILK;FLNA;CASS4;RAC1;DNM2;UNC13D;DOCK5;NEDD9;TRIOBP;LIMS1;CDC42;PREX1"
"BP_positive_regulation_of_interferon-alpha_production%0032727",0.157894736842105,0.582652385159011,0.493987627561853,1.28415150547183,62,20,"STAT1;TBK1;DHX36;PTPN22;TRAF3IP3;IFIH1;MAVS;DHX9"
"BP_pyroptotic_inflammatory_response%0070269",0.158854166666667,0.582652385159011,0.45394596067072,1.25613619192809,60,26,"NLRP1A;CASP8;DPP9;GSDME;NAIP2;DHX9;TRIM21;GZMB;CASP1;CASP3"
"BP_COPII-coated_vesicle_cargo_loading%0090110",0.15952380952381,0.583048289738431,0.515127816627295,1.26850973860858,66,16,"SEC24D;SEC31A;SEC24C;SEC23A;SEC23B;TBC1D20;SCAP;SEC13"
"BP_positive_regulation_of_cytokine_production%0001819",0.160629921259843,0.585031081641111,-0.481832935215246,-1.24065259386792,101,32,"S100A13;SOD1;TMF1"
"RA_SUMOylation_of_transcription_cofactors%R-MMU-3899300",0.425304878048781,0.585444123084263,-0.389890370722085,-1.01649813271967,278,33,"DDX17;NPM1;PARK7;ING2;SUMO2;CBX8;PHC3;EP300"
"RA_Signaling_by_PDGF%R-MMU-186797",0.427055702917772,0.58642039205538,0.380965928252609,1.00778780601427,160,24,"STAT6;PLCG1;PIK3R2;PIK3CB;NCK2;RASA1;STAT3;PDGFRB;STAT5A;CRKL"
"BP_positive_regulation_of_autophagy%0010508",0.1625,0.587717770034843,0.387458321152725,1.21760209283358,51,56,"XBP1;TSC2;BECN1;ATG7;DEPDC5;ATG13;TRIM32;SQSTM1;PRKAA1;TBK1;MAP2K1;KAT5;ATF6;UFL1;ULK1;CCNY;TRIM21;DAPK1;AMBRA1;LRRK2;MAP3K7;PIK3C2A;CDK16;IGTP"
"BP_regulation_of_stem_cell_differentiation%2000736",0.162162162162162,0.587717770034843,0.496038394636971,1.27137361596536,65,19,"SMYD5;NSUN2;TGFBR2;KDM3A;GATAD2A;RBBP7;KDM4C;MTA2"
"BP_positive_regulation_of_cysteine-type_endopeptidase_activity%2001056",0.163865546218487,0.590598739495798,-0.405637758609438,-1.20312963496017,116,71,"RPS27L;TFAP4;FAM162A;RACK1;PDCD5;ANP32B;BAX;BAK1;CDKN2A;RNF7;S100A9;PDCD2;RPS3"
"BP_protein_methylation%0006479",0.164705882352941,0.591573376755546,-0.537333831244619,-1.25597416320577,97,19,"COMT;FAM98B;SNRPD3"
"BP_negative_regulation_of_type_I_interferon-mediated_signaling_pathway%0060339",0.165413533834586,0.592066372828623,0.490961569324313,1.2762850792203,65,20,"ADAR;CNOT7;STAT2;CACTIN;METTL3;MAVS;YTHDF2;OAS3;OAS1A;USP18;GIGYF2;OAS1G"
"RA_Resolution_of_AP_sites_via_the_multiple-nucleotide_patch_replacement_pathway%R-MMU-110373",0.433497536945813,0.593243125399686,0.407999650384412,1.02984683220651,175,20,"POLE;POLD1;RFC5;RPA1"
"RA_Immunoregulatory_interactions_between_a_Lymphoid_and_a_non-Lymphoid_cell%R-MMU-198933",0.434131736526946,0.593243125399686,-0.38175261831463,-1.00490756177329,289,35,"H2-Q4;H2-Q6;IFITM3;CD300C2;CD300LG;H2-Q7;H2-T22;FCGR4"
"WP_GPCRs,_Class_A_Rhodopsin-like%WP189",0.40207972270364,0.594378720518424,-0.473223308784806,-1.04357317458045,231,15,"CXCR4;FPR2;CX3CR1;PTAFR;ADRB2;GPR65;CCR2"
"BP_phosphatidylinositol_metabolic_process%0046488",0.1675,0.597474226804124,0.465340837472522,1.2798410054169,66,24,"PIP5K1C;PLCG2;FIG4;PLCL2;PLCG1;INPP5E;MTMR2;PLEK"
"RA_Synthesis_of_PA%R-MMU-1483166",0.438423645320197,0.597591345172484,0.404652049914016,1.02139703148564,177,20,"GNPAT;PLA2G4A;AGPAT2;PLA2R1;GPD2"
"RA_Programmed_Cell_Death%R-MMU-5357801",0.43943661971831,0.597591345172484,-0.331970621625898,-1.01062217140995,311,88,"RPS27A;CHMP4B;BAX;XIAP;ACIN1;TRADD;SATB1;DYNLL1;HSP90AA1;BCL2;STUB1;CHMP2A;BAD;HMGB2;BCAP31;ROCK1"
"BP_regulation_of_protein_phosphorylation%0001932",0.169096209912536,0.599669368600683,0.398090266185799,1.20545070837209,57,41,"FNIP2;PIK3CG;AGRN;MTOR;FN1;STAT2;PPP2R5B;FER;AXIN1;SESN2;RPTOR;PPP2R5D;ATG14;RICTOR;L1CAM;PLXNB2;DVL1;CELSR3;CORO1C;TADA3;CCNYL1"
"BP_ERK1_and_ERK2_cascade%0070371",0.169270833333333,0.599669368600683,0.45138445388223,1.24904812052387,64,26,"MYC;IQGAP3;ATP1A3;MAP2K1"
"BP_positive_regulation_of_apoptotic_signaling_pathway%2001235",0.169950738916256,0.60003015984719,0.473787663178167,1.27159569202588,68,22,"MYC;CASP2;CTSC;JAK2;PML"
"RA_Hedgehog_'on'_state%R-MMU-5632684",0.443131462333826,0.601163887455286,-0.369351700395796,-1.01462070368086,299,44,"RPS27A;RBX1;PSMB5;PSMB6;PSMA7;PSMD9;PSMB1;PSMD13;PSMC5;PSMD7;PSMD10;PSMD4"
"KEGG_IL-17_signaling_pathway%mmu04657",0.410714285714286,0.602380952380952,-0.382556523851406,-1.03763444056064,275,44,"TAB2;S100A9;TRADD;HSP90AA1;CEBPB;FOS;NFKBIA;HSP90AB1;S100A8;MAPK4;GSK3B"
"BP_negative_regulation_of_cilium_assembly%1902018",0.171428571428571,0.60319612590799,0.505928721947421,1.24585683420088,71,16,"AKT1;TRIM32;KIF24;TBC1D30;EVI5L"
"BP_response_to_estrogen%0043627",0.1725,0.603677898875228,0.458140835606678,1.26003862212074,68,24,"BCAS3;RBBP5;CTNNA1;RCAN1;PRKAA1"
"BP_negative_regulation_of_cell_differentiation%0045596",0.172757475083056,0.603677898875228,-0.520447088234519,-1.26532831050651,103,24,"ANP32B;ACTB;BCL7C;BICRA;HOPX"
"BP_P-body_assembly%0033962",0.173310225303293,0.603677898875228,-0.566566397963556,-1.24941752351913,99,15,"LSM4;LSM3;TNRC6A;DDX6;RC3H1"
"BP_response_to_wounding%0009611",0.176661264181524,0.605196013928784,-0.506835753390441,-1.27294554594148,108,27,"COMT;ABHD2;BAX;DST;SRSF5;CD2AP;KLK8;GPX1"
"BP_negative_regulation_of_cell_growth%0030308",0.176386913229019,0.605196013928784,-0.403337586293837,-1.1883382074055,123,67,"CDKN1B;NDUFA13;BST2;RACK1;CDKN2A;CIRBP;SERTAD3;PPARD;PPP1R9B;BCL2;ADIPOR2;BMPR2;P3H1;SERTAD1"
"BP_positive_regulation_of_cytokinesis%0032467",0.176616915422886,0.605196013928784,0.460570193789263,1.24871448482873,70,23,"CDC6;CUL3;AURKB;SVIL;KIF23;KIF20B;ECT2;RACGAP1;CDC42"
"BP_DNA_unwinding_involved_in_DNA_replication%0006268",0.17487684729064,0.605196013928784,0.472462832805078,1.26803998822434,70,22,"RECQL;BLM;MCM6;MCM2;MCM5;MCM7;RECQL4;RPA1;MCM4;WRN"
"BP_apoptotic_mitochondrial_changes%0008637",0.175585284280936,0.605196013928784,-0.527756993905289,-1.25591565485839,104,21,"FMC1;BAX;CDKN2A;RNF7;SOD2;BCL2;SLC25A4;JTB"
"BP_blood_coagulation%0007596",0.178477690288714,0.605742296918768,0.439120212960263,1.22990404154558,67,28,"PAPSS2;AP3B1;F13A1;HPS4;HPS1;ANO6;FGL2"
"BP_cellular_response_to_xenobiotic_stimulus%0071466",0.177595628415301,0.605742296918768,0.41623291320321,1.22859532979769,64,35,"MYC;BLM;PPM1F;MCM7;PRKAA1;UMPS;RECQL5"
"BP_cellular_response_to_interleukin-4%0071353",0.178571428571429,0.605742296918768,0.503945817766527,1.24097390382321,74,16,"XBP1;FASN;MCM2;NFIL3;HSPA5;PML"
"BP_embryonic_limb_morphogenesis%0030326",0.17948717948718,0.606865447256327,-0.54517058580814,-1.25101408443262,104,18,"PSEN2;PBX2;NOTCH1;MEGF8;NOTCH2"
"BP_spermatogenesis%0007283",0.180487804878049,0.608267342413684,0.294814921395678,1.12258684414413,36,192,"ODF2;KDM2B;AU040320;WDR48;INPP5B;RAD18;PGM3;AP3B1;PLEKHA1;MLH1;SASS6;MSH6;XRN2;CNOT7;BRCA2;CDC25C;BRIP1;CEP128;RNF114;HSF1;KDM3A;DEDD;HERC4;METTL3;ZCWPW1;UBR2;EIF4G3;ZFP39;DHX36;HPS1"
"RA_Fatty_acyl-CoA_biosynthesis%R-MMU-75105",0.450738916256158,0.610014446760136,0.400903540366048,1.01193528150661,182,20,"ACLY;ACSL5;ACSL1;PPT1"
"BP_Rho_protein_signal_transduction%0007266",0.183060109289618,0.613870967741935,0.413223841872131,1.21971344932375,66,35,"ARHGEF11;COL1A2;RIPOR1;ABL2;PLEKHG5;GNA12;PECAM1;RACGAP1;CDC42;ADGRG1;RHOJ;LRRK2"
"BP_carbohydrate_phosphorylation%0046835",0.183333333333333,0.613870967741935,0.501971873409244,1.23611303714147,76,16,"HK1;GNE;HK3;TKFC;FCSK;POMK"
"BP_G1/S_transition_of_mitotic_cell_cycle%0000082",0.186746987951807,0.615932354250111,0.375642475147662,1.18382207886752,61,53,"MYC;POLE;PHF8;IQGAP3;CCNB1;USP37;ITGB1;NFATC1"
"BP_cholesterol_homeostasis%0042632",0.185410334346505,0.615932354250111,0.383012652394867,1.17898570793161,60,46,"XBP1;MIA2;ABCA2;HSDL2;NR1H2;LRP5;WASHC5;SCARB1;LDAH;DGAT2"
"BP_regulation_of_neurotransmitter_receptor_localization_to_postsynaptic_specialization_membrane%0098696",0.185882352941176,0.615932354250111,0.496818721132729,1.21199495838077,78,15,"KALRN;KIF2C;DAG1;MAP2K1;NETO2;TNIK"
"BP_ossification%0001503",0.186915887850467,0.615932354250111,-0.460559486932625,-1.21850664561258,119,37,"RPL38;FOSL2;BCL2;SUCO;SP1;RUNX3;SLC26A2;TMCO1;TMEM38B;RUNX1"
"BP_midbody_abscission%0061952",0.18546365914787,0.615932354250111,0.482171881839624,1.25343574092452,73,20,"KIF20A;STX2;AURKB;MTMR4;CHMP7"
"RA_DNA_strand_elongation%R-MMU-69190",0.457286432160804,0.617391513924539,0.39493065557879,1.01382235155021,181,21,"POLD1;POLA1;RFC5;RPA1;RFC1;POLA2;PRIM1;PRIM2;POLD2"
"BP_regulation_of_cell_shape%0008360",0.189285714285714,0.618012578616352,0.353049194780833,1.1605938779707,52,78,"SYNE3;MYH9;FMNL3;RHOBTB2;MKLN1;HCK;RAC1;EPB41;CYFIP1;FN1;NF2;FMNL1;MSN;PXN;VEGFA;CSF1R;SH3KBP1;PRPF40A;TBCCD1;ARHGAP15;PLXNB3;ANXA1;EZR;GNA12;CDC42SE2;ZMPSTE24;WDR1"
"BP_protein_modification_process%0036211",0.188524590163934,0.618012578616352,0.408899680212877,1.20694981470638,68,35,"AP3B1;PARP1;MAN2B1;KAT2A;POMGNT1;TTLL1;UBA7;KAT5;KDM1A;UEVLD;TTLL5"
"BP_regulation_of_GTPase_activity%0043087",0.189333333333333,0.618012578616352,0.429385354207543,1.22890760710651,70,30,"ARHGAP1;RAB3GAP2;AGRN;MTOR;TBC1D15;RABGAP1;VAV3;SIPA1L1;VAV1;ALS2"
"BP_Notch_signaling_pathway%0007219",0.190193164933135,0.618873057055155,-0.434635857310577,-1.20589386403869,127,46,"CDKN1B;PSENEN;PSEN2;RPS19;NOTCH1;NFKBIA;EPN1;POFUT1;NKAP;NOTCH2;HP"
"BP_defense_response_to_bacterium%0042742",0.195323246217332,0.619723780750971,-0.390389935411899,-1.17054001653627,141,77,"ROMO1;TMF1;CAMP;TAB2;FCER1G;XIAP;PGLYRP1;FPR2;AKIRIN2;CEBPB;ISG15;SPN;NOTCH2"
"BP_protein_branched_polyubiquitination%0141198",0.197619047619048,0.619723780750971,0.478493796438908,1.2044935133813,82,17,"CDC23;UBR5;ANAPC2;CDC16;ANAPC1"
"BP_carbohydrate_metabolic_process%0005975",0.193732193732194,0.619723780750971,0.396788511894414,1.19001901237118,67,39,"PGM3;PGM1;GBA2;LANCL2;IDUA;GLB1L;TKFC;EDEM2;B4GALT5;GNPDA2"
"BP_DNA_recombination%0006310",0.196319018404908,0.619723780750971,0.372417204834364,1.15651456996227,63,48,"LIG3;RECQL;XRN2;ACTL6A;TOP3B;BRCA2;TOP3A;RAD50;RECQL4;EME1;EXO1;DCLRE1C;WRN"
"BP_neuron_development%0048666",0.192207792207792,0.619723780750971,0.438860313221664,1.22294213814416,73,27,"XBP1;FIG4;SCYL3;BECN1;SCYL1;VEGFA;PSEN1;THOC2;GIT1;DGKG;MTMR2;ATP8A2"
"BP_liver_development%0001889",0.191919191919192,0.619723780750971,0.350774186097569,1.13969306681525,56,68,"CAD;PKD1;XBP1;UGT1A7C;SMARCA4;ATG7;PTCD2;HGF;PKM;MED1;AACS"
"BP_positive_regulation_of_DNA-binding_transcription_factor_activity%0051091",0.196261682242991,0.619723780750971,0.371882673905865,1.16406293489617,62,55,"PLCG2;AKT1;SMARCA4;TRIM37;HDAC5;LRP5;JUP;HSF1;TRIM32;PPP2R5B;SP100;DVL2;HIPK2;TRIM14;MAVS"
"BP_positive_regulation_of_smoothened_signaling_pathway%0045880",0.192941176470588,0.619723780750971,0.492275135875361,1.200910830125,81,15,"CTNNA1;TEDC1;POR;TUBD1;IFT172;PDCL"
"BP_extracellular_matrix_organization%0030198",0.196581196581197,0.619723780750971,0.394344756734883,1.18268988107266,68,39,"TFIP11;EMILIN1;SMARCA4;MMP19;FN1;IDUA;COL1A2;COL6A4;POMT1;COL19A1;COL1A1;NPHP3;IBSP"
"BP_negative_regulation_of_interleukin-6_production%0032715",0.1975,0.619723780750971,0.444649920837549,1.22293415044811,78,24,"ARRB1;NCKAP1L;ELF4;NLRX1;PTPN6;HGF;PTPN22"
"BP_SCF-dependent_proteasomal_ubiquitin-dependent_protein_catabolic_process%0031146",0.194805194805195,0.619723780750971,0.437893163892962,1.22024704899549,74,27,"FBXW5;CUL1;FBXO9;CUL2;FBXO38;CCNF;BTRC;FBXW7;CUL5;SKP2;FBXO31;FBXL17"
"BP_peptidyl-threonine_phosphorylation%0018107",0.194444444444444,0.619723780750971,0.398249073826809,1.18006724733142,69,37,"CAD;AKT1;PRKDC;MTOR;TTK;TBK1;PRKACA;HIPK2;ULK1"
"RA_RUNX1_regulates_genes_involved_in_megakaryocyte_differentiation_and_platelet_function%R-MMU-8936459",0.461148648648649,0.62111648131385,-0.445891617755001,-1.00556636914412,272,16,"HIST1H2AB;SETD1A;SETD1B;HIST1H2AC;KAT2B;EP300;KMT2B"
"BP_ubiquitin-dependent_protein_catabolic_process%0006511",0.2,0.622923510696086,0.294358742181263,1.09692639584807,44,170,"KCTD10;UBE4A;XBP1;RNF6;ARRB1;RNF123;NEDD4L;CUL1;UBA1;CUL3;VCP;DDB1;CUL4B;NPLOC4;TOPORS;RNF213;RNF114;HECTD1;TRIM32;NEDD4;FBXW8;RFFL;BTRC;HERC4;RNF34;PSMF1;TRPC4AP;UBR2;RNF19A;HDAC6;RNF166;TRIP12;BAG6;HERPUD1;USP38;DTL;PSMC2;USP22;RNF125;RNF217;EPG5;UBE3B;SKP2;AMFR;RNF126;TTC3;CUL7;UBE3C;EDEM1;ARRDC4;MKRN2;HERC6"
"BP_face_morphogenesis%0060325",0.200501253132832,0.622923510696086,0.472415015283253,1.22807216058772,79,20,"SPECC1L;PLEKHA1;ASPH;TIPARP;COL1A1;SGPL1;TGFB1"
"BP_negative_regulation_of_smooth_muscle_cell_proliferation%0048662",0.20103986135182,0.622923510696086,-0.557567275530722,-1.22957225683143,115,15,"COMT;AIF1;NPR1;PPARD;BMPR2"
"BP_limb_development%0060173",0.199672667757774,0.622923510696086,-0.500775410968602,-1.23083100820061,121,25,"MED31;SLC39A1;TAF10;KAT2B;MEGF8;BMPR2;RC3H2"
"BP_mRNA_transport%0051028",0.201807228915663,0.623440189328744,0.372111344014355,1.15739894266083,66,47,"POM121;ZC3H3;NUP188;G3BP2;RANBP2;NUP93;HSF1;IGF2BP3;NUP88;NUP98;LRPPRC;NXT2;AAAS"
"BP_intracellular_calcium_ion_homeostasis%0006874",0.205357142857143,0.62843628795762,0.378361605224838,1.17089232998733,68,45,"NPTN;CHERP;PRKCB;ATP2C1;ATP13A2;PSEN1;ATP2A2;SLC8A1;PIK3CB;HERPUD1"
"BP_positive_regulation_of_cilium_assembly%0045724",0.206185567010309,0.62843628795762,-0.544663518724716,-1.2181534626166,119,16,"PPP1R35;IFT20;CCP110;GSK3B"
"BP_learning_or_memory%0007611",0.206451612903226,0.62843628795762,-0.477948667407535,-1.21121973905544,127,29,"COMT;DBI;PSEN2"
"BP_response_to_cadmium_ion%0046686",0.206185567010309,0.62843628795762,-0.54341829148443,-1.22979644362685,119,17,"CDKN1B;NUDT1;SOD2;NPC1;PCNA;CDK1;GSS"
"BP_central_nervous_system_development%0007417",0.205128205128205,0.62843628795762,0.389242447025759,1.167387407894,71,39,"SPTBN1;ANKLE2;ALDH3A2;GBA2;DHX30;GSN;TRP53;SCIN;VPS4B;ELP3"
"BP_negative_regulation_of_Notch_signaling_pathway%0045746",0.207142857142857,0.628696741854637,0.488407087454144,1.20270955448963,86,16,"KCTD10;ARRB1;METTL3;CBFA2T2"
"KEGG_Propanoate_metabolism%mmu00640",0.432717678100264,0.63058319012408,0.371590438617174,1.00477085867867,163,25,"ECHDC1;EHHADH;HADHA;PCCA;ACACA;ALDH6A1;DLD;HIBCH;LDHB;ACSS2;MLYCD;SUCLG1"
"KEGG_Viral_life_cycle%mmu03250",0.434720229555237,0.63058319012408,-0.370589072618192,-1.02900749074501,302,49,"CXCR4;BST2;CHMP4B;RAN;CPSF7;KAT2B;PPIA;NELFE;CREBBP;SERINC5;EP300;TRIM5;SUPT4A"
"BP_response_to_toxic_substance%0009636",0.208722741433022,0.631644914307512,-0.452895409996956,-1.19822972386074,133,37,"COMT;FMC1;PENK;BAX;XPA;SRSF9;GSTP1;BCL2;FOS"
"BP_positive_regulation_of_DNA_binding%0043388",0.209621993127148,0.632522176935987,-0.538319734004198,-1.21825802477884,121,17,"TXN1;NME1;EDF1;PLAUR;HMGB2;CALM1;ERCC2;HIPK1;HMGB1"
"RA_NOD1/2_Signaling_Pathway%R-MMU-168638",0.470873786407767,0.632701531617119,-0.415147908322995,-1.00008888508671,290,23,"RPS27A;TAB2"
"BP_response_to_glucose%0009749",0.210361067503925,0.632912429185721,-0.46601243537403,-1.20414657708052,133,33,"CDKN1B;SELENOT;SELENOS;KHK;CTSL;PPARD"
"BP_post-transcriptional_regulation_of_gene_expression%0010608",0.211129296235679,0.633387888707038,-0.494350641045066,-1.21503988533548,128,25,"NPM1;NUDT21;ZC3H7B;PUM2;RC3H1;RC3H2"
"BP_positive_regulation_of_mitochondrial_fission%0090141",0.212271973466003,0.63498071601646,-0.506365559872085,-1.20161851832885,127,20,"FIS1;RALA;RALBP1"
"BP_fatty_acid_biosynthetic_process%0006633",0.213759213759214,0.637592137592138,0.469737112283062,1.20396198651823,86,19,"FASN;ACLY;BRCA1;PRKAA1;ACACA"
"KEGG_Long-term_potentiation%mmu04720",0.442771084337349,0.638751728224373,0.337295871138084,1.01254319023415,146,40,"RAF1;PRKCB;RPS6KA1;RPS6KA2;MAP2K1;PRKACA;ITPR1;ITPR2"
"WP_Notch_Signaling_Pathway%WP29",0.440944881889764,0.64251968503937,0.350695040960465,0.982239567884117,167,28,"NUMB;NCSTN;KAT2A;DVL3;SNW1;PSEN1;DVL2;ADAM17"
"RA_Neurotransmitter_receptors_and_postsynaptic_signal_transmission%R-MMU-112314",0.479892761394102,0.643284820630665,0.351610447169872,0.974262534684531,178,28,"PRKCB;AP2A1;ADCY3;PRKACA;CAMKK1;CREB1;NSF;AP2B1"
"RA_APC/C:Cdc20_mediated_degradation_of_Securin%R-MMU-174154",0.482810164424514,0.645658248387177,-0.356828327725815,-0.982376480784321,322,45,"RPS27A;UBE2S;PSMB5;PSMB6;PSMA7;PSMD9;PSMB1;ANAPC16;PTTG1;PSMD13;PSMC5;PSMD7;PSMD10;PSMD4;ANAPC11;UBE2C"
"KEGG_Toxoplasmosis%mmu05145",0.452380952380952,0.649068322981366,0.299066802962871,0.979462468953064,132,69,"AKT1;CASP8;PIK3CG;JAK1;TYK2;ITGB1;ALOX5;STAT1;MAPK14;IKBKG;MAP2K3;JAK2"
"BP_rhythmic_process%0048511",0.219653179190751,0.651428571428571,0.373369394045422,1.1477827083671,75,42,"USP7;PRKDC;TOP2A;MTOR;DDB1;ATG7;KDM5B;CRTC1;PRKAA1;BTRC;SIN3A;CCAR2"
"BP_positive_regulation_of_telomere_maintenance_via_telomerase%0032212",0.219512195121951,0.651428571428571,0.406873778712989,1.17439092066111,80,31,"MAP3K4;CCT6A;AURKB;ATR;PARN;POT1A;TCP1;ATM;CCT3;MAPK1;NEK7;CCT8;CCT7;HMBOX1;CTNNB1;WRAP53;CCT5"
"BP_response_to_ionizing_radiation%0010212",0.222543352601156,0.655362913610195,0.370258434149012,1.13821924110795,76,42,"BRCA1;PRKDC;RRM1;DCLRE1C;TICRR;XRCC6;RAD54L;KAT5;INTS3;ATM;NEK1;RFWD3;RAD54B;MECP2;TRP53BP2;COP1"
"BP_mRNA_transcription_by_RNA_polymerase_II%0042789",0.222873900293255,0.655362913610195,0.380864552677956,1.14167676170402,75,40,"TAF6;AP3B1;FLNA;NCOA2;TAF1;NR1H2;HLTF;MED1;CREB1;NCOA1;TBP"
"BP_mRNA_cis_splicing,_via_spliceosome%0045292",0.221649484536082,0.655362913610195,-0.538508794219467,-1.20438826867618,128,16,"CWC15;NCBP2;SRSF3;RBM17;WBP4;BC005624;SRSF7;SDE2"
"BP_cardiac_muscle_cell_differentiation%0055007",0.225210084033613,0.655826017557861,-0.513758284967758,-1.20086823968963,133,19,"IFT20;KDM6B;FOXP1;ARID1A;CACYBP"
"BP_hepatocyte_apoptotic_process%0097284",0.226044226044226,0.655826017557861,0.466350538549672,1.19528201226683,91,19,"CASP8;PIK3CG;ADAR;GSN;LIMS1;RB1"
"BP_nuclear_migration%0007097",0.226190476190476,0.655826017557861,0.479076632727533,1.17973317405682,94,16,"DCTN1;SYNE3;CDC42;LMNB2;SYNE2;TACC1;SYNE1"
"BP_regulation_of_DNA_strand_elongation%0060382",0.225085910652921,0.655826017557861,-0.537939073031852,-1.20311407311587,130,16,"INO80D;NUCKS1;YY1"
"BP_blastocyst_hatching%0001835",0.225085910652921,0.655826017557861,-0.537755504727942,-1.20270351805326,130,16,"NDUFA2;UBE2A;COPRS"
"BP_transcription_by_RNA_polymerase_II%0006366",0.228448275862069,0.660527326865815,0.307511670887598,1.10125206116219,52,132,"MYC;JAK3;NCAPG2;XBP1;POLR2B;GTF2IRD1;MED16;TSC2;THRAP3;GTF2I;MED25;POLRMT;SMARCC2;POLR1B;POU2F1;WWP2;POLR1A;SMARCA4;RPAP1;NFATC1;TFDP1;PHRF1;SQSTM1;NFIL3;MED1;MAPK14;NFATC3"
"RA_Degradation_of_the_extracellular_matrix%R-MMU-1474228",0.497297297297297,0.663455872934546,0.34385293711522,0.958016417842932,183,29,"MMP19;FN1;COL1A2;CAPN1;CAST;COL19A1;COL1A1;CTSB"
"BP_T_cell_homeostasis%0043029",0.230179028132992,0.66354144470488,0.422724222713085,1.16734322676361,89,25,"JAK3;NCKAP1L;RIPK3;PPP2R1A;PPP2R3C"
"BP_response_to_virus%0009615",0.230769230769231,0.66354144470488,-0.412942471003667,-1.16268127500141,155,51,"RPS15A;BST2;IFI27L2A;IFITM3;EEF1G;ISG15;NPC2;STMN1;PSMA2"
"RA_Chromosome_Maintenance%R-MMU-73886",0.499290780141844,0.664540683734889,-0.334068637722084,-0.976272231805801,351,67,"CENPW;CENPX;NHP2;CENPS;NPM1;RPA3;HIST1H2AB;MIS18A;GAR1;TEN1;HIST1H2AC;CENPK;CENPH;ITGB3BP;PCNA;TERF2;TERF1;RSF1;CENPA"
"BP_positive_regulation_of_protein_catabolic_process%0045732",0.232786885245902,0.665655060289934,0.356569531458674,1.12193573273503,70,59,"DCAF1;VPS35;NEDD4L;VCP;DDB1;CUL4B;ATG7;RNF41;FAF1;VPS11;UBXN2A;MSN;TRIM32;NEDD4;AXIN1;EZR;SGSM3;TIPARP;NSF;STX5A;SNX1;DTL"
"BP_multivesicular_body_sorting_pathway%0071985",0.232235701906412,0.665655060289934,-0.541606012006708,-1.19437376568178,133,15,"CHMP4B;CHMP5;SNF8;CHMP2A;CHMP3;VPS25"
"KEGG_Cortisol_synthesis_and_secretion%mmu04927",0.46831955922865,0.667707249392994,0.342965883301374,0.970959722650443,169,30,"GNAS;ADCY3;SCARB1;PRKACA;GNA11;ITPR1;CREB1;ITPR2;ATF6B"
"KEGG_Endocrine_and_other_factor-regulated_calcium_reabsorption%mmu04961",0.470430107526882,0.667707249392994,0.352329684768579,0.981455754012712,174,28,"PRKCB;AP2A1;CLTC;GNAS;DNM2;AP2M1;ATP1A3;PRKACA;SLC8A1;ATP1A1;AP2A2;AP2B1"
"RA_Class_I_peroxisomal_membrane_protein_import%R-MMU-9603798",0.505084745762712,0.669088733798604,-0.440741593015789,-0.979171557215445,297,15,"FIS1;PEX16"
"RA_Energy_dependent_regulation_of_mTOR_by_LKB1-AMPK%R-MMU-380972",0.504966887417219,0.669088733798604,-0.411142599073415,-0.975344056564516,304,21,"LAMTOR4;LAMTOR2"
"RA_Ion_homeostasis%R-MMU-5578775",0.507352941176471,0.669918070682037,0.383703644441515,0.958699636400233,206,19,"ATP1A3;ATP2A2;ASPH;PRKACA;SLC8A1;ATP1A1;ITPR1;ITPR2"
"RA_Intrinsic_Pathway_for_Apoptosis%R-MMU-109606",0.508090614886731,0.669918070682037,-0.403079639180471,-0.971016495247559,313,23,"BAX;XIAP;DYNLL1;BCL2;BAD"
"BP_chloride_transmembrane_transport%1902476",0.235294117647059,0.670897232504848,0.420573161835869,1.16140312158284,91,25,"CLIC4;PCYOX1;CLCC1;ANO10;ANO6;UCP2;PACC1;CLCN6"
"BP_protein_localization_to_membrane%0072657",0.239808153477218,0.670897232504848,0.461788814984551,1.17626778097911,99,18,"RRAGC;TM9SF1;TM9SF4;TM9SF3;AP3D1;HPS6;HGS;NMT1"
"BP_replication_fork_processing%0031297",0.240437158469945,0.670897232504848,0.392877518850715,1.15965717638201,87,35,"RECQL;FBH1;BLM;ZRANB3;BRCA2;ATR;EME1;TONSL;RTEL1;DDX11;WRN"
"BP_DNA_damage_checkpoint_signaling%0000077",0.240437158469945,0.670897232504848,0.394866542443945,1.16552818037997,87,35,"NBN;TRP53BP1;ATR;RAD9A;PRPF19;ATRIP;MAPK14;UFL1;ATM;CHEK2;PARP9;ERCC6"
"BP_cell_surface_receptor_protein_tyrosine_kinase_signaling_pathway%0007169",0.236979166666667,0.670897232504848,0.425648798519196,1.17783372294067,90,26,"CASS4;SH2D3C;HCK;CSF1R;NEDD9;ERBB3"
"BP_mitotic_G2/M_transition_checkpoint%0044818",0.237410071942446,0.670897232504848,0.463570600830111,1.18080634322819,98,18,"BRCA1;NBN;RAD50;ATR;INTS3"
"BP_positive_regulation_of_interleukin-12_production%0032735",0.238329238329238,0.670897232504848,0.458735443403931,1.17576410567727,96,19,"PLCG2;IL16;MAPK14;SYK;IRF8"
"BP_lymph_node_development%0048535",0.237647058823529,0.670897232504848,0.473756449419086,1.15573428249075,100,15,"JAK3;RIPK3"
"BP_single_fertilization%0007338",0.239583333333333,0.670897232504848,0.424445672123559,1.17450449272394,91,26,"WDR48;AP3B1;KDM5B;ADCY3;ANTXR2;HPS1;ITPR1"
"RA_Signaling_by_MET%R-MMU-6806834",0.510574018126888,0.671619561227659,0.321666067387113,0.953329253499221,168,38,"USP8;ITGB1;RAC1;SH3GL1;SHC1;FN1;COL1A2;HGF;SH3KBP1;STAM2;COL1A1;RANBP10"
"RA_TNF_signaling%R-MMU-75893",0.51424287856072,0.674310356868496,-0.351995588857623,-0.963661135899266,342,43,"RPS27A;RACK1;TAB2;XIAP;TRADD"
"RA_Autodegradation_of_Cdh1_by_Cdh1:APC/C%R-MMU-174084",0.515015015015015,0.674310356868496,-0.352261483439557,-0.960466898256658,342,42,"RPS27A;UBE2S;PSMB5;PSMB6;PSMA7;PSMD9;PSMB1;ANAPC16;PSMD13;PSMC5;PSMD7;PSMD10;PSMD4;ANAPC11;UBE2C"
"BP_receptor_clustering%0043113",0.242574257425743,0.675045788761182,0.438737921224975,1.16344741695879,97,21,"FLNA;AGRN;ITGB2;LGALS9;ITGB2L;CLEC2I;PAK1;NME7"
"BP_lipid_storage%0019915",0.243243243243243,0.675097557450499,0.45704328252265,1.17142700451395,98,19,"CRY1;LDAH;DGAT2;B4GALNT1;PNPLA2;LIPA;STAT5A"
"BP_activation_of_GTPase_activity%0090630",0.244094488188976,0.675653543307087,0.413031892272092,1.15683491353798,92,28,"DOCK7;RALGAPB;SIPA1L1;ECT2;NEDD9;NDEL1;ABR"
"RA_Signaling_by_NOTCH%R-MMU-157118",0.520134228187919,0.679432878120183,-0.41170890410528,-0.967839043998131,309,20,"RPS27A;PSENEN"
"BP_alternative_mRNA_splicing,_via_spliceosome%0000380",0.247135842880524,0.682252672632935,-0.479914314131632,-1.17955755449338,150,25,"DDX17;BCAS2;SRSF9;NCBP2;RBM17;RSRC1;SFPQ"
"BP_antiviral_innate_immune_response%0140374",0.247813411078717,0.682308542970049,0.370341809648092,1.12142605509408,84,41,"NLRP1A;DHX15;UAP1;HCFC2;TBK1;IFIT2;TRAF3IP3;RNF135;IFIH1;MAVS;DHX58;MORC3;SMARCA5;PDE12;SENP7;RELA"
"KEGG_Various_types_of_N-glycan_biosynthesis%mmu00513",0.483870967741936,0.683111954459203,0.341129990231701,0.957863231963276,179,29,"STT3A;STT3B;ST3GAL3;MAN1C1;MGAT4B"
"RA_PIP3_activates_AKT_signaling%R-MMU-1257604",0.524699599465955,0.683809894674381,-0.306654390542924,-0.979711736317177,392,128,"LAMTOR4;RPS27A;CDKN1B;LAMTOR2;PHLPP2;PSMB5;FOXO3;FOXO4;XIAP;PSMB6;CHD3;PPP2R5E;PSMA7;PSMD9;LAMTOR5;PSMB1;STUB1;CSNK2A2;CBX8;GATAD2B;PSMD13;PIP5K1A;PIP4K2B;PSMC5;PSMD7;PSMD10;PDPK1"
"BP_regulation_of_inflammatory_response%0050727",0.25,0.684696569920844,0.36120740566285,1.12348380698471,82,47,"NLRP1A;DAGLB;PIK3AP1;FANCD2;ALOX5;JAK2;ANXA1;LACC1;UFL1;MYD88;RICTOR;SBNO2;FANCA;GRN;SLC7A2;CASP1;AREL1;RELA;SPATA2;AKNA;TLR4"
"BP_glutathione_metabolic_process%0006749",0.249597423510467,0.684696569920844,-0.467662537810839,-1.18151560585803,154,28,"SOD1;HMGN5;MGST1;GSTP1;SOD2;GSTT2;GSTK1;GSTM5;ETHE1;GPX1"
"BP_negative_regulation_of_TOR_signaling%0032007",0.253071253071253,0.685869349054728,0.451312679627954,1.15673915493887,102,19,"TSC2;RPS6KA1;PRKAA1;UBR2;PREX1;HIF1A"
"BP_response_to_cAMP%0051591",0.253071253071253,0.685869349054728,0.451630585272862,1.1575539645457,102,19,"DGKQ;CARM1;MMP19;STAT1;MAT2A;COL1A1;PNPT1"
"BP_placenta_development%0001890",0.251666666666667,0.685869349054728,-0.48873846292622,-1.17925160493142,150,23,"CDKN1B;RPS6;DNMT3L;IL11RA1;PPARD;HSP90AB1;NOTCH2"
"BP_macrophage_differentiation%0030225",0.253071253071253,0.685869349054728,0.451884483750095,1.15820472027061,102,19,"CASP8;ASXL2;EIF2AK1;VEGFA;UCP2"
"BP_endocytic_recycling%0032456",0.253918495297806,0.686373432601881,0.356484970584983,1.10682412665906,80,50,"VPS35;VPS26A;SNX4;VPS52;DENND1C;VPS26C;VPS39;VPS53;STX6;RAB11B;VPS50;CMTM6;ACAP2;EPG5;GGA3;SNX27;RAB11FIP4;EHD4;HGS;VPS51;ANKRD27;DENND1A"
"RA_Fc_epsilon_receptor_(FCERI)_signaling%R-MMU-2454202",0.528011204481793,0.686536508367781,-0.326197145327117,-0.973914890422221,376,75,"RPS27A;TAB2;PSMB5;FCER1G;PSMB6;PSMA7;PSMD9;PSMB1;FOS;NFKBIA;PSMD13;PSMC5;PSMD7;PSMD10;PDPK1;CDC34;CALM1;PSMD4;PPP3CB"
"BP_positive_regulation_of_dendritic_spine_morphogenesis%0061003",0.255528255528256,0.688930725294362,0.44971624923744,1.15264741627476,103,19,"KALRN;DHX36;MFN2;STAU2;EEF2K;LRP8;CAPRIN1"
"BP_positive_regulation_of_epidermal_growth_factor_receptor_signaling_pathway%0045742",0.256499133448874,0.689756737098266,-0.531461233182116,-1.17200204635421,147,15,"SPRY2;RALA;PLAUR"
"BP_regulation_of_apoptotic_process%0042981",0.257261410788382,0.690018977773489,0.303589164545699,1.09030528399988,61,130,"MYC;JAK3;NLRP1A;ACTN4;AKT1;ARRB1;THOC1;ACTL6A;RIPK3;SELL;LRP5;NF2;PPP1R13B;BCL2L13;DEDD;WRN;KPNA1;IKZF3;KAT5;TRP53;JAK2;PINK1;NAIP2"
"RA_EGFR_downregulation%R-MMU-182971",0.532203389830509,0.690392876669531,-0.428440785803074,-0.951843524771161,313,15,"RPS27A;SPRY2;CBL;EPN1"
"BP_positive_regulation_of_myoblast_differentiation%0045663",0.258666666666667,0.692,0.403816267363135,1.15572848019416,96,30,"ILK;RIPOR2;ACTL6A;SMARCC2;SMARCA4;MAPK14;KAT5"
"RA_Transcriptional_Regulation_by_E2F6%R-MMU-8953750",0.535175879396985,0.69265291977127,0.368257039062781,0.945348789828399,212,21,"E2F6;TFDP1;L3MBTL2;RBBP7"
"KEGG_Glycosylphosphatidylinositol_(GPI)-anchor_biosynthesis%mmu00563",0.494974874371859,0.69507110018176,0.394863258269866,0.964941800454105,196,18,"PIGN;PIGG;PIGU"
"BP_mesoderm_formation%0001707",0.261176470588235,0.695131221719457,0.468686421274559,1.14336589078441,110,15,"TXNRD1;NF2;PRKACA;EXT2;SMAD3;GPI1;ECSIT"
"BP_positive_regulation_of_protein_localization_to_cell_surface%2000010",0.261168384879725,0.695131221719457,-0.524545167033038,-1.17315827029541,151,16,"AGAP2;FCER1G;STX4A;TYROBP;COMMD1;HSP90AB1;SYNJ2BP"
"BP_protein_localization_to_nucleus%0034504",0.262166405023548,0.695981402594483,-0.446959977972888,-1.15491623552077,166,33,"RPL11;XPA;ZBTB7A;TOR1B;HDGF;CDKN2A"
"RA_ABC-family_proteins_mediated_transport%R-MMU-382556",0.539130434782609,0.69617072197846,-0.337534725238254,-0.968225809741459,371,61,"RPS27A;PSMB5;PSMB6;ERLEC1;EIF2S3X;PSMA7;PSMD9;PSMB1;EIF2S2;PSMD13;PSMC5;PSMD7;PSMD10;DERL2;PSMD4;ABCG1;RNF5;PSME1"
"BP_ovarian_follicle_development%0001541",0.264516129032258,0.700427913100724,-0.45849508383419,-1.16192037695615,163,29,"SOD1;BCAS2;BAX;TAF4;CEBPB;BCL2"
"RA_Deubiquitination%R-MMU-5688426",0.543778801843318,0.700566282466334,0.257252087298359,0.966205286784833,117,181,"MYC;USP19;WDR48;ARRB1;RNF123;DDB2;USP8;USP7;BRCA1;RHOT1;ACTL6A;KAT2A;USP37;VCP;ASXL2;BECN1;PSMD1;RIPK1;RAD23A;USP15;USP47;JOSD1;USP10;PSMF1;DDX58;TNIP1;USP21;USP14;USP33;IKBKG;TADA2B;PSMD5;STAM2;USP4"
"RA_Clathrin-mediated_endocytosis%R-MMU-8856828",0.545454545454545,0.701120797011208,0.280121469990996,0.93024623025026,155,76,"PIP5K1C;ARRB1;EPS15L1;AP2A1;GAK;FCHO1;PACSIN2;SH3GL1;CLTC;DNM2;SH3KBP1;AP2M1;COPS4"
"BP_positive_regulation_of_epithelial_cell_proliferation%0050679",0.265625,0.701574427480916,0.411470182397866,1.1385993769953,101,26,"MYC;WDR48;VEGFA"
"BP_determination_of_left/right_symmetry%0007368",0.267029972752044,0.701714206877522,0.39176681524151,1.1391251136848,97,32,"AP1B1;GALNT11;TMEM67;STIL;RTTN;TBC1D32;NPHP3;NME7;IFT140;IFT172;DISP1"
"BP_positive_regulation_of_miRNA_transcription%1902895",0.267015706806283,0.701714206877522,0.396973854928703,1.12970473348108,101,29,"MYC;SMARCA4;NR1H2;TRP53;TGFB1;HIF1A;SMAD3;SMAD4;STAT3;RELA;MRTFA"
"KEGG_Hypertrophic_cardiomyopathy%mmu05410",0.504132231404959,0.704184704184704,0.336469043760961,0.952566728404072,182,30,"ITGB1;ITGB5;DAG1;PRKAA1;ATP2A2;SLC8A1;TPM4;ITGA5;TGFB1;PRKAB1;ITGA6"
"RA_DNA_Damage/Telomere_Stress_Induced_Senescence%R-MMU-2559586",0.549152542372881,0.704266244546543,-0.423661325240313,-0.941225257931705,323,15,"CDKN1B;ASF1A;UBN1"
"WP_Exercise-induced_Circadian_Regulation%WP544",0.502369668246446,0.706028640706277,-0.380870839334134,-0.977971208258721,317,31,"G0S2;TAB2;PURA;PIGF;CEBPB"
"WP_Eukaryotic_Transcription_Initiation%WP567",0.505295007564297,0.706028640706277,-0.359318397387719,-0.975693595307227,333,40,"POLR2H;POLR2I;POLR1D;AK6;POLR1C;TAF12;GTF2F2;MNAT1;POLR2E;CCNH;POLR2G;GTF2A2;TAF13;ERCC2;POLR3K"
"WP_ErbB_signaling_pathway%WP1261",0.50383631713555,0.706028640706277,0.348110387368709,0.961298835095925,196,25,"MYC;MTOR;PLCG1;MAP2K1"
"BP_regulation_of_MAPK_cascade%0043408",0.269633507853403,0.706766619070284,0.395387926075705,1.12519151098556,102,29,"PIK3AP1;MINK1;RNF41;VRK2;CSF1R;TLR13;PAK1;SHOC2;TNIK"
"RA_Metabolism_of_water-soluble_vitamins_and_cofactors%R-MMU-196849",0.554817275747508,0.708304141147046,0.293149800832837,0.949674858999637,166,65,"MTHFD1L;FASN;MTHFD1;PANK4;MTR;SHMT1;SLC2A3;PCCA;SLC19A1;ACACA;MOCOS;NADK;FLAD1;PARP8;TCN2;SLC5A6;SHMT2;NADSYN1;PARP9;MCCC1;MTRR"
"RA_RMTs_methylate_histone_arginines%R-MMU-3214858",0.554376657824934,0.708304141147046,0.354116998009213,0.936763017451336,208,24,"CARM1;ACTL6A;SMARCC2;SMARCA4;PRMT7"
"BP_gluconeogenesis%0006094",0.272,0.709386934673367,0.397383661828616,1.1373182624319,101,30,"PCX;KAT2A;CRY1;SLC25A13;ENO1;FBP1;GPD2;GPI1;SLC25A10;PPP4R3B;PGAM1;CRTC2"
"BP_fibroblast_migration%0010761",0.271428571428571,0.709386934673367,0.466282071072967,1.14822637994442,113,16,"CLASP2;ILK;IQGAP1;PLEC;PML"
"KEGG_Purine_metabolism%mmu00230",0.51219512195122,0.711681643132221,0.290909417766034,0.962700233703793,146,73,"PAPSS2;XDH;PRPS1L3;ADSL;PGM1;PDE4D;RRM1;IMPDH1;GMPR2;AMPD3;GART;ADCY3;PGM2;NT5C2;PAPSS1;ADSSL1;RRM2;LACC1;PAICS;GMPS;ENTPD1;AMPD2;ATIC;ENTPD5;ADK;NME7"
"RA_Transport_of_Mature_Transcript_to_Cytoplasm%R-MMU-72202",0.560975609756098,0.71293288553653,0.284827900996937,0.936985241450274,160,72,"NUP160;THOC1;NUP107;POM121;CPSF3;CASC3;NUP214;POLDIP3;NUP188;NUP133;RANBP2;CPSF1;NUP93;NUP155;NUP88;NUP98"
"RA_Signaling_by_Insulin_receptor%R-MMU-74752",0.560371517027864,0.71293288553653,-0.356245080946748,-0.921976895535912,361,31,"ATP6V1G1;ATP6V1F;ATP6V0B"
"BP_positive_regulation_of_protein_phosphorylation%0001934",0.275303643724696,0.714412955465587,0.305052395327251,1.07543494411881,67,117,"RAF1;NPTN;ILK;XBP1;AKT1;ARRB1;FBH1;IQGAP3;PDE4D;AGRN;MTOR;DVL3;RAC1;GNAS;RIPK1;MPRIP;VEGFA;CSF1R;PSEN1;SQSTM1;GPNMB;EIF4G3;DVL2;MAP2K3;AXIN1;PINK1"
"BP_calcium_ion_homeostasis%0055074",0.274914089347079,0.714412955465587,-0.516748958206998,-1.15572185597679,159,16,"ZNHIT1;PSEN2"
"RA_G_alpha_(i)_signalling_events%R-MMU-418594",0.563694267515924,0.71477448786366,0.292288789590987,0.934654950853323,176,59,"PPP2R1B;PLA2G4A;PDE4D;CNR2;ADCY3;GNA15;PRKACA;CAMKK1;ANXA1;GNA11"
"BP_inflammatory_response%0006954",0.281632653061225,0.715422947294419,0.289457115919041,1.06358357678018,68,150,"NLRP1A;HK1;AKT1;AP3B1;FASN;CD180;PIK3CG;SCYL3;CUL3;THEMIS2;HCK;MTOR;ALOX5;CNR2;HDAC5;SCYL1;RIPK1;PXK;CSF1R;TLR13;ITGB2L;TNIP1;HPS1;SERPINB1A;MAP2K3;NRROS;ANXA1;NAIP2;LACC1;HDAC9;TRIM14;RPS6KA4;OLR1"
"BP_nervous_system_development%0007399",0.290983606557377,0.715422947294419,0.30558581230132,1.06958471715377,70,114,"MEF2D;NUMB;KALRN;SH2B2;MAFK;ANAPC2;ACTL6A;SMARCC2;KAT2A;MEF2A;SMARCA4;MAP1S;TGFBR2;UNC119B;HDAC5;FN1;LRP5;VEGFA;IGF2BP3;ATXN10;NEDD4;TTLL7;DPF2;SDHA;ECT2;USP33;PLXNB3"
"BP_cellular_response_to_hydrogen_peroxide%0070301",0.280373831775701,0.715422947294419,0.348320067636732,1.09030753156057,89,55,"PLEKHA1;NET1;TOP2B;STAT6;RIPK3;BECN1;RIPK1;CAPN1;HSF1;PRKAA1;AIFM1;ECT2;ANXA1;HDAC6"
"BP_melanosome_organization%0032438",0.289411764705882,0.715422947294419,0.460862998406184,1.12428056112506,122,15,"AP1M1;AP3B1"
"BP_circadian_rhythm%0007623",0.291545189504373,0.715422947294419,0.360629819366354,1.09201733410978,99,41,"NCOA2;THRAP3;AGRN;CRY1;NFIL3;ATP1A3;METTL3;MAT2A;CREB1"
"BP_calcium_ion_transport%0006816",0.281420765027322,0.715422947294419,0.373606323522425,1.10277435950492,102,35,"PKD1;PRKCB;ANXA6;NFATC1;ATP2C1;PLCG1;ATP2A2;SLC8A1;LETM1;ITPR1;ITPR2;P2RX4"
"BP_negative_regulation_of_protein_phosphorylation%0001933",0.286585365853659,0.715422947294419,0.345485553840401,1.08594846154922,93,52,"XDH;ARRB1;TSC2;CCNB1;PRKDC;MTOR;HSPA4;MEN1;PSEN1;CACTIN;PKN1"
"BP_negative_regulation_of_protein-containing_complex_assembly%0031333",0.286445012787724,0.715422947294419,0.403246817938871,1.11355682107296,111,25,"RAF1;TFIP11;HSF1;CRBN;HSPA5;HDAC6;TMC8;ULK1;CDC42"
"BP_synapse_assembly%0007416",0.28992628992629,0.715422947294419,0.431893766539328,1.10696741545554,117,19,"GNPAT;AGRN;PLXNB3;CAPRIN1;MECP2;PLXNB2;SLC25A46;DBNL"
"BP_thymus_development%0048538",0.28804347826087,0.715422947294419,0.369310083025762,1.09632379828424,105,36,"RAF1;PRKDC;RIPK3;CARMIL2;PSEN1;NFATC3;MAP2K1;MAD1L1;CTC1;ZMPSTE24;ATM"
"BP_protein_localization_to_centrosome%0071539",0.288557213930348,0.715422947294419,0.415163060028346,1.12560502962209,115,23,"SPAG5;STIL;CEP78;CSNK1D;PCM1;PIBF1;AURKA;C2CD3;SNX10;CEP350"
"BP_keratinocyte_differentiation%0030216",0.277777777777778,0.715422947294419,0.37112913979205,1.09970712094949,99,37,"SAV1;GAK;CLIC4;SMARCA4;ASAH1;MED1;MAP2K1;PLEC;ANXA1"
"BP_mismatch_repair%0006298",0.290167865707434,0.715422947294419,0.439462048827666,1.11939707551458,120,18,"MSH2;MLH1;PMS1;MSH6;PMS2;EXO1;RPA1;MSH3;MUTYH"
"BP_negative_regulation_of_osteoblast_differentiation%0045668",0.278606965174129,0.715422947294419,0.417844385791768,1.13287473652992,111,23,"NBR1;HDAC5;NFATC1;MEN1;LRP5"
"BP_positive_regulation_of_endothelial_cell_migration%0010595",0.283378746594005,0.715422947294419,0.382677593736412,1.11269673823927,103,32,"BCAS3;AKT1;PIK3CG;RAC1;VEGFA"
"BP_ATP_metabolic_process%0046034",0.287769784172662,0.715422947294419,0.441848087043754,1.1254747885009,119,18,"VCP;AMPD3;NDUFS1;SLC25A25;AMPD2;ATP7A;CLPX"
"BP_cellular_response_to_cadmium_ion%0071276",0.285714285714286,0.715422947294419,0.462972693792796,1.14007699027234,119,16,"AKT1;HSF1;GSN;MAPK1;MAPK9;MMP9;HSPA8"
"BP_embryonic_organ_development%0048568",0.280519480519481,0.715422947294419,0.399457139347391,1.11313999779175,107,27,"POLE;WDR48;MED12"
"BP_cellular_senescence%0090398",0.282296650717703,0.715422947294419,-0.448552245011619,-1.14320699693843,176,30,"NDUFS6;CDKN2A;NPM1;MNT;ZFP217"
"BP_positive_regulation_of_focal_adhesion_assembly%0051894",0.290167865707434,0.715422947294419,0.439677861528762,1.11994679330503,120,18,"MYH9;IQGAP1;RAC1;PPM1F;VEGFA"
"BP_positive_regulation_of_autophagosome_assembly%2000786",0.287769784172662,0.715422947294419,0.443087827204958,1.12863265279101,119,18,"RAB3GAP2;BECN1;SNX4;TRIM32;ULK1;LRSAM1;ATG2A"
"BP_TORC1_signaling%0038202",0.285470085470085,0.715422947294419,-0.498305094248111,-1.14347088320039,166,18,"LAMTOR4;LAMTOR2;LAMTOR5"
"BP_chromosome_organization%0051276",0.289617486338798,0.715422947294419,0.369359242316018,1.09023824337872,105,35,"MYC;BLM;BRCA2;RAD50;ATR;RPA1;DCLRE1C;POT1A;RAD54L;TRP53;CTC1;ZMPSTE24"
"BP_response_to_lipopolysaccharide%0032496",0.292749658002736,0.716684304261415,-0.360880468208329,-1.09705694923253,213,85,"HNRNPA0;SELENOW;PENK;TAB2;XIAP;BIN1;MGST1;SLPI;FOSL2;NOTCH1;SOD2;FOXP1;AKIRIN2;CEBPB;FOS;NFKBIA;ADIPOR2;HMGB2;MGST2;PRDX2;S100A8;LIAS;PTAFR"
"BP_positive_regulation_of_T_cell_differentiation%0045582",0.298701298701299,0.719378069726098,0.392475146433428,1.09368375377636,114,27,"XBP1;ACTL6A;SMARCC2;SMARCA4"
"BP_mRNA_export_from_nucleus%0006406",0.296466973886329,0.719378069726098,-0.417526136338155,-1.12094270920188,192,39,"SEM1;RBM8A;MAGOH;MAGOHB;SARNP;NCBP2;CHTOP;NXT1;SRSF3;NCBP3;THOC7;ALYREF"
"BP_cellular_response_to_epidermal_growth_factor_stimulus%0071364",0.297450424929178,0.719378069726098,0.379179865187835,1.10070582170964,104,34,"CAD;AKT1;IQGAP1;BECN1;MCM7;PLCG1;MED1;GIT1;COL1A1"
"BP_monoatomic_cation_transmembrane_transport%0098655",0.298093587521664,0.719378069726098,-0.515414401610109,-1.13661485672368,171,15,"ROMO1;CNGB1;TMEM109"
"BP_response_to_hormone%0009725",0.295,0.719378069726098,0.408504288339231,1.12352172215289,117,24,"AKT1;NCOA4;MMP19;ATP1A3;POR;MAT2A"
"BP_protein_O-linked_glycosylation%0006493",0.296675191815857,0.719378069726098,0.400589721635742,1.10621931069229,115,25,"PGM3;GALNT11;POMGNT1;GALNT12;B3GALT5;POMK"
"BP_establishment_or_maintenance_of_cell_polarity%0007163",0.298029556650246,0.719378069726098,0.4132407558488,1.10909423301984,120,22,"CLASP2;CTNNA1;RHOBTB2;RAC1;CARMIL2"
"BP_positive_regulation_of_catalytic_activity%0043085",0.3,0.720833333333333,0.454417814541715,1.11901047572519,125,16,"MYC;BCAS3;PIK3CG"
"BP_adenylate_cyclase-activating_G_protein-coupled_receptor_signaling_pathway%0007189",0.301837270341207,0.721905729525745,0.384942990133298,1.07816248343008,114,28,"DGKQ;CNR2;GNAS;ADGRE5;ADCY3;ADGRG3;PRKACA"
"BP_chemical_synaptic_transmission%0007268",0.301837270341207,0.721905729525745,0.384904446695259,1.07805452955135,114,28,"SPG11;AGRN;EXOC4;MINK1;MYO5A;APBA3;USP14;LRP8;GLS;CEP89;MECP2"
"BP_regulation_of_autophagy%0010506",0.303206997084548,0.723514627525887,0.359034300871131,1.08718597031203,103,41,"XBP1;PIK3R4;RMC1;MTOR;PIK3C3;BECN1;WAC;USP10;USP33;PIK3R2;ULK1;ZMPSTE24;ATM;RPTOR;DCAF12"
"BP_mRNA_processing%0006397",0.304347826086957,0.724571200638213,-0.327782336063801,-1.08258218900899,237,171,"SREK1IP1;TRA2A;MAGOH;ARGLU1;SNRNP27;WTAP;PRKRIP1;SNRNP48;FRG1;ARL6IP4;NUDT21;SRSF9;PPIL3;ACIN1;HNRNPH1;PAN3;SRPK1;PRPF38B;KIN;TSEN15;CIR1;PABPC1;HNRNPA3;PABPN1;CD2BP2;TARDBP;RBM25;SRSF3;SREK1;CRIPT;IWS1;ZRANB2;THOC7;SRSF5;ZMAT5;ALYREF;SON;NSRP1;LSM10;CNOT6L;SMNDC1"
"BP_protein_polyubiquitination%0000209",0.305555555555556,0.724577922077922,0.307586295325124,1.05953127646171,76,102,"UBE4A;RNF123;PPIL2;DDB2;UBR5;CUL3;MGRN1;UBE2E1;CUL4B;WSB2;RNF41;TOPORS;UBE2J1;RNF114;PRPF19;HECTD1;TRIM32;BTRC;AXIN1;RNF135;DZIP3;HDAC6;RNF166;TRIP12;DTL;RNF125;MKRN1;SHPRH;UBE3B;SKP2;AMFR;FBXL17;UBE3C;TRIM21;MKRN2;LRSAM1;RNF31;KLHL42;AMBRA1"
"BP_visual_perception%0007601",0.30690537084399,0.724577922077922,0.398315285257556,1.09993850690078,119,25,"MYO7A;MYO5A;CNNM4;ATF6;COL1A1;CLN5;PPT1;PDCL;BBS2;OPA1"
"BP_negative_regulation_of_JNK_cascade%0046329",0.307142857142857,0.724577922077922,0.451730793157225,1.11239364649553,128,16,"AKT1;MEN1"
"BP_regulation_of_cell_division%0051302",0.306759098786828,0.724577922077922,-0.511421360603974,-1.12780922436862,176,15,"RACK1;CIB1;ZBTB18;KAT2B"
"KEGG_Legionellosis%mmu05134",0.524390243902439,0.724811646022219,0.313541197076136,0.952832470618508,171,42,"CASP8;VCP;ITGB2;HSF1;BCL2L13;ITGB2L;NAIP2;CASP7;MYD88;C3;CASP1;CASP3;RELA;NFKB2;ARF1;RAB1B;TLR4;CASP9;HBS1L"
"BP_learning%0007612",0.307941653160454,0.724815047574946,-0.449273538622741,-1.12837491450336,189,27,"COMT;ATXN1;PPP1R9B"
"BP_positive_regulation_of_osteoblast_differentiation%0045669",0.309090909090909,0.725249919380845,0.386161266010403,1.0760892933253,118,27,"ILK;GNAS;MEN1;LRP5;VEGFA"
"BP_positive_regulation_of_p38MAPK_cascade%1900745",0.30952380952381,0.725249919380845,0.44995864550762,1.10802970714064,129,16,"XDH;MAP3K4;MAP3K3;MINK1;VEGFA;GSN"
"BP_receptor-mediated_endocytosis%0006898",0.3125,0.72616988399179,0.363181778918869,1.07813148254657,114,36,"HMMR;GAK;CLTC;TGFBR2;DNAJC13;ITGB2;HPSE;DNM2;CAP1"
"BP_germ_cell_development%0007281",0.312020460358056,0.72616988399179,0.396990208810603,1.09627933874295,121,25,"AKT1;MSH2;CHTF18;FANCC;MTOR;STAU1;FER;STAU2"
"BP_negative_regulation_of_DNA_binding%0043392",0.312714776632302,0.72616988399179,-0.503060776846554,-1.12510789901453,181,16,"TFAP4;GZMA;ILRUN;IFI203;ID1;RSF1"
"BP_lung_development%0030324",0.311046511627907,0.72616988399179,0.346619048747167,1.07384960296534,106,44,"AP3B1;TMTC3;EIF4G1;TGFBR2;ASAH1;VEGFA;HPS1;CUX1;FBXW7;NPHP3;BAG6;DHCR7;PPP1CA;HEG1;TIMELESS;LIPA"
"RA_Metabolism_of_nucleotides%R-MMU-15869",0.574193548387097,0.726451612903226,0.290330068744896,0.927505729832127,177,60,"CAD;XDH;ADSL;RRM1;IMPDH1;GMPR2;CTPS2;AMPD3;GART;TXNRD1;NT5C2;UMPS;ADSSL1;RRM2;PAICS;GMPS;ENTPD1;AMPD2;ATIC;ENTPD5;ADK"
"BP_autophagy%0006914",0.314655172413793,0.726940020332091,0.294602507217242,1.05502213090028,72,132,"BCAS3;XBP1;TM9SF1;RMC1;VPS41;VCP;PIK3C3;CLTC;BECN1;TBC1D25;ATG7;RNF41;VPS11;ATP13A2;SIRT2;DNM2;PSEN1;SQSTM1;PRKAA1;VPS39;LRPPRC;USP10;VPS16;CHMP7;PTPN22;TRP53;RNF166;ULK1;PIK3CB;TGFBRAP1;ATG4D;VPS4B;VPS18;CLEC16A;TBC1D5;IRF8;EPG5;ATG14;TMEM39A;EI24"
"BP_chromatin_organization%0006325",0.316883116883117,0.726940020332091,-0.335882259806108,-1.07535442870571,243,132,"BANF1;ENY2;HMGN5;RTF1;NUCKS1;ZBTB7A;SAMD1;PTMA;YEATS4;PHF14;CHD3;HMGN1;SATB1;PHF21A;BCORL1;ANP32E;UBN2;SETD7;UBN1;ARID1A;MDC1;UIMC1;UBE2B;PARP10;UTP3;BRD3;EPC2;RSF1;RCCD1;EMSY;RNF169;OGT;TBL1XR1;PWWP3A;TRRAP;HMGB1"
"BP_neuromuscular_process_controlling_balance%0050885",0.316753926701571,0.726940020332091,0.372159884830705,1.05908935383296,120,29,"NBN;MYO5A;TIFAB;ATP1A3;ABL2;ABR;EI24;HERC1;APP;ABL1;TPP1;REST;CLN8"
"BP_negative_regulation_of_protein_localization_to_plasma_membrane%1903077",0.314285714285714,0.726940020332091,0.443756021351434,1.11704948573965,131,17,"NUMB;CLTC;HECTD1;AP2M1"
"BP_type_I_interferon-mediated_signaling_pathway%0060337",0.317733990147783,0.726940020332091,0.407403857362608,1.09342861834333,128,22,"JAK1;TYK2;STAT1;STAT2;SIN3A;IFNAR1;IFIH1;MYD88"
"BP_positive_regulation_of_erythrocyte_differentiation%0045648",0.317733990147783,0.726940020332091,0.406406894268016,1.09075287544262,128,22,"KAT7;NCKAP1L;PRKDC;STAT1;MED1;MAPK14"
"BP_reticulophagy%0061709",0.317948717948718,0.726940020332091,-0.489460309207167,-1.12317457421373,185,18,"DDRGK1;UFC1;SNX30;RETREG1;RETREG2;TEX264"
"BP_G_protein-coupled_receptor_signaling_pathway%0007186",0.319230769230769,0.728267117497887,0.314860042432511,1.0628358178139,82,89,"ARHGEF11;DGKQ;ARRB1;PIK3CG;P2RY2;RAC1;ARHGEF1;CNR2;GNAS;ADGRE5;ADGRG3;VAV1;GNA15;JAK2;GNA11;GNB5;ENTPD1;GNA12;GPR160;SYK;TGM2;FPR1;ADGRL4;ADGRE1;PREX1"
"KEGG_Chemical_carcinogenesis%mmu05204",0.530988274706868,0.730108877721943,-0.432816647414646,-0.963039546697678,316,15,"MGST1;GSTP1;GSTT2;MGST2;GSTK1;GSTM5"
"KEGG_Glyoxylate_and_dicarboxylate_metabolism%mmu00630",0.535353535353535,0.732297063903282,0.369161672741511,0.932184001638551,211,20,"CAT;ACO1;SHMT1;PCCA;ACO2;DLD;SHMT2"
"RA_Cargo_recognition_for_clathrin-mediated_endocytosis%R-MMU-8856825",0.582352941176471,0.732365317326255,-0.330154115022326,-0.92294703446746,395,49,"RPS27A;VAMP8;NEDD8;AP2S1;TOR1B;CLTB;EPN1;UBQLN2"
"RA_Resolution_of_Abasic_Sites_(AP_sites)%R-MMU-73933",0.580901856763926,0.732365317326255,0.340464217762538,0.923627340653252,218,26,"POLE;POLD1;RFC5;RPA1;XRCC1;RFC1;POLE2"
"RA_Regulation_of_signaling_by_CBL%R-MMU-912631",0.58277027027027,0.732365317326255,-0.405429637354799,-0.914317273849921,344,16,"RPS27A"
"BP_spermatid_development%0007286",0.326219512195122,0.732934748178651,-0.401365877055067,-1.09423907905294,213,42,"TMF1;ARMC3;CIB1;SLIRP;CELF1;ING2"
"BP_regulation_of_postsynapse_assembly%0150052",0.325459317585302,0.732934748178651,0.373715338541696,1.04671566394417,123,28,"NUMB;VPS35;IQGAP1;RAC1;ELMO1;CC2D1A;ARHGAP33;DOCK10;CYFIP2;UBE3B"
"BP_mitotic_metaphase_chromosome_alignment%0007080",0.323615160349854,0.732934748178651,0.352039177128556,1.06600414903459,110,41,"CDC23;CCNB1;KIF2C;CUL3;KIF18A;BECN1;ZW10;CHMP7;KIF22;SEH1L;SPDL1;VPS4B"
"BP_positive_regulation_of_viral_genome_replication%0045070",0.323308270676692,0.732934748178651,0.417198087956088,1.08453233003634,128,20,"ADAR;CNOT7;DDB1;STAU1;RAD23A"
"BP_positive_regulation_of_T_cell_proliferation%0042102",0.325459317585302,0.732934748178651,0.372259486672658,1.04263806048896,123,28,"JAK3;NCKAP1L;TYK2;CARMIL2;SASH3;JAK2;ANXA1;DNAJA3;ADK;NCK2;VCAM1"
"BP_negative_regulation_of_phagocytosis%0050765",0.325823223570191,0.732934748178651,-0.504745207300707,-1.11308667294873,187,15,"RACK1;PRTN3"
"BP_RNA_catabolic_process%0006401",0.324257425742574,0.732934748178651,0.412131454467433,1.09289225515049,130,21,"MTREX;EXOSC10;DIS3;DIS3L"
"RA_Base_Excision_Repair%R-MMU-73884",0.584656084656085,0.733098832207964,0.336669363651637,0.920606558884134,220,27,"POLE;POLD1;RFC5;RPA1;XRCC1;RFC1;POLE2"
"RA_Translesion_Synthesis_by_POLH%R-MMU-110320",0.588135593220339,0.734315899308726,-0.411649859666753,-0.914540040025163,346,15,"RPS27A;RPA3;RCHY1;SPRTN;PCNA"
"RA_RHOBTB2_GTPase_cycle%R-MMU-9013418",0.588235294117647,0.734315899308726,0.366960429518912,0.916866012219169,239,19,"CUL3;RHOBTB2;CCT6A;TMOD3;RBMX;ACTN1;SRRM1"
"BP_muscle_cell_cellular_homeostasis%0046716",0.327556325823224,0.734348739102605,-0.501673215740843,-1.10631217996645,188,15,"SOD1"
"KEGG_Neuroactive_ligand-receptor_interaction%mmu04080",0.54140127388535,0.734358974358974,-0.377446649189671,-0.933714884873336,339,26,"PENK;GAL;FPR2;TSPO;GZMA;PTAFR;ADRB2;PGRMC1;LTB4R1;TMEM97"
"KEGG_Salivary_secretion%mmu04970",0.542424242424243,0.734358974358974,-0.371348108353351,-0.962574638704488,357,34,"CAMP;CST3;ATP2B1;CALM3;CALML4;BST1;KCNN4;ATP2B4;CALM1;ADRB2;ADCY9"
"RA_TCF_dependent_signaling_in_response_to_WNT%R-MMU-201681",0.590909090909091,0.736021721641191,0.275621431512139,0.923062269182553,168,81,"PPP2R1B;RBBP5;USP8;CUL3;DVL3;SMARCA4;XPO1;PSMD1;MEN1;LRP5;TLE1;PPP2R5B;PSMF1;PPP2R5C;DVL2;AXIN1;PSMD5"
"BP_regulation_of_insulin_secretion%0050796",0.331615120274914,0.741845894063278,-0.489843297305894,-1.1085522044458,192,17,"UQCC2;PPARD;PPP3CB;SLC8B1;SLC16A1;HADH;CLOCK;SREBF1;TCIRG1;ENSA;RFX3"
"RA_Recruitment_and_ATM-mediated_phosphorylation_of_repair_and_signaling_proteins_at_DNA_double_strand_breaks%R-MMU-5693565",0.603174603174603,0.743241043817929,0.330318644771249,0.903240816449178,227,27,"KDM4A;KDM4B;BRCA1;NBN"
"RA_Drug_ADME%R-MMU-9748784",0.603305785123967,0.743241043817929,0.322864391737205,0.905655782497334,218,30,"XDH;IMPDH1;RAC1;NT5C2;SLC22A3;SLC29A1;ABCC4;GMPS;ADK;ABCC5;ABCC2;SLC28A2;ABCC3"
"RA_Antigen_Presentation:_Folding,_assembly_and_peptide_loading_of_class_I_MHC%R-MMU-983170",0.6032,0.743241043817929,-0.371352053808444,-0.905723206778116,376,24,"H2-Q4;H2-Q6;H2-Q7;H2-T22;BCAP31;H2-K1;TAP1;TAP2"
"RA_EPHB-mediated_forward_signaling%R-MMU-3928662",0.599033816425121,0.743241043817929,0.376792019390552,0.931254609107702,247,18,"KALRN;RAC1;CDC42"
"RA_Sialic_acid_metabolism%R-MMU-4085001",0.602439024390244,0.743241043817929,0.383449606126924,0.921233053071849,246,16,"GNE;ST3GAL3;CTSA;ST6GALNAC4;GLB1"
"BP_response_to_ethanol%0045471",0.333333333333333,0.744086021505376,-0.384746522379685,-1.08317668461589,226,49,"EEF1B2;SOD1;PENK;BAK1;GSTP1;IGF1R;SETD7;BCL2;FOS;CBL;ADIPOR2"
"BP_cell_motility%0048870",0.3359375,0.744222496415113,0.388289498842468,1.07445496754941,128,26,"ELMO2;CTNNA1;MYH9;RAC1;TMOD3;ELMO1;MAP2K1;PLEC;ADAM17"
"BP_epidermal_growth_factor_receptor_signaling_pathway%0007173",0.337696335078534,0.744222496415113,0.36686094341758,1.04400967258312,128,29,"AKT1;IQGAP1;SHC1;CSF1R;PLCG1;SPG21;ABL2;ERBB3;EPHA7;PDGFRB;KIF16B;ABL1;KIT;NRG2"
"BP_skin_development%0043588",0.33743842364532,0.744222496415113,0.396803583377812,1.06497861050028,136,22,"WDR48;PKD1;GNAS;JUP;PLEC;COL1A1;ATP8A2;MYD88;GPR89;ATP7A"
"BP_negative_regulation_of_protein_binding%0032091",0.334277620396601,0.744222496415113,0.358546337785225,1.06722750152565,117,38,"MYC;CARM1;AKT1;TFIP11;AURKB;DDX11;USP33;IFIT2;PEX14;TMC8"
"BP_response_to_gamma_radiation%0010332",0.337595907928389,0.744222496415113,0.392051015863992,1.08263987092419,131,25,"MYC;PRKDC;FANCD2;BRCA2;MEN1;PRKAA1;TRP53;PML;XRCC2"
"BP_platelet-derived_growth_factor_receptor_signaling_pathway%0048008",0.335820895522388,0.744222496415113,0.394050984155689,1.06836520971518,134,23,"PLEKHA1;IQGAP1;FER;ABL2;JAK2;TIPARP;SGPL1;PDGFRB;ABL1;RGS14;NRP1"
"BP_positive_regulation_of_translation%0045727",0.339568345323741,0.746762589928058,-0.365519229400881,-1.06726195464022,235,64,"RPS27L;UPF3B;RPL26;RPS4X;NPM1;CIRBP;SOX4;UPF3A;RPL5;PYM1;PTAFR;SSB;EIF6;EP300;METTL5;RBM3;AGO2"
"KEGG_Viral_myocarditis%mmu05416",0.556231003039514,0.749209106134855,-0.371203306811966,-0.956994280487185,365,33,"H2-Q4;ACTB;H2-AB1;H2-Q6;CCND1;H2-Q7;H2-T22"
"KEGG_Lysosome%mmu04142",0.565400843881857,0.753867791842475,0.267609114574853,0.939215873072712,133,111,"AP1M1;AP1B1;AP3B1;ABCA2;MAN2B1;GGA2;CLTC;CTSE;ASAH1;AP1G2;IDUA;AP4E1;CTSC;AP3M1"
"KEGG_AGE-RAGE_signaling_pathway_in_diabetic_complications%mmu04933",0.564102564102564,0.753867791842475,0.296773612945918,0.944704774212585,175,58,"PLCG2;AKT1;PRKCB;RAC1;TGFBR2;STAT1;NFATC1;FN1;COL1A2;VEGFA;PLCG1;MAPK14;JAK2;COL1A1;PIK3R2;PIK3CB"
"BP_negative_regulation_of_cytokine_production%0001818",0.344827586206897,0.75423566620712,0.393871704070107,1.05710975829714,139,22,"NPTN;CEACAM1;GPNMB;HDAC9"
"BP_positive_regulation_of_smooth_muscle_cell_migration%0014911",0.343980343980344,0.75423566620712,0.417977620776088,1.07129957048507,139,19,"MYC;PDE4D;P2RY2"
"BP_extrinsic_apoptotic_signaling_pathway%0097191",0.345146379044684,0.75423566620712,-0.415389044710996,-1.0885999180718,223,34,"NDUFA13;SIVA1;G0S2;BAX;TRADD;BAD;PRDX2;PDPK1;GSK3B"
"RA_Translesion_synthesis_by_Y_family_DNA_polymerases_bypasses_lesions_on_DNA_template%R-MMU-110313",0.61849710982659,0.755564371143766,0.315933670429644,0.90169665288451,213,33,"POLE;POLD1;VCP;NPLOC4;REV1;RFC5;UBA7;RPA1;USP10"
"RA_Intra-Golgi_traffic%R-MMU-6811438",0.616,0.755564371143766,0.335342736233037,0.897148417872146,230,25,"COG1;COG4;COG2;COG5;STX6;COG6;NSF;GOSR2;VPS45"
"RA_Intracellular_signaling_by_second_messengers%R-MMU-9006925",0.618677042801556,0.755564371143766,-0.28911928819998,-0.934692243273208,476,140,"LAMTOR4;RPS27A;CDKN1B;LAMTOR2;PHLPP2;PSMB5;FOXO3;FOXO4;XIAP;PSMB6;CHD3;PPP2R5E;PSMA7;PSMD9;LAMTOR5;PSMB1;STUB1;CSNK2A2;CBX8;GATAD2B;PSMD13;PIP5K1A;PIP4K2B;PSMC5;PSMD7;PSMD10;PDPK1;CALM1;PSMD4;CSNK2B;PHC3"
"RA_DDX58/IFIH1-mediated_induction_of_interferon-alpha/beta%R-MMU-168928",0.618122977346278,0.755564371143766,-0.367948414216985,-0.886385579612239,381,23,"RPS27A;HSP90AA1;NKIRAS1;NFKBIA;HSP90AB1"
"BP_negative_regulation_of_TORC1_signaling%1904262",0.347578347578348,0.757954463836817,0.351995591599424,1.05567937003585,121,39,"TSC2;USP7;DEPDC5;PRKAA1;TBK1;PRKACA;SESN2;ATM;SESN1"
"KEGG_Glutathione_metabolism%mmu00480",0.571428571428571,0.758076094759512,-0.364417248237485,-0.939499233639128,375,33,"GGCT;MGST1;GSTP1;TXNDC12;GSTT2;MGST2;GSTK1;GSTM5;GGT5;GPX1;GSS;SMS"
"RA_Metabolism_of_vitamins_and_cofactors%R-MMU-196854",0.622302158273381,0.758346569497649,0.273202227045598,0.916093261438523,172,82,"MTHFD1L;FASN;MTHFD1;PANK4;MTR;SHMT1;IDH1;SLC2A3;PCCA;LRP10;SLC19A1;ACACA;MOCOS;NADK;FLAD1;PARP8;TCN2;SLC5A6;SHMT2;NADSYN1;PARP9;MCCC1;LRP1;MTRR"
"RA_Regulation_of_TNFR1_signaling%R-MMU-5357905",0.625373134328358,0.759098437234585,-0.339240344833318,-0.901603767586712,418,36,"RPS27A;RACK1;XIAP;TRADD"
"RA_Processing_of_Intronless_Pre-mRNAs%R-MMU-77595",0.625615763546798,0.759098437234585,0.348579167305357,0.879861418715372,253,20,"CSTF2;CPSF3;CPSF1;CSTF3;PAPOLA;NCBP1;WDR33;CSTF1;PCF11"
"BP_neuron_cellular_homeostasis%0070050",0.351485148514851,0.759540695710909,0.404856566007776,1.07360066949631,141,21,"DCTN1;MINK1;PSEN1;PRKAA1;ATP2A2;TSC22D4;IMMT;ATP7A;TMEM175"
"BP_protein_catabolic_process%0030163",0.355311355311355,0.759540695710909,0.317783673785009,1.03672492318222,96,76,"AKT1;PREP;TPP2;SPG11;CUL3;ATG7;RIPK1;IDE;DPP3;CUL2;CAPN1;SQSTM1;CAST;BTRC;AXIN1;PJA1;AFG3L2;CASP7;CTSB;AFG3L1;PPT1;EPG5;GGA3;GGA1;LRSAM1;CHEK2;CASP3;NLN;CBLB;RELA;LONP1;MMP8;CAPN2"
"BP_associative_learning%0008306",0.355294117647059,0.759540695710909,0.439256281402705,1.07157072761543,150,15,"SPECC1;PPT1;MECP2;APP;ABL1;CLN8"
"BP_response_to_hydrogen_peroxide%0042542",0.351132686084142,0.759540695710909,-0.436016264528932,-1.08296072507099,216,26,"SOD1;BAK1;PARK7;SOD2;BCL2"
"BP_negative_regulation_of_cell_adhesion%0007162",0.351485148514851,0.759540695710909,0.404914776881423,1.0737550333826,141,21,"MYO1F;RIPOR2;PLXNB3;ERBB3;PDE3B;RASA1;PLXNB2;LPXN;SEMA4D"
"BP_cellular_response_to_vascular_endothelial_growth_factor_stimulus%0035924",0.352941176470588,0.759540695710909,0.441219537375515,1.07636011303881,149,15,"XBP1;AKT1;VEGFA;MAPK14;MAP2K3;ANXA1"
"BP_endothelial_cell_proliferation%0001935",0.352380952380952,0.759540695710909,0.438677868063873,1.08025062865841,147,16,"XBP1;SCARB1;VEGFA;PIK3CB;LIPA"
"BP_lung_alveolus_development%0048286",0.351701782820097,0.759540695710909,-0.435386559590004,-1.09349701177441,216,27,"PSEN2;PHF14;FOSL2;HOPX;ATXN1;NKIRAS1;BMPR2;MAN2A1;RC3H2;TMEM38B;ATXN1L;ADA;CIC;MAPK8IP3"
"BP_translational_initiation%0006413",0.355623100303951,0.759540695710909,-0.391954357425774,-1.07676849247255,233,44,"EIF3K;EIF1AX;EIF4B;EIF4A2;EIF1;EIF1B;EIF2S3X;EIF2S2;EIF3I;EIF3F;EIF4E3;EIF6"
"BP_positive_regulation_of_reactive_oxygen_species_metabolic_process%2000379",0.355,0.759540695710909,-0.450653964189607,-1.08735949971575,212,23,"ROMO1;PLAU;PARK7;TSPO;DCXR;GADD45A"
"BP_intracellular_transport%0046907",0.356435643564356,0.759712932278854,0.399321129865349,1.05892177220914,143,21,"AP3B1;GAK;AP3M1;HPS4;HPS1;AP3D1;HPS6;HPS3;HPS5"
"BP_sensory_perception_of_sound%0007605",0.358296622613803,0.762114537444934,-0.379206081739943,-1.06757868496056,243,49,"RPL38;CDKN1B;SOD1;SPRY2;NDUFS4;DIAPH1;CCDC154"
"BP_nuclear-transcribed_mRNA_catabolic_process,_nonsense-mediated_decay%0000184",0.359055118110236,0.762166078933385,-0.417528268957043,-1.0750770485694,227,32,"RBM8A;MAGOH;UPF3B;MAGOHB;DCP2;NCBP2;PABPC1;PYM1;SMG1;RC3H1"
"RA_DNA_Double_Strand_Break_Response%R-MMU-5693606",0.630026809651475,0.762806653405979,0.321697376305447,0.891377670269529,234,28,"KDM4A;KDM4B;BRCA1;NBN"
"BP_response_to_interleukin-1%0070555",0.361904761904762,0.763458963735929,0.435993657503926,1.07364072112505,151,16,"MYD88;GCLC;RELA;APP;YTHDC2;TRAF6;IRAK3;IRAK1;PRKCI;IRAK2;SMPD1;TLE5"
"BP_response_to_ischemia%0002931",0.362606232294618,0.763458963735929,0.351762174442991,1.04703416824997,127,38,"HK1;CSF1R;SQSTM1;RCAN1;AIFM1;MAP2K3;TRP53;PINK1;EEF2K;PIK3CB;P2RX4;HK2;STAT3;RELA;ABRAXAS2;HYOU1;CASP9;PTK2B;REST;MLYCD;PER2;NFE2L2;MEF2C"
"BP_negative_regulation_of_stress_fiber_assembly%0051497",0.361904761904762,0.763458963735929,0.437964971619519,1.07849511079839,151,16,"CLASP2;CLASP1;ARAP1;ARHGEF18;INPP5K;WAS"
"BP_positive_regulation_of_MAPK_cascade%0043410",0.361313868613139,0.763458963735929,0.313473377721895,1.03977683753764,98,82,"RAF1;ILK;PLCG2;ARRB1;IQGAP3;IQGAP1;SHC1;RIPK1;HGF;GSDME;VEGFA"
"BP_osteoblast_differentiation%0001649",0.364130434782609,0.763844631885869,0.353388110813263,1.04905826762456,133,36,"MEF2D;AKT1;ADAR;HDAC5;MAPK14;GPNMB;FTO;COL11A2;COL1A1"
"BP_transcription_by_RNA_polymerase_I%0006360",0.36426116838488,0.763844631885869,-0.479510879106418,-1.08516916534885,211,17,"POLR2L;POLR2F"
"BP_neurogenesis%0022008",0.36734693877551,0.768762343647136,0.343254420834597,1.03940317031966,125,41,"DAGLB;BTBD2;NUP133;SMARCA4;WDR62;PSEN1;ATP1A3;TRAK1;XRCC6;KAT5;CEP120;ERBB3;XRCC2;CLN5;MYD88;BTBD1;CDK5RAP2;TRAK2;ERCC6;TACC1"
"RA_Stimuli-sensing_channels%R-MMU-2672351",0.640750670241287,0.771193929982704,0.319161327970474,0.884350641070595,238,28,"RAF1;TRPC4AP;ANO10;ASPH;ANO6;STOM"
"RA_CDK-mediated_phosphorylation_and_removal_of_Cdc6%R-MMU-69017",0.641063515509601,0.771193929982704,-0.317848325956525,-0.885931618059265,433,48,"RPS27A;UBE2S;PSMB5;PSMB6;PSMA7;PSMD9;PSMB1;ANAPC16;PSMD13;PSMC5;PSMD7;PSMD10;PSMD4;ANAPC11;UBE2C"
"RA_HDACs_deacetylate_histones%R-MMU-3214815",0.639072847682119,0.771193929982704,-0.365553783806721,-0.867194766959408,385,21,"CHD3;PHF21A;GATAD2B;SAP30L;SAP30"
"BP_Ras_protein_signal_transduction%0007265",0.36950146627566,0.771715336004296,0.346511133344336,1.03869920639598,125,40,"USP8;IQGAP3;DGKZ;RSU1;RASGRF2;SDCBP"
"RA_Mitochondrial_Fatty_Acid_Beta-Oxidation%R-MMU-77289",0.6432,0.772114285714286,-0.356272928481532,-0.880293867364988,401,26,"DBI;MCEE;ACOT13;ACBD6"
"KEGG_Protein_digestion_and_absorption%mmu04974",0.588235294117647,0.776470588235294,0.328656882691665,0.898294496089177,219,26,"COL1A2;ATP1A3;COL6A4;CPA3;COL19A1;SLC8A1;COL11A2;ATP1A1;COL1A1"
"BP_interleukin-6_production%0032635",0.372852233676976,0.777149836459239,-0.473827513120586,-1.07230728089127,216,17,"PSEN2;FCER1G"
"BP_establishment_of_mitotic_spindle_orientation%0000132",0.37434554973822,0.778698758774093,0.356525036136002,1.0145958378032,142,29,"DCTN1;ITGB1;PLK1;ZW10;NDC80;KAT5;NDEL1;SPDL1;ARHGEF2;CDK5RAP2;HDAC3"
"BP_keratinocyte_proliferation%0043616",0.376288659793814,0.781175257731959,-0.480251614653134,-1.07409464229715,218,16,"CDKN2A;CTSL;PPARD;KLK8;PTCH1"
"BP_insulin-like_growth_factor_receptor_signaling_pathway%0048009",0.378082191780822,0.783331966204577,0.352163684507639,1.03122148772652,137,33,"RAF1;AKT1;SHC1;CSF1R;MAP2K1"
"BP_positive_regulation_of_stress_fiber_assembly%0051496",0.379581151832461,0.784870987255168,0.353575489957616,1.00620204501818,144,29,"LIMK1;MTOR;RAC1;PPM1F;NF2;PXN"
"BP_regulation_of_neurogenesis%0050767",0.380952380952381,0.786140301050838,0.400352129155992,1.0407402143086,151,20,"DOCK7;ZFP335;NF2;HLTF"
"RA_Signaling_by_Hedgehog%R-MMU-5358351",0.656424581005587,0.786312849162011,-0.301287483773855,-0.901660426524168,469,76,"RPS27A;RBX1;PSMB5;PSMB6;ERLEC1;PSMA7;PSMD9;PSMB1;PSMD13;PSMC5;PSMD7;PSMD10;DERL2;PSMD4;GSK3B;OFD1;ADCY9;TUBA1C;PSME1;PTCH1"
"BP_spindle_organization%0007051",0.385714285714286,0.786313995328578,0.414477700098473,1.04334832536026,161,17,"CKAP5;KIF11;AURKB;KIZ;SPAG5"
"BP_lipid_homeostasis%0055088",0.383631713554987,0.786313995328578,0.376502090065717,1.03970186964863,149,25,"THADA;NR1H2;ATP13A2;ABHD4;HPS1;ACACA;PNPLA8;PNPLA2;ABHD8;LIPA;HPS6"
"BP_modulation_of_chemical_synaptic_transmission%0050804",0.386885245901639,0.786313995328578,0.325392388054958,1.02836011248154,117,60,"NPTN;VPS35;PACSIN2;ITGB1;STAU1;PXK;PLCG1;PRKACA;JAK2;ABR"
"BP_response_to_organic_cyclic_compound%0014070",0.38366718027735,0.786313995328578,-0.395918800911974,-1.05710446311147,248,38,"CXCR4;NEDD8;BAK1;CDKN2A;DUT;CTSL"
"BP_positive_regulation_of_double-strand_break_repair_via_homologous_recombination%1905168",0.387096774193548,0.786313995328578,0.343492969572465,1.02965198103165,131,40,"WDR48;PARP1;BLM;ACTL6A;HDGFL2;KAT5;VPS72;SKP2;TIMELESS;RNF126"
"BP_negative_regulation_of_fibroblast_proliferation%0048147",0.384816753926702,0.786313995328578,0.351196351674545,0.99943151404587,146,29,"MYC;TSC2;MED25;MEN1;TRIM32"
"BP_positive_regulation_of_protein_localization_to_nucleus%1900182",0.3825,0.786313995328578,0.375538835206773,1.032855837529,152,24,"AKT1;PARP1;JAK1;TYK2"
"BP_adult_walking_behavior%0007628",0.385964912280702,0.786313995328578,0.399945593488578,1.03968339960271,153,20,"OXR1;ATG7;IDUA;ABL2;AXIN1;HIPK2;ZMPSTE24"
"RA_Fatty_acid_metabolism%R-MMU-8978868",0.667832167832168,0.788237967483251,0.269612208363652,0.895346366945013,190,76,"ACLY;CROT;ACAD11;ACSL5;ALOX5;ACSF2;EHHADH;HADHB;HADHA;ACAD10;LTA4H;CRAT;ACSL1;ABCD1;ACOT9;CPT2"
"RA_C-type_lectin_receptors_(CLRs)%R-MMU-5621481",0.659634317862166,0.788237967483251,-0.302113918055242,-0.891795857659749,468,70,"RPS27A;TAB2;PSMB5;FCER1G;PSMB6;PSMA7;PSMD9;PSMB1;NFKBIA;PSMD13;PSMC5;PSMD7;PSMD10;PDPK1;PYCARD;CDC34;CALM1;PSMD4;PPP3CB;EP300;PSME1;PAK2;UBE2M"
"RA_RND3_GTPase_cycle%R-MMU-9696264",0.6657824933687,0.788237967483251,0.322545914639281,0.875017725312425,250,26,"NISCH;WDR6;TMOD3;RBMX;PLEKHG5;PIK3R2;DEPDC1B;KTN1;FLOT2"
"RA_Citric_acid_cycle_(TCA_cycle)%R-MMU-71403",0.661764705882353,0.788237967483251,0.345022887875244,0.862054145034766,269,19,"SDHA;IDH3G;OGDH;IDH3A;IDH3B;ACO2;ME2;DLD"
"RA_RIPK1-mediated_regulated_necrosis%R-MMU-5213460",0.6672,0.788237967483251,-0.350842123658194,-0.866875210490843,416,26,"RPS27A;XIAP;TRADD;HSP90AA1;STUB1"
"RA_Regulation_of_necroptotic_cell_death%R-MMU-5675482",0.6672,0.788237967483251,-0.350842123658194,-0.866875210490843,416,26,"RPS27A;XIAP;TRADD;HSP90AA1;STUB1"
"RA_EPH-Ephrin_signaling%R-MMU-2682334",0.664864864864865,0.788237967483251,0.315379608630879,0.878686235621765,245,29,"KALRN;NCSTN;RAC1;SDCBP;VAV3"
"BP_fatty_acid_metabolic_process%0006631",0.389301634472511,0.78924823551263,-0.377446371509489,-1.04722207280224,261,46,"NDUFS6;DBI;FABP4;ACAA1A;CYB5A;PPARD;NAAA;MECR;ALKBH7;LPIN2;HSD17B10;GGT5;MBLAC2;ACOT2"
"BP_transcription_by_RNA_polymerase_III%0006383",0.39047619047619,0.790086326928432,0.414108566179993,1.04241911914341,163,17,"POLR2B;POLRMT;POLR1B;POLR1A"
"KEGG_Complement_and_coagulation_cascades%mmu04610",0.602649006622517,0.791538993772858,-0.391582427026193,-0.907983716634986,363,18,"PLAU;PLAUR;C1QB;C1QC"
"RA_Peptide_hormone_metabolism%R-MMU-2980736",0.677993527508091,0.796740583387898,-0.351560872908568,-0.846908088366646,418,23,"SPCS1;SEC11C;SEC11A"
"RA_Nucleotide_catabolism%R-MMU-8956319",0.679465776293823,0.796740583387898,-0.377408447967215,-0.856762248326618,406,17,"NT5C;DNPH1"
"RA_APC/C:Cdh1_mediated_degradation_of_Cdc20_and_other_APC/C:Cdh1_targeted_proteins_in_late_mitosis/early_G1%R-MMU-174178",0.680696661828737,0.796740583387898,-0.310394931880525,-0.873518067816367,468,51,"RPS27A;UBE2S;PSMB5;PSMB6;PSMA7;PSMD9;PSMB1;ANAPC16;PTTG1;PSMD13;PSMC5;PSMD7;PSMD10;PSMD4;ANAPC11;UBE2C"
"RA_RHOBTB_GTPase_Cycle%R-MMU-9706574",0.67828418230563,0.796740583387898,0.312942160077419,0.867118211477315,252,28,"CUL3;RHOBTB2;CCT6A;TMOD3;COPS4;COPS2;RBMX;ACTN1;SPEN;SRRM1"
"RA_Signaling_by_Retinoic_Acid%R-MMU-5362517",0.682432432432433,0.797115061119211,-0.368341520985413,-0.830676853104333,403,16,"PPARD;FABP5;PDHB;DHRS4;RDH13"
"RA_Termination_of_translesion_DNA_synthesis%R-MMU-5656169",0.6848,0.798224430641822,-0.345111048290789,-0.852714632753894,427,26,"RPS27A;PCLAF;RPA3;POLE4;POLE3;ISG15"
"RA_TP53_Regulates_Transcription_of_Cell_Cycle_Genes%R-MMU-6791312",0.688394276629571,0.80075615236043,-0.336280485183779,-0.845507312235632,432,28,"CDKN1B;BAX;NPM1;GADD45A;CNOT6L;PCNA;CDK2;CDK1"
"WP_Mitochondrial_Gene_Expression%WP1263",0.581176470588235,0.801081081081081,0.374798568145337,0.91432539813475,246,15,"POLRMT;NRF1;CREB1"
"KEGG_Drug_metabolism%mmu00982",0.619765494137353,0.802787456445993,-0.400140912948715,-0.890334338392838,369,15,"MGST1;GSTP1;GSTT2;MGST2;GSTK1;GSTM5"
"KEGG_Basal_transcription_factors%mmu03022",0.62089552238806,0.802787456445993,-0.339792716696022,-0.903910807684874,415,38,"GTF2H5;TAF15;TAF4;TAF10;TAF12;TAF3;GTF2F2;MNAT1;CCNH;GTF2A2;TAF13;ERCC2"
"KEGG_Viral_carcinogenesis%mmu05203",0.623376623376623,0.802787456445993,0.257740744296336,0.945277786416361,143,143,"JAK3;ACTN4;SND1;CASP8;USP7;JAK1;KAT2A;RBL2;VAC14;RAC1;DDB1;SNW1;HDAC5;PXN;PKM;SP100;GSN;MAD1L1;IKBKG;PRKACA;TRP53;YWHAQ;SCIN;HDAC6;DNAJA3;CREB1;HDAC9;PIK3R2;TBP;ACTN1;PIK3CB"
"KEGG_Melanoma%mmu05218",0.615853658536585,0.802787456445993,0.300917046866391,0.914468452282219,201,42,"RAF1;AKT1;DDB2;HGF;MAP2K1;TRP53;PIK3R2;PIK3CB"
"BP_regulation_of_cell_adhesion%0030155",0.398333333333333,0.803740544404074,-0.433046355203736,-1.04487501623296,238,23,"CXCR4;PLAU"
"BP_positive_regulation_of_cell_growth%0030307",0.398773006134969,0.803740544404074,0.324975636169861,1.01609138153611,129,51,"KDM2B;AKT1;EIF4G1;MTOR;SDCBP;USP47;TRIM32;ZFP639;HDGFL2;ADAM17;MAPKAP1;CDKN2AIP;NCBP1;CDC42;RPTOR;SUPV3L1"
"RA_Biological_oxidations%R-MMU-211859",0.693198263386397,0.804681695436168,-0.303490813448057,-0.874099833526547,478,62,"COMT;GGCT;FDX1;MGST1;GSTP1;IMPAD1;TRMT112;HSP90AB1;MGST2;GSTK1;GSTM5;FDXR;ABHD10;SLC26A2;GSS;NAT2"
"BP_antigen_processing_and_presentation_of_exogenous_peptide_antigen_via_MHC_class_II%0019886",0.40207972270364,0.808834791020112,-0.473185704604107,-1.04349024816178,231,15,"H2-AB1;FCER1G;CTSS;H2-AA;LGMN"
"BP_anterograde_axonal_transport%0008089",0.402985074626866,0.809088022171541,-0.443482503109866,-1.05239540466825,242,20,"SOD1;BLOC1S1;BLOC1S4;BLOC1S2"
"KEGG_mRNA_surveillance_pathway%mmu03015",0.63179347826087,0.80967707893626,-0.304656773062735,-0.915757670526011,464,76,"RBM8A;MAGOH;UPF3B;MAGOHB;NUDT21;ACIN1;PPP2R5E;NCBP2;PABPC1;UPF3A;PABPN1;TARDBP;PYM1;CPSF7;NXT1;SMG1"
"RA_RNA_polymerase_II_transcribes_snRNA_genes%R-MMU-6807505",0.699290780141844,0.810083763826869,-0.300115939861742,-0.877049879351635,492,67,"POLR2L;POLR2F;POLR2H;POLR2I;SNAPC5;POU2F2;NCBP2;GTF2F2;POLR2E;POLR2G;GTF2A2;SP1;TAF13;NABP2;SNAPC2"
"RA_RHOH_GTPase_cycle%R-MMU-9013407",0.703517587939699,0.813306780308112,0.325171680683044,0.8347448173768,279,21,"VCP;MTR;JUP;STOM;FAM91A1"
"BP_DNA-templated_transcription%0006351",0.411214953271028,0.814515262515262,0.328163934788937,1.01611771405404,131,49,"MYC;DNMT1;XAB2;MEF2A;STAT1"
"BP_endoderm_development%0007492",0.410745233968804,0.814515262515262,-0.468926582063378,-1.0340978409235,236,15,"TNRC6A;TNRC6C;NOTCH1;BPTF"
"BP_axon_guidance%0007411",0.409883720930233,0.814515262515262,0.328734608546238,1.0184423797373,140,44,"NPTN;KALRN;RAC1;CYFIP1;DAG1;CSF1R;USP33;EMB;ULK1;CYFIP2"
"BP_nucleosome_disassembly%0006337",0.409411764705882,0.814515262515262,0.429713377685364,1.04829070473835,173,15,"SMARCC2;SMARCA4;ATAD2;SUPT16"
"BP_regulation_of_microtubule_cytoskeleton_organization%0070507",0.411027568922306,0.814515262515262,0.390010626535891,1.01385683622889,163,20,"AGRN;KIF18A;MARK2;CLASP1;PRKAA1"
"BP_negative_regulation_of_telomere_maintenance_via_telomerase%0032211",0.411027568922306,0.814515262515262,0.391460096610978,1.01762482367474,163,20,"EXOSC10;HNRNPU;POT1A;NAT10;TRP53;CTC1;PML"
"BP_positive_regulation_of_TOR_signaling%0032008",0.410299003322259,0.814515262515262,-0.423072925162759,-1.0285889991876,246,24,"LAMTOR4;LAMTOR2"
"BP_cytokine_production%0001816",0.411965811965812,0.814515262515262,-0.454547332066752,-1.04305905208337,240,18,"FABP4;FOSL2;TREM3;PTAFR;NFAT5;NFATC2IP;TUT4"
"WP_Triacylglyceride_Synthesis%WP386",0.607058823529412,0.814736842105263,0.364703129238811,0.88969745933757,257,15,"GNPAT;DGAT2;PNPLA2;AGPAT2;LIPE"
"WP_Purine_metabolism%WP2185",0.606299212598425,0.814736842105263,-0.294684144620542,-0.931578235535026,461,112,"POLR2L;POLR2F;NME1;POLR2H;APRT;NT5C;NPR1;POLR2I;NME3;POLR1D;AK6;ZNRD1;POLE4;POLE3;POLR1C;POLR3GL;GUK1"
"BP_regulation_of_cell_growth%0001558",0.41304347826087,0.815093403868408,0.343332583971437,1.01920770602966,151,36,"ILK;XBP1;CEACAM1;KAT7;MTOR"
"RA_Glycosaminoglycan_metabolism%R-MMU-1630316",0.708708708708709,0.816304337976094,0.277001862422509,0.857076451454835,235,45,"PAPSS2;HMMR;ST3GAL3;PAPSS1;GLB1L;EXT2;NDST2;B4GALT5;ABCC5;HGSNAT"
"RA_Degradation_of_beta-catenin_by_the_destruction_complex%R-MMU-195253",0.709010339734121,0.816304337976094,-0.304414173734047,-0.848486902313484,479,48,"RPS27A;RBX1;PSMB5;PSMB6;PPP2R5E;PSMA7;PSMD9;PSMB1;PSMD13;ZRANB1;PSMC5;PSMD7;PSMD10;PSMD4;GSK3B"
"BP_positive_regulation_of_lamellipodium_assembly%0010592",0.416040100250627,0.816350896143952,0.387401449266251,1.00707411793413,165,20,"MTOR;RAC1;CYFIP1;CARMIL2;DNM2;CDC42;ATP7A"
"BP_male_gonad_development%0008584",0.416036308623298,0.816350896143952,-0.375229177229642,-1.02587393206424,274,43,"TMF1;NUDT1;BAX;PRDX4;CTSL;BCL2;EIF2S2;CBL;AGO4;HMGB2;INSR;H3F3B;TFPT;CD2AP"
"BP_negative_regulation_of_gene_expression%0010629",0.414746543778802,0.816350896143952,0.268782645889229,1.00268748763694,89,172,"MYC;DGKQ;DNMT1;AKT1;XDH;KDM4A;VPS35;IQGAP3;CCNB1;ANAPC2;CNOT7;PCX;EMILIN1;POU2F1;WWP2;RBL2;HDAC5;HSPA4;NR1H2;BRIP1;VEGFA;HSF1;PSEN1;MBD1;LGALS9;PRKAA1;TBK1;MAP2K1;PTPN22;AXIN1;TRP53;PINK1;SETDB2;FBXW7;TIPARP;CREB1;OLR1;L3MBTL2;AFF2;ZMPSTE24"
"KEGG_Prostate_cancer%mmu05215",0.64113475177305,0.817679103710556,-0.316256834187352,-0.91396890775875,451,64,"CDKN1B;PLAU;CCND1;GSTP1;IGF1R;HSP90AA1;BCL2;NFKBIA;HSP90AB1;BAD;CREBBP;ATF4;PDPK1;GSK3B;EP300"
"KEGG_Hematopoietic_cell_lineage%mmu04640",0.644615384615385,0.818165680473373,-0.348792986398486,-0.889987227773945,418,32,"H2-AB1;IL3RA;IL11RA1;CD44;H2-AA;CD9;ITGA4;H2-DMA;TFRC;CD14"
"RA_Senescence-Associated_Secretory_Phenotype_(SASP)%R-MMU-2559582",0.712241653418124,0.818351124233477,-0.328723616923953,-0.826507139306204,447,28,"RPS27A;CDKN1B;UBE2S;ANAPC16;CEBPB"
"BP_cellular_response_to_glucose_starvation%0042149",0.425595238095238,0.819694591123163,0.325223561245528,1.00644930176588,142,45,"XBP1;PIK3R4;MYBBP1A;PIK3C3;BECN1;PRKAA1;HSPA5;KAT5;TRP53;SESN2;NUAK2;IFI209;SESN1;MTMR3;ATG14"
"BP_cholesterol_metabolic_process%0008203",0.422740524781341,0.819694591123163,0.335601550272145,1.01622963651544,144,41,"ABCA2;HDLBP;CAT;NSDHL;GBA2;LRP5"
"BP_cellular_response_to_reactive_oxygen_species%0034614",0.424242424242424,0.819694591123163,-0.406165541745989,-1.0351777176531,265,30,"ROMO1;PRDX5;PARK7;RPS3;FOS"
"BP_double-strand_break_repair_via_homologous_recombination%0000724",0.423357664233577,0.819694591123163,0.302092522935863,1.00202706342957,115,82,"SPIDR;WDR48;RECQL;FBH1;BLM;BRCA1;NBN;RMI1;BRCA2;TOP3A;RAD50;RECQL4;RPA1;TONSL;WRN;SMC5;RAD54L;KAT5;INTS3;SLX4;POLL;RECQL5;MCM9;FAN1;MMS22L;ATM;XRCC2"
"BP_positive_regulation_of_endocytosis%0045807",0.423558897243108,0.819694591123163,0.386038910855886,1.00353211474759,168,20,"CKAP5;MYH9;ITGB1;ADD1;DNM2;EEF2K;AP2B1"
"BP_regulation_of_neuron_apoptotic_process%0043523",0.425641025641026,0.819694591123163,-0.447393311926176,-1.02664257586629,248,18,"BAX;NPM1;PARK7"
"BP_glucose_homeostasis%0042593",0.422475106685633,0.819694591123163,-0.346392441964452,-1.02056289205581,296,67,"SELENOT;NUCKS1;RPS6;CDKN2A;FOXO3;PARK7;PRCP;DHPS;FOSL2;SOX4;FABP5;ADIPOR2;BAD;INSR;KLF7;SESN3;SLC8B1;SLC16A1;PTCH1;DMXL2"
"BP_intrinsic_apoptotic_signaling_pathway%0097193",0.425,0.819694591123163,0.367588304511103,1.01098925205068,169,24,"NLRP1A;BUB1;MSH6;NBN;PPM1F"
"BP_negative_regulation_of_peptidyl-serine_phosphorylation%0033137",0.419243986254296,0.819694591123163,-0.464956420922041,-1.0398865623278,243,16,"RACK1;BAX;BAK1"
"BP_neural_precursor_cell_proliferation%0061351",0.425373134328358,0.819694591123163,0.37152591776013,1.00729443905056,170,23,"ILK;GAK;RSU1;ORC3"
"WP_PPAR_signaling_pathway%WP2316",0.619273301737757,0.820336062042223,-0.347291147175781,-0.891747825627292,391,31,"DBI;FABP4;ACAA1A;PPARD;FABP5"
"BP_endosome_to_lysosome_transport%0008333",0.428152492668622,0.82148297114608,0.335260217660513,1.00497354488772,145,40,"MGRN1;VPS41;VPS11;VPS39;TRAK1;PLEKHF2;VPS16;RAB7B;TGFBRAP1;UEVLD;VPS18;VIPAS39;EPG5;VPS33A;ATG14;LIPA;SNX27;TRAK2;SORT1;HGS;AKTIP"
"BP_retrograde_transport,_endosome_to_Golgi%0042147",0.428104575163399,0.82148297114608,0.313713447167765,1.01051447135025,130,63,"HEATR5B;DCTN1;VPS35;WASHC2;VPS26A;CLTC;GBF1;PREPL;VPS52;VPS53;PLEKHA3;STX6;VPS50;DENND2A;STX5A;ERC1;SNX1;DENND5A;CLN5;TBC1D5;HEATR5A;RNF126;TBC1D10A;GGA1"
"KEGG_Ether_lipid_metabolism%mmu00565",0.650753768844221,0.822004760645332,0.360657514724415,0.870090295046146,258,17,"PLA2G4A;PAFAH2;CHPT1;PAFAH1B2;PLD1;PLD4;LPCAT2;PLA2G6"
"BP_positive_regulation_of_double-strand_break_repair%2000781",0.43013698630137,0.823767881514432,0.339619400098619,0.994488751786361,156,33,"SPIDR;ACTL6A;SMARCC2;SMARCA4;DDX11;DPF2;ZCWPW1;SLF2"
"RA_Oxidative_Stress_Induced_Senescence%R-MMU-2559580",0.72176759410802,0.824160532054603,-0.34392312125795,-0.824522377686973,440,22,"RPS27A;KDM6B;FOS;MDM4;MAP3K5;CDK6"
"RA_Orc1_removal_from_chromatin%R-MMU-68949",0.727544910179641,0.824160532054603,0.277848675930199,0.865018419596642,242,47,"CUL1;CDC6;MCM6;MCM2;MCM5;ORC3;ORC5;PSMD1;MCM7;MCM4;ORC1;PSMF1;ORC4;PSMD5;PSMC2;PSMD2;PSME3;ORC2;SKP2;MCM3"
"RA_Apoptosis%R-MMU-109581",0.724137931034483,0.824160532054603,-0.293926654459899,-0.850515205187318,503,63,"BAX;XIAP;ACIN1;TRADD;SATB1;DYNLL1;BCL2;BAD;HMGB2;BCAP31;ROCK1"
"RA_Signaling_by_PTK6%R-MMU-8848021",0.7264,0.824160532054603,-0.335691127746135,-0.829439503987118,453,26,"RPS27A;CDKN1B"
"RA_Signaling_by_Non-Receptor_Tyrosine_Kinases%R-MMU-9006927",0.7264,0.824160532054603,-0.335691127746135,-0.829439503987118,453,26,"RPS27A;CDKN1B"
"RA_RND1_GTPase_cycle%R-MMU-9696273",0.718832891246684,0.824160532054603,0.320416922730484,0.84761455978363,270,24,"KIDINS220;WDR6;RBMX;PLEKHG5;PIK3R2;DEPDC1B;FLOT2;KIF14"
"RA_Signaling_by_EGFR%R-MMU-177929",0.720893141945774,0.824160532054603,-0.338351897171741,-0.833232426657504,451,25,"RPS27A;SPRY2;CBL;EPN1;AAMP;PAG1"
"KEGG_cAMP_signaling_pathway%mmu04024",0.66044776119403,0.826342222536606,0.263438701716953,0.895404044410583,176,86,"RAF1;AKT1;PDE4D;RAC1;GNAS;NFATC1;ADCY3;VAV3;ATP1A3;VAV1;ATP2A2;MAP2K1;PRKACA;ATP1A1;ABCC4;CREB1;PIK3R2;PIK3CB"
"KEGG_Cocaine_addiction%mmu05030",0.658291457286432,0.826342222536606,0.354442969375016,0.866165260666714,261,18,"GNAS;PRKACA;CREB1;ATF6B;GNAI3;RELA;PRKACB;GPSM1"
"KEGG_PPAR_signaling_pathway%mmu03320",0.668693009118541,0.832712049091013,-0.337115931352486,-0.86911407373012,439,33,"DBI;FABP4;ACAA1A;PPARD;FABP5"
"RA_Transport_of_Mature_mRNA_derived_from_an_Intron-Containing_Transcript%R-MMU-159236",0.737068965517241,0.833272746157042,-0.291090963617233,-0.84230976297137,512,63,"RBM8A;MAGOH;UPF3B;MAGOHB;SARNP;U2AF1;SRSF9;NCBP2;CHTOP;NXT1;SRSF3;THOC7;SRSF5;ALYREF;SRSF11"
"KEGG_Drug_metabolism%mmu00983",0.67910447761194,0.83641975308642,-0.324270843948848,-0.862619785710937,454,38,"NME1;NME3;DUT;MGST1;GSTP1;GSTT2;ITPA;MGST2;GSTM5;NME4;HPRT;NAT2;NME6;CMPK1"
"KEGG_Cell_adhesion_molecules%mmu04514",0.677187948350072,0.83641975308642,-0.312299579516676,-0.864899485166855,471,48,"H2-Q4;H2-AB1;H2-Q6;H2-Q7;H2-T22;SPN;NLGN2;H2-AA;H2-K1;CD99L2;ITGA4;H2-T23;MAG;H2-DMA"
"KEGG_Circadian_rhythm%mmu04710",0.684343434343434,0.83641975308642,0.3360403663636,0.848548147218537,270,20,"CUL1;CRY1;PRKAA1;NFIL3;BTRC;CREB1;CSNK1D;PRKAB1"
"KEGG_Cholesterol_metabolism%mmu04979",0.681962025316456,0.83641975308642,-0.346202846489995,-0.857611280743219,430,27,"NPC1;NPC2;TSPO;APOE;VDAC2;ABCA1;ANGPTL8;LPL;VDAC1;NCEH1;MYLIP;VDAC3;LDLR"
"RA_Retrograde_transport_at_the_Trans-Golgi-Network%R-MMU-6811440",0.742603550295858,0.836836964369134,0.292008369577083,0.839020081787002,250,34,"COG1;COG4;VPS52;COG2;COG5;VPS53;STX6;COG6;NSF"
"RA_Sphingolipid_de_novo_biosynthesis%R-MMU-1660661",0.743197278911565,0.836836964369134,-0.353980790712786,-0.813891102494103,436,18,"SAMD8;CERS4;ORMDL1;SPTSSA"
"RA_Ovarian_tumor_domain_proteases%R-MMU-5689896",0.74468085106383,0.836836964369134,-0.338107937941193,-0.810581038827636,454,22,"RPS27A;ZRANB1;RNF128;YOD1;CDK1;OTUD7B;TRAF3"
"BP_T_cell_receptor_signaling_pathway%0050852",0.442006269592476,0.840399943404235,0.323385533598405,1.00405610427804,140,50,"PLCG2;PDE4D;FCHO1;THEMIS2;CARMIL2;PTPN6;PSEN1;PLCG1;PTPN22;CLEC2I;TEC;BCL10;EIF2B1;TNFRSF21;PRKD2;EIF2B3;PDE4B;RNF31;MAPK1;CBLB;MALT1;EIF2B5;CRKL;ABL1"
"BP_cartilage_development%0051216",0.440842787682334,0.840399943404235,-0.402093693647349,-1.0098801691783,271,27,"DDRGK1;ZBTB7A;FOSL2;TRIP11;SMAD5;EP300;FBXW4"
"BP_regulation_of_gene_expression%0010468",0.44206008583691,0.840399943404235,0.26808215399259,0.993918783833249,102,163,"MYC;SAV1;DNMT1;PLCG2;KDM4A;NCOA2;TMTC3;ZFP335;KDM4B;MAP3K4;ACO1;TGFBR2;MEN1;CEP128;UBXN2A;PTCD2;KDM3A;PSEN1;TIFAB;APBA3;TBK1"
"BP_negative_regulation_of_fat_cell_differentiation%0045599",0.441102756892231,0.840399943404235,0.380638832185333,0.989494274997063,175,20,"SIRT2;VEGFA;AXIN1;TGFB1;ZFP36L2;NCOR2;SMAD3;ASXL1;SORT1"
"BP_epigenetic_regulation_of_gene_expression%0040029",0.448818897637795,0.841674861549609,0.348658761836606,0.976536282427803,170,28,"ZFP335;HDAC5;SIRT2;HDAC6;ZMPSTE24;KDM1A;MECP2;HDAC3;HDAC10"
"BP_anaphase-promoting_complex-dependent_catabolic_process%0031145",0.45083932853717,0.841674861549609,0.394966258158106,1.00605746386646,187,18,"CDC23;ANAPC2;CUL3;CDC16;ANAPC1"
"BP_tRNA_processing%0008033",0.449664429530201,0.841674861549609,-0.421726025539232,-1.01097779423128,267,22,"LSM6;POP5;LAGE3;THG1L"
"BP_positive_regulation_of_GTPase_activity%0043547",0.447811447811448,0.841674861549609,0.307194607710073,0.9980995707387,132,68,"KALRN;NET1;RSU1;AGRN;DOCK8;ITGB1;DVL3;DOCK11;VAV1;ALS2;DVL2;ECT2;RAPGEF6;NDEL1;SRGAP2;SGSM3;GNB5;TBC1D2;DOCK10;LIMS1;TGM2;SNX13;ARAP1;PREX1;TBC1D30;TBC1D20"
"BP_positive_regulation_of_cell-matrix_adhesion%0001954",0.449411764705882,0.841674861549609,0.418140490658512,1.02005851433603,190,15,"ILK;JUP;DAG1"
"BP_positive_regulation_of_angiogenesis%0045766",0.447811447811448,0.841674861549609,0.307559388491168,0.999284772340183,132,68,"XBP1;PRKCB;BRCA1;EMILIN1;ITGB1;TGFBR2;ITGB2;JUP;ADD1;HGF;PXN;VEGFA;PLCG1;ITGB2L"
"BP_fatty_acid_beta-oxidation%0006635",0.445652173913043,0.841674861549609,0.335505967647801,0.995973827156541,163,36,"CROT;ACAD11;ECHDC1;HSD17B4;ABCD2;EHHADH;HADHB;HADHA;ABCD1;SESN2;CPT2"
"BP_DNA-templated_DNA_replication%0006261",0.4475,0.841674861549609,0.359233683695616,0.988011285271652,178,24,"POLE;POLD1;RFC5;MCMBP;RFC1;POLE2;WDHD1"
"BP_tRNA_methylation%0030488",0.450127877237852,0.841674861549609,0.356320815879464,0.983971744751641,175,25,"NSUN2;THADA;LCMT2;WDR6;METTL2;TRDMT1;NSUN6;MTO1;THUMPD2"
"BP_extrinsic_apoptotic_signaling_pathway_in_absence_of_ligand%0097192",0.446308724832215,0.841674861549609,-0.422011213734044,-1.01166145830386,265,22,"BAX;BAK1;FOXO3;BCL2;BAD"
"BP_protein_metabolic_process%0019538",0.451764705882353,0.84188826697645,0.41582080135438,1.01439960572001,191,15,"PREP;PSEN1;LTA4H;ACACA"
"BP_negative_regulation_of_epithelial_cell_proliferation%0050680",0.452681388012618,0.842084732539602,-0.385110375337214,-1.01156812952053,286,36,"CDKN1B;NPM1;CELF1;NOTCH1;PPARD;B4GALT1;MTSS1;APC;RIDA;RUNX3"
"BP_negative_regulation_of_gene_expression,_epigenetic%0045814",0.453804347826087,0.842663529594773,0.333439725768394,0.989840038100887,166,36,"SMYD5;TRIM37;PPHLN1;CTR9;MORC2A;TASOR2;HDAC6;RIF1;HDAC9;IFI209"
"BP_negative_regulation_of_microtubule_depolymerization%0007026",0.458128078817734,0.843528368794326,0.365897209239101,0.982029189767586,185,22,"CLASP2;SPECC1L;TPX2;CLASP1;KATNB1"
"BP_positive_regulation_of_protein-containing_complex_assembly%0031334",0.456692913385827,0.843528368794326,-0.393777635023554,-1.01392247933592,289,32,"MTLN;RACK1;BRK1;BAX;BAK1;PARK7;RPS3"
"BP_response_to_nutrient%0007584",0.455729166666667,0.843528368794326,0.355709234579165,0.984300516074068,174,26,"GNPAT;ADSL;MTOR;AACS;ACSL1;PLEC"
"BP_endothelial_cell_migration%0043542",0.45771144278607,0.843528368794326,0.362612691173639,0.983128578351799,183,23,"ITGB2;PXN;VEGFA;ITGB2L;PLEKHG5;PECAM1"
"BP_regulation_of_translational_initiation%0006446",0.458333333333333,0.843528368794326,-0.414564491212808,-1.00028108834168,274,23,"EIF3K;EIF1;PAIP1;NCBP2;EIF4EBP2"
"KEGG_Cushing_syndrome%mmu04934",0.693379790940767,0.84355882400167,0.271517849915109,0.898528138330165,198,73,"ARNT;RBBP5;USP8;DVL3;GNAS;MEN1;ADCY3;SCARB1;MAP2K1;DVL2;PRKACA;AXIN1;GNA11;ITPR1;CREB1;ITPR2"
"BP_mitochondrion_organization%0007005",0.46031746031746,0.844330546128818,-0.321890626376523,-1.00520329506967,347,103,"NDUFS6;FIS1;FMC1;BAX;SSBP1;SLIRP;RHOT2;PARK7;TMEM11;SOD2;PUM2;DCTN6;COQ7;MAN2A1;VPS13C;MIEF2;GSK3B;HSD17B10;MTX1;MTX2;SLC25A36;FXN"
"BP_chondrocyte_differentiation%0002062",0.46039603960396,0.844330546128818,0.371802119617777,0.985946723003439,185,21,"MEF2D;MAPK14;EXT2;COL11A2;ARID5A;TGFB1;HIF1A;RB1"
"BP_kidney_development%0001822",0.464235624123422,0.84564851933273,-0.334028380126773,-0.992652973431191,330,73,"COMT;NDUFS6;CXCR4;BAX;IFT20"
"BP_negative_regulation_of_Ras_protein_signal_transduction%0046580",0.464373464373464,0.84564851933273,0.384038619163716,0.984312047606415,188,19,"RASAL3;DGKZ;RASA3;MFN2;LZTR1;MAPKAP1;FBP1;PPP2CB;RABGEF1;NUP62"
"BP_collagen_fibril_organization%0030199",0.462829736211031,0.84564851933273,0.39065561932839,0.995077411066784,192,18,"VPS33B;COL1A2;ANTXR2;COL11A2;COL1A1;VIPAS39;ATP7A;PLOD1"
"BP_telomere_maintenance_via_telomerase%0007004",0.463917525773196,0.84564851933273,-0.439481323739593,-0.994579272440367,269,17,"NHP2;HSP90AA1;GAR1;HSP90AB1;PINX1;TERF1"
"RA_Mitochondrial_calcium_ion_transport%R-MMU-8949215",0.757627118644068,0.849689378080897,-0.356494899593285,-0.792005273624394,446,15,"SMDT1;MAIP1;PARL"
"KEGG_Oxytocin_signaling_pathway%mmu04921",0.705673758865248,0.850675216166327,0.269679833936732,0.893232713548455,198,74,"RAF1;PRKCB;PIK3CG;PLA2G4A;GNAS;NFATC1;ADCY3;RCAN1;PRKAA1;NFATC3;MAP2K1;PRKACA;EEF2K;ITPR1;ITPR2"
"KEGG_MicroRNAs_in_cancer%mmu05206",0.704166666666667,0.850675216166327,0.254423195412908,0.890751715265045,168,109,"MYC;RAF1;DNMT1;PLCG2;PRKCB;BRCA1;MTOR;SHC1;CDC25C;HDAC5"
"RA_COPII-mediated_vesicle_transport%R-MMU-204005",0.76038338658147,0.85108518219755,0.274358629956586,0.857502853037448,237,51,"PPP6R1;SCFD1;TRAPPC9;SEC24D;STX17;SEC31A;SEC24C;SEC23A;SEC16B;USO1;NSF;GOSR2;CSNK1D;SEC16A;TBC1D20"
"WP_Estrogen_signaling%WP1244",0.651063829787234,0.85139116202946,-0.303686537996712,-0.895764321614924,458,68,"POLR2F;POLR2H;POLR2I;AK6;CCND1;TAF12;BCL2;FOS;GTF2F2;MNAT1;POLR2E;CCNH;CREBBP;POLR2G;GTF2A2;SP1;TAF13;ERCC2;EP300"
"RA_Gap-filling_DNA_repair_synthesis_and_ligation_in_GG-NER%R-MMU-5696397",0.764607679465776,0.852533488642982,-0.3493689015662,-0.793109129415303,457,17,"RPS27A;RPA3;POLE4;POLE3"
"RA_O-linked_glycosylation_of_mucins%R-MMU-913709",0.764705882352941,0.852533488642982,0.318865275002691,0.796698253024633,311,19,"GALNT11;ST3GAL3;GALNT12;B4GALT5;GALNT10"
"KEGG_Mitophagy%mmu04137",0.713675213675214,0.852689793866264,-0.307491514162743,-0.868383346886797,500,55,"TOMM7;RPS27A;FIS1;FOXO3;RHOT2;GABARAPL2;CSNK2A2"
"KEGG_Longevity_regulating_pathway%mmu04211",0.713804713804714,0.852689793866264,0.27500863287144,0.882894197465733,211,64,"AKT1;TSC2;CAT;MTOR;ADCY3;ATG13;PRKAA1;PRKACA;TRP53;SESN2;CREB1;PIK3R2;ULK1;PIK3CB"
"BP_negative_regulation_of_neuron_differentiation%0045665",0.469291338582677,0.852902097902098,-0.391219347234299,-1.00733524515239,297,32,"CTDSP1;FUOM;FOXO3;CASZ1;NOTCH1;DDX6;SPAG9;ZHX2;RTN4"
"BP_macrophage_cytokine_production%0010934",0.47,0.852902097902098,-0.41054792398334,-0.990589722281997,281,23,"CUEDC2;PSEN2"
"BP_protein_localization%0008104",0.488,0.858852424749164,0.281429539206411,0.973602830393782,121,105,"MYO7A;HEATR5B;TSC2;SCYL3;CTNNA1;SPG11;AKAP10;SCYL1;CEP128;PRPF19;SGO2A;ALS2;DIAPH2;SIN3A;DVL2;ABL2;PLEC;TRP53;YWHAQ"
"BP_apoptotic_signaling_pathway%0097190",0.494623655913979,0.858852424749164,-0.366823661760981,-0.98482052601537,321,39,"NDUFA13;BAX;PSEN2;BAK1;PPARD;SPN;BAD;TFPT;DAP"
"BP_response_to_oxidative_stress%0006979",0.481233243967829,0.858852424749164,-0.320225649811801,-0.991510416864663,358,99,"COMT;SOD1;BANF1;NDUFA6;XPA;PRDX5;PSMB5;FOXO4;NDUFA12;PARK7;MT-CO1;PRDX4;THG1L;SOD2;BCL2;ATOX1;COQ7;KCMF1;CAMK2G;PRDX2"
"BP_positive_regulation_of_canonical_Wnt_signaling_pathway%0090263",0.48125,0.858852424749164,0.311939725821596,0.980282116198496,153,56,"ILK;VPS35;CSNK1G3;USP8;UBR5;CSNK1G2;VCP"
"BP_neural_tube_closure%0001843",0.483870967741936,0.858852424749164,0.310360994706551,0.980021237661778,149,58,"MTHFD1L;TSC2;MTHFD1;KAT2A;MED12;HECTD1;KIF20B;DVL2;ABL2;STIL;PRKACA"
"BP_tRNA_modification%0006400",0.47766323024055,0.858852424749164,-0.444233693530379,-0.993539668770253,277,16,"METTL1;THG1L;GTPBP3;METTL6;OSGEP;ELP5;TRIT1"
"BP_determination_of_adult_lifespan%0008340",0.490514905149052,0.858852424749164,0.333748339091975,0.963323368871667,180,31,"MSH2;MSH6;WRN;ATP1A3;RAD54L;HDAC9;ZMPSTE24;ATP8A2;ATM;B4GALNT1;LIPA;RAD54B"
"BP_regulation_of_glucose_metabolic_process%0010906",0.477647058823529,0.858852424749164,0.406212835907779,0.990960864009499,202,15,"NCOA2;PDK3;PDK1;ZMPSTE24"
"BP_ERAD_pathway%0036503",0.491349480968858,0.858852424749164,0.298000980126957,0.971780778541527,141,72,"USP19;UBE4A;VCP;STT3B;NPLOC4;FAF1;UBE2J1;MAN1C1;TMEM67;HSPA5;NRROS;EDEM2;BAG6;HERPUD1"
"BP_locomotory_behavior%0007626",0.478005865102639,0.858852424749164,0.325531653609349,0.9758112733561,162,40,"CKAP5;ABCA2;FIG4;IDUA;ATP1A3;ALS2;SPG21;GIT1"
"BP_negative_regulation_of_insulin_receptor_signaling_pathway%0046627",0.494791666666667,0.858852424749164,0.34950523627198,0.967133127258006,189,26,"PRKCB;TSC2;PRKAA1"
"BP_defense_response%0006952",0.4925,0.858852424749164,0.347588642893934,0.955983576702822,196,24,"STAT6;STAT1;HSF1;STAT2;STAT4;IFI47;TGFB1;STAT3;RELA;STAT5A;TNFRSF1A;STAT5B;TLR1"
"BP_neuron_apoptotic_process%0051402",0.485342019543974,0.858852424749164,0.306633161979514,0.989754216166702,148,64,"OXR1;NLRP1A;NCSTN;SPG11;HSPA4;VEGFA;PSEN1;AIFM1;TRP53;HIPK2;CASP7;CTSB;ERBB3;ATM;TNFRSF21;EPG5;ATP7A;EPHA7;TGFB1;HIF1A;RB1"
"BP_roof_of_mouth_development%0060021",0.489528795811518,0.858852424749164,0.336944836977068,0.958874677838341,186,29,"PLEKHA1;TGFBR2;MEN1;ASPH;COL11A2;TIPARP;TBC1D32;IFT172;SGPL1"
"BP_regulation_of_cytokine_production%0001817",0.486979166666667,0.858852424749164,0.350743965586376,0.970560876062107,186,26,"CASP8;IQGAP1;ZBTB25;MAP2K3;MYNN;UBASH3A;PATZ1"
"BP_negative_regulation_of_proteasomal_ubiquitin-dependent_protein_catabolic_process%0032435",0.494488188976378,0.858852424749164,-0.385328552476898,-0.992167270401042,313,32,"DDRGK1;RPL11;UBXN1;PARK7;CSNK2A2;HSP90AB1;CAML;CSNK2B"
"BP_negative_regulation_of_B_cell_proliferation%0030889",0.484705882352941,0.858852424749164,0.404403263396441,0.98654639114993,205,15,"BTLA;TSC2;PKN1;ATM;TNFRSF21"
"BP_negative_regulation_of_type_I_interferon_production%0032480",0.476666666666667,0.858852424749164,-0.404897168271526,-0.97695530787079,285,23,"BANF1;RBX1;TYROBP;GPATCH3;ILRUN;XAF1"
"BP_receptor_internalization%0031623",0.476839237057221,0.858852424749164,0.334092320872143,0.97142723219191,174,32,"NEDD4L;ITGB1;RAB31;CLTC;ITGB2;DNM2;NEDD4;AP2M1;EZR;ULK1;SYK;SNX1"
"BP_B_cell_proliferation%0042100",0.488095238095238,0.858852424749164,0.392444811111414,0.98788580512809,204,17,"TSC2;PCYT1A;SASH3"
"BP_cardiac_muscle_contraction%0060048",0.493127147766323,0.858852424749164,-0.436505698448343,-0.976255816181211,286,16,"CXCR4;PSEN2"
"BP_mammary_gland_development%0030879",0.490467937608319,0.858852424749164,-0.44380632619157,-0.97870153080992,282,15,"NME1;LBH;IGF1R"
"BP_regulation_of_cell_size%0008361",0.484412470023981,0.858852424749164,0.385078780791221,0.980872096260244,201,18,"IQGAP3;MTOR;RAC1;E2F4;MSN;VAV3;VAV1"
"BP_regulation_of_endocytosis%0030100",0.480952380952381,0.858852424749164,0.403173561753043,0.992820758121223,201,16,"RUFY1;TSC2;PACSIN2;CD177"
"BP_limb_morphogenesis%0035108",0.488734835355286,0.858852424749164,-0.444957794585199,-0.981240800335875,281,15,"BAX;BAK1;FLVCR1;MEGF8"
"BP_miRNA_processing%0035196",0.479381443298969,0.858852424749164,-0.443503618168591,-0.991906837123999,278,16,"ZC3H7B;PUM2;AGO4;AGO1;PRKRA;SNIP1;RBM3;AGO2"
"BP_iron-sulfur_cluster_assembly%0016226",0.495854063018242,0.859259628402229,-0.411703891470679,-0.976983940582749,298,20,"HSCB;BOLA3;NDUFAB1;ABCB7;CIAO1;CIAO2A;FXN;ISCU"
"KEGG_Nicotinate_and_nicotinamide_metabolism%mmu00760",0.724590163934426,0.861674789543642,-0.352517217807474,-0.825666816888872,441,19,"NT5C;BST1;PNP2;NAMPT"
"BP_stem_cell_differentiation%0048863",0.502392344497608,0.861955791055399,-0.379950487913529,-0.968364468361236,314,30,"PHF5A;DNMT3L;FOXO4;HOXA7;BMPR2;SMAD5;GSK3B;METTL5"
"BP_mRNA_3'-end_processing%0031124",0.498721227621483,0.861955791055399,0.3490486950979,0.963889950327649,194,25,"CSTF2;CPSF3;ZC3H3;TUT1;PAPOLA;NCBP1;WDR33;CSTF1;PCF11"
"BP_nucleus_organization%0006997",0.501677852348993,0.861955791055399,-0.40357577235271,-0.967467311548153,298,22,"CHMP4B;CHMP5;BIN1;CHMP2A;H3F3B;CHMP3;LEMD3"
"BP_positive_regulation_of_neuron_differentiation%0045666",0.501416430594901,0.861955791055399,0.328012724737109,0.952174809002913,176,34,"KDM4A;EIF4G1;ITGB1;TRIM32;SIN3A;ECT2;NCOA1;KDM4C;ARHGEF2;SHOC2"
"BP_coronary_vasculature_development%0060976",0.501176470588235,0.861955791055399,0.401353786946851,0.979107158437086,212,15,"SMARCA4;CNTRL;DNM2;AP2B1;LRP1;DCTN5;SNX17;NDST1"
"BP_nuclear_membrane_reassembly%0031468",0.500866551126516,0.861955791055399,-0.440585083963662,-0.971597903588974,288,15,"CHMP4B;CHMP5;CHMP2A;CHMP3"
"RA_Deadenylation_of_mRNA%R-MMU-429947",0.777414075286416,0.864222622416602,-0.326452018589748,-0.782637100942249,474,22,"EIF4B;EIF4A2;PAN3;PAIP1;PABPC1"
"RA_Protein_ubiquitination%R-MMU-8852135",0.778260869565217,0.864222622416602,-0.28721917114758,-0.810757269277299,536,52,"RPS27A;UBE2A;UBE2S;UCHL3;UBE2K;UBE2V2;UBE2R2;UBE2B;CDC34;RNF20;PCNA;UBE2T;UBE2C"
"RA_Transport_of_inorganic_cations/anions_and_amino_acids/oligopeptides%R-MMU-425393",0.781437125748503,0.864340082114749,-0.309361447698381,-0.814348463373257,521,35,"SLC16A10;SLC43A2;SLC20A1;CALM1;SLC8B1;SLC26A2;SLC36A1;SLC7A1;SLC3A2;SLC9A6;CTNS;SLC25A22;SLC9A8;SLC12A7;SLC7A7;SLC4A8;SRI"
"RA_Integration_of_energy_metabolism%R-MMU-163685",0.780423280423281,0.864340082114749,0.290069478340374,0.793181361665455,294,27,"GNA15;ABCC8;PRKACA;GNA11;ITPR1;ITPR2"
"BP_positive_regulation_of_DNA_repair%0045739",0.507621951219512,0.869491064960154,-0.354864142079493,-0.967461944864582,332,42,"INO80D;MGMT;YY1;RPS3;UBE2V2;CBX8;UIMC1;TFPT;PCNA"
"RA_Cdc20:Phospho-APC/C_mediated_degradation_of_Cyclin_A%R-MMU-174184",0.78877400295421,0.870744634633765,-0.289982460532807,-0.808261706886498,533,48,"RPS27A;UBE2S;PSMB5;PSMB6;PSMA7;PSMD9;PSMB1;ANAPC16;PSMD13;PSMC5;PSMD7;PSMD10;PSMD4;ANAPC11;UBE2C"
"RA_APC:Cdc20_mediated_degradation_of_cell_cycle_proteins_prior_to_satisfation_of_the_cell_cycle_checkpoint%R-MMU-179419",0.794117647058824,0.874928053413146,-0.288728695184414,-0.807142121999884,539,49,"RPS27A;UBE2S;PSMB5;PSMB6;PSMA7;PSMD9;PSMB1;ANAPC16;PSMD13;PSMC5;PSMD7;PSMD10;PSMD4;ANAPC11;UBE2C"
"RA_Synthesis_of_very_long-chain_fatty_acyl-CoAs%R-MMU-75876",0.796116504854369,0.875417172330097,0.333315646332765,0.779024807488019,327,15,"ACSL5;ACSL1;ELOVL7"
"BP_cilium_assembly%0060271",0.512295081967213,0.875506072874494,0.273144799885844,0.956037524542701,124,114,"BBS9;FLNA;TBC1D31;GALNT11;2700049A03RIK;CCDC66;UNC119B;E2F4;CCDC57;ATXN10;KIF24;FBXW8;FAM149B;CEP162;TMEM67;GSN;INPP5E;TBC1D32;ABCC4;NPHP3;IQCB1;TTC39C;NEK1;PLK4;IFT140;PCM1;IFT172;CENPJ;ASAP1;CEP89;CC2D2A;TOGARAM1;BBS2;POC1B;EHD4;PIBF1;PCNT;CELSR3;ALPK1;C2CD3;DNMBP;SSX2IP"
"BP_chromosome_segregation%0007059",0.512820512820513,0.875506072874494,0.286494272932318,0.962511973502279,139,86,"NAA60;BUB1;MAU2;DLGAP5;CHTF18;BRCA1;TOP2A;CENPO;TOP3B;ESPL1;PPP2R1A;TTK;SPAG5;CENPC1;SMC5;INCENP;NDC80;CENPI;STAG2;NDEL1;SETDB2"
"BP_brain_morphogenesis%0048854",0.517647058823529,0.882294986960302,0.39535111779399,0.964463578312916,219,15,"ZFP335;FANCC;FANCD2;PSEN1"
"BP_regulation_of_protein_stability%0031647",0.518796992481203,0.882805374090965,0.282368124454059,0.952665691365983,137,88,"USP19;XBP1;VPS35;NEDD4L;USP8;UBR5;USP7;KAT2A;USP37;NF2;LSS;USP47;USP10;CCAR2;NDC80;ASPH;HDAC6;USP4;TPR;CMTM6;BAG6;B4GALT5;USP38;CDKN2AIP"
"BP_positive_regulation_of_actin_filament_polymerization%0030838",0.520942408376963,0.883559182835438,0.333539241580623,0.949183064166766,198,29,"NCKAP1L;MTOR;RAC1;MYO1C;FER"
"BP_negative_regulation_of_release_of_cytochrome_c_from_mitochondria%0090201",0.520618556701031,0.883559182835438,-0.420709029310187,-0.952096158990253,302,17,"HIGD1A;BAK1;PARL;PSMD10;FXN;GPX1"
"RA_Plasma_lipoprotein_clearance%R-MMU-8964043",0.805369127516778,0.88386514384395,-0.319565553025544,-0.751229852575371,479,20,"RPS27A;AP2S1;NPC1;NPC2"
"RA_APC/C:Cdc20_mediated_degradation_of_mitotic_proteins%R-MMU-176409",0.809869375907112,0.885352346865444,-0.283055443830155,-0.796578870928836,557,51,"RPS27A;UBE2S;PSMB5;PSMB6;PSMA7;PSMD9;PSMB1;ANAPC16;PTTG1;PSMD13;PSMC5;PSMD7;PSMD10;PSMD4;ANAPC11;UBE2C"
"RA_Activation_of_APC/C_and_APC/C:Cdc20_mediated_degradation_of_mitotic_proteins%R-MMU-176814",0.809869375907112,0.885352346865444,-0.283055443830155,-0.796578870928836,557,51,"RPS27A;UBE2S;PSMB5;PSMB6;PSMA7;PSMD9;PSMB1;ANAPC16;PTTG1;PSMD13;PSMC5;PSMD7;PSMD10;PSMD4;ANAPC11;UBE2C"
"RA_Chaperonin-mediated_protein_folding%R-MMU-390466",0.814634146341463,0.885403521988888,0.318443207851512,0.765055965403542,333,16,"CCT6A;GNA15;GNA11;TCP1;CCT3;PDCL;CCT8;CCT7;GNG12;CCT5"
"RA_Protein_folding%R-MMU-391251",0.814634146341463,0.885403521988888,0.318443207851512,0.765055965403542,333,16,"CCT6A;GNA15;GNA11;TCP1;CCT3;PDCL;CCT8;CCT7;GNG12;CCT5"
"RA_Cooperation_of_PDCL_(PhLP1)_and_TRiC/CCT_in_G-protein_beta_folding%R-MMU-6814122",0.814634146341463,0.885403521988888,0.318443207851512,0.765055965403542,333,16,"CCT6A;GNA15;GNA11;TCP1;CCT3;PDCL;CCT8;CCT7;GNG12;CCT5"
"BP_retina_development_in_camera-type_eye%0060041",0.523584905660377,0.886592385114962,-0.369465104115121,-0.966543320836326,332,35,"PFDN5;BAX;RPL24;UCHL3"
"BP_piecemeal_microautophagy_of_the_nucleus%0034727",0.524705882352941,0.887043494922399,0.393337702869781,0.959551829553314,222,15,"ATG7;ATG13;ULK1;ATG4D;ATG2A;ULK2"
"KEGG_Nucleotide_excision_repair%mmu03420",0.752994011976048,0.887457228400342,-0.309355434978875,-0.83289297047752,502,43,"GTF2H5;RBX1;XPA;RPA3;POLE4;CETN2;POLE3;MNAT1;CCNH;RPA2"
"KEGG_Apoptosis%mmu04210",0.75,0.887457228400342,0.252721819359184,0.878060632774278,185,103,"RAF1;SPTAN1;AKT1;CASP8;PARP1;RIPK1;CASP2;CAPN1;EIF2S1;CTSC;AIFM1;MAP2K1;IKBKG;TRP53;ITPR1;PIK3R2;PIK3CB;ITPR2;CASP7;CTSB"
"RA_E3_ubiquitin_ligases_ubiquitinate_target_proteins%R-MMU-8866654",0.820224719101124,0.88805099394987,0.277047287361874,0.784365112799592,291,31,"RAD18;PRKDC;UBE2E1;HLTF;CTR9;WAC"
"RA_Nuclear_Receptor_transcription_pathway%R-MMU-383280",0.819512195121951,0.88805099394987,0.314943603336137,0.756648207771956,335,16,"NR1H2;MED1;NCOR2;RXRA"
"BP_positive_regulation_of_innate_immune_response%0045089",0.526742301458671,0.889038225876586,-0.375985779713712,-0.944308724122718,324,27,"FPR2;TREM3;TRIM56;AKIRIN2;HMGB2;IFI35"
"BP_erythrocyte_differentiation%0030218",0.528358208955224,0.889233618893262,-0.342289062323899,-0.949654550109216,353,47,"RPS14;SELENOW;CHMP5;RPS19;ACIN1;TMEM14C;FLVCR1;SFXN1;SMAD5"
"BP_multicellular_organism_development%0007275",0.528571428571429,0.889233618893262,0.391217397497867,0.963378529795455,221,16,"FLII;CSF1R;MED1;ERBB3"
"RA_Signaling_by_the_B_Cell_Receptor_(BCR)%R-MMU-983705",0.823188405797101,0.889549083423739,-0.276814540961146,-0.794048620867468,567,61,"RPS27A;PSMB5;PSMB6;PSMA7;PSMD9;PSMB1;NFKBIA;FKBP1A;PSMD13;PSMC5;PSMD7;PSMD10;CALM1;PSMD4;PPP3CB"
"KEGG_Renin_secretion%mmu04924",0.762128325508607,0.890273796169347,-0.322865760584375,-0.814655856449774,486,30,"NPR1;CALM3;CALML4;CALM1;PPP3CB;ADRB2;ORAI1;KCNJ2"
"KEGG_Inflammatory_bowel_disease%mmu05321",0.761658031088083,0.890273796169347,0.305521166776745,0.815577458544736,293,24,"STAT6;STAT1;NFATC1;STAT4;TGFB1;IFNGR1;SMAD3;STAT3;IL12RB1;RELA;TLR4"
"BP_protein_K63-linked_ubiquitination%0070534",0.537444933920705,0.893179381443299,-0.336471967031883,-0.947269354019313,365,49,"UBE2S;CDKN2A;XIAP;UBE2V2;TRIM56;STUB1;ZFP91;KCMF1;TRIM12A;UBE2B;TRIM30A;UBE2T;TRIM5;BFAR;RNF5"
"BP_response_to_nutrient_levels%0031667",0.531879194630873,0.893179381443299,-0.393555710519701,-0.943446835228143,316,22,"SOD1;FOXO4;GSTP1;SOD2;ATF4;INSR"
"BP_positive_regulation_of_protein_binding%0032092",0.535612535612536,0.893179381443299,0.31846444321406,0.955115208299634,187,39,"ARRB1;AGRN;EPB41;IDE;ADD1;USP33;ABL2;NVL;HIPK2;UFL1;NPHP3;MARK3"
"BP_negative_regulation_of_GTPase_activity%0034260",0.536082474226804,0.893179381443299,-0.413450505087773,-0.935669573035039,311,17,"SPRY2;WNK1"
"BP_microglial_cell_activation%0001774",0.535528596187175,0.893179381443299,-0.43014407329478,-0.94857292056873,308,15,"AIF1;CX3CR1;NAMPT"
"BP_triglyceride_metabolic_process%0006641",0.537800687285223,0.893179381443299,-0.41264359997531,-0.933843486108631,312,17,"DBI;APOBR;APOE;GPX1"
"BP_regulation_of_chromosome_organization%0033044",0.534364261168385,0.893179381443299,-0.415675745160768,-0.94070545859662,310,17,"INO80D;YY1;TFPT;CENPV"
"BP_lung_morphogenesis%0060425",0.534117647058824,0.893179381443299,0.389192154783282,0.949438717533087,226,15,"AP3B1;TGFBR2;MAP2K1;HPS1;HIPK2"
"RA_HSP90_chaperone_cycle_for_steroid_hormone_receptors_(SHR)_in_the_presence_of_ligand%R-MMU-3371497",0.828525641025641,0.893601409765203,-0.302678514537574,-0.756461334847554,516,27,"DYNLL1;HSP90AA1;DCTN3;DCTN6;HSP90AB1"
"RA_RHO_GTPases_Activate_WASPs_and_WAVEs%R-MMU-5663213",0.833333333333333,0.895356234096692,0.288341912369631,0.757342960992623,319,23,"NCKAP1L;RAC1;CYFIP1;CYFIP2;CDC42"
"RA_Synthesis_of_substrates_in_N-glycan_biosythesis%R-MMU-446219",0.833084947839046,0.895356234096692,-0.289212684372932,-0.775612613615181,558,38,"DPM3;FUOM;NUS1;NUDT14;AMDHD2;NEU1;PMM1"
"BP_protein_localization_to_organelle%0033365",0.54047619047619,0.896188954815153,0.387130762754452,0.953315132318497,226,16,"VPS35;PLK1;CEP68;PCM1;PES1;AP3D1;BBS2"
"BP_regulation_of_ERK1_and_ERK2_cascade%0070372",0.542079207920792,0.897270245677889,0.35201565862821,0.933476886649214,218,21,"CEACAM1;FN1;PTPN6;MAP2K1;SYK;EPHA7;L1CAM;PRMT5;YWHAZ;FAM83D;TRAF7;HMGCR"
"BP_regulation_of_postsynapse_organization%0099175",0.542857142857143,0.897270245677889,0.334301409817034,0.931574964947341,208,27,"AKT1;TSC2;MARK2;PSEN1;RBMX;CDC42;EPHA7;ASAP1"
"BP_membrane_protein_ectodomain_proteolysis%0006509",0.54726368159204,0.898360509468894,-0.395676520822835,-0.938950577145798,329,20,"PSENEN;PSEN2;PRTN3"
"BP_bone_development%0060348",0.54957507082153,0.898360509468894,0.315900336040321,0.94028997324574,193,38,"PAPSS2;DYM;GNAS;LRP5;IDUA;SLC38A10;MAPK14"
"BP_regulation_of_centrosome_duplication%0010824",0.5446735395189,0.898360509468894,-0.411390022152042,-0.93100654526026,316,17,"CHMP4B;CHMP5;NPM1"
"BP_anterograde_synaptic_vesicle_transport%0048490",0.548235294117647,0.898360509468894,0.38634352893699,0.942489462166567,232,15,"AP3B1;KIF1B;AP3M1"
"BP_response_to_axon_injury%0048678",0.547008547008547,0.898360509468894,-0.412430953206076,-0.946413736815855,319,18,"SOD1;BAX;TYROBP;SOD2"
"BP_positive_regulation_of_macrophage_cytokine_production%0060907",0.545454545454545,0.898360509468894,0.36677590486812,0.940066763909311,221,19,"PLCG2;MYD88;CASP1;TLR4;MAPKAPK2"
"BP_autophagy_of_mitochondrion%0000422",0.548922056384743,0.898360509468894,-0.394770178515096,-0.936799803500768,330,20,"FIS1;CDKN2A;FUNDC2"
"BP_regulation_of_nucleotide-excision_repair%2000819",0.552238805970149,0.898701298701299,0.345687013662447,0.937239072346475,221,23,"KAT7;ACTL6A;SMARCC2;SMARCA4;DPF2"
"BP_social_behavior%0035176",0.552238805970149,0.898701298701299,0.345288976541505,0.936159899779247,221,23,"KALRN;TSC2;MTOR;ATP1A3"
"BP_attachment_of_spindle_microtubules_to_kinetochore%0008608",0.552380952380952,0.898701298701299,0.384697511955932,0.947323216846704,231,16,"ZFP207;NSL1;KNL1;NDC80;NUF2;DSN1;CENPE"
"BP_mitophagy%0000423",0.558073654390935,0.901922450309547,0.315084046248378,0.937860254062,196,38,"BECN1;ATG7;ATG13;EIF2S1;BCL2L13;SQSTM1;TRP53;PINK1;ULK1;ATG4D"
"BP_protein_glycosylation%0006486",0.562686567164179,0.901922450309547,-0.335909413183887,-0.948026413665507,376,53,"DPM3;NUS1;TRIP11;NPC1;B3GAT3;B4GALT1;OSTC;MAN2A1;B4GALT6;B4GALT3;B3GNT8"
"BP_transcription_elongation_by_RNA_polymerase_II%0006368",0.561461794019934,0.901922450309547,-0.381146941623449,-0.926657150364928,337,24,"ENY2;RTF1;ELOB"
"BP_regulation_of_RNA_splicing%0043484",0.559593023255814,0.901922450309547,-0.328880577336596,-0.944158104312142,384,57,"ENY2;ZFP326;CDK11B;HNRNPH1;CELF1;TAF10;SNRNP70;TAF12;KAT2B;ATXN7;SON;RBM12B2"
"BP_in_utero_embryonic_development%0001701",0.557213930348259,0.901922450309547,0.252115750005986,0.954739093436159,111,188,"PKD1;INPP5B;MSH2;ZFP335;CCNB1;NSUN2;NBN;PITPNB;MYH9;CUL3;KAT2A;KIDINS220;ITGB1;SMARCA4;SEC24D;TGFBR2;CMIP;ADD1;ENO1;RPA1;VEGFA;HSF1;SEC24C;KDM8;APBA3;PLCG1;MED1;SIN3A;NRBP1;STIL;AXIN1;TRP53"
"BP_cellular_response_to_mechanical_stimulus%0071260",0.563049853372434,0.901922450309547,0.304686282225786,0.938637674628784,191,43,"AKT1;RIPOR2;PIEZO1;RAC1;CASP2;DAG1;PLEC;ATP1A1;COL1A1;BCL10"
"BP_positive_regulation_of_epithelial_to_mesenchymal_transition%0010718",0.556930693069307,0.901922450309547,0.347983837333915,0.922785282747298,224,21,"MTOR;TGFBR2;SDCBP;COL1A1;KDM1A;TGFB1;SMAD3;SMAD4"
"BP_positive_regulation_of_osteoclast_differentiation%0045672",0.55952380952381,0.901922450309547,0.383124433127636,0.943449487358832,234,16,"ASXL2;GNAS;CSF1R;NEDD9;CREB1;RPTOR"
"BP_heart_looping%0001947",0.56282722513089,0.901922450309547,0.324586822333539,0.923706347566993,214,29,"MICAL2;TGFBR2;PSEN1;DVL2;STIL;SETDB2;NPHP3;IFT172;HIF1A;SMAD3;DVL1;C2CD3;IFT57;CITED2"
"BP_response_to_retinoic_acid%0032526",0.56,0.901922450309547,-0.381702002773845,-0.920988900037816,335,23,"RPL36AL"
"WP_Sphingolipid_Metabolism_(general_overview)%WP4344",0.698823529411765,0.902278481012658,0.341300140325224,0.832605599937348,296,15,"ASAH1;SGMS2;CERK;SGPL1;DEGS1;SPTLC2;SPHK2;CERS2"
"BP_flagellated_sperm_motility%0030317",0.566188197767145,0.902643197064388,-0.362679306477526,-0.924346105544837,354,30,"LY6K;TMF1;ARMC3;SLIRP;ING2"
"BP_positive_regulation_of_TORC1_signaling%1904263",0.566121842496285,0.902643197064388,-0.334354590011361,-0.927664254400809,380,46,"LAMTOR4;LAMTOR2;PIM1;RBX1"
"BP_positive_regulation_of_G2/M_transition_of_mitotic_cell_cycle%0010971",0.564676616915423,0.902643197064388,0.342334831628685,0.928150515775104,226,23,"CCNB1;RRM1;CDC25C;SIN3A;DTL;VPS4B"
"BP_hippocampus_development%0021766",0.566978193146417,0.902643197064388,-0.352686391503586,-0.933105763875204,363,37,"UQCRQ;ZBTB18;KDM6B;PPP1R9B"
"RA_Transmission_across_Chemical_Synapses%R-MMU-112315",0.841949778434269,0.902890905254273,-0.281244434704063,-0.772587281823729,569,44,"COMT;AP2S1"
"RA_Notch-HLH_transcription_pathway%R-MMU-350054",0.846153846153846,0.90567417373501,0.304322617350992,0.735039147372592,340,17,"KAT2A;SNW1;HDAC6;NCOR2;HDAC3;HDAC10;HDAC1;TBL1X;RBPJ"
"BP_smoothened_signaling_pathway%0007224",0.573770491803279,0.905794685753505,0.31160688589504,0.919770524145315,209,35,"CTNNA1;2700049A03RIK;MGRN1;NSDHL;TGFBR2;STIL;HIPK2;TBC1D32;IFT172;DISP1;CENPJ;RB1;CC2D2A"
"BP_immune_system_process%0002376",0.571879936808847,0.905794685753505,-0.358688013637995,-0.921011833562111,361,31,"DDX17;PTMS;CD300C2;KCNN4;CD300LG"
"BP_positive_regulation_of_insulin_receptor_signaling_pathway%0046628",0.574117647058824,0.905794685753505,0.377229617626386,0.920255971177346,243,15,"TSC2;OSBPL8;MFN2;PAK1"
"BP_rescue_of_stalled_ribosome%0072344",0.574193548387097,0.905794685753505,-0.363264826932316,-0.920587416367474,355,29,"RACK1;DDRGK1;MRPL58;GTPBP2;SAYSD1;RCHY1"
"BP_positive_regulation_of_receptor-mediated_endocytosis%0048260",0.574117647058824,0.905794685753505,0.378070574855686,0.922307495966511,243,15,"AP2A1;NSF;PPT1;C3;HNRNPK"
"BP_centrosome_localization%0051642",0.571428571428571,0.905794685753505,0.377020438542724,0.928418311938972,239,16,"DLGAP5;RANBP2;INTS13;NDEL1;SYNE2;SYNE1;AURKA;BICD2"
"BP_cellular_response_to_transforming_growth_factor_beta_stimulus%0071560",0.575757575757576,0.906883708097669,-0.359768773605427,-0.916928147924057,360,30,"PDCD5;PENK;IGF1R;KMT2A;CX3CR1"
"BP_cellular_response_to_oxidative_stress%0034599",0.579470198675497,0.907121206156753,0.291605005918983,0.946027575828626,174,66,"ARNT;XBP1;PARP1;G6PDX;FANCC;FANCD2;PYCR1;STX2;VRK2;ATP13A2;SIRT2;EIF2S1;PRKAA1;ATP2A2;SESN2;PINK1;STAU2;STK24;PNPT1"
"BP_oocyte_maturation%0001556",0.580952380952381,0.907121206156753,0.37600374932395,0.925914699954674,243,16,"CCNB1;BRCA2;WASHC5;RPS6KA2;TRIP13;YTHDF2"
"BP_response_to_mechanical_stimulus%0009612",0.57985257985258,0.907121206156753,0.35864744677899,0.919233079934981,235,19,"ATR;MPO;COL1A1;MBD2;CLCN6;ASNS;CAPN2;CITED2;PTK2B;RPS6KB1"
"BP_G2/M_transition_of_mitotic_cell_cycle%0000086",0.579778830963665,0.907121206156753,-0.355605812192009,-0.913097590829595,366,31,"ARPP19;UBE2A;BIRC5;CALM3"
"BP_animal_organ_morphogenesis%0009887",0.577812018489985,0.907121206156753,-0.349034981828808,-0.931924516399258,374,38,"CXCR4;GMNN;IGF1R;PBX2;BCL2;NOTCH2;INSR;GSK3B;EP300"
"BP_protein_targeting%0006605",0.581151832460733,0.907121206156753,0.321284971603997,0.914309969563504,221,29,"AP3B1;ERBIN;VPS52;HPS4;TRAK1;YWHAQ;PML"
"BP_phosphorylation%0016310",0.585131894484413,0.908950955121641,0.360482104959904,0.918219480257551,243,18,"AKT1;COQ8A;MTOR"
"BP_proteolysis_involved_in_protein_catabolic_process%0051603",0.585826771653543,0.908950955121641,-0.357853709552407,-0.9214233825322,371,32,"PSMB9;PSMB4;PSMB10;PSMB6;CTSL;PSMB1;PSMA6;GZMA;CLPP;CTSS;LGMN;CTSZ"
"BP_positive_regulation_of_inflammatory_response%0050729",0.584319526627219,0.908950955121641,-0.330595746411741,-0.922716796258688,394,48,"FABP4;DDT;S100A9;TRADD;LGALS1;CEBPB;PDCD4;NFKBIA;S100A8;PYCARD;CTSS;IFI35;GPSM3;CCR2;AIM2;LPL;CLOCK;ZBP1;CEBPA"
"BP_positive_regulation_of_mitotic_cell_cycle%0045931",0.585677749360614,0.908950955121641,0.331389145615819,0.915123510251666,228,25,"CCNB1;BRCA2;CCDC57;HSF1;DYNLT3;USP22;ASNS;STAT5A;POLDIP2;AURKA;APP;ABL1;STAT5B;RPS6KB1;MDM2"
"RA_Ion_channel_transport%R-MMU-983712",0.853448275862069,0.910667485667486,-0.270227233195979,-0.781937831093287,593,63,"RPS27A;ATP6V1G1;ATP6V1F;ATP6V0B"
"RA_RUNX1_interacts_with_co-factors_whose_precise_effect_on_RUNX1_targets_is_not_known%R-MMU-8939243",0.854054054054054,0.910667485667486,0.270902228346739,0.754766803982386,315,29,"ACTL6A;SMARCC2;SMARCA4"
"BP_negative_regulation_of_MAP_kinase_activity%0043407",0.588926174496644,0.911036317626702,-0.379799672827003,-0.910470334368031,350,22,"SPRY2;GSTP1;APOE;CD300A;PTPRJ"
"BP_negative_regulation_of_innate_immune_response%0045824",0.588330632090762,0.911036317626702,-0.360868526191984,-0.906340920137651,362,27,"PIM1;BANF1"
"BP_skeletal_system_development%0001501",0.589939024390244,0.911245100174216,-0.336718043721081,-0.917990449923849,386,42,"RPL38;ACP2;PUM2"
"RA_Regulation_of_Insulin-like_Growth_Factor_(IGF)_transport_and_uptake_by_Insulin-like_Growth_Factor_Binding_Proteins_(IGFBPs)%R-MMU-381426",0.859701492537313,0.911510245383253,-0.283817273118526,-0.754305101521988,575,36,"PENK;CST3;LGALS1;IGFBP4;MIA3;RCN1;CKAP4;APOE"
"RA_Post-translational_protein_phosphorylation%R-MMU-8957275",0.859701492537313,0.911510245383253,-0.283817273118526,-0.754305101521988,575,36,"PENK;CST3;LGALS1;IGFBP4;MIA3;RCN1;CKAP4;APOE"
"RA_mRNA_decay_by_3'_to_5'_exoribonuclease%R-MMU-429958",0.857627118644068,0.911510245383253,-0.308972960828512,-0.686428374326548,505,15,"EXOSC3;EXOSC2;EXOSC7;EXOSC5;EXOSC8"
"BP_cellular_response_to_amino_acid_stimulus%0071230",0.609794628751975,0.912191180847897,-0.350410804370423,-0.899758244385869,385,31,"LAMTOR4;LAMTOR2;RBX1;LAMTOR5;CEBPB"
"BP_acrosome_assembly%0001675",0.604761904761905,0.912191180847897,0.366548596175767,0.902631247845577,253,16,"AU040320;TBC1D20;AGFG1;POC1B"
"BP_protein_K11-linked_ubiquitination%0070979",0.614173228346457,0.912191180847897,0.320432431548863,0.897478938506272,233,28,"CDC23;UBR5;ANAPC2;CDC16;ANAPC1;RNF115"
"BP_positive_regulation_of_canonical_NF-kappaB_signal_transduction%0043123",0.604651162790698,0.912191180847897,0.272268060822487,0.930031250740902,155,98,"ILK;FLNA;PRKCB;CASP8;PARP1;CUL1;DDX1;DHX15;MAP3K3;RIPK1;ATP2C1;TRIM32;TIFAB;TBK1;DHX36;ABL2;IKBKG;PINK1"
"BP_positive_regulation_of_mitochondrial_translation%0070131",0.613518197573657,0.912191180847897,-0.404296758841122,-0.891573268400183,353,15,"UQCC2;COA3;NGRN"
"BP_positive_regulation_of_intracellular_protein_transport%0090316",0.600985221674877,0.912191180847897,0.33444646958149,0.897618749885352,243,22,"DCTN1;KIF20B;RIPOR1;ASPH;TPR;CDC42;PCM1"
"BP_animal_organ_regeneration%0031100",0.603960396039604,0.912191180847897,0.338633948225232,0.897991199979216,243,21,"CAD;LCP1;PKM;MED1"
"BP_COPII_vesicle_coating%0048208",0.59792027729636,0.912191180847897,-0.409485569644684,-0.903015865715339,344,15,"TRAPPC2L;TRAPPC1;TRAPPC5;TRAPPC6A;TRAPPC3;TRAPPC4;PDCD6"
"BP_mitotic_G2_DNA_damage_checkpoint_signaling%0007095",0.606232294617564,0.912191180847897,0.310313864200505,0.900797505989696,213,34,"BLM;BRCA1;NBN;PLK1;TICRR;RINT1;DTL;ATM;CCNG1"
"BP_protein-containing_complex_assembly%0065003",0.61614730878187,0.912191180847897,-0.311905216709151,-0.920041988702726,434,69,"TFAP4;VAMP8;GMNN;DNAJB14;DNAJC15;STX4A;SSBP3;TAF10;KMT2A;MEGF8;TIAM1;ATF1"
"BP_mRNA_destabilization%0061157",0.60672268907563,0.912191180847897,-0.385797037827353,-0.901769223482755,360,19,"CELF1;ROCK1;CNOT6L;RIDA;ALKBH5"
"BP_positive_regulation_of_protein_targeting_to_membrane%0090314",0.611965811965812,0.912191180847897,-0.391892911336621,-0.899284672419858,357,18,"FIS1;CIB1"
"BP_membrane_fusion%0061025",0.597423510466989,0.912191180847897,-0.353443557210374,-0.89294960547587,370,28,"VAMP8;BET1L;STX4A;STX16"
"BP_response_to_estradiol%0032355",0.602201257861635,0.912191180847897,-0.349995067661852,-0.915608514055541,382,35,"CDKN1B;PENK;GSTP1;FOSL2"
"BP_intrinsic_apoptotic_signaling_pathway_by_p53_class_mediator%0072332",0.607201309328969,0.912191180847897,-0.364479368945486,-0.895835736582566,370,25,"HINT1;BAX;PYCARD;JMY;IFI203;ERCC2"
"BP_cellular_response_to_ionizing_radiation%0071479",0.597733711048159,0.912191180847897,0.307064122503741,0.913988630568966,210,38,"SPIDR;BLM;NET1;BRCA1;BRCA2;RAD9A;MAPK14;ECT2;TRP53"
"BP_motor_behavior%0061744",0.592326139088729,0.912191180847897,0.356915536704469,0.909134722915232,246,18,"DCTN1;SPG11;PRKAA1;ATP1A3"
"BP_cellular_response_to_gamma_radiation%0071480",0.61371237458194,0.912191180847897,-0.374210131594989,-0.890516597419282,366,21,"GTF2H5;RPL26"
"BP_positive_regulation_of_intrinsic_apoptotic_signaling_pathway%2001244",0.596666666666667,0.912191180847897,-0.373549543152872,-0.90131825444424,357,23,"FIS1;RACK1;BAX;S100A9;BCAP31;PRKRA;S100A8"
"BP_negative_regulation_of_protein_kinase_activity%0006469",0.592485549132948,0.912191180847897,0.301040363531569,0.925434514163866,204,42,"AKT1;TSC2;CEACAM1;MLLT1;PPM1F;NF2;PSEN1;PKN1"
"BP_spliceosomal_complex_assembly%0000245",0.611904761904762,0.912191180847897,0.360653366338329,0.907858458284337,256,17,"GCFC2;SF3A2;SF3B1;PRPF19;USP39;NCBP1"
"BP_phagocytosis,_engulfment%0006911",0.595238095238095,0.912191180847897,0.368407130344682,0.927376701821552,249,17,"BIN2;MYH9;RAC1;ITGB2;ELMO1;GSN"
"BP_regulation_of_DNA_replication%0006275",0.603630862329803,0.912191180847897,-0.337959756320787,-0.917696316445427,398,40,"INO80D;NUCKS1;GMNN;POLE3;YY1;JADE2;CHRAC1;MEAF6;TFPT"
"BP_visual_learning%0008542",0.614754098360656,0.912191180847897,0.305905170629994,0.902940762431946,224,35,"NPTN;CKAP5;ITGB1;MTOR;IDUA;ATP1A3;ABCC8;ABL2"
"BP_late_endosome_to_lysosome_transport%1902774",0.611785095320624,0.912191180847897,-0.406171367998734,-0.895707240234179,352,15,"CHMP4B;CHMP5;CHMP2A;CHMP3"
"BP_gastrulation%0007369",0.595317725752508,0.912191180847897,-0.382185842310256,-0.90949658264279,355,21,"RACK1;RPS6;SYF2;ARID1A;ARFRP1"
"BP_stem_cell_proliferation%0072089",0.616915422885572,0.912191180847897,0.330625241630653,0.896403053956855,247,23,"BRCA2;NFATC1;MEN1;TRP53;L3MBTL2;TGFB1;RNF43;MKI67;RBPJ;FOXM1;CTNNB1;ABCB1B"
"BP_hematopoietic_stem_cell_homeostasis%0061484",0.616666666666667,0.912191180847897,0.364224137265533,0.896907233980566,258,16,"UBAP2L;ADAR"
"BP_maturation_of_SSU-rRNA_from_tricistronic_rRNA_transcript_(SSU-rRNA,_5.8S_rRNA,_LSU-rRNA)%0000462",0.610738255033557,0.912191180847897,-0.37247481474924,-0.892910903803969,363,22,"RPS16;GTF2H5;RPS8;RPS19;NGDN;RRP36;UTP3;UTP25;ERCC2"
"BP_embryo_development%0009790",0.603988603988604,0.912191180847897,0.309107177495313,0.927051583029955,211,39,"PGM3;GTF2IRD1;GTF2I;POLR1B;MEN1;PSEN1"
"BP_neuron_migration%0001764",0.621875,0.914727074801721,0.290683834614579,0.91348469256411,198,56,"AU040320;ACAP3;TOP2B;TUBGCP2;RAC1;MARK2;PSEN1"
"BP_negative_regulation_of_canonical_Wnt_signaling_pathway%0090090",0.622613803230543,0.914727074801721,-0.317381792051386,-0.904998337257421,423,55,"PFDN5;CCDC88C;FOXO3;NOTCH1;APC;PTPRU;GSK3B;APOE;CHD8;JADE1"
"BP_response_to_peptide_hormone%0043434",0.62303664921466,0.914727074801721,0.314382803537527,0.894667839888809,237,29,"STAT6;STAT1;LRP5;DAG1;STAT2;LTA4H;ATP2A2;EIF2B1;STAT4;CCND3;EIF2B3;STAT3;PLD1;STAT5A;EIF2B5"
"BP_regulation_of_cell_migration%0030334",0.622781065088757,0.914727074801721,-0.321073662826604,-0.896139967746072,420,48,"CDKN1B;CXCR4;TMSB4X;LMO4;RHOB;NOTCH1;BEX6;LDB1;STMN1;EGFL7;KIF2A;ROCK1;APC"
"BP_positive_regulation_of_mRNA_splicing,_via_spliceosome%0048026",0.621890547263682,0.914727074801721,-0.373802783436292,-0.887043634826554,374,20,"TRA2A;SLIRP;CIRBP;SNRNP70"
"BP_vasculogenesis%0001570",0.624,0.914847457627119,0.312541189352708,0.894497777732803,233,30,"SMARCA4;TGFBR2;FBXW7;TIPARP;CCM2;HEG1;SGPL1;TGFB1;CUL7;MYO18B;NRP1;WARS2;CITED2;FOXM1;BRPF1;CTNNB1;PAXIP1"
"BP_negative_regulation_of_smoothened_signaling_pathway%0045879",0.626190476190476,0.915947055083521,0.353643720720475,0.890213354542882,262,17,"UBR5;MGRN1;VCP;HERC4;PRKACA;IFT172;RB1"
"BP_cytoplasmic_microtubule_organization%0031122",0.627397260273973,0.915947055083521,0.306896842154516,0.89866909073155,228,33,"DCTN1;TUBGCP4;TUBGCP2;CLIP1;TUBG1;TUBGCP6;AXIN1;PCM1;IFT172;CAMSAP2;SLK;KATNBL1"
"BP_negative_regulation_of_viral_entry_into_host_cell%0046597",0.627090301003345,0.915947055083521,-0.369007032389857,-0.878134660616983,374,21,"IFITM3;TRIM56;TRIM12A;IFITM6;TRIM30A;TRIM5"
"BP_cellular_response_to_hypoxia%0071456",0.628851540616247,0.916538140746367,-0.308471202758147,-0.914931703701362,448,71,"CDKN1B;HIGD1A;FAM162A;FOXO3;NOTCH1;PPARD;BCL2;FOS;CBL;RGCC;BAD;ATF4;RTN4;ADRB2;IREB2;CPEB2;NDRG1"
"BP_epidermis_development%0008544",0.629568106312292,0.916538140746367,-0.363352574819061,-0.88339489259823,378,24,"CDKN2A;IGF1R;SATB1;NOTCH1;PPARD;INSR;YBX1;PTCH1"
"BP_cellular_response_to_starvation%0009267",0.630573248407643,0.916715730878338,0.292063585388306,0.917825754068905,197,57,"RRAGC;TSC2;VPS41;MTOR;PIK3C3;ATG7;WRN;RIPOR1;WIPI2;USP33;STK24;PAK1;CLEC16A;RPTOR;ATG14;YME1L1"
"BP_intraciliary_transport%0042073",0.634228187919463,0.916892561365463,-0.364431161934971,-0.873628350944364,377,22,"IFT20;SSNA1;CLUAP1;KIF3B;ARL3"
"BP_vasodilation%0042311",0.633499170812604,0.916892561365463,-0.36782588755839,-0.872860306934302,381,20,"PPARD;SOD2;KAT2B;ADRB2;APOE;GPX1"
"BP_sensory_perception_of_pain%0019233",0.632582322357019,0.916892561365463,-0.396157380938276,-0.873623948746013,364,15,"PENK;RETREG1;NIPSNAP1;NLGN2;CCR2"
"BP_regulation_of_immune_system_process%0002682",0.633333333333333,0.916892561365463,0.352362009285228,0.886986953027813,265,17,"CEACAM1;ZBTB25;MYNN;PATZ1;ZFP3"
"RA_Signaling_by_TGFB_family_members%R-MMU-9006936",0.870014771048744,0.917668913857678,-0.271601598372803,-0.746098108027,588,44,"RPS27A;NEDD8;CBL;STUB1;BMPR2;FKBP1A;SMAD5"
"RA_Transcriptional_activity_of_SMAD2/SMAD3:SMAD4_heterotrimer%R-MMU-2173793",0.8704,0.917668913857678,-0.289073847884896,-0.705047649035096,543,24,"RPS27A"
"RA_Cytosolic_sensors_of_pathogen-associated_DNA%R-MMU-1834949",0.867549668874172,0.917668913857678,-0.30095719651554,-0.713953780423849,523,21,"RPS27A;TRIM56;NKIRAS1;NFKBIA"
"RA_Neddylation%R-MMU-8951664",0.872062663185379,0.917703325931529,-0.251728491602022,-0.816566065412838,667,146,"RPS27A;NEDD8;RBX1;ELOB;PSMB5;ELOC;RNF7;PSMB6;COMMD4;UCHL3;PSMA7;PSMD9;LRR1;PSMB1;COMMD2;COMMD1;SPSB2;TULP4;PSMD13;PSMC5;UBE2F;PSMD7;PSMD10;PSMD4;VHL;KLHL21;DCUN1D5;FBXO11;COMMD3;FBXW4"
"RA_Nicotinate_metabolism%R-MMU-196807",0.874576271186441,0.91863141917531,-0.299044104268415,-0.664369975270549,515,15,"BST1;NAMPT;PARP10"
"BP_regulation_of_actin_filament_polymerization%0030833",0.63681592039801,0.919353164635792,0.32589582674909,0.883580494123391,255,23,"GBA2;CYFIP1;CLEC2I;PIK3R2;CYFIP2;ABITRAM;PLEKHG2;PREX1"
"BP_endoplasmic_reticulum_calcium_ion_homeostasis%0032469",0.638095238095238,0.919653584068949,0.359697911701888,0.885761337716966,267,16,"KCTD17;CLCC1;PSEN1;ATP2A2;ITPR1;PML;HERPUD1"
"BP_antigen_processing_and_presentation%0019882",0.638795986622074,0.919653584068949,-0.367606377017555,-0.874801488286819,381,21,"PSMB9;H2-AB1"
"RA_Apoptotic_cleavage_of_cellular_proteins%R-MMU-111465",0.877237851662404,0.919711192711236,0.27027477991039,0.704526837170361,342,22,"CASP8;ADD1;GSN;PLEC;STK24;CASP7"
"BP_homeostasis_of_number_of_cells_within_a_tissue%0048873",0.639934533551555,0.920016683970241,-0.357933048516158,-0.879745860766881,390,25,"BAX;FOSL2;KMT2A;NOTCH1;BCL2"
"BP_epithelial_cell_differentiation%0030855",0.641196013289037,0.920555272190899,-0.359121327654872,-0.87310774344007,385,24,"CD63;DNPH1;PIH1D1;GSTK1;TST;PCNA;CDK1"
"BP_homologous_chromosome_pairing_at_meiosis%0007129",0.642352941176471,0.920942476438089,0.359635922243983,0.877335949858215,272,15,"MLH1;FANCD2;BRIP1;ZCWPW1;STAG3"
"BP_negative_regulation_of_protein_ubiquitination%0031397",0.643292682926829,0.921017661900757,-0.325313058393041,-0.886897172305098,421,42,"SPRY2;UBXN1;WNK1;BEX3;PARK7;RPS3;SOX4;ISG15;TSPO;NXN;PINX1;CAML"
"WP_Type_II_interferon_signaling_(IFNG)%WP1253",0.776942355889724,0.922247191011236,0.304396488367195,0.791297568982389,309,20,"JAK1;STAT1;STAT2;JAK2;IFIT2;IRF8;IFNGR1"
"WP_Sphingolipid_Metabolism_(integrated_pathway)%WP4690",0.745238095238095,0.922247191011236,0.320387814546333,0.788959651886924,312,16,"ASAH1;SGMS2;CERK;SGPL1;DEGS1;SPTLC2;SPHK2"
"WP_Adipogenesis_genes%WP447",0.801282051282051,0.922247191011236,0.258913292782604,0.826796689018074,249,61,"MEF2D;NCOA2;STAT6;RBL2;MEF2A;STAT1;E2F4;STAT2;CREB1;NCOA1;ZMPSTE24;RBL1;AGPAT2;TGFB1;HIF1A;RB1;NCOR2;SMAD3;STAT3;LIPE;STAT5A;DVL1;IL6ST"
"WP_Apoptosis%WP1254",0.748387096774194,0.922247191011236,0.272657262250725,0.860964851143993,231,58,"MYC;AKT1;CASP8;RIPK1;CASP2"
"WP_Heart_Development%WP2067",0.790588235294118,0.922247191011236,0.314961813840205,0.768352950924345,335,15,"NFATC1;VEGFA;NFATC3;ERBB3;SMAD4;MAPK1"
"WP_Spinal_Cord_Injury%WP2432",0.795918367346939,0.922247191011236,0.2713697253444,0.821730284393514,272,41,"MYC;TRP53;ANXA1"
"WP_Odorant_GPCRs%WP1397",0.804705882352941,0.922247191011236,0.312014000823282,0.761161727319457,341,15,"ADGRG3;GPR160;GPR89;GPR171;GPR180;GPR183;WLS;GPR141;GPR108"
"WP_Mecp2_and_Associated_Rett_Syndrome%WP2910",0.774936061381074,0.922247191011236,0.290748666099017,0.802895759989615,302,25,"TAF1;PRPF3;SIN3A;SMC3;CREB1;HNRNPF;CNP;MECP2"
"WP_Non-odorant_GPCRs%WP1396",0.779935275080906,0.922247191011236,-0.313102154394713,-0.777671302034854,481,26,"CXCR4;C5AR2;CX3CR1;PTAFR;ADRB2;GPR65;CCR2;LTB4R1;ADGRE4;GPR132"
"WP_Cholesterol_metabolism_(includes_both_Bloch_and_Kandutsch-Russell_pathways)%WP4346",0.736543909348442,0.922247191011236,0.293040798082145,0.850656224289949,259,34,"FASN;NSDHL;NR1H2;LSS;ACSL1;GGPS1;DHCR7"
"KEGG_Cytokine-cytokine_receptor_interaction%mmu04060",0.793696275071633,0.922270742358079,-0.291777457568117,-0.820044188033064,553,53,"CXCR4;IL3RA;IL11RA1;CRLF2;CX3CR1;BMPR2;CCL6;TNFSF14;TNFRSF10B;TNFRSF18;CCR2"
"KEGG_GABAergic_synapse%mmu04727",0.8,0.922270742358079,0.30769463382681,0.794076724183917,307,22,"PRKCB;ADCY3;PRKACA;GNB5;NSF;GLS;GNAI3;TRAK2;PRKACB;SLC38A2;ADCY7;GNG12"
"KEGG_Aldosterone_synthesis_and_secretion%mmu04925",0.796875,0.922270742358079,0.269358178875409,0.826801009919187,254,46,"DAGLB;PRKCB;GNAS;ADCY3;SCARB1;ATP1A3;PRKACA;GNA11;ATP1A1;ITPR1;CREB1;ITPR2"
"BP_positive_regulation_of_transcription_elongation_by_RNA_polymerase_II%0032968",0.667164179104478,0.924266566688537,-0.31426897301417,-0.871914977810902,446,47,"MED31;CCNK;MED10;NCBP2;MED30;EAPP;LDB1;MED21;MED11;MED7;MED28"
"BP_positive_regulation_of_transcription_initiation_by_RNA_polymerase_II%0060261",0.669603524229075,0.924266566688537,-0.307993002199901,-0.878226671657029,455,55,"SUB1;MED31;ZNHIT1;XPA;MED10;TAF4;TAF10;MED30;TAF12;TAF3;NFKBIA;MED21;MED11;GTF2A2;MED7;TAF13;MED28"
"BP_positive_regulation_of_filopodium_assembly%0051491",0.655058043117745,0.924266566688537,-0.363947958156195,-0.863657880561492,394,20,"MIEN1;RALA"
"BP_negative_regulation_of_NF-kappaB_transcription_factor_activity%0032088",0.663551401869159,0.924266566688537,0.28925968329218,0.89565566778045,212,49,"ERBIN;ARRB1;USP7;CAT;TAX1BP1;TRIM37"
"BP_regulation_of_mitotic_cell_cycle%0007346",0.665658093797277,0.924266566688537,-0.321388098974593,-0.872697618761541,439,40,"CDKN1B;PIM1;GMNN;RPA3;BIRC5;CKS2"
"BP_negative_regulation_of_canonical_NF-kappaB_signal_transduction%0043124",0.66566265060241,0.924266566688537,0.28859415054465,0.897630695949953,220,47,"CASP8;STAT1;NLRX1;RIPK1;TLE1;PPM1A;CACTIN;USP10;TNIP1"
"BP_multicellular_organism_growth%0035264",0.666666666666667,0.924266566688537,0.26512964522212,0.890734936670057,181,86,"WDR48;PLEKHA1;CLIC4;PDE4D;RMI1;KAT2A;MTOR;BRCA2;GNAS;LLGL2;ADD1;ATP1A3;SLC25A25;ABL2;STIL;PLEC;TRP53;AAAS;SP2;CTC1;ZMPSTE24;CCM2;DHCR7;ATM;XRCC2;NEK1;HEG1"
"BP_positive_regulation_of_dendritic_spine_development%0060999",0.666666666666667,0.924266566688537,0.332784624773579,0.865094291956454,265,20,"TSC2;MTOR;RAC1;PSEN1"
"BP_negative_regulation_of_phosphatidylinositol_3-kinase/protein_kinase_B_signal_transduction%0051898",0.662756598240469,0.924266566688537,0.295566266596817,0.885987251227678,225,40,"XDH;PLEKHA1;TSC2;DAG1;PPP2R1A;INPP5E;SH2B3;PIK3CB"
"BP_positive_regulation_of_non-canonical_NF-kappaB_signal_transduction%1901224",0.655763239875389,0.924266566688537,-0.329856103446892,-0.872703452105213,420,37,"SASH1;RPS3;TRIM56;PDCD4;RC3H1;CREBBP;AGO1;RC3H2;PYCARD;TNFSF14;IFI35"
"BP_protein_sumoylation%0016925",0.65625,0.924266566688537,0.312737351580935,0.865390905358245,251,26,"RANBP2;TOPORS;UBA2;IFIH1;PIAS1;SAE1;ZMIZ2;TRPM4;SENP1"
"BP_negative_regulation_of_cellular_senescence%2000773",0.666666666666667,0.924266566688537,0.340862165217203,0.858038850277224,279,17,"PRKDC;MAP3K3;RBL1"
"BP_negative_regulation_of_tumor_necrosis_factor_production%0032720",0.657935285053929,0.924266566688537,-0.331497014228742,-0.86874612396561,426,34,"SELENOS;GSTP1;NFKBIL1;C5AR2;TSPO;ILRUN;TRIM30A;RAD21"
"BP_sodium_ion_transport%0006814",0.651105651105651,0.924266566688537,0.339713693345777,0.87070483126222,264,19,"NEDD4L;NEDD4;ATP1A3;SLC8A1;ATP1A1;SLC38A7"
"BP_intrinsic_apoptotic_signaling_pathway_in_response_to_endoplasmic_reticulum_stress%0070059",0.657004830917875,0.924266566688537,-0.342498764248528,-0.865298376989964,407,28,"BAX;BAK1;UBE2K;CEBPB;BCL2;ATF4;TNFRSF10B;GSK3B;MAP3K5;ERN1"
"BP_JNK_cascade%0007254",0.647239263803681,0.924266566688537,0.291630215915009,0.905636445816073,210,48,"BECN1;STRADB;MAPK14;MAP2K1;NRBP1;MAP3K15;MAP2K3;MAP3K11;MYD88;MAP3K6;SMAD3;ERCC6;LRRK2;MAPK1;MAP3K7;TLR4;MAPK9;MAP2K4;TRAF6"
"BP_cellular_response_to_interleukin-1%0071347",0.668284789644013,0.924266566688537,-0.346756978851918,-0.861261883536875,412,26,"CAMP;YY1;CEBPB;RC3H1;PYCARD;EP300"
"BP_BMP_signaling_pathway%0030509",0.669435215946844,0.924266566688537,-0.35308292571243,-0.858426979341824,402,24,"PDCD4;MEGF8;NOTCH2;BMPR2;SMAD5;ID1;ACVR1B;FKBP8"
"BP_regulation_of_angiogenesis%0045765",0.658476658476659,0.924266566688537,0.337600821251543,0.865289424181716,267,19,"PIK3CG;SP100;ITGA5;CCM2;PDE3B;EGLN1;RNH1"
"BP_negative_regulation_of_ERK1_and_ERK2_cascade%0070373",0.655555555555556,0.924266566688537,0.298973332752032,0.885899455875749,235,37,"XBP1;ARRB1;EMILIN1;TNIP1;EZR;SPRED2;SIRT3"
"BP_regulation_of_DNA_damage_checkpoint%2000001",0.652380952380952,0.924266566688537,0.35530392938493,0.874941092371201,273,16,"BRCA1;BRCA2;CRY1;NEK1;ETAA1;RFWD3"
"BP_negative_regulation_of_T_cell_receptor_signaling_pathway%0050860",0.649411764705882,0.924266566688537,0.357820276300219,0.872906660790707,275,15,"CEACAM1;DGKZ;PTPN6;BTRC;PTPN22;EZR"
"BP_stress_granule_assembly%0034063",0.668333333333333,0.924266566688537,-0.357333188031338,-0.862190655014658,400,23,"RPS23;CIRBP;DDX6;PUM2"
"BP_gene_expression%0010467",0.667539267015707,0.924266566688537,-0.28343280721035,-0.904430037641569,509,127,"COMT;NDUFS6;SOD1;DDX17;TAF15;DIAPH1;YY1;FOSL2;TAF10;NOTCH1;SOX4;NPC1;NPC2;TARDBP"
"BP_centrosome_cycle%0007098",0.655763239875389,0.924266566688537,-0.330144789789012,-0.873467232325472,420,37,"PCLAF;NPM1;UXT;HAUS1;CHD3;CEP44;GADD45A;HAUS4;ARL2"
"BP_positive_regulation_of_ERAD_pathway%1904294",0.651202749140894,0.924266566688537,-0.382826942902562,-0.866366149766601,378,17,"TMEM259;STUB1;UBQLN2;BCAP31;ERN1;ATXN3"
"BP_tumor_necrosis_factor_production%0032640",0.657142857142857,0.924266566688537,-0.368851778642488,-0.862161057222837,390,19,"PSEN2;FCER1G"
"BP_response_to_insulin%0032868",0.671554252199413,0.924672423764983,0.289260516019015,0.891115990305098,228,43,"CAD;CAT;KBTBD2;MTOR;CRY1;HADHA;MAPK14;SESN2;COL1A1;UPRT"
"BP_microtubule-based_process%0007017",0.671679197994988,0.924672423764983,0.331141640661022,0.860823252756505,267,20,"KIF17;XRN2;KIFC3;TUBD1;MAP3K11;DNAL4;KIFAP3;VBP1"
"BP_nuclear-transcribed_mRNA_catabolic_process%0000956",0.672818791946309,0.925014445086448,-0.352562231436065,-0.845175695786728,400,22,"LSM7;LSM4;EXOSC3;EXOSC2;RC3H1;MRTO4;AGO1;POLR2G"
"KEGG_Pyruvate_metabolism%mmu00620",0.806451612903226,0.925666199158485,0.280731528864247,0.78826962522192,299,29,"PCX;ALDH3A2;PKM;ALDH9A1;ALDH2;ACACA;ME2;DLD;FH1;LDHB;DLAT;ADH5;ACSS2"
"BP_inner_ear_development%0048839",0.678657074340528,0.926902688375615,0.336417345487067,0.856921760810064,282,18,"MYO7A;LRP10;TIFAB"
"BP_oligodendrocyte_differentiation%0048709",0.675742574257426,0.926902688375615,0.324009685700721,0.859210507369914,272,21,"MTOR;EXOC4;MIOS;CNP"
"BP_somatic_stem_cell_population_maintenance%0035019",0.678062678062678,0.926902688375615,0.290697893600126,0.871839808538759,237,39,"RAF1;SMC1A;MED15;MED12;LRP5"
"BP_non-canonical_NF-kappaB_signal_transduction%0038061",0.676190476190476,0.926902688375615,0.338730258876951,0.852672286745824,283,17,"AKT1;RIPK3;BTRC;BCL10;AMFR;RELA;NFKB2"
"BP_suppression_of_viral_release_by_host%0044790",0.676923076923077,0.926902688375615,-0.372888237424266,-0.855674258811131,395,18,"TRIM56;TRIM12A;TRIM30A;CHMP3;TRIM5"
"BP_positive_regulation_of_protein_kinase_activity%0045860",0.67981072555205,0.927258256403454,-0.327806814654402,-0.861049059126697,430,36,"AGAP2;TAB2;NPM1"
"WP_p53_signaling%WP2902",0.824451410658307,0.934378265412748,0.260196402788404,0.807864791055617,262,50,"TSC2;CASP8;DDB2;CCNB1;ATR;TRP53;SESN2;RRM2;ATM;SHISA5;SESN1;CCNG1;CCND3;EI24;CHEK2;CASP3;PPM1D;COP1;GTSE1;ADGRB1"
"WP_Lung_fibrosis%WP3632",0.839316239316239,0.934497971963282,-0.316524904144919,-0.72633616608643,490,18,"PLAU;CEBPB"
"WP_Endochondral_Ossification%WP1270",0.842880523731588,0.934497971963282,-0.300197010926148,-0.737839321827659,514,25,"PLAU;IGF1R;CTSL;CALM1;RUNX3"
"BP_defense_response_to_virus%0051607",0.686956521739131,0.935154210182768,0.257975586461036,0.924149923192027,157,135,"NLRP1A;DDX1;ADAR;DDX41;CNOT7;RIPK3;DHX15;BECN1;MOV10;ATG7;ABCF3;STAT1;STAT2;ZNFX1;UNC13D;DHX36;MLKL;SLFN8;ILF3;SLFN9;DDX56;IFIT2;IFNAR1;FV1;IFI209;IFIH1;MAVS;NCBP1;MYD88;EPG5;SKP2;DHX58;DDX21;ATG14"
"BP_brown_fat_cell_differentiation%0050873",0.689003436426117,0.935154210182768,-0.378745163317879,-0.847072947395531,400,16,"FABP4;DHRS7B;CEBPB;DIO2;ADRB2;CEBPA;PLAC8;METRNL;RGS2"
"BP_long-term_memory%0007616",0.68922305764411,0.935154210182768,0.32718843972754,0.850546661508221,274,20,"KAT2A;MTOR;PJA2;MECP2;RGS14;ACSS2;BTBD9;TRPM4;RPS6KB1"
"BP_cell_chemotaxis%0060326",0.690104166666667,0.935154210182768,0.306892022769941,0.849216008543741,264,26,"BIN2;ELMO2;RAC1;HGF;VEGFA;PLXNB3"
"BP_positive_regulation_of_type_II_interferon_production%0032729",0.6875,0.935154210182768,0.291252699452803,0.864604787144039,252,36,"PDE4D;TYK2;CARMIL2;SASH3;PTPN22;ABL2;JAK2;IFNAR1;IRF8;ARID5A;PDE4B;IL12RB1;APP;ABL1;TLR4"
"BP_embryo_implantation%0007566",0.692691029900332,0.937435839682588,-0.346283679540038,-0.84189642538827,416,24,"SOD1;IL11RA1;PPARD;H2-Q7;ARID1A;H3F3B;BSG"
"RA_RHOBTB1_GTPase_cycle%R-MMU-9013422",0.898550724637681,0.94030494046657,0.281914449653121,0.696761388519243,371,18,"CUL3;COPS4;COPS2;RBMX;SPEN;SRRM1"
"BP_regulation_of_cell_cycle%0051726",0.69609079445145,0.94036410923277,-0.275097020778919,-0.914079871615201,551,180,"CDKN1B;INO80D;PCLAF;RACK1;ACTB;BAX;BAK1;CDKN2A;NPM1;MNT;BIRC5;CDK11B;XIAP;CCND1;YEATS4;CCNK;CELF1;YY1;BCL2;TARDBP;CSNK2A2;KAT2B;HSP90AB1;GADD45A;JUNB;JADE2;SON;APC;MEAF6;MDM4;TFPT"
"BP_lactation%0007595",0.696666666666667,0.94036410923277,-0.348667389133169,-0.841281399791539,417,23,"NME1;APRT;USF2;CCND1;RPLP0"
"KEGG_Vasopressin-regulated_water_reabsorption%mmu04962",0.823691460055096,0.941361668634396,0.276757203326522,0.783518450280665,298,30,"DCTN1;GNAS;ADCY3;PRKACA;RAB11B;CREB1;NSF"
"KEGG_Gastric_acid_secretion%mmu04971",0.827485380116959,0.94162129461585,0.276610311608185,0.800355997546078,282,34,"PRKCB;GNAS;ADCY3;ATP1A3;PRKACA;EZR;ATP1A1;ITPR1;ITPR2"
"BP_response_to_glucocorticoid%0051384",0.702341137123746,0.941899354437271,-0.350613843563815,-0.834363959221903,419,21,"FOSL2;CTSL;BCL2;PTPRU;PDCD7;HMGB1;ANXA3"
"BP_chaperone-mediated_protein_folding%0061077",0.700162074554295,0.941899354437271,-0.331397497069346,-0.832322828467875,431,27,"FKBP2;FKBP11;HSP90AB1;CRTAP;PDCL3;PPIB;PPID;CHORDC1;DNAJB6"
"BP_regulation_of_DNA-binding_transcription_factor_activity%0051090",0.7,0.941899354437271,0.339797213715414,0.836755579561188,293,16,"USP7;FANCD2;HCK;KDM8"
"BP_neuronal_stem_cell_population_maintenance%0097150",0.701176470588235,0.941899354437271,0.340821614889182,0.831438231657388,297,15,"FANCC;FANCD2;WDR62;ASPM;PCM1;YME1L1;SS18;WDR47;REST"
"BP_blastocyst_formation%0001825",0.702341137123746,0.941899354437271,-0.350622909445516,-0.834385533512506,419,21,"PTPN18;SF3B6"
"BP_RNA_polymerase_II_preinitiation_complex_assembly%0051123",0.714714714714715,0.942229138299942,-0.307439787873509,-0.848938435858026,475,45,"MED31;MED10;TAF4;TAF10;MED30;TAF12;TAF3;GTF2F2;MED21;MED11;GTF2A2;MED7;TAF13;MED28"
"BP_interstrand_cross-link_repair%0036297",0.721417069243156,0.942229138299942,-0.327068719462738,-0.826315483900344,447,28,"NUCKS1;CENPX;CENPS"
"BP_negative_regulation_of_cardiac_muscle_cell_apoptotic_process%0010667",0.718670076726343,0.942229138299942,0.303513017920391,0.838144224217845,280,25,"ILK;ATG7;HSF1;MFN2;JAK2"
"BP_negative_regulation_of_mitotic_cell_cycle%0045930",0.708838821490468,0.942229138299942,-0.378503342785415,-0.834692475385888,408,15,"CDKN1B"
"BP_negative_regulation_of_stem_cell_population_maintenance%1902455",0.716494845360825,0.942229138299942,-0.367906589143795,-0.822832207551413,416,16,"ING2;ING1;SAP30L;SAP30;OGT"
"BP_regulation_of_mitochondrion_organization%0010821",0.711904761904762,0.942229138299942,0.335551220561896,0.826299759682218,298,16,"VPS35;RHOT1;ATP13A2;RAP1GDS1;PINK1;HDAC6"
"BP_protein_K63-linked_deubiquitination%0070536",0.719298245614035,0.942229138299942,0.320990295098622,0.834434199753576,286,20,"USP8;USP33;OTUD5;STAMBPL1;SHMT2;PSMD14;ABRAXAS2;SPATA2;USP25"
"BP_negative_regulation_of_neuron_apoptotic_process%0043524",0.709677419354839,0.942229138299942,-0.286127348498866,-0.880020240894451,527,95,"AGAP2;SOD1;BAX;HDGF;NPM1;BIRC5;XIAP;CCND1;TMBIM4;PARK7;UBE2V2;SOD2;CEBPB;BCL2;SYNGAP1;HSP90AB1;PRDX2;PDPK1;RETREG1;CD2AP;RAD21;LGMN;APOE"
"BP_positive_regulation_of_cardiac_muscle_cell_apoptotic_process%0010666",0.721428571428571,0.942229138299942,0.332982577495979,0.819974438783303,302,16,"CAPN1;ATP2A2;TRP53;SMAD4;CAPN2;HMGCR;BNIP3"
"BP_positive_regulation_of_phagocytosis%0050766",0.714285714285714,0.942229138299942,-0.321157664181072,-0.829851035448068,454,33,"SOD1;CYBA;FCER1G;FPR2"
"BP_response_to_activity%0014823",0.714285714285714,0.942229138299942,0.303679771078344,0.846243730328146,274,27,"CAT;PRKDC;CRY1;PRKAA1;ATP1A3;SLC25A25"
"BP_tumor_necrosis_factor-mediated_signaling_pathway%0033209",0.720108695652174,0.942229138299942,0.28667124592672,0.85100440967742,264,36,"ACTN4;ILK;STAT1;RIPK1;NSMAF;IKBKG;TRP53;JAK2"
"BP_negative_regulation_of_protein_catabolic_process%0042177",0.710144927536232,0.942229138299942,-0.329003015818024,-0.831202343858859,440,28,"AGAP2;RIC1;PARK7;RGP1"
"BP_skeletal_muscle_tissue_regeneration%0043403",0.721649484536083,0.942229138299942,-0.365386578591409,-0.81719614147633,419,16,"PLAU"
"BP_intracellular_iron_ion_homeostasis%0006879",0.720121028744327,0.942229138299942,-0.30794917285979,-0.836205543116799,475,40,"SOD1;BOLA2;ATP6V1G1;CISD1"
"BP_response_to_bacterium%0009617",0.7054698457223,0.942229138299942,-0.296573446276085,-0.87954896663789,502,72,"LSM5;FABP4;PSMB9;PENK;GAS2L3;PGLYRP1;ISG15;CD52;GZMA;HP;PYCARD;TRIM30A"
"BP_glycogen_metabolic_process%0005977",0.707357859531773,0.942229138299942,-0.350209571170131,-0.833401902756677,422,21,"COMT"
"BP_ventricular_septum_development%0003281",0.714529914529915,0.942229138299942,-0.357978657266288,-0.821460940528455,417,18,"CXCR4;LMO4;TRIP11"
"BP_regulatory_ncRNA-mediated_gene_silencing%0031047",0.705372616984402,0.942229138299942,-0.379579783313045,-0.837066290111011,406,15,"DDX17;TNRC6A;TNRC6C;PABPC1;CNOT6L;TNRC6B;AGO2"
"BP_anterior/posterior_pattern_specification%0009952",0.718110236220472,0.942229138299942,-0.320261910589229,-0.824629744150062,455,32,"YY1;HOXA7;KMT2A;BPTF;BMPR2;APC"
"BP_regulation_of_protein_binding%0043393",0.717444717444718,0.942229138299942,0.323666564935898,0.829575160871969,291,19,"HDAC5;PLK1;ATR;PSEN1"
"BP_regulation_of_synaptic_plasticity%0048167",0.723958333333333,0.944056218592965,0.300341429298908,0.831089539204936,277,26,"SPG11;KAT2A;DAG1;PSEN1;SIPA1L1"
"WP_Neural_Crest_Differentiation%WP2074",0.861035422343324,0.944361430957194,0.260001393391534,0.755995927380315,315,32,"ITGB1;DVL3;HDAC5;DVL2;AXIN1;COL11A2;HDAC6;HDAC9"
"RA_Biosynthesis_of_the_N-glycan_precursor_(dolichol_lipid-linked_oligosaccharide,_LLO)_and_transfer_to_a_nascent_protein%R-MMU-446193",0.904191616766467,0.944452467976848,-0.265903223576383,-0.736174431540188,603,47,"DPM3;FUOM;NUS1;NUDT14;AMDHD2"
"RA_Plasma_lipoprotein_assembly,_remodeling,_and_clearance%R-MMU-174824",0.910060975609756,0.94882283197832,-0.269464014481891,-0.702529962585894,596,33,"RPS27A;AP2S1;NPC1;NPC2;APOBR;ABCG1;APOE;ABCA1;ANGPTL8;LPL"
"BP_extrinsic_apoptotic_signaling_pathway_via_death_domain_receptors%0008625",0.729508196721312,0.950099759343439,0.28780442648685,0.849512768117444,266,35,"RAF1;CASP8;RIPK1;DEDD"
"BP_ribosome_biogenesis%0042254",0.731895223420647,0.950822580614057,-0.309220168149328,-0.825618836695284,474,38,"RPS28;RPL7A;RSL24D1;NAF1;RPLP0;ZNHIT6;GLUL;MRPL10"
"BP_positive_regulation_of_chemokine_production%0032722",0.731527093596059,0.950822580614057,0.304659967923473,0.817674947772014,296,22,"IL16;P2RY2;CSF1R;LGALS9;ADAM17"
"BP_stem_cell_population_maintenance%0019827",0.741732283464567,0.954049702894945,-0.31496813095697,-0.810999000064058,470,32,"TPT1;RTF1;SETD1A;DDX6;ARID1A;APC"
"BP_circadian_regulation_of_gene_expression%0032922",0.73900293255132,0.954049702894945,0.282481011894827,0.846762988667144,251,40,"NCOA2;MYBBP1A;CRY1;HNRNPU;KDM8;PML;PPP1CA;CSNK1D"
"BP_positive_regulation_of_G1/S_transition_of_mitotic_cell_cycle%1900087",0.740566037735849,0.954049702894945,-0.314182143290227,-0.821919712419149,470,35,"RPL17;AIF1;ANP32B;CCND1;RGCC;MBLAC1;CREBBP;LSM10;MEPCE;LARP7;LSM11"
"BP_positive_regulation_of_cell_migration%0030335",0.739583333333333,0.954049702894945,-0.27506284585224,-0.876793217955503,567,121,"MIEN1;CXCR4;PLAU;AIF1;RACK1;SPRY2;CIB1;DDRGK1;SEMA4B;DIAPH1;STX4A;IGF1R;TRADD;NOTCH1;SOD2"
"BP_SMAD_protein_signal_transduction%0060395",0.736470588235294,0.954049702894945,0.331473677541385,0.808633831471022,312,15,"BECN1;TGFBR2;HIPK2;PML;SMAD3;SMAD4"
"BP_endoplasmic_reticulum_unfolded_protein_response%0030968",0.738275340393343,0.954049702894945,-0.30610630637039,-0.831201421302314,487,40,"SELENOS;CCND1;ERLEC1;TMBIM4;STUB1;ATF4;DERL2"
"BP_cholesterol_biosynthetic_process%0006695",0.741293532338308,0.954049702894945,0.30356695020547,0.823041640446013,297,23,"G6PDX;NSDHL;LSS;PRKAA1;DHCR7;LIPA"
"BP_cellular_response_to_organic_cyclic_compound%0071407",0.737007874015748,0.954049702894945,-0.316589928774614,-0.815174903208351,467,32,"CDKN1B;TMF1"
"BP_positive_regulation_of_cold-induced_thermogenesis%0120162",0.745562130177515,0.954245981657534,-0.297482566577615,-0.837592241259393,503,51,"CXCR4;G0S2;FABP4;KDM6B;IGF1R;CEBPB;FABP5;ADIPOR2;APC;DIO2;ADRB2"
"BP_developmental_growth%0048589",0.742857142857143,0.954245981657534,0.32433992602709,0.798691783873565,311,16,"GNAS;ASPM;SMAD3;EIF4H;SMAD4;TBCE;SMAD2"
"BP_regulation_of_mRNA_stability%0043488",0.745161290322581,0.954245981657534,-0.318046359427883,-0.805994565406545,461,29,"DCP2;PUM2;RC3H1;AGO1;RBM33;AGO2;ALKBH5"
"BP_wound_healing%0042060",0.743869209809264,0.954245981657534,0.287353581440097,0.835526819503325,272,32,"FNTB;HPSE;NFATC1;FN1;CORO1B;PLEC;PECAM1;PAK1"
"BP_skeletal_muscle_tissue_development%0007519",0.747252747252747,0.955231960158068,-0.31315342868686,-0.809168598583984,475,33,"MYL6;ZBTB18;FOXP1;ASNSD1;PSMA6"
"BP_poly(A)+_mRNA_export_from_nucleus%0016973",0.75085910652921,0.958661442284526,-0.351985691712623,-0.796570079916279,436,17,"ENY2;SARNP;PABPN1;NXT1;IWS1"
"RA_TNFR1-induced_proapoptotic_signaling%R-MMU-5357786",0.921535893155259,0.959010550547894,-0.281543226521522,-0.639136747083795,551,17,"XIAP;TRADD"
"BP_lipid_catabolic_process%0016042",0.764227642276423,0.959021739130435,0.284569874834072,0.821375804447078,281,31,"DAGLB;PAFAH2;SIRT2;PCCA;ACAP1;ABHD4;ACADL;PNPLA2;PPT1;LIPA;LRP1;LIPE;PAFAH1B2;CRTC3;PLD1"
"BP_odontogenesis_of_dentin-containing_tooth%0042475",0.763025210084034,0.959021739130435,-0.336861554059313,-0.787386506998535,453,19,"BAX;CCDC154"
"BP_methylation%0032259",0.764309764309764,0.959021739130435,0.267395673078207,0.868789685164755,226,68,"CARM1;DNMT1;SMYD5;MTR;PCIF1;PRMT9;LCMT2;ARMT1;EZH1;SETDB2;KMT5B;COQ5;PRDM10"
"BP_positive_regulation_of_transforming_growth_factor_beta_receptor_signaling_pathway%0030511",0.754385964912281,0.959021739130435,0.313674323300847,0.815415876876804,300,20,"SNW1;SDCBP;MEN1;AXIN1;HIPK2"
"BP_response_to_UV%0009411",0.760115606936416,0.959021739130435,0.273219534328623,0.839909917877081,262,42,"RAD18;DDB2;MSH6;ZRANB3;MEN1;REV1;TRIM32;PRKAA1;CCAR2;TRP53;PML;CASP7;DTL"
"BP_cellular_response_to_growth_factor_stimulus%0071363",0.762295081967213,0.959021739130435,0.283379937279401,0.836452996521829,278,35,"AKT1;CAT;TGFBR2;SHC1;RIPK1;PPP2R5B;CREB1;LRP8;IBSP;URI1;PPP2R5D;TGFB1;CPNE3"
"BP_dendrite_development%0016358",0.754180602006689,0.959021739130435,-0.335547766724895,-0.798510863994719,450,21,"LST1;PPP1R9B;SYNGAP1"
"BP_cellular_response_to_tumor_necrosis_factor%0071356",0.759146341463415,0.959021739130435,0.273062214118401,0.858303590505801,248,52,"AKT1;PRPF8;ERBIN;BRCA1;KAT2A;ASAH1;RIPK1;GSDME;CACTIN;MAPK14"
"BP_protein_localization_to_Golgi_apparatus%0034067",0.762589928057554,0.959021739130435,0.310538451053024,0.791003079494357,317,18,"GAK;PACS1;GBF1;RIPOR1"
"BP_Rac_protein_signal_transduction%0016601",0.759450171821306,0.959021739130435,-0.355560173869278,-0.795219143704636,441,16,"AIF1;BRK1"
"BP_cellular_response_to_cytokine_stimulus%0071345",0.761194029850746,0.959021739130435,0.298252977704983,0.808634206958521,305,23,"JAK3;STAT1;CSF1R"
"BP_tricarboxylic_acid_cycle%0006099",0.763020833333333,0.959021739130435,0.294110748688794,0.813848316476256,292,26,"ACO1;IDH1;SDHA;IDH3G;OGDH;IDH3A;IDH3B;ACO2"
"BP_monoatomic_ion_transport%0006811",0.756013745704467,0.959021739130435,-0.355776544308386,-0.795703061555835,439,16,"WNK1;TSPO;SLC22A15;CLCN3;TOMM40L;TOMM40"
"BP_positive_regulation_of_protein_secretion%0050714",0.765,0.959021739130435,-0.330225200133219,-0.796783201621443,458,23,"IER3IP1;KCNN4;PPIA;CD2AP;EP300;ARF6;ABCG1"
"BP_clathrin-dependent_endocytosis%0072583",0.763546798029557,0.959021739130435,0.297741941574433,0.799107700909248,309,22,"AP2A1;GAK;FCHO1;CLTC;AP2M1;AP2A2;AP2B1"
"KEGG_Basal_cell_carcinoma%mmu05217",0.847682119205298,0.960463860387119,-0.315787123373618,-0.721691239369223,511,17,"BAX;BAK1;GADD45A;APC;GSK3B;PTCH1"
"BP_toll-like_receptor_4_signaling_pathway%0034142",0.76865671641791,0.960844209941683,0.295894142227529,0.802238847320089,308,23,"PIK3AP1;TBK1;MYD88;ECSIT;MAP3K7;RELA;TLR4;OAS1A;TRAF6;TICAM2;OAS1G;IRAK1;NAGLU"
"BP_nucleotide-excision_repair%0006289",0.769230769230769,0.960844209941683,-0.308757684099568,-0.79781027336191,489,33,"GTF2H5;XPA;RPA3;CETN2;COMMD1;MNAT1;RPA2;NTHL1;ERCC2"
"BP_vesicle_fusion%0006906",0.769230769230769,0.960844209941683,-0.328764424857971,-0.782368386791556,459,21,"VAMP8;STX4A;STX8;STX16"
"BP_liver_regeneration%0097421",0.773109243697479,0.961287558900924,-0.333135450596358,-0.77867704296188,459,19,"CCND1;GFER;CEBPB;PCNA;PTCH1;CSNK2A1"
"BP_muscle_organ_development%0007517",0.774278215223097,0.961287558900924,0.296496370994836,0.830437939833909,294,28,"XBP1;RIPOR2;ITGB1;PRR14;UNC45A;HDGFL2;KMT5B"
"BP_hair_follicle_development%0001942",0.776068376068376,0.961287558900924,-0.338290789692798,-0.776282788463682,453,18,"DBI;PSEN2;PUM2;LDB1;APC;TRPS1;ACVR1B;LGR4;SOS1"
"BP_regulation_of_Notch_signaling_pathway%0008593",0.774117647058824,0.961287558900924,0.322246070509481,0.786122978467962,328,15,"GALNT11;LLGL2;CC2D1A"
"BP_positive_regulation_of_blood_vessel_endothelial_cell_migration%0043536",0.7725,0.961287558900924,0.289236847403023,0.795496865468545,308,24,"AKT1;VEGFA;PLCG1;MAP2K3;ADAM17;P2RX4;PRKD2;TGFB1;HIF1A"
"BP_cellular_response_to_virus%0098586",0.77602523659306,0.961287558900924,-0.300603354667529,-0.789593822140905,491,36,"PENK;BAX;POU2F2;HSP90AA1"
"BP_negative_regulation_of_proteolysis%0045861",0.771929824561403,0.961287558900924,0.308382271022549,0.801658858439411,307,20,"AKT1;NR1H2;IDE;UBXN2A;TRP53;HDAC6;BAG6"
"KEGG_Biosynthesis_of_unsaturated_fatty_acids%mmu01040",0.854098360655738,0.963598150483396,-0.315508132249821,-0.738984032829671,520,19,"ACAA1A;HACD4"
"WP_Toll_Like_Receptor_signaling%WP88",0.947368421052632,0.963928992018145,-0.252936176040708,-0.644648219787859,593,30,"TAB2;RALBP1"
"WP_SIDS_Susceptibility_Pathways%WP1266",0.92326139088729,0.963928992018145,0.261914592754944,0.667148460138023,384,18,"CDCA7L;CC2D1A;CREB1"
"WP_Delta-Notch_Signaling_Pathway%WP265",0.954478707782673,0.963928992018145,-0.24206107417234,-0.690225070016761,649,55,"PSENEN;RBX1;PSEN2;YY1;CIR1;NOTCH1;NFKBIA;POFUT1;NOTCH2;GSK3B;EP300;SAP30;CDK2;MAML3;TCF3;LFNG"
"WP_One_carbon_metabolism_and_related_pathways%WP1770",0.942716857610475,0.963928992018145,-0.263888271220451,-0.648597874025706,575,25,"SOD1;SOD2;DHFR;ETNK1;GPX1;BCAT2;GSS;PCYT2"
"WP_Alzheimers_Disease%WP2075",0.899390243902439,0.963928992018145,0.240087207935116,0.754654807405434,294,52,"CASP8;NCSTN;IDE;CAPN1;PSEN1;ATP2A2;TRP53;ADAM17;ITPR1;ATF6;ITPR2;CASP7"
"WP_White_fat_cell_differentiation%WP2872",0.95360824742268,0.963928992018145,-0.277069189395975,-0.619672111026163,554,16,"CEBPB;KLF5;CEBPD;IRF3;CEBPA;SREBF1"
"WP_Id_Signaling_Pathway%WP512",0.943521594684385,0.963928992018145,-0.260280383036862,-0.632802343929373,567,24,"IGF1R;BMPR2;SMAD5;PSMD4;ID1;CDK2;TCF3"
"WP_EBV_LMP1_signaling%WP1243",0.93127147766323,0.963928992018145,-0.29504956031596,-0.659885656347858,541,16,"TRADD;HSP90AA1"
"BP_negative_regulation_of_cold-induced_thermogenesis%0120163",0.7890625,0.9640568403455,0.286937962906927,0.794000148195966,302,26,"DOCK7;PLCL2;NR1H2;ADAM17;ACOT11;IP6K1;RB1"
"BP_hemopoiesis%0030097",0.79016393442623,0.9640568403455,0.264005971304552,0.83435636576936,240,60,"ZFAT;PGM3;BRCA2;MEN1;RPA1;CSF1R;PKNOX1;MELK;PINK1;SH2B3;MKNK2;TIPARP"
"BP_regulation_of_G1/S_transition_of_mitotic_cell_cycle%2000045",0.789940828402367,0.9640568403455,-0.28950946559154,-0.808041995327085,533,48,"CDKN1B;ACTB;BCL7C;CDKN2A;CCND1;MNAT1;ARID1A;CCNH"
"BP_regulation_of_cell_population_proliferation%0042127",0.788461538461538,0.9640568403455,0.252309619261269,0.851691749953774,204,89,"DNMT1;CTNNA1;PLA2G4A;STAT6;EMILIN1;TGFBR2;SHC1;STAT1;TOPORS;E2F4;JUP;NF2;RIOX2;STAT2;DVL2;TRP53;ANXA1;PDS5B;ERBB3;DHCR7;STAT4;RBBP9;MYD88;PIAS1;CCND3;MBD2;RNF126;TGFB1;HIF1A"
"BP_cellular_response_to_cAMP%0071320",0.7890625,0.9640568403455,0.28538036702586,0.78969004803401,302,26,"PIK3CG;PDE4D;CRTC1;SLC8A1;EZR;EEF2K;ITPR1;ITPR2;KDM1A;FBP1;ASS1;CRTC3;INPP5K;CRTC2;RAP1B"
"BP_protein_dephosphorylation%0006470",0.785074626865672,0.9640568403455,-0.28674294306214,-0.809265454571469,525,53,"PHPT1;CTDSP1;BCL2;DUSP19;CTDNEP1;PTPRU;PPP3CB"
"BP_osteoclast_differentiation%0030316",0.785824345146379,0.9640568403455,-0.299412399260539,-0.784662757611903,509,34,"FCER1G;FOSL2;TYROBP;FOXP1;FOS;JUNB;IREB2;NFIX;GLO1;TFRC;TCIRG1;CD300LF;EPHA2"
"BP_aorta_development%0035904",0.790378006872852,0.9640568403455,-0.337083701493556,-0.762845755833796,459,17,"CXCR4"
"BP_nucleosome_assembly%0006334",0.786324786324786,0.9640568403455,0.270049283459838,0.809912010960482,275,39,"PADI4;NAA60;MCM2;CHAF1A;SMARCA4"
"BP_positive_regulation_of_interleukin-8_production%0032757",0.784219001610306,0.9640568403455,-0.308778578425009,-0.780106764316819,486,28,"CAMP;PARK7;LAMTOR5"
"BP_positive_regulation_of_MAP_kinase_activity%0043406",0.781954887218045,0.9640568403455,0.302320399565902,0.785900647256166,311,20,"CEACAM1;PIK3CG;PSEN1;LRRK2;PDGFRB;ADAM9;PIK3R5;KIT;TLR4"
"BP_adult_locomotory_behavior%0008344",0.782152230971129,0.9640568403455,0.295313296169357,0.827124340353943,297,28,"KALRN;ARCN1;IDUA;ATP1A3;HIPK2;CNP;PPT1;MECP2;TSHR;APP;TBCE;WDR47;CLN8;BTBD9;INPP5F;GIGYF2;PBX3;NTAN1"
"BP_homeostasis_of_number_of_cells%0048872",0.789333333333333,0.9640568403455,0.278618947842702,0.797411791372866,295,30,"WDR48;AP3B1;CARMIL2"
"BP_synaptic_vesicle_endocytosis%0048488",0.791327913279133,0.964082598572464,0.279096812742514,0.805578486544527,291,31,"EPS15L1;AP2A1;PIK3C3;CLTC;DNM2;AP2M1;BTBD8;AP2A2;AP2B1;SYNJ2"
"BP_regulation_of_protein_localization%0032880",0.79344262295082,0.965525724059731,0.263105005736467,0.831508981850897,241,60,"AKT1;PARP1;USP8;DVL3;PPM1F;RALGAPB;STX6;SWAP70;TPR;UFL1;CEP120;KDM1A"
"BP_cellular_response_to_UV%0034644",0.801775147928994,0.96733806593611,-0.287616128424436,-0.809812287156395,541,51,"RPL26;COPS9;RBX1;BAX;BAK1;NPM1"
"BP_positive_regulation_of_tumor_necrosis_factor_production%0032760",0.801324503311258,0.96733806593611,0.258759694070671,0.839470520515844,241,66,"PLCG2;RIPK1;CSF1R;PSEN1;LGALS9;ABCC8;SASH3;ADAM17;JAK2;FRMD8;IFIH1;SYK;MAVS;MYD88;ARHGEF2;ARID5A;TGFB1;DHX9;FCGR3;IFNGR1;STAT3;LRRK2;APP;SPHK2;MMP8;TLR4;MAPKAPK2;LBP;BTK;OAS3;OAS1A;TNFRSF1A"
"BP_bone_mineralization%0030282",0.802588996763754,0.96733806593611,-0.305085127611205,-0.757758913794563,495,26,"FOSL2;MTSS1;ATF4;ERCC2;TMEM38B;NFIX;GLA;LGR4;ROGDI"
"BP_positive_regulation_of_neurogenesis%0050769",0.805369127516778,0.96733806593611,-0.321204912176779,-0.770004728054241,479,22,"CXCR4;NAP1L1;FAIM;CX3CR1;MAN2A1;JADE2"
"BP_protein_localization_to_cilium%0061512",0.796068796068796,0.96733806593611,0.303949627555464,0.779039568780411,323,19,"BBS9;FAM149B;CEP78;TBC1D32;CSNK1D;IFT140;ASAP1"
"BP_somitogenesis%0001756",0.805970149253731,0.96733806593611,0.282509690497251,0.765950440096897,323,23,"PRKDC;KAT2A;MED12;PSEN1;TRP53;ATM;XRCC2;PALB2;SMAD3"
"BP_regulation_of_DNA_repair%0006282",0.806167400881057,0.96733806593611,-0.285237164559002,-0.803028041229073,548,49,"INO80D;ENY2;YY1;TAF10;TAF12;KAT2B;BARD1;ATXN7;UIMC1;TFPT"
"BP_response_to_cytokine%0034097",0.805031446540881,0.96733806593611,-0.2959741557254,-0.774286502758375,511,35,"COMT"
"BP_cell_surface_receptor_signaling_pathway%0007166",0.803738317757009,0.96733806593611,0.26186914048951,0.819699818319906,257,55,"BTLA;PKD1;ADGRE5;ADGRG3;PDK1;MLKL;ANXA1;PECAM1;SYK;MYD88;ADGRL4;ADGRE1;FCGR3;L1CAM;ADGRG1;OSMR;MAPK1;ADGRB1;TSHR;NUP62"
"BP_T_cell_proliferation%0042098",0.803814713896458,0.96733806593611,0.272972482872837,0.793711459184347,294,32,"DOCK2;TSC2;NCSTN;MSN;PTPN6"
"BP_positive_regulation_of_nitric_oxide_biosynthetic_process%0045429",0.805333333333333,0.96733806593611,0.274950889734248,0.786913751631601,301,30,"AKT1;MTOR;ITGB2;DNM2;NFATC3;ITGB2L;JAK2;PIK3CB"
"BP_regulation_of_growth%0040008",0.804705882352941,0.96733806593611,0.311220394542259,0.759225715710745,341,15,"PRKCB;VEGFA"
"BP_regulation_of_multicellular_organism_growth%0040014",0.807046979865772,0.96733806593611,-0.320598179865486,-0.768550246100049,480,22,"SOD1;FOSL2"
"BP_positive_regulation_of_protein_localization_to_plasma_membrane%1903078",0.808398950131234,0.967840957596563,0.287213822027852,0.804439035312125,307,28,"SPTBN1;AKT1;ITGB1;MYO5A;SQSTM1"
"BP_response_to_hypoxia%0001666",0.80952380952381,0.968071099407505,0.250129029825542,0.840338564758914,220,86,"RAF1;ARNT;TSC2;ADSL;CAT;SCFD1;BECN1;VEGFA;TM9SF4;NFATC3;ADAM17;SLC8A1;XRCC1;PLEKHN1;ITPR1;UCP2;ITPR2;PML"
"WP_TGF_Beta_Signaling_Pathway%WP113",0.968586387434555,0.968586387434555,0.228023103621813,0.648906159200016,369,29,"JAK1;TGFBR2;STAT1"
"KEGG_Spinocerebellar_ataxia%mmu05017",0.862433862433863,0.968861870989531,-0.256431977235918,-0.804519236935336,651,105,"SEM1;PSMB5;PSMB4;PSMB6;PSMA7;PSMD9;PSMB1;ATXN1;PUM2;PSMA3;PSMA6;ATG101;SLC25A4;PSMA2;PSMD13;PSMC5;PSMD7;NFYA;SP1;PSMD4;PSMB3;PSMA4"
"BP_negative_regulation_of_cell_cycle%0045786",0.81151832460733,0.96933949475536,0.280270290142151,0.797590746837897,309,29,"TAF6;MEN1;HPGD;PPP1R13B;RPS6KA2;MFN2"
"BP_negative_regulation_of_cysteine-type_endopeptidase_activity%2000117",0.813953488372093,0.971130713712911,0.261505784893852,0.810162869860736,279,44,"AKT1;ARRB1;RPS6KA1;INTS1;VEGFA;USP47;RFFL;RNF34;MICAL1;NAIP2;DNAJA3;IFI209"
"BP_cellular_response_to_type_II_interferon%0071346",0.815942028985507,0.971270442760271,-0.280772559056516,-0.811955192988552,562,61,"PIM1;AIF1;VAMP8;STX4A;STX8;CALM3;H2-Q7"
"BP_sphingolipid_biosynthetic_process%0030148",0.815126050420168,0.971270442760271,-0.321089392110749,-0.750520360194769,484,19,"CERS4;ORMDL1;HACD4;B4GALT6"
"KEGG_Terpenoid_backbone_biosynthesis%mmu00900",0.869346733668342,0.97248956647645,0.294447529505157,0.719552207781729,345,18,"PCYOX1;FNTB;GGPS1;ZMPSTE24"
"BP_negative_regulation_of_endoplasmic_reticulum_stress-induced_intrinsic_apoptotic_signaling_pathway%1902236",0.818024263431543,0.972633660300047,-0.344079761166833,-0.758780055851057,471,15,"SELENOS;PARK7;TXNDC12"
"RA_Transport_of_bile_salts_and_organic_acids,_metal_ions_and_amine_compounds%R-MMU-425366",0.938741721854305,0.973317844206213,-0.269060986557046,-0.638287140965755,566,21,"SLC39A1;SLC22A15;SLC30A1"
"RA_Signaling_by_TGF-beta_Receptor_Complex%R-MMU-170834",0.937592867756315,0.973317844206213,-0.246488140916093,-0.666524961346989,630,39,"RPS27A;NEDD8"
"BP_neuron_differentiation%0030182",0.819694868238558,0.973504889281033,-0.273341702772968,-0.814823934124812,590,75,"FUOM;CCND1;CASZ1;NOTCH1;SOX4;DDX6;CEBPB;IER2;FOS;LDB1;PPIA;ATF4;ZHX2;RUNX3;ITM2C;VHL;RTN4;ID1;GAS7;RUNX1;PIN1;NFIX;HIPK1;KDM2A;RTN3"
"RA_Cellular_Senescence%R-MMU-2559583",0.940751445086705,0.973608572764366,-0.246344853180291,-0.705855005378209,650,60,"RPS27A;CDKN1B;UBE2S;KDM6B;ANAPC16;CEBPB;FOS;ASF1A;UBN1"
"KEGG_Calcium_signaling_pathway%mmu04020",0.878048780487805,0.973970075835212,0.247987378132923,0.820659257845557,251,73,"PLCG2;PRKCB;GNAS;ADCY3;HGF;VEGFA;PHKG2;PLCG1;GNA15;ATP2A2;ASPH;PRKACA;SLC8A1;GNA11;ITPR1;ITPR2;P2RX4;ERBB3"
"KEGG_Transcriptional_misregulation_in_cancer%mmu05202",0.877631578947369,0.973970075835212,-0.252655651871538,-0.793807579273896,666,104,"CDKN1B;PLAU;BAX;TAF15;BAK1;IGF1R;KMT2A;CEBPB;LDB1;ATF1;LYL1;GADD45A;H3F3B;SP1;LMO2"
"BP_protein_targeting_to_membrane%0006612",0.822259136212625,0.974655891724976,-0.311178546507993,-0.7565476556983,494,24,"NACA;ZDHHC12"
"BP_positive_regulation_of_defense_response_to_virus_by_host%0002230",0.822541966426859,0.974655891724976,0.296549741214793,0.755371058652262,342,18,"STAT1;SIN3A;PTPN22;PML;MAVS;PARP9;ERCC6;IL12RB1"
"BP_GPI_anchor_biosynthetic_process%0006506",0.824414715719064,0.97544895361991,-0.31161355034513,-0.741554049807034,492,21,"DPM3;PIGL;PIGF"
"BP_negative_regulation_of_angiogenesis%0016525",0.830045523520486,0.97544895361991,-0.28378567388536,-0.774688099440179,546,41,"SPRY2;FOXO4;NAXE;TCF4;RGCC;GADD45A;AGO1;ATP2B4;SYNJ2BP;ROCK1"
"BP_DNA_repair-dependent_chromatin_remodeling%0140861",0.828009828009828,0.97544895361991,0.296748054808995,0.760581542784224,336,19,"UBR5;HDGFL2;KAT5;TRIP12;KDM1A;USP3;HDAC3;PARP2;APLF;DTX3L"
"BP_semaphorin-plexin_signaling_pathway%0071526",0.828571428571429,0.97544895361991,0.297901981926086,0.733587962106592,347,16,"FLNA;RAC1;PLXNB3"
"BP_energy_homeostasis%0097009",0.830729166666667,0.97544895361991,0.277120403298873,0.766833496196537,318,26,"EIF4G1;AMPD3;CRTC1;SQSTM1;PRKAA1;TMEM18;AMPD2;LIPA;STAT3;CRTC3;PPRC1"
"BP_positive_regulation_of_interleukin-10_production%0032733",0.826190476190476,0.97544895361991,0.301188000583706,0.758168644423949,346,17,"PLCG2;HGF;LGALS9;SASH3;SYK"
"BP_negative_regulation_of_epithelial_to_mesenchymal_transition%0010719",0.829896907216495,0.97544895361991,-0.3317413215463,-0.741947689980831,482,16,"SPRY2;USF3;GSK3B;FBXO11"
"BP_epithelial_cell_proliferation%0050673",0.825545171339564,0.97544895361991,-0.288490654526876,-0.763262487717566,529,37,"BAX;BAK1;PURA;NOTCH1;PPARD;B4GALT1;BAD;APC"
"BP_adipose_tissue_development%0060612",0.832225913621262,0.975845265874368,-0.306728785837741,-0.745729249219848,500,24,"SELENOM;DHRS7B;PPARD;PUM2;ASNSD1;CD2AP;HRAS;TBL1XR1"
"BP_actin_filament_polymerization%0030041",0.833887043189369,0.975845265874368,-0.306675859835121,-0.745600573757939,501,24,"AIF1;DIAPH1;MSRB1;WASHC3;MTSS1"
"BP_ribosome_disassembly%0032790",0.833333333333333,0.975845265874368,-0.322428855228738,-0.729680737098154,484,17,"DDRGK1;MCTS1;DENR"
"BP_positive_regulation_of_proteasomal_ubiquitin-dependent_protein_catabolic_process%0032436",0.838472834067548,0.979004276447823,-0.27638538591523,-0.778107633410929,570,49,"RACK1;RBX1;DDRGK1;PSEN2;UBE2V2;STUB1;SUMO2;RCHY1;PSMD10;GSK3B;CBFA2T3"
"BP_peroxisome_organization%0007031",0.838095238095238,0.979004276447823,0.295360443691516,0.727329387248985,351,16,"ABCD2;ABCD1;PEX14"
"KEGG_NOD-like_receptor_signaling_pathway%mmu04621",0.887029288702929,0.979814779153026,0.234409149801404,0.839992189624793,211,129,"NLRP1A;ERBIN;CASP8;JAK1;TYK2;RIPK3;STAT1;NLRX1;TRP53BP1;RIPK1;CARD6;STAT2;PKN1;TBK1;MAPK14;ANTXR2;MFN2;IKBKG;NAIP2;IFNAR1;DHX33;ITPR1;ITPR2;CTSB;MAVS"
"KEGG_Tuberculosis%mmu05152",0.891076115485564,0.980183727034121,-0.247618287217876,-0.782041381014667,678,109,"CAMP;BAX;ATP6V0B;H2-AB1;FCER1G;TRADD;CALM3;CALML4;CEBPB;BCL2;BAD;CREBBP;CAMK2G;FCGR4;EEA1;NFYA;LSP1;CALM1;PPP3CB;CTSS;H2-AA;EP300"
"BP_oogenesis%0048477",0.845208845208845,0.980253386957298,0.291678800959544,0.747588767090845,343,19,"MLH1;DDX20;METTL3;DIAPH2;ZSCAN21;ASPM;TRIP13"
"BP_lipid_metabolic_process%0006629",0.845070422535211,0.980253386957298,-0.269797298170226,-0.798392724456316,599,70,"MTLN;ACOT13;PPARD;B4GALT1;FABP5;ABHD11;MGST2;DIO2;RIDA;CD2AP;TMEM86A;LPIN2;APOE;SLC16A1;GPX1;BCAT2;RUBCNL;ANGPTL8;MID1IP1"
"BP_mRNA_stabilization%0048255",0.844155844155844,0.980253386957298,0.27919849420141,0.778023423806023,324,27,"THRAP3;MTOR;VEGFA;HNRNPU"
"BP_negative_regulation_of_translation%0017148",0.843165467625899,0.980253386957298,-0.273184958162369,-0.800755563453283,585,65,"RACK1;MRPL13;PURA;CIRBP;RPS3;DDX6;MALSU1;SERBP1"
"BP_intrinsic_apoptotic_signaling_pathway_in_response_to_DNA_damage_by_p53_class_mediator%0042771",0.84375,0.980253386957298,0.273169037336236,0.755899477121034,323,26,"MSH2;BRCA2;SNW1;TOPORS;PPP2R5C;TRP53;HIPK2;PML;BAG6;SHISA5;URI1"
"BP_DNA_methylation-dependent_constitutive_heterochromatin_formation%0006346",0.844827586206897,0.980253386957298,0.273850818309711,0.734986467322685,342,22,"DNMT1;MBD1;MBD2;SETDB1;SMARCA5;PPM1D"
"BP_decidualization%0046697",0.847619047619048,0.981951530612245,0.290540559116752,0.731366261035705,355,17,"PARP1;PLA2G4A;DEDD;NDRG3;CTSB"
"BP_positive_regulation_of_bone_mineralization%0030501",0.84957264957265,0.982022728570613,-0.312817556252013,-0.717828839112724,496,18,"ATP2B1;ISG15;BMPR2;MIA3;ADRB2"
"BP_lysosome_localization%0032418",0.848958333333333,0.982022728570613,0.270924842120421,0.749689454174313,325,26,"KIF1B;MYH9;VPS33B;NDEL1;DEF8;HDAC6"
"BP_cerebellum_development%0021549",0.851612903225806,0.983024441959235,-0.288483173993276,-0.731075403183587,527,29,"PFDN1;ZBTB18;IGF1R;LDB1"
"BP_protein_N-linked_glycosylation%0006487",0.854227405247814,0.983024441959235,0.262353973439629,0.794429831598619,292,41,"PGM3;STT3A;STT3B;EXT2;ENTPD5;MGAT4B;ALG12;RFT1;ALG6;GORASP1"
"BP_autophagosome_maturation%0097352",0.853620955315871,0.983024441959235,-0.280632923476036,-0.749290802101858,553,38,"VAMP8;CHMP4B;CHMP5;GABARAPL2;LIX1L;CHMP2A"
"BP_blastocyst_development%0001824",0.85240464344942,0.983024441959235,-0.306359919331128,-0.726999980873523,513,20,"EMG1;CDK11B;RPL13;MED21;NASP"
"RA_Metabolism_of_steroids%R-MMU-8957322",0.952243125904486,0.983693357585735,-0.240854668671284,-0.677103644943579,657,50,"HSD17B11;FDX1;DHCR24;RAN;PMVK;TSPO;SUMO2"
"RA_Metabolism_of_porphyrins%R-MMU-189445",0.959322033898305,0.985382352049019,-0.255204316276215,-0.566973509503408,565,15,"FLVCR1;BLVRA;BLVRB"
"RA_Neuronal_System%R-MMU-112316",0.968115942028986,0.985382352049019,-0.234180193229231,-0.671751053331581,667,61,"COMT;AP2S1;KCNN4;NAAA;CAMK2G;GLUL;CALM1;NLGN2"
"RA_Cardiac_conduction%R-MMU-5576891",0.960212201591512,0.985382352049019,0.237213957402824,0.62751368549798,361,24,"ATP1A3;ATP2A2;ASPH;PRKACA;SLC8A1;ATP1A1;ITPR1;ITPR2"
"RA_Cholesterol_biosynthesis%R-MMU-191273",0.971380471380471,0.985382352049019,-0.246060306050174,-0.573177540408165,576,19,"DHCR24;PMVK;FDFT1;MVK;HMGCS1;SREBF1;EBP"
"RA_Sphingolipid_metabolism%R-MMU-428157",0.963076923076923,0.985382352049019,0.22068372935788,0.680484820628302,312,44,"ESYT1;GBA2;ASAH1;SGMS2;GLB1L;B4GALNT1;CERK;CTSA;SGPL1;DEGS1;SPTLC2;SPHK2;GLTP;ARSG;ORMDL2"
"RA_Pyruvate_metabolism%R-MMU-70268",0.971186440677966,0.985382352049019,-0.242260820453668,-0.538217650829727,572,15,"PPARD;PDP2;PDHB;GLO1;VDAC1;PDP1"
"RA_Pyruvate_metabolism_and_Citric_Acid_(TCA)_cycle%R-MMU-71406",0.970059880239521,0.985382352049019,0.212725737722511,0.615012710557254,323,35,"PDK1;SDHA;IDH3G;OGDH;IDH3A;PDPR;IDH3B;ACO2;ME2;DLD"
"RA_Collagen_formation%R-MMU-1474290",0.970731707317073,0.985382352049019,0.228331255985574,0.548563088088542,397,16,"COL1A2;COL19A1;COL11A2;COL1A1;CTSB;PLOD1;P4HB"
"RA_Apoptotic_execution_phase%R-MMU-75153",0.966942148760331,0.985382352049019,0.228813084513111,0.641835700695731,350,30,"CASP8;ADD1;KPNA1;GSN;PLEC;STK24;CASP7"
"RA_Cargo_concentration_in_the_ER%R-MMU-5694530",0.964285714285714,0.985382352049019,-0.248112556017974,-0.570473333746368,566,18,"CNIH1;MIA3;MCFD2;CTSZ;SEC22B;LMAN2L"
"BP_positive_regulation_of_insulin_secretion_involved_in_cellular_response_to_glucose_stimulus%0035774",0.860892388451444,0.986976757952687,0.277377115752696,0.776888026621923,327,28,"ARRB1;MYH9;RAC1;ATG7;ABCC8;FTO;NADK"
"BP_B_cell_homeostasis%0001782",0.86241610738255,0.986976757952687,-0.297519957290186,-0.713226246296806,513,22,"BAX;BAK1;BCL2;RC3H1;RC3H2"
"BP_protein_destabilization%0031648",0.861194029850746,0.986976757952687,-0.27460171904281,-0.761861247292941,576,47,"SERF2;ISOC2A;CDKN2A;NPM1;CCDC88C"
"BP_epithelial_to_mesenchymal_transition%0001837",0.861892583120205,0.986976757952687,0.260635606260851,0.719739237248621,336,25,"FLNA;TGFBR2;NFATC1"
"BP_post-embryonic_development%0009791",0.862295081967213,0.986976757952687,0.250428913259019,0.791447848387218,262,60,"TMTC3;PLEKHA1;ACO1;MTOR;ATG7;GNAS;LLGL2;KDM5B;PSEN1;ABL2;SLC8A1;TIPARP;ITPR1;DHCR7;ATM;HEG1;MORC3;SGPL1"
"BP_cerebral_cortex_development%0021987",0.865030674846626,0.988540784062494,0.250812388489757,0.77887964855021,281,48,"FLNA;TRAPPC9;ATG7;GART;WDR62;PSEN1;ATP1A3;NCOA1;NSUN5;ATIC;CEP120;KDM1A;ASPM;HIF1A;MECP2;HNRNPK;BBS2;TACC1"
"BP_positive_regulation_of_receptor_signaling_pathway_via_JAK-STAT%0046427",0.869415807560138,0.988540784062494,-0.31918133189383,-0.713856961742947,505,16,"AGAP2;CALM3;NOTCH1;CALM1;EP300"
"BP_negative_regulation_of_DNA-binding_transcription_factor_activity%0043433",0.869496855345912,0.988540784062494,-0.280961749432226,-0.735013129249664,552,35,"PIM1;PURA;IGF1R;TAF3;ID1;PTCH1;KAT6A;HES6;PHB2;CEBPG;SIRT1;MED13"
"BP_ephrin_receptor_signaling_pathway%0048013",0.869127516778524,0.988540784062494,-0.292508285814577,-0.701212075325629,517,22,"DIAPH1;IGF1R;TIAM1;INSR"
"BP_neutrophil_chemotaxis%0030593",0.866666666666667,0.988540784062494,0.264129167273233,0.755941812500419,324,30,"NCKAP1L;PDE4D;ITGB2;GBF1;VAV3;VAV1;ITGB2L;SYK;CSF3R;PREX1;FCGR3;PDE4B"
"BP_establishment_of_localization_in_cell%0051649",0.868131868131868,0.988540784062494,0.246870342856999,0.805380069359823,236,76,"SH2B2;NEDD4L;PLA2G4A;P2RY2;ARCN1;ATG7;EIF2AK1;SLC31A1;NEDD4;UNC13D;ABL2;PINK1;ABR;SLC22A3;ANO6;ULK1;SYK;MYO1G;CDC42"
"BP_positive_regulation_of_microtubule_polymerization%0031116",0.87123745819398,0.989435975498196,-0.296580026530502,-0.705778421772692,520,21,"CDKN1B;RPS3;APC;ARL2"
"BP_cellular_response_to_retinoic_acid%0071300",0.889075630252101,0.990193674036138,-0.295320855892425,-0.690288500907441,528,19,"NDUFA13"
"BP_microtubule_cytoskeleton_organization%0000226",0.883211678832117,0.990193674036138,0.244650210558722,0.808649678112447,241,80,"CLASP2;DOCK7;PRC1;TBCD;MAP1S;TTLL1;MARK2;CLASP1;TTLL7;PPP2R3C;FER;NDEL1;TUBD1;CFAP44;CEP120;RANBP10;MARK3"
"BP_regulation_of_G0_to_G1_transition%0070316",0.877310924369748,0.990193674036138,-0.300834553410039,-0.703176320775054,521,19,"ACTB;BCL7C"
"BP_positive_regulation_of_stem_cell_population_maintenance%1902459",0.889060092449923,0.990193674036138,-0.271885685634082,-0.725935649122692,576,38,"ACTB;BCL7C;BICRA;ING2;ING1;ARID1A;SAP30L"
"BP_female_pregnancy%0007565",0.885113268608414,0.990193674036138,-0.281639859114163,-0.699526441667699,546,26,"COMT;FOS;EPN1;ADIPOR2"
"BP_memory%0007613",0.878971255673223,0.990193674036138,-0.267383343521524,-0.731024181040794,580,43,"COMT;PSEN2;ATXN1;EIF4EBP2;KAT2B;CX3CR1;LGMN;KLK8;PGRMC1;NFIX;ATXN1L;CIC;ROGDI"
"BP_positive_regulation_of_DNA_replication%0045740",0.87375415282392,0.990193674036138,-0.291206431540524,-0.707990784000247,525,24,"NPM1;CST3;BRPF3;ATF1;CACYBP;PCNA;CDK1;HRAS"
"BP_ceramide_biosynthetic_process%0046513",0.888888888888889,0.990193674036138,-0.289950640560142,-0.688060339621818,535,20,"SAMD8;CERS4;SPTSSA;MECR;ASAH2"
"BP_regulation_of_immune_response%0050776",0.879598662207358,0.990193674036138,-0.292551126933912,-0.696190755226073,525,21,"DNASE2A;FCER1G;SPN"
"BP_regulation_of_reactive_oxygen_species_metabolic_process%2000377",0.889075630252101,0.990193674036138,-0.296795273029687,-0.693734831144826,528,19,"FOXO3;PARL;PRCP;COQ7;EIF6;BIRC2;MPV17;PID1"
"BP_canonical_Wnt_signaling_pathway%0060070",0.885714285714286,0.990193674036138,0.265669673901428,0.740323581906965,340,27,"DVL3;LRP5;JUP;DVL2;AXIN1;NDEL1;VPS4B;TGFB1"
"BP_positive_regulation_of_ubiquitin-dependent_protein_catabolic_process%2000060",0.882494004796163,0.990193674036138,0.272625286142875,0.694430722365596,367,18,"VCP;AXIN1;FBXW7;HERPUD1;TRAF7;PTK2B;CDK5RAP3;RNF139"
"BP_negative_regulation_of_intrinsic_apoptotic_signaling_pathway%2001243",0.886666666666667,0.990193674036138,-0.289536553214249,-0.698607682767453,531,23,"NDUFA13;PARL;BCL2;PLAUR"
"BP_response_to_cold%0009409",0.876288659793815,0.990193674036138,-0.315089298697318,-0.704705028051584,509,16,"HSP90AA1;ADRB2;RBM3;PLAC8;HSPA2;METRNL;ACADM"
"BP_binding_of_sperm_to_zona_pellucida%0007339",0.875216637781629,0.990193674036138,-0.323689667816427,-0.713814911377687,504,15,"LY6K"
"BP_TOR_signaling%0031929",0.88034188034188,0.990193674036138,-0.302299997498732,-0.693693982103339,514,18,"RPS6;EIF4EBP2;TIPRL;FNIP1"
"BP_vasculature_development%0001944",0.88734835355286,0.990193674036138,-0.318597231226484,-0.702584842782454,511,15,"ANP32B"
"BP_fibroblast_proliferation%0048144",0.882513661202186,0.990193674036138,0.260780774446676,0.769747012845644,322,35,"FNTB;KAT2A;DPH1;MEN1;ECD;KDM8;TRP53;SP2"
"BP_negative_regulation_of_cell_population_proliferation%0008285",0.890745501285347,0.990990171848007,-0.247171911975265,-0.814147847130474,692,167,"CDKN1B;TFAP4;PDCD5;SPRY2;CIB1;BAX;BAK1;CDKN2A;NPM1;IFITM3;FOXO4;EEF1E1;GAL;PHF14;CELF1;DHCR24;NOTCH1;SOD2;SOX4;PTTG1;BCL2;KAT2B;RGCC;ATG101"
"RA_TBC/RABGAPs%R-MMU-8854214",0.981432360742706,0.993788523557811,0.223231013102091,0.60559159002906,369,26,"TBC1D15;TBC1D25;RABGAP1;RAB7B;RAB11B;ULK1;TBC1D2;TBC1D14;TBC1D10A"
"BP_cellular_response_to_interferon-beta%0035458",0.904238618524333,0.99469261388766,-0.268983051398974,-0.695035145091752,575,33,"NDUFA13;UBE2K;CALM3;CDC34;IFI203;CALM1"
"BP_sodium_ion_transmembrane_transport%0035725",0.907617504051864,0.99469261388766,-0.268297327602002,-0.673843322761553,559,27,"WNK1;SLC20A1;TPCN1;SLC8B1;ATP1B1;SLC9A6;SLC5A3;SLC4A7;TRPM2;SLC41A3;SLC9A8;SLC4A8"
"BP_transmembrane_transport%0055085",0.896193771626298,0.99469261388766,0.242268421987853,0.791714403031518,258,73,"ABCA9;ABCA2;SLC10A3;ABCC10;ABCD2;SLC35A4;GSDME;SLC31A1;ABCC8;ATP1A1;ABCC4;ABCC5;SLC25A44;ABCC2;ABCC3;ATP13A1"
"BP_regulation_of_postsynaptic_membrane_neurotransmitter_receptor_levels%0099072",0.906633906633907,0.99469261388766,0.269499981026858,0.690743234969686,368,19,"ERBIN;CLPTM1;ALS2;ZDHHC5;FLOT2;SNX27"
"BP_transcription_initiation-coupled_chromatin_remodeling%0045815",0.904371584699454,0.99469261388766,0.257150323928262,0.759031006469166,330,35,"RBBP5;KAT7;SMARCA4;MEN1;GLYR1;USP21;ATAD2;VPS72"
"BP_centriole_replication%0007099",0.909774436090226,0.99469261388766,0.266763951065422,0.693469451972019,362,20,"SASS6;WDR62;CCDC57;RTTN;PLK4;CENPJ;CDK5RAP2;CEP72;POC1B"
"BP_positive_regulation_of_cell_differentiation%0045597",0.902887139107612,0.99469261388766,0.261236087683865,0.731679641604238,343,28,"ACTL6A;SMARCC2;SMARCA4;NF2;JAK2"
"BP_mitochondrial_calcium_ion_homeostasis%0051560",0.911611785095321,0.99469261388766,-0.307348301600068,-0.677778200795574,525,15,"SMDT1;MAIP1"
"BP_fertilization%0009566",0.908145580589255,0.99469261388766,-0.309330070475387,-0.682148486024786,523,15,"BAX"
"BP_endoplasmic_reticulum_organization%0007029",0.912280701754386,0.99469261388766,-0.267363685587795,-0.681419030871858,571,30,"TOR1B;USE1;BNIP1;MIA3;RETREG1;RETREG2;RTN4;TMEM38B"
"BP_regulation_of_mitotic_spindle_assembly%1901673",0.904201680672269,0.99469261388766,-0.290602144468455,-0.679258896427851,537,19,"CHMP4B;CHMP5"
"BP_cellular_response_to_amyloid-beta%1904646",0.903333333333333,0.99469261388766,-0.281484614560843,-0.679179578985754,541,23,"FOXO3;IGF1R;FPR2;ADRB2;GSK3B;LGMN;ITGA4;CDK5;SIRT1"
"BP_cellular_response_to_glucose_stimulus%0071333",0.898617511520737,0.99469261388766,-0.269863799879889,-0.724509995005149,584,39,"RACK1;USF2;FOXO3;IGF1R;SOX4"
"BP_symbiont_entry_into_host_cell%0046718",0.908661417322835,0.99469261388766,-0.268930640298578,-0.692458883716494,576,32,"VAMP8;SIVA1"
"BP_blood_vessel_remodeling%0001974",0.910652920962199,0.99469261388766,-0.297726101796765,-0.673776549119045,529,17,"BAX;BAK1"
"BP_positive_regulation_of_extrinsic_apoptotic_signaling_pathway%2001238",0.898671096345515,0.99469261388766,-0.279411401818169,-0.679314314540902,540,24,"G0S2;PYCARD;RUNX3;ITM2C;TNFSF14;PAK2"
"BP_negative_regulation_of_miRNA_transcription%1902894",0.907692307692308,0.99469261388766,-0.292239617204739,-0.670608221847441,530,18,"YY1;PPARD"
"BP_regulation_of_protein-containing_complex_assembly%0043254",0.899145299145299,0.99469261388766,-0.294830112376476,-0.676552684057731,525,18,"DUT;APOE;AIDA"
"BP_positive_regulation_of_insulin_secretion%0032024",0.904371584699454,0.99469261388766,0.257820580600962,0.761009404120396,330,35,"PRKCB;GNAS;AACS;PRKACA;JAK2;GNA11;ITPR1;SIRT3"
"KEGG_Lysine_degradation%mmu00310",0.965408805031447,0.995577830188679,0.231265898462823,0.708731075939719,306,45,"ALDH3A2;EHHADH;HADHA;ALDH9A1;EZH1;ALDH2;SMYD2;SETDB2;KMT5B;DLD;SETDB1;PLOD1;NSD3"
"KEGG_N-Glycan_biosynthesis%mmu00510",0.958208955223881,0.995577830188679,-0.250577864462881,-0.666582974635152,641,38,"DPM3;B4GALT1;ALG10B;MAN2A1"
"KEGG_NF-kappa_B_signaling_pathway%mmu04064",0.964131994261119,0.995577830188679,-0.243823561329868,-0.695130161065265,671,60,"PLAU;TAB2;XIAP;TRADD;BCL2;NFKBIA;CSNK2A2;GADD45A;TNFSF14;CSNK2B"
"KEGG_FoxO_signaling_pathway%mmu04068",0.914179104477612,0.995577830188679,0.231764680919512,0.787746945662633,244,86,"RAF1;AKT1;USP7;CCNB1;CAT;RBL2;TGFBR2;PLK1"
"KEGG_Protein_processing_in_endoplasmic_reticulum%mmu04141",0.948051948051948,0.995577830188679,-0.235176242063723,-0.758485264676046,729,136,"ERP29;RBX1;SELENOS;BAX;SEC62;BAK1;UBXN1;ERLEC1;DNAJC1;HSP90AA1;SSR4;SSR3;BCL2;UBXN8;STUB1;UBQLN2;HSP90AB1;BCAP31;ATF4"
"KEGG_Longevity_regulating_pathway%mmu04213",0.929850746268657,0.995577830188679,-0.260023302227028,-0.694551183415463,622,40,"SOD1;FOXO3;IGF1R;SOD2;EIF4EBP2"
"KEGG_Notch_signaling_pathway%mmu04330",0.947772657450077,0.995577830188679,-0.261375060426554,-0.682942210475706,616,36,"PSENEN;PSEN2;CIR1;NOTCH1;ATXN1;KAT2B;NOTCH2;CREBBP;EP300;MAML3;LFNG;ATXN1L;MAML1;TLE4"
"KEGG_TNF_signaling_pathway%mmu04668",0.957446808510638,0.995577830188679,0.226470216805497,0.750113953060869,269,74,"AKT1;CASP8;RIPK3;RIPK1;MAPK14;MAP2K1;MLKL;IKBKG;MAP2K3;CREB1;RPS6KA4;PIK3R2;PIK3CB;CASP7;VCAM1;ATF6B;IFI47"
"KEGG_Circadian_entrainment%mmu04713",0.96011396011396,0.995577830188679,0.237251601269558,0.696759288080231,336,36,"PRKCB;GNAS;ADCY3;PRKACA;GNB5;ITPR1;CREB1"
"KEGG_Olfactory_transduction%mmu04740",0.928807947019868,0.995577830188679,-0.284137164278479,-0.649359290044199,560,17,"CNGB1;CALM3;CALML4;CAMK2G;CALM1"
"KEGG_Regulation_of_lipolysis_in_adipocytes%mmu04923",0.931962025316456,0.995577830188679,-0.270673670104834,-0.670510930905309,588,27,"NPR1;FABP4"
"KEGG_Alcoholic_liver_disease%mmu04936",0.963235294117647,0.995577830188679,0.224507531570373,0.75314326831324,261,79,"AKT1;FASN;CASP8;ALDH3A2;RIPK1;ALDH9A1;PRKAA1;TBK1;MAPK14;ALDH2;IKBKG;MAP2K3;ACACA"
"KEGG_Amphetamine_addiction%mmu05031",0.941455696202532,0.995577830188679,-0.266782090923592,-0.66087073805428,594,27,"CALM3;CALML4;FOS;CAMK2G;ATF4;CALM1;PPP3CB"
"KEGG_Leishmaniasis%mmu05140",0.925,0.995577830188679,0.240659284467003,0.738709105750911,295,46,"PRKCB;JAK1;ITGB1;ITGB2;STAT1;PTPN6;MAPK14;ITGB2L;JAK2"
"KEGG_Measles%mmu05162",0.939516129032258,0.995577830188679,-0.242251703177111,-0.746581085355976,698,92,"CDKN1B;RACK1;TAB2;BAX;BAK1;CCND1;TRADD;BCL2;FOS;NFKBIA;CSNK2A2;BAD;RCHY1"
"KEGG_Small_cell_lung_cancer%mmu05222",0.917630057803468,0.995577830188679,-0.260643085218476,-0.740803140282372,634,59,"CDKN1B;BAX;BAK1;XIAP;CCND1;CKS2;BCL2;NFKBIA"
"RA_Heparan_sulfate/heparin_(HS-GAG)_metabolism%R-MMU-1638091",0.985507246376812,0.996123123357531,0.22414908434747,0.553992274739475,407,18,"GLB1L;EXT2;NDST2;HGSNAT;GLB1;NDST1;SLC35D2;GUSB;NAGLU"
"BP_ubiquitin-dependent_protein_catabolic_process_via_the_multivesicular_body_sorting_pathway%0043162",0.915,0.996610703043022,-0.273703800549381,-0.660405657744211,548,23,"CHMP4B;CHMP5"
"KEGG_Epstein-Barr_virus_infection%mmu05169",0.972938144329897,0.997240835632637,-0.224245792433529,-0.731309200747818,754,152,"SEM1;CDKN1B;H2-Q4;TAB2;BAX;BAK1;H2-AB1;H2-Q6;CCND1;TRADD;CIR1;CD44;H2-Q7;ISG15;BCL2;H2-T22;NFKBIA;SAP30L;PSMD13;GADD45A;PSMC5;PSMD7"
"KEGG_Lipid_and_atherosclerosis%mmu05417",0.974576271186441,0.997240835632637,0.217347979742343,0.789542913076756,229,134,"XBP1;AKT1;CASP8;POU2F1;RAC1;ARHGEF1;HSPA4;NFATC1;EIF2S1;VAV3;VAV1;PLCG1;TBK1;MAPK14;NFATC3;HSPA5;IKBKG;MAP2K3;TRP53;JAK2;ITPR1;ATF6;PIK3R2;PIK3CB;OLR1;CASP7;MIB2"
"KEGG_Other_types_of_O-glycan_biosynthesis%mmu00514",0.978891820580475,0.997789346074306,0.229780153126153,0.62131954369724,370,25,"GALNT11;ST3GAL3;GALNT12;POMT1;POMT2;GALNT10;XXYLT1"
"BP_negative_regulation_of_inflammatory_response%0050728",0.918220946915351,0.998024442825272,-0.249807871397687,-0.723348195410508,639,59,"SOD1;SELENOS;TMSB4X;PGLYRP1;FPR2;PPARD;CD44"
"BP_positive_regulation_of_protein_export_from_nucleus%0046827",0.917525773195876,0.998024442825272,-0.291570827460111,-0.659846700589128,533,17,"ANP32B"
"RA_SLC-mediated_transmembrane_transport%R-MMU-425407",0.994413407821229,0.998584590614951,-0.213422569654933,-0.64254880437489,711,81,"SLC39A1;SLC16A10;SLC25A4;SLC43A2;SLC22A15;ARL2;SLC20A1;CALM1;SLC30A1;SLC8B1;SLC26A2;SLC36A1;SLC35A3;SLC7A1;SLC2A1;SLC50A1;SLC35A1;SLC27A4;SLC3A2;SLC9A6;SLC5A3;SLC11A1;SLC33A1;SLC35B3;CTNS;SLCO3A1;SLC27A1"
"RA_Transport_of_vitamins,_nucleosides,_and_related_molecules%R-MMU-425397",0.991721854304636,0.998584590614951,-0.198136147311553,-0.470033789022206,598,21,"SLC25A4;ARL2;SLC35A3;SLC35A1;SLC27A4;SLC33A1;SLC35B3;SLCO3A1;SLC27A1;SLC35C1"
"RA_RAB_geranylgeranylation%R-MMU-8873719",0.990712074303406,0.998584590614951,-0.212089494769559,-0.548896320038306,639,31,"RAB33B;RABGGTB;RAB24;RAB11A;CHML;RAB5C"
"RA_Protein-protein_interactions_at_synapses%R-MMU-6794362",0.995037220843672,0.998584590614951,0.187450526052275,0.452754632709715,400,17,"EPB41;EPB41L2;FLOT2"
"KEGG_Mineral_absorption%mmu04978",0.983606557377049,0.998738965952081,-0.228836137904546,-0.53598064442906,599,19,"ATP2B1;ATOX1;ATP2B4;SLC30A1"
"KEGG_Sphingolipid_metabolism%mmu00600",0.988304093567251,0.998959554032002,0.193097266970721,0.558715815152568,337,34,"GBA2;ASAH1;SGMS2;B4GALT5;B4GALNT1;CERK;SGPL1;DEGS1;SPTLC2;SPHK2"
"KEGG_p53_signaling_pathway%mmu04115",0.991391678622669,0.998959554032002,-0.217341934051169,-0.614804810113376,690,56,"SIVA1;BAX;CDKN2A;CCND1;BCL2;RCHY1;GADD45A;MDM4;SESN3;TNFRSF10B;CDK2;CDK1"
"BP_fat_cell_differentiation%0045444",0.923312883435583,0.999699284785436,0.234521139710093,0.728288359179082,300,48,"BBS9;OSBPL8;FBXO9;FAM120B;BCL2L13;TRIM32;MED1"
"BP_negative_regulation_of_neuron_projection_development%0010977",0.922619047619048,0.999699284785436,0.238282212835587,0.737397271628031,309,45,"FLNA;GAK;INPP5J;THOC2;ADAM17;BAG5;LRIG2;CBFA2T2;DENND5A"
"BP_response_to_xenobiotic_stimulus%0009410",0.924577373211964,0.999699284785436,-0.244989556057071,-0.787432039003893,710,136,"COMT;CDKN1B;SOD1;PAM;BAK1;CDKN2A;FOXO3;CCND1;MGST1;HSP90AA1;FOSL2;SOD2;NPC1;BCL2;TSPO;FOS;ADIPOR2"
"BP_interleukin-1-mediated_signaling_pathway%0070498",0.921428571428571,0.999699284785436,0.264585494518763,0.666030603227104,386,17,"RPS6KA4;MYD88;RELA;TRAF6;IRAK3;IRAK1;RPS6KA5;IL1RAP;IRAK4;PLCB1;IRAK2"
"BP_regulation_of_double-strand_break_repair%2000779",0.923824959481361,0.999699284785436,-0.262094646425591,-0.6582649518128,569,27,"ACTB;YEATS4;MEAF6;PPP4C;DEK;EPC2"
"BP_neuron_projection_development%0031175",0.958277254374159,0.999754833286635,-0.232821369927392,-0.713766114630743,711,90,"UPF3B;BLOC1S1;DIAPH1;IGF1R;BLOC1S4;PPP1R9B;CD44;BLOC1S2;STMN1;ROCK1;APC;PTPRU;RAB11A;RUNX3;CD2AP;MAP4;GSK3B;APOE"
"BP_protein_homotetramerization%0051289",0.95852534562212,0.999754833286635,-0.24126944115454,-0.647742015355789,623,39,"SSBP1;ACOT13;THG1L;SOD2;KCNN4"
"BP_negative_regulation_of_cell_migration%0030336",0.943884892086331,0.999754833286635,-0.241997160077371,-0.706595826722689,655,64,"BST2;FOXO3;RHOB;RAP2B;ING2;BCL2;ING1;CX3CR1;SAP30L;MIA3;PTPRU;RNF20;GSK3B;SAP30;DUSP22;ARID2;SRGAP3;OGT;TRP53INP1;PTPRJ"
"BP_calcium-mediated_signaling%0019722",0.929121725731895,0.999754833286635,-0.253183362119333,-0.676000385597805,602,38,"CXCR4;FPR2;PPP1R9B;CX3CR1;BNIP1;PDPK1;TPCN1;CCR2"
"BP_immunoglobulin_mediated_immune_response%0016064",0.92894280762565,0.999754833286635,-0.302192792741615,-0.666409042417029,535,15,"FCER1G"
"BP_positive_regulation_of_NF-kappaB_transcription_factor_activity%0051092",0.953736654804271,0.999754833286635,0.226629905037154,0.74054216141909,267,75,"CARM1;PLCG2;CAT;TRAPPC9;RIPK3;TRIM37;RIPK1;TRIM32;FER;IKBKG;RAB7B;DHX33;TRIM14;BCL10;ERC1;MYD88;ARHGEF2;PRKD2;DHX9"
"BP_camera-type_eye_development%0043010",0.9525,0.999754833286635,0.239464796976271,0.658607287055828,380,24,"MED1;PKNOX1;SLC25A25;TBC1D32;TBC1D20;CC2D2A;GPD2;PCNT;RXRA;SKI"
"BP_membrane_fission%0090148",0.931666666666667,0.999754833286635,-0.268408838560333,-0.64762971949239,558,23,"CHMP4B;CHMP5;EPN1;CHMP2A"
"BP_negative_regulation_of_Wnt_signaling_pathway%0030178",0.943298969072165,0.999754833286635,-0.28518451963439,-0.637822248295039,548,16,"RACK1;NXN;APC;CHD8;CSNK1E;AIDA;NLK;CBY1"
"BP_fibroblast_growth_factor_receptor_signaling_pathway%0008543",0.941860465116279,0.999754833286635,-0.261415731705476,-0.635562641460418,566,24,"SPRY2;IGF1R"
"BP_activation_of_innate_immune_response%0002218",0.958944281524927,0.999754833286635,0.227883964884189,0.683103284997078,326,40,"NLRP1A;PRKDC;ZNFX1;TBK1;XRCC6;SIN3A;IFI209;MAVS;MATR3"
"BP_cellular_response_to_heat%0034605",0.94550408719346,0.999754833286635,0.232421939433095,0.675804223020657,346,32,"VCP;RASA3;EIF2S1;HSF1;DHX36;PRKACA;TPR"
"BP_response_to_endoplasmic_reticulum_stress%0034976",0.953736654804271,0.999754833286635,0.228615582525486,0.747030616236424,267,75,"USP19;XBP1;TMTC3;RASGRF2;TMEM33;EIF2S1;QRICH1;HSPA5;ATF6;UFL1;PIK3R2;GORASP2;HERPUD1;NCK2;SEC16A;ATF6B;PDIA4;PPP2CB"
"BP_protein_maturation%0051604",0.947222222222222,0.999754833286635,0.23582860417814,0.698792866234095,340,37,"RNF123;CASP8;TSPAN5;PSEN1;AFG3L2;CASP7;ZMPSTE24;TMEM260;LMF2;GZMB;CASP1;CASP3"
"BP_base-excision_repair%0006284",0.945990180032733,0.999754833286635,-0.260526140037431,-0.640334258794088,577,25,"XPA;RPA3;UNG;RPA2"
"BP_positive_regulation_of_protein_ubiquitination%0031398",0.959302325581395,0.999754833286635,-0.234324963317196,-0.672705621445521,659,57,"NPM1;BIRC5;XIAP;FBXO33;COMMD1;STUB1;NSMCE3;RCHY1;SPRTN;PSMD10"
"BP_regulation_of_embryonic_development%0045995",0.94794952681388,0.999754833286635,-0.252098939385841,-0.662187437420624,600,36,"INO80D;YY1;KAT2B;INSR;TFPT"
"BP_cellular_response_to_lipopolysaccharide%0071222",0.935483870967742,0.999754833286635,-0.243227959530226,-0.75129903614257,695,98,"CAMP;SELENOS;CHMP5;TRIM41;GSTP1;GFER;PPARD;CEBPB;NFKBIL1;PABPN1;TSPO;PDCD4;CX3CR1;HMGB2;FCGR4;PYCARD"
"BP_response_to_calcium_ion%0051592",0.953929539295393,0.999754833286635,0.238066935271692,0.687150811676936,351,31,"SLC25A12;PLA2G4A;SLC25A13;SEC31A"
"BP_positive_regulation_of_JUN_kinase_activity%0043507",0.942257217847769,0.999754833286635,0.239988628482091,0.672168976475275,358,28,"MAP3K4;DVL2;AXIN1;FGD2;BCL10;SYK;MAP3K11;PAK1"
"BP_positive_regulation_of_proteolysis%0045862",0.95819397993311,0.999754833286635,-0.254369339216649,-0.605328662485723,572,21,"BAK1;AURKAIP1;STUB1;BAD"
"BP_brain-derived_neurotrophic_factor_receptor_signaling_pathway%0031547",0.94107452339688,0.999754833286635,-0.290454612775458,-0.640523483731141,542,15,"IGF1R;TIAM1;INSR"
"BP_vascular_endothelial_growth_factor_signaling_pathway%0038084",0.953206239168111,0.999754833286635,-0.275358132636041,-0.607232051522239,549,15,"IGF1R;NUS1;INSR"
"BP_hepatocyte_growth_factor_receptor_signaling_pathway%0048012",0.945882352941176,0.999754833286635,0.256278079544171,0.625193309227291,401,15,"RAC1;HGF;CSF1R;PAK1;EPHA7;PDGFRB;KIT;NRP1"
"BP_B_cell_activation%0042113",0.9553264604811,0.999754833286635,-0.276024841860073,-0.617336401871248,555,16,"PFDN1;IGBP1"
"BP_heme_biosynthetic_process%0006783",0.954761904761905,0.999754833286635,0.249663592878769,0.614800227672164,400,16,"ALAS1;FECH"
"BP_negative_regulation_of_non-canonical_NF-kappaB_signal_transduction%1901223",0.958974358974359,0.999754833286635,-0.266714255935914,-0.612034653704188,560,18,"NDUFC2"
"BP_protein_complex_oligomerization%0051259",0.957142857142857,0.999754833286635,0.247448895862155,0.609346504066174,401,16,"BLM;SLC31A1;IFIH1;HGSNAT;OPA1;OAS1A;SLC9A1;OAS1G;DNM1L"
"BP_spleen_development%0048536",0.955766192733017,0.999754833286635,-0.247329490223376,-0.635073876526337,604,31,"RBM15;KMT2A;BCL2;FLVCR1;COA5;RC3H1;RC3H2"
"BP_regulation_of_canonical_Wnt_signaling_pathway%0060828",0.945238095238095,0.999754833286635,0.252023744838581,0.62061213619075,396,16,"PSEN1;BTRC;KPNA1;AXIN1;CCNY;LRRK2;CCNYL1;EMD"
"BP_cholesterol_transport%0030301",0.943529411764706,0.999754833286635,0.261252772756836,0.637329130275852,400,15,"OSBPL2;SCARB1;STARD3;VPS4B;LIPA"
"BP_positive_regulation_of_peptidyl-threonine_phosphorylation%0010800",0.940476190476191,0.999754833286635,0.260649918007197,0.641854213046464,394,16,"PLK1;AXIN1;RPTOR;MAPK1;IGTP;APP;TNKS1BP1"
"BP_negative_regulation_of_extrinsic_apoptotic_signaling_pathway%2001237",0.931666666666667,0.999754833286635,-0.267444644156781,-0.645303264989409,558,23,"GSTP1;PARK7;PRDX2;LGALS3"
"BP_bone_resorption%0045453",0.957264957264957,0.999754833286635,-0.26792936412825,-0.614822987305253,559,18,"CCDC154;CBL;CTSS;ADRB2"
"BP_response_to_heat%0009408",0.926495726495727,0.999754833286635,-0.282708204404449,-0.648736294109394,541,18,"SOD1;HSP90AA1"
"BP_maturation_of_LSU-rRNA_from_tricistronic_rRNA_transcript_(SSU-rRNA,_5.8S_rRNA,_LSU-rRNA)%0000463",0.949740034662045,0.999754833286635,-0.284466177498146,-0.627317518815418,547,15,"RPL7;ZNHIT6;RBM34;PAK1IP1;ZNHIT3"
"KEGG_Fatty_acid_elongation%mmu00062",0.997474747474748,1,0.187484191825364,0.473423372696958,394,20,"HADHB;HADHA;PPT1"
"KEGG_Pertussis%mmu05133",1,1,-0.190162750649303,-0.51198459879423,667,43,"CALM3;CALML4;FOS;C1QB;C1QC;PYCARD;CALM1"
"RA_PKMTs_methylate_histone_lysines%R-MMU-3214841",1,1,-0.18453455982898,-0.471638932778045,638,30,"SETD1A;SETD7;SETD1B;KMT2B;SETD3;DOT1L;AEBP2;EZH2;WDR5;SETD6;SUZ12;EHMT2"
"RA_Metabolism_of_amino_acids_and_derivatives%R-MMU-71291",0.998650472334683,1,-0.198107365376775,-0.626372618862775,739,111,"PSMB5;PSMB6;PSMA7;PSMD9;PSMB1;NDUFAB1;PSMD13;OAZ1;PSMC5;PSMD7;PSMD10;GLUL;TST;DIO2;LIAS;RIDA;SAT1;PSMD4;SERINC5;ETHE1;DLST;MRI1;PSME1;SMS;PDHB;QDPR;PSPH"
"BP_positive_regulation_of_interferon-beta_production%0032728",0.978494623655914,1,-0.225220713557414,-0.604655600814797,636,39,"TRADD;HSP90AA1;TRIM56;ISG15;HMGB2"
"BP_defense_response_to_protozoan%0042832",0.993127147766323,1,-0.219395725489727,-0.496509019262428,577,17,"CCDC88B;BATF;HRAS;TSPAN32;NRAS;SLC11A1"
"BP_protein_stabilization%0050821",0.977660972404731,1,-0.224241110591107,-0.723734705120438,743,146,"HYPK;RPL23;PIM1;RPL11;CDKN2A;NPM1;HSP90AA1;PARK7;TYROBP;SOX4;RPL5;STUB1;DNLZ;HSP90AB1;CRTAP;P3H1;CCNH;PER3;PRKRA;UBE2B;CAML;RTN4;IP6K2;EP300"
"BP_negative_regulation_of_transforming_growth_factor_beta_receptor_signaling_pathway%0030512",0.994082840236686,1,-0.210831660082606,-0.58844651225196,671,48,"SPRY2;ZBTB7A;ING2;ING1;STUB1;FKBP1A;SAP30L;PDPK1;SAP30;LEMD3"
"BP_potassium_ion_transmembrane_transport%0071805",0.998341625207297,1,-0.197898013059677,-0.469617083146539,601,20,"KCNN4;ALG10B;TMEM38B;KCNJ2;CCDC51;SLC9A6"
"BP_brain_development%0007420",0.971774193548387,1,-0.228217543145701,-0.704933842833492,722,98,"CXCR4;UPF3B;IER3IP1;NDUFS4;DIAPH1;UFC1;IGF1R;PBX2;SETD1A;ATXN1;SOX4;BPTF;CX3CR1"
"BP_heterochromatin_formation%0031507",0.979495268138801,1,-0.218140742680028,-0.572989556180705,620,36,"POLE3;MIS18A;CBX8;KMT2D;CBX1;H1F0;BAZ2A"
"BP_regulation_of_cell_morphogenesis%0022604",0.990476190476191,1,0.191298077826372,0.481547087086623,415,17,"RAC1;ZMYM4;LARP4;STRIP1"
"BP_endosomal_transport%0016197",0.982089552238806,1,-0.229061103964415,-0.635512330297616,657,47,"AGAP2;BLOC1S1;DPY30;WASHC3;BLOC1S2"
"BP_positive_regulation_of_multicellular_organism_growth%0040018",0.998341625207297,1,-0.212503155402676,-0.504275462177312,601,20,"CELF1;BCL2"
"BP_autophagosome_assembly%0000045",0.987261146496815,1,0.202043225298833,0.634931860361392,309,57,"PIK3C3;BECN1;ATG7;ATG13;UBXN2A;PSEN1;TRIM32;ATP2A2;WIPI2"
"BP_positive_regulation_of_interleukin-6_production%0032755",0.96769456681351,1,-0.234671830228264,-0.669155009759823,658,55,"AIF1;CYBA;FCER1G;POU2F2;TYROBP;AKIRIN2"
"BP_positive_regulation_of_ERK1_and_ERK2_cascade%0070374",0.972318339100346,1,0.220233630851229,0.718181561545391,280,72,"NPTN;ARRB1;MYH9;SHC1;VEGFA;CSF1R;GPNMB;MAP2K1;PTPN22;ABL2;ADAM17"
"BP_T_cell_differentiation%0030217",0.99537750385208,1,-0.203601738263178,-0.533574099785844,645,34,"KDELR1;FOSL2;SOX4;BCL2;PPP3CB;RHOH;LFNG;ADA;PTPN2"
"BP_positive_regulation_of_JNK_cascade%0046330",1,1,-0.165119029763875,-0.466010166643594,669,53,"CCDC88C;XIAP;TAOK1;GADD45A;DUSP19;PYCARD;DUSP22;MAP3K5;NAIP5;HRAS;HMGB1"
"BP_canonical_NF-kappaB_signal_transduction%0007249",0.976,1,0.220059605438287,0.629814036482611,365,30,"AKT1;MYO18A;ABL2;IKBKG"
"BP_phospholipid_biosynthetic_process%0008654",0.964028776978417,1,0.228149803088495,0.581142838244584,401,18,"ACSL5;ISYNA1;MBOAT1;LPCAT3;AGPAT2;SERINC1;PLD1"
"BP_platelet_activation%0030168",0.996563573883162,1,-0.209309951170907,-0.473684153808183,579,17,"RAP2B;PPIA"
"BP_negative_regulation_of_MAPK_cascade%0043409",0.971014492753623,1,-0.234132526970972,-0.591518909661033,602,28,"IGF1R;RNF149;PSMD10;APC;DUSP19"
"BP_response_to_unfolded_protein%0006986",0.996850393700787,1,-0.213208987146182,-0.548983399859736,632,32,"MANF;HSP90AA1"
"BP_negative_regulation_of_endothelial_cell_apoptotic_process%2000352",0.996563573883162,1,-0.184072365977589,-0.411682409926486,579,16,"PDPK1;ID1;ANGPT1;GATA2;BRAF"
"BP_embryonic_digit_morphogenesis%0042733",1,1,-0.144701082984636,-0.365576829247885,620,28,"FLVCR1;MEGF8;FBXW4;LNPK;ECE1;ZBTB16;CPLANE1"
"BP_stress-activated_MAPK_cascade%0051403",1,1,0.172409832299564,0.420595759849637,424,15,"MAPK14;MAPK1;MAP3K7;TLR4;PBK;MAP3K20;TAOK2;MAP2K6"
"BP_positive_regulation_of_neuron_apoptotic_process%0043525",0.965566714490674,1,-0.226931629033588,-0.657107333826521,672,59,"FIS1;BAX;FOXO3"
"BP_positive_regulation_of_T_cell_activation%0050870",0.963210702341137,1,-0.246901462438731,-0.587557181553678,575,21,"H2-AB1;PYCARD;CCDC88B;H2-AA;CCR2;ADA;H2-DMA"
"BP_negative_regulation_of_G1/S_transition_of_mitotic_cell_cycle%2000134",0.970149253731343,1,0.225145743228636,0.610423241795292,389,23,"RBL2;ZFP655;GPNMB;CRLF3;HASPIN;RBL1;RB1"
"BP_positive_regulation_of_cell_adhesion%0045785",0.976377952755906,1,-0.240045166417478,-0.618082817913351,619,32,"CD63;STX4A;LDB1;PKP3;APC;ZFHX3;TNFRSF18"
"BP_positive_regulation_of_Notch_signaling_pathway%0045747",0.991334488734835,1,-0.21155653078778,-0.466533909761041,571,15,"NOTCH1;TSPAN14;LFNG;ITGB1BP1;PDCD10"
"BP_natural_killer_cell_mediated_cytotoxicity%0042267",0.976470588235294,1,0.222949689869056,0.54388832103141,414,15,"PTPN6;VAV1;GZMB;STAT5A;STAT5B;LYST;GRB2;PIK3R1;STX11;ARL8B;PLEKHM2;KIF5B;CEBPG;RNF19B;PRDX1"
"BP_positive_regulation_of_Wnt_signaling_pathway%0030177",0.960591133004926,1,0.239770264767318,0.643517886702283,389,22,"SMARCA4;CRBN;DEPDC1B;CSNK1D;MBD2"
"BP_positive_regulation_of_endothelial_cell_proliferation%0001938",0.982200647249191,1,-0.225253976238011,-0.559477316047814,606,26,"CYBA;MYDGF;HMGB2;EGFL7;PDCD6;EMC10;PDCL3;NRAS;POLD4;SIRT1"
"BP_positive_regulation_of_T_cell_receptor_signaling_pathway%0050862",0.987972508591065,1,-0.228504789016821,-0.511056625597138,574,16,"RPS3;KCNN4"
"BP_dorsal/ventral_pattern_formation%0009953",0.987972508591065,1,-0.222334863997815,-0.497257435330852,574,16,"APC;PTCH1;FKBP8;AIDA;ARL13B;TGIF1"
"BP_T_cell_activation%0042110",0.977952755905512,1,-0.23956352956287,-0.616842670199692,620,32,"RBX1;SATB1;CD44"
"BP_positive_regulation_of_B_cell_proliferation%0030890",0.9921875,1,0.204158289504754,0.564936442985727,380,26,"NCKAP1L;VAV3;SASH3"
"BP_nuclear_envelope_organization%0006998",0.979381443298969,1,-0.250179027733258,-0.559531597821873,569,16,"REEP3;REEP4;CTDNEP1;LEMD3;LEMD2"
"BP_multicellular_organismal-level_iron_ion_homeostasis%0060586",0.997619047619048,1,0.168835439632098,0.425002776168083,418,17,"EIF2AK1;FECH"
"BP_T_cell_differentiation_in_thymus%0033077",0.978964401294498,1,-0.231121759354557,-0.574051494066883,604,26,"RPS6;BCL2;NKAP;APC;TCF3;CDK6;ADA"
"BP_peptide_cross-linking%0018149",0.965635738831615,1,-0.270741274083865,-0.605519571552545,561,16,"STFA3;STFA2L1;CSTDC4;STFA2;STFA1;CSTDC5;ABCA7;THBS1;CSTA2"
"BP_myeloid_cell_differentiation%0030099",0.985,1,0.20888530128705,0.574503573484062,393,24,"TIFAB;JAK2;PML;IRF8;CLEC5A;LIPA"
"BP_cellular_response_to_leukemia_inhibitory_factor%1990830",0.994467496542185,1,-0.205129375572251,-0.611073617470933,718,74,"RPS16;SPRY2;EEF1E1;EIF4A2;GSTT2;KLF5;CACYBP;SRSF3;MRPL15;PMM1;SRSF7;MPC1;BCAT2;STOML1;PDCD10;TLE4;LAPTM5;KAT6B;MTF2;SIRT1;CHCHD4;TFRC;LRBA"
"BP_cellular_response_to_interleukin-7%0098761",0.974226804123711,1,-0.256744805402848,-0.574216122354944,566,16,"HDGF;HNRNPH1;LSP1;YBX1"
