"pathway","pval","padj","ES","NES","nMoreExtreme","size","leadingEdge"
"RA_mRNA_Splicing_-_Major_Pathway%R-MMU-72163",0.00209205020920502,0.0217332561281606,0.430961058027274,1.79825721303451,0,176,"HSPA8;SNRPD2;SF3B4;SRSF10;POLR2F;SNRPA;WBP4;SRRT;SF3A3;SNRPG;ACIN1;TRA2B;NCBP1;SLU7;POLR2I;SNRPB;TFIP11;SRSF11;BUD31;CTNNBL1;POLR2E;RBM10;SRSF9;PUF60;HNRNPF;POLR2H;CASC3;U2AF2;FAM50A;SRSF7;PRPF18;USP39;CCDC12;PCBP1;CHERP;PRPF4B;GTF2F1;WBP11;DHX15;SNU13;RBM7;SF3B6;SNRPF;POLR2C;PTBP1;CWC25;GTF2F2;SRSF1;LUC7L3;IK;HNRNPR;SF3B2;LSM2;DHX35;RNPS1;PLRG1;XAB2;SDE2;PRPF31;GCFC2;POLR2G;SNRNP40;POLR2L;LENG1;AQR;PRPF3;SNRPC;SYF2;DDX41;PRPF19;CDC5L;MAGOHB;POLR2B;SRSF2;SRSF3;LSM7;SNRPD1;DHX16;CWC15"
"RA_mRNA_Splicing%R-MMU-72172",0.0020703933747412,0.0217332561281606,0.422365226000325,1.77095521434755,0,182,"HSPA8;SNRPD2;SF3B4;SRSF10;POLR2F;SNRPA;WBP4;SRRT;SF3A3;SNRPG;ACIN1;TRA2B;NCBP1;SLU7;POLR2I;SNRPB;TFIP11;SRSF11;BUD31;CTNNBL1;POLR2E;RBM10;SRSF9;PUF60;HNRNPF;POLR2H;CASC3;U2AF2;FAM50A;SRSF7;SNRNP35;PRPF18;USP39;CCDC12;PCBP1;CHERP;PRPF4B;GTF2F1;WBP11;DHX15;SNU13;RBM7;ZCRB1;SF3B6;SNRPF;POLR2C;PTBP1;CWC25;GTF2F2;SRSF1;LUC7L3;IK;HNRNPR;SF3B2;LSM2;DHX35;RNPS1;PLRG1;XAB2;SDE2;PRPF31;GCFC2;POLR2G;SNRNP40;POLR2L;LENG1;AQR;PRPF3;SNRPC;SYF2;DDX41;PRPF19;CDC5L;MAGOHB;POLR2B;SRSF2"
"RA_Degradation_of_the_extracellular_matrix%R-MMU-1474228",0.00189035916824197,0.0217332561281606,-0.611500895247351,-1.86371677886448,0,29,"COL1A2;COL19A1;FURIN;COL1A1;COL5A1;CAPN3;MMP8;CAPN9"
"RA_L13a-mediated_translational_silencing_of_Ceruloplasmin_expression%R-MMU-156827",0.0020703933747412,0.0217332561281606,0.6086747258129,2.2625383957973,0,83,"EIF3D;RPS24;RPS20;EIF3G;RPLP2;RPL38;EIF3L;RPS21;RPS14;RPL18;EIF3I;EIF3H;RPL19;RPS12;EIF3A;RPS5;RPL26;RPL32;RPL23;RPS9;RPS19;RPS16;RPL36A;EIF3K;RPL23A;RPL18A;RPL14;RPSA;RPL13;RPS17;RPS13;RPLP1;RPL27;RPL37A;EIF4A1;RPS3;EIF3C;RPLP0;RPS6;RPL8;RPL39;RPL11;RPL3;RPL35A;RPS25;RPS4X;RPL31;RPS15;RPL15;RPL34;RPL9;RPL6;EIF4G1;EIF3B;RPS29;RPL27A;RPL22"
"RA_Eukaryotic_Translation_Initiation%R-MMU-72613",0.0020746887966805,0.0217332561281606,0.606635987400516,2.28515707956237,0,91,"EIF3D;RPS24;RPS20;EIF3G;EIF5B;RPLP2;EIF2B3;RPL38;EIF3L;RPS21;RPS14;RPL18;EIF3I;EIF3H;RPL19;RPS12;EIF3A;RPS5;RPL26;RPL32;RPL23;RPS9;RPS19;RPS16;EIF4EBP1;RPL36A;EIF3K;RPL23A;RPL18A;RPL14;RPSA;RPL13;RPS17;RPS13;RPLP1;RPL27;RPL37A;EIF4A1;RPS3;EIF3C;EIF2B4;RPLP0;RPS6;RPL8;RPL39;RPL11;RPL3;RPL35A;RPS25;EIF2B2;RPS4X;RPL31;RPS15;RPL15;RPL34;RPL9;RPL6;EIF4G1;EIF3B;RPS29;RPL27A;RPL22;EIF2B1"
"RA_Translation_initiation_complex_formation%R-MMU-72649",0.00209643605870021,0.0217332561281606,0.577338127384673,1.97287451187889,0,49,"EIF3D;RPS24;RPS20;EIF3G;EIF3L;RPS21;RPS14;EIF3I;EIF3H;RPS12;EIF3A;RPS5;RPS9;RPS19;RPS16;EIF3K;RPSA;RPS17;RPS13;EIF4A1;RPS3;EIF3C;RPS6;RPS25;RPS4X;RPS15;EIF4G1;EIF3B;RPS29"
"RA_Activation_of_the_mRNA_upon_binding_of_the_cap-binding_complex_and_eIFs,_and_subsequent_binding_to_43S%R-MMU-72662",0.00204918032786885,0.0217332561281606,0.581435639613792,2.00531595874974,0,50,"EIF3D;RPS24;RPS20;EIF3G;EIF3L;RPS21;RPS14;EIF3I;EIF3H;RPS12;EIF3A;RPS5;RPS9;RPS19;RPS16;EIF4EBP1;EIF3K;RPSA;RPS17;RPS13;EIF4A1;RPS3;EIF3C;RPS6;RPS25;RPS4X;RPS15;EIF4G1;EIF3B;RPS29"
"RA_Formation_of_a_pool_of_free_40S_subunits%R-MMU-72689",0.00210084033613445,0.0217332561281606,0.638817274906638,2.3234609085682,0,73,"EIF3D;RPS24;RPS20;EIF3G;RPLP2;RPL38;EIF3L;RPS21;RPS14;RPL18;EIF3I;EIF3H;RPL19;RPS12;EIF3A;RPS5;RPL26;RPL32;RPL23;RPS9;RPS19;RPS16;RPL36A;EIF3K;RPL23A;RPL18A;RPL14;RPSA;RPL13;RPS17;RPS13;RPLP1;RPL27;RPL37A;RPS3;EIF3C;RPLP0;RPS6;RPL8;RPL39;RPL11;RPL3;RPL35A;RPS25;RPS4X;RPL31;RPS15;RPL15;RPL34;RPL9;RPL6;EIF3B;RPS29;RPL27A;RPL22"
"RA_Formation_of_the_ternary_complex,_and_subsequently,_the_43S_complex%R-MMU-72695",0.00206185567010309,0.0217332561281606,0.616015148488098,2.05304175463847,0,42,"EIF3D;RPS24;RPS20;EIF3G;EIF3L;RPS21;RPS14;EIF3I;EIF3H;RPS12;EIF3A;RPS5;RPS9;RPS19;RPS16;EIF3K;RPSA;RPS17;RPS13;RPS3;EIF3C;RPS6;RPS25;RPS4X;RPS15"
"RA_Ribosomal_scanning_and_start_codon_recognition%R-MMU-72702",0.00209643605870021,0.0217332561281606,0.57434872870515,1.96265916634578,0,49,"EIF3D;RPS24;RPS20;EIF3G;EIF3L;RPS21;RPS14;EIF3I;EIF3H;RPS12;EIF3A;RPS5;RPS9;RPS19;RPS16;EIF3K;RPSA;RPS17;RPS13;EIF4A1;RPS3;EIF3C;RPS6;RPS25;RPS4X;RPS15;EIF4G1;EIF3B;RPS29"
"RA_GTP_hydrolysis_and_joining_of_the_60S_ribosomal_subunit%R-MMU-72706",0.00208768267223382,0.0217332561281606,0.610768934501442,2.27513047677944,0,84,"EIF3D;RPS24;RPS20;EIF3G;EIF5B;RPLP2;RPL38;EIF3L;RPS21;RPS14;RPL18;EIF3I;EIF3H;RPL19;RPS12;EIF3A;RPS5;RPL26;RPL32;RPL23;RPS9;RPS19;RPS16;RPL36A;EIF3K;RPL23A;RPL18A;RPL14;RPSA;RPL13;RPS17;RPS13;RPLP1;RPL27;RPL37A;EIF4A1;RPS3;EIF3C;RPLP0;RPS6;RPL8;RPL39;RPL11;RPL3;RPL35A;RPS25;RPS4X;RPL31;RPS15;RPL15;RPL34;RPL9;RPL6;EIF4G1;EIF3B;RPS29;RPL27A;RPL22"
"RA_Cap-dependent_Translation_Initiation%R-MMU-72737",0.0020746887966805,0.0217332561281606,0.606635987400516,2.28515707956237,0,91,"EIF3D;RPS24;RPS20;EIF3G;EIF5B;RPLP2;EIF2B3;RPL38;EIF3L;RPS21;RPS14;RPL18;EIF3I;EIF3H;RPL19;RPS12;EIF3A;RPS5;RPL26;RPL32;RPL23;RPS9;RPS19;RPS16;EIF4EBP1;RPL36A;EIF3K;RPL23A;RPL18A;RPL14;RPSA;RPL13;RPS17;RPS13;RPLP1;RPL27;RPL37A;EIF4A1;RPS3;EIF3C;EIF2B4;RPLP0;RPS6;RPL8;RPL39;RPL11;RPL3;RPL35A;RPS25;EIF2B2;RPS4X;RPL31;RPS15;RPL15;RPL34;RPL9;RPL6;EIF4G1;EIF3B;RPS29;RPL27A;RPL22;EIF2B1"
"RA_Translation%R-MMU-72766",0.00202839756592292,0.0217332561281606,0.551211902516841,2.32539219867589,0,187,"MRPL12;MRPL14;EIF3D;RPS24;RPS20;MRPS7;EIF3G;EIF5B;MRPL22;MTRF1L;MRPS34;MRPS36;GADD45GIP1;RPLP2;EIF2B3;MRPL16;MRPL30;MRPL49;RPL38;EIF3L;RPS21;RPS14;RPL18;MRPL20;EIF3I;MRPL40;EIF3H;RPL19;RPS12;EIF3A;RPS5;RPL26;RPL32;RPL23;RPS9;RPS19;APEH;MRPS31;MRPS25;RPS16;ERAL1;EIF4EBP1;RPL36A;EIF3K;RPL23A;RPL18A;RPL14;MRPL23;MRPL11;EEF1G;RPSA;RPL13;RPS17;RPS13;RPLP1;RPL27;MRPL45;MRPS27;RPL37A;EIF4A1;MRPL47;MRPL44;RPS3;MRPL10;MRPL4;EIF3C;EIF2B4;SRP14;RPLP0;RPS6;MRPL41;RPL8;RPL39;MRPL42;MRPL38;EEF2;MRPS21;RPL11;MRPL57;RPL3;MRPL15;RPL35A;RPS25;EIF2B2;EEF1A1;PPA1;GSPT1;MRPS5;RPS4X;RPL31;MRPL3;RPS15;RPL15;RPL34;MRPL50;MRPS23;RPL9;RPL6;EIF4G1"
"RA_SRP-dependent_cotranslational_protein_targeting_to_membrane%R-MMU-1799339",0.00203252032520325,0.0217332561281606,0.631366361918937,2.2781635148964,0,64,"RPS24;RPS20;RPLP2;RPL38;RPS21;RPS14;RPL18;RPL19;RPS12;RPS5;RPL26;RPL32;RPL23;RPS9;RPS19;RPS16;RPL36A;RPL23A;RPL18A;RPL14;RPSA;RPL13;RPS17;RPS13;RPLP1;RPL27;RPL37A;RPS3;SRP14;RPLP0;RPS6;RPL8;RPL39;RPL11;RPL3;RPL35A;RPS25;RPS4X;RPL31;RPS15;RPL15;RPL34;RPL9;RPL6;RPS29;SRP68;RPL27A;RPL22;RPL28;RPL4"
"RA_Major_pathway_of_rRNA_processing_in_the_nucleolus_and_cytosol%R-MMU-6791226",0.00205761316872428,0.0217332561281606,0.609102950511179,2.45960780866178,0,144,"UTP6;WDR3;TSR1;UTP11;RRP9;IMP4;FTSJ3;RPS24;RPS20;UTP15;WDR18;GNL3;RPLP2;TEX10;NOP58;NIP7;RPL38;LAS1L;PDCD11;RPS21;DDX21;RPS14;NOP56;RPL18;FBL;RPL19;NOP14;RPS12;UTP4;NOL6;PWP2;RPS5;PNO1;EBNA1BP2;RPL26;RPL32;RPL23;RPS9;NOC4L;RPS19;DHX37;RPS16;EMG1;TBL3;WDR75;RPL36A;RPL23A;RPL18A;RPL14;RCL1;MPHOSPH10;RPSA;RPL13;RPS17;RPS13;RPLP1;WDR43;RPL27;RPL37A;SENP3;RPS3;RPLP0;RPS6;RPL8;SNU13;RPL39;DDX49;RPL11;RPL3;RPL35A;RPS25;PES1;ISG20L2;RPS4X;RPL31;RPS15;RPL15;RIOK2;NOB1;RPL34;BOP1;RPL9;RPL6;BMS1;PELP1;RPS29;RPL27A;RPL22;UTP14B;BUD23;ERI1;EXOSC5;RRP36;RPL28;KRR1;UTP14A;RPL4;HEATR1"
"RA_rRNA_processing%R-MMU-72312",0.00205761316872428,0.0217332561281606,0.609102950511179,2.45960780866178,0,144,"UTP6;WDR3;TSR1;UTP11;RRP9;IMP4;FTSJ3;RPS24;RPS20;UTP15;WDR18;GNL3;RPLP2;TEX10;NOP58;NIP7;RPL38;LAS1L;PDCD11;RPS21;DDX21;RPS14;NOP56;RPL18;FBL;RPL19;NOP14;RPS12;UTP4;NOL6;PWP2;RPS5;PNO1;EBNA1BP2;RPL26;RPL32;RPL23;RPS9;NOC4L;RPS19;DHX37;RPS16;EMG1;TBL3;WDR75;RPL36A;RPL23A;RPL18A;RPL14;RCL1;MPHOSPH10;RPSA;RPL13;RPS17;RPS13;RPLP1;WDR43;RPL27;RPL37A;SENP3;RPS3;RPLP0;RPS6;RPL8;SNU13;RPL39;DDX49;RPL11;RPL3;RPL35A;RPS25;PES1;ISG20L2;RPS4X;RPL31;RPS15;RPL15;RIOK2;NOB1;RPL34;BOP1;RPL9;RPL6;BMS1;PELP1;RPS29;RPL27A;RPL22;UTP14B;BUD23;ERI1;EXOSC5;RRP36;RPL28;KRR1;UTP14A;RPL4;HEATR1"
"RA_rRNA_processing_in_the_nucleus_and_cytosol%R-MMU-8868773",0.00205761316872428,0.0217332561281606,0.609102950511179,2.45960780866178,0,144,"UTP6;WDR3;TSR1;UTP11;RRP9;IMP4;FTSJ3;RPS24;RPS20;UTP15;WDR18;GNL3;RPLP2;TEX10;NOP58;NIP7;RPL38;LAS1L;PDCD11;RPS21;DDX21;RPS14;NOP56;RPL18;FBL;RPL19;NOP14;RPS12;UTP4;NOL6;PWP2;RPS5;PNO1;EBNA1BP2;RPL26;RPL32;RPL23;RPS9;NOC4L;RPS19;DHX37;RPS16;EMG1;TBL3;WDR75;RPL36A;RPL23A;RPL18A;RPL14;RCL1;MPHOSPH10;RPSA;RPL13;RPS17;RPS13;RPLP1;WDR43;RPL27;RPL37A;SENP3;RPS3;RPLP0;RPS6;RPL8;SNU13;RPL39;DDX49;RPL11;RPL3;RPL35A;RPS25;PES1;ISG20L2;RPS4X;RPL31;RPS15;RPL15;RIOK2;NOB1;RPL34;BOP1;RPL9;RPL6;BMS1;PELP1;RPS29;RPL27A;RPL22;UTP14B;BUD23;ERI1;EXOSC5;RRP36;RPL28;KRR1;UTP14A;RPL4;HEATR1"
"RA_Nonsense-Mediated_Decay_(NMD)%R-MMU-927802",0.0020703933747412,0.0217332561281606,0.580050087400833,2.18388781834944,0,87,"PNRC2;RPS24;RPS20;NCBP1;RPLP2;RPL38;RPS21;RPS14;RPL18;RPL19;RPS12;RPS5;RPL26;RPL32;RPL23;RPS9;RPS19;CASC3;UPF1;RPS16;RPL36A;RPL23A;RPL18A;RPL14;RPSA;RPL13;RPS17;RPS13;RPLP1;RPL27;RPL37A;RPS3;RPLP0;RPS6;RPL8;DCP1A;RPL39;UPF2;RPL11;RPL3;RPL35A;RPS25;SMG6;GSPT1;RPS4X;RPL31;RPS15;RPL15;RPL34;RPL9;RPL6;EIF4G1;RNPS1;PPP2R2A;RPS29;RPL27A;RPL22"
"RA_Nonsense_Mediated_Decay_(NMD)_independent_of_the_Exon_Junction_Complex_(EJC)%R-MMU-975956",0.00205338809034908,0.0217332561281606,0.628999619035502,2.28245473351566,0,68,"RPS24;RPS20;NCBP1;RPLP2;RPL38;RPS21;RPS14;RPL18;RPL19;RPS12;RPS5;RPL26;RPL32;RPL23;RPS9;RPS19;UPF1;RPS16;RPL36A;RPL23A;RPL18A;RPL14;RPSA;RPL13;RPS17;RPS13;RPLP1;RPL27;RPL37A;RPS3;RPLP0;RPS6;RPL8;RPL39;RPL11;RPL3;RPL35A;RPS25;GSPT1;RPS4X;RPL31;RPS15;RPL15;RPL34;RPL9;RPL6;EIF4G1;RPS29;RPL27A;RPL22"
"RA_Nonsense_Mediated_Decay_(NMD)_enhanced_by_the_Exon_Junction_Complex_(EJC)%R-MMU-975957",0.0020703933747412,0.0217332561281606,0.580050087400833,2.18388781834944,0,87,"PNRC2;RPS24;RPS20;NCBP1;RPLP2;RPL38;RPS21;RPS14;RPL18;RPL19;RPS12;RPS5;RPL26;RPL32;RPL23;RPS9;RPS19;CASC3;UPF1;RPS16;RPL36A;RPL23A;RPL18A;RPL14;RPSA;RPL13;RPS17;RPS13;RPLP1;RPL27;RPL37A;RPS3;RPLP0;RPS6;RPL8;DCP1A;RPL39;UPF2;RPL11;RPL3;RPL35A;RPS25;SMG6;GSPT1;RPS4X;RPL31;RPS15;RPL15;RPL34;RPL9;RPL6;EIF4G1;RNPS1;PPP2R2A;RPS29;RPL27A;RPL22"
"RA_Nuclear_Envelope_(NE)_Reassembly%R-MMU-2995410",0.00202839756592292,0.0217332561281606,0.554272519311,1.88612512703873,0,46,"CHMP4B;RCC1;EMD;CHMP7;LMNA;KPNB1;SIRT2;IST1;NUP35;RAN;NUP155;SEC13;NUP85;UBE2I;NUP98;NUP43;PPP2R2A;CC2D1B;NUP160;SPAST;LMNB1;RANGAP1;ANKLE2;CHMP2B;SUMO1"
"RA_Antigen_processing-Cross_presentation%R-MMU-1236975",0.00209643605870021,0.0217332561281606,0.513012164288909,1.7530604254291,0,49,"H2-Q6;H2-Q7;B2M;PSMD10;SEC22B;PSMD7;PSMF1;PSMD13;H2-K1;PSMC5;PSMD12;PSMC2;PSMA7;PSMC1;PSMC6;PSMB6;H2-M3;PDIA3;CALR;PSMC3;PSME3;PSMD2;PSMD8;VAMP8;CYBA;PSMD6;PSMB1;PSMD1"
"RA_Chondroitin_sulfate/dermatan_sulfate_metabolism%R-MMU-1793185",0.00200400801603206,0.0217332561281606,-0.705189903899027,-1.91052061239598,0,18,"GPC1;XYLT1;CHSY1;CHST15;HEXB;CSGALNACT2;XYLT2;SDC3;CHPF2;HEXA;CHST12;B3GALT6"
"RA_RAC1_GTPase_cycle%R-MMU-9013149",0.00192678227360308,0.0217332561281606,-0.451719328799748,-1.77708565433631,0,107,"ARHGAP33;ABI2;CYFIP2;ARHGEF39;PLEKHG2;CYBB;ERBIN;IQGAP3;NISCH;ALS2;PKN2;MPP7;DOCK8;DIAPH3;ARHGEF18;ARAP3;ARHGAP15;ARHGAP1;ARHGAP35;RASGRF2;ARHGAP45;PIK3R1;DOCK5"
"RA_Cellular_response_to_hypoxia%R-MMU-1234174",0.00204081632653061,0.0217332561281606,0.572948976650141,1.93335806433482,0,44,"PSMD10;UBE2D3;PSMD7;PSMF1;PSMD13;PSMC5;PSMD12;PSMC2;EGLN3;PSMA7;PSMC1;HIF1AN;PSMC6;PSMB6;PSMC3;PSME3;ARNT;PSMD2;PSMD8;EGLN1;VHL;RPS27A;PSMD6;PSMB1;PSMD1"
"RA_mRNA_Splicing_-_Minor_Pathway%R-MMU-72165",0.00203252032520325,0.0217332561281606,0.584556189294939,1.94831349967191,0,41,"SNRPD2;SF3B4;POLR2F;SNRPG;NCBP1;POLR2I;SNRPB;POLR2E;POLR2H;SRSF7;SNRNP35;GTF2F1;ZCRB1;SF3B6;SNRPF;POLR2C;GTF2F2;SRSF1"
"RA_Mitochondrial_translation%R-MMU-5368287",0.00208768267223382,0.0217332561281606,0.504610360418656,1.86742827050674,0,80,"MRPL12;MRPL14;MRPS7;MRPL22;MTRF1L;MRPS34;MRPS36;GADD45GIP1;MRPL16;MRPL30;MRPL49;MRPL20;MRPL40;MRPS31;MRPS25;ERAL1;MRPL23;MRPL11;MRPL45;MRPS27;MRPL47;MRPL44;MRPL10;MRPL4;MRPL41;MRPL42;MRPL38;MRPS21;MRPL57;MRPL15"
"RA_Mitochondrial_translation_elongation%R-MMU-5389840",0.00210084033613445,0.0217332561281606,0.504520372278419,1.85309641199091,0,77,"MRPL12;MRPL14;MRPS7;MRPL22;MRPS34;MRPS36;GADD45GIP1;MRPL16;MRPL30;MRPL49;MRPL20;MRPL40;MRPS31;MRPS25;ERAL1;MRPL23;MRPL11;MRPL45;MRPS27;MRPL47;MRPL44;MRPL10;MRPL4;MRPL41;MRPL42;MRPL38;MRPS21;MRPL57;MRPL15;MRPS5;MRPL3;MRPL50;MRPS23"
"RA_Mitochondrial_translation_termination%R-MMU-5419276",0.00212314225053079,0.0217332561281606,0.509477514102555,1.87750482267772,0,79,"MRPL12;MRPL14;MRPS7;MRPL22;MTRF1L;MRPS34;MRPS36;GADD45GIP1;MRPL16;MRPL30;MRPL49;MRPL20;MRPL40;MRPS31;MRPS25;ERAL1;MRPL23;MRPL11;MRPL45;MRPS27;MRPL47;MRPL44;MRPL10;MRPL4;MRPL41;MRPL42;MRPL38;MRPS21;MRPL57;MRPL15;MRPS5;MRPL3;MRPL50;MRPS23"
"RA_snRNP_Assembly%R-MMU-191859",0.00206185567010309,0.0217332561281606,0.551659552469516,1.84247729782451,0,43,"SNRPD2;SNRPG;AAAS;GEMIN6;SNRPB;PRMT5;TGS1;NUP35;GEMIN4;NUP54;NUP88;SNRPF;NUP62;TPR;NUP155;GEMIN5;NUP153;SEC13;NUP50;NUP85"
"RA_Metabolism_of_non-coding_RNA%R-MMU-194441",0.00206185567010309,0.0217332561281606,0.551659552469516,1.84247729782451,0,43,"SNRPD2;SNRPG;AAAS;GEMIN6;SNRPB;PRMT5;TGS1;NUP35;GEMIN4;NUP54;NUP88;SNRPF;NUP62;TPR;NUP155;GEMIN5;NUP153;SEC13;NUP50;NUP85"
"RA_Regulation_of_HSF1-mediated_heat_shock_response%R-MMU-3371453",0.0020703933747412,0.0217332561281606,0.607031502123557,2.06969172481366,0,48,"HSPA8;HSPH1;HSPA5;HSPA13;AAAS;ST13;HSPA14;DNAJC2;HIKESHI;DNAJB1;NUP35;BAG5;NUP54;NUP88;HSPA9;BAG1;NUP62;TPR;NUP155;NUP153;SEC13;NUP50;NUP85"
"RA_Cellular_response_to_heat_stress%R-MMU-3371556",0.00204918032786885,0.0217332561281606,0.618264891462085,2.19790746383441,0,60,"HSPA8;HSPH1;HSPA5;HSPA13;AAAS;ST13;HSPA14;FKBP4;DNAJC2;HIKESHI;MLST8;DNAJB1;HSP90AB1;HSP90AA1;NUP35;BAG5;NUP54;NUP88;HSPA9;BAG1;NUP62;TPR;NUP155;VCP;EEF1A1;NUP153;SEC13;NUP50;NUP85"
"RA_Cdc20:Phospho-APC/C_mediated_degradation_of_Cyclin_A%R-MMU-174184",0.0020703933747412,0.0217332561281606,0.543884141114278,1.85438894387475,0,48,"PSMD10;PSMD7;PSMF1;ANAPC10;UBE2C;PSMD13;PSMC5;PSMD12;PSMC2;UBE2E1;PSMA7;ANAPC16;PSMC1;PSMC6;PSMB6;ANAPC11;UBE2S;PSMC3;PSME3;PSMD2;PSMD8;BUB1B;CDC27;RPS27A;PSMD6;PSMB1;PSMD1"
"RA_APC/C:Cdc20_mediated_degradation_of_mitotic_proteins%R-MMU-176409",0.00204498977505112,0.0217332561281606,0.521691859008445,1.80740049097404,0,51,"PSMD10;PSMD7;PSMF1;ANAPC10;UBE2C;PSMD13;PSMC5;PSMD12;PSMC2;UBE2E1;PSMA7;ANAPC16;PSMC1;NEK2;PSMC6;PSMB6;ANAPC11;UBE2S;PSMC3;PSME3;PSMD2;PSMD8;BUB1B;CDC27;RPS27A;PSMD6;PSMB1;PSMD1"
"RA_Activation_of_APC/C_and_APC/C:Cdc20_mediated_degradation_of_mitotic_proteins%R-MMU-176814",0.00204498977505112,0.0217332561281606,0.521691859008445,1.80740049097404,0,51,"PSMD10;PSMD7;PSMF1;ANAPC10;UBE2C;PSMD13;PSMC5;PSMD12;PSMC2;UBE2E1;PSMA7;ANAPC16;PSMC1;NEK2;PSMC6;PSMB6;ANAPC11;UBE2S;PSMC3;PSME3;PSMD2;PSMD8;BUB1B;CDC27;RPS27A;PSMD6;PSMB1;PSMD1"
"RA_APC:Cdc20_mediated_degradation_of_cell_cycle_proteins_prior_to_satisfation_of_the_cell_cycle_checkpoint%R-MMU-179419",0.00209643605870021,0.0217332561281606,0.548345157839616,1.87380000436588,0,49,"PSMD10;PSMD7;PSMF1;ANAPC10;UBE2C;PSMD13;PSMC5;PSMD12;PSMC2;UBE2E1;PSMA7;ANAPC16;PSMC1;NEK2;PSMC6;PSMB6;ANAPC11;UBE2S;PSMC3;PSME3;PSMD2;PSMD8;BUB1B;CDC27;RPS27A;PSMD6;PSMB1;PSMD1"
"RA_Downstream_TCR_signaling%R-MMU-202424",0.00204918032786885,0.0217332561281606,0.499001651468773,1.72100901107038,0,50,"NFKBIA;UBC;RELA;PSMD10;PSMD7;PSMF1;PSMD13;CDC34;PSMC5;PSMD12;MALT1;PSMC2;PSMA7;PSMC1;PSMC6;PSMB6;TRAF6;PDPK1;CUL1;PSMC3;PSME3;BCL10;PSMD2;PSMD8"
"RA_FCERI_mediated_NF-kB_activation%R-MMU-2871837",0.00201612903225806,0.0217332561281606,0.576373970731884,1.97522633970533,0,47,"NFKBIA;UBC;RELA;PSMD10;PSMD7;PSMF1;PSMD13;CDC34;PSMC5;PSMD12;MALT1;PSMC2;PSMA7;PSMC1;PSMC6;PSMB6;TRAF6;PDPK1;CUL1;PSMC3;PSME3;BCL10;PSMD2;PSMD8;MAP3K7;RPS27A;PSMD6;PSMB1;PSMD1"
"RA_Hedgehog_ligand_biogenesis%R-MMU-5358346",0.00210084033613445,0.0217332561281606,0.620560577855214,1.98630313272983,0,35,"PSMD10;PSMD7;PSMF1;PSMD13;PSMC5;PSMD12;PSMC2;PSMA7;PSMC1;PSMC6;PSMB6;P4HB;PSMC3;VCP;PSME3;PSMD2;PSMD8;RPS27A;PSMD6;PSMB1;PSMD1;DERL2;PSME1;ERLEC1"
"RA_Dectin-1_mediated_noncanonical_NF-kB_signaling%R-MMU-5607761",0.00204918032786885,0.0217332561281606,0.618262533202876,2.00311840195767,0,36,"NFKB2;UBC;PSMD10;UBA3;PSMD7;PSMF1;PSMD13;PSMC5;PSMD12;PSMC2;PSMA7;PSMC1;PSMC6;PSMB6;CUL1;PSMC3;PSME3;PSMD2;PSMD8;RPS27A;PSMD6;PSMB1;PSMD1"
"RA_CLEC7A_(Dectin-1)_signaling%R-MMU-5607764",0.00209205020920502,0.0217332561281606,0.521681311385289,1.84095417744263,0,58,"NFKBIA;NFKB2;UBC;RELA;PSMD10;UBA3;PSMD7;PSMF1;CASP8;PSMD13;CDC34;PSMC5;PSMD12;MALT1;PSMC2;PSMA7;PSMC1;PSMC6;PSMB6;TRAF6;PDPK1;CUL1;PSMC3"
"RA_NIK-->noncanonical_NF-kB_signaling%R-MMU-5676590",0.00204918032786885,0.0217332561281606,0.618262533202876,2.00311840195767,0,36,"NFKB2;UBC;PSMD10;UBA3;PSMD7;PSMF1;PSMD13;PSMC5;PSMD12;PSMC2;PSMA7;PSMC1;PSMC6;PSMB6;CUL1;PSMC3;PSME3;PSMD2;PSMD8;RPS27A;PSMD6;PSMB1;PSMD1"
"RA_Orc1_removal_from_chromatin%R-MMU-68949",0.00201612903225806,0.0217332561281606,0.536767590766117,1.83949577430623,0,47,"MCM8;ORC1;PSMD10;PSMD7;PSMF1;PSMD13;PSMC5;PSMD12;PSMC2;ORC2;PSMA7;PSMC1;PSMC6;PSMB6;CUL1;PSMC3;PSME3;PSMD2;PSMD8;ORC5;RPS27A;PSMD6;PSMB1;PSMD1"
"RA_CDK-mediated_phosphorylation_and_removal_of_Cdc6%R-MMU-69017",0.0020703933747412,0.0217332561281606,0.526337382882811,1.79456275663088,0,48,"PSMD10;PSMD7;PSMF1;ANAPC10;UBE2C;PSMD13;PSMC5;PSMD12;PSMC2;UBE2E1;PSMA7;ANAPC16;PSMC1;PSMC6;PSMB6;ANAPC11;UBE2S;PSMC3;PSME3;PSMD2;PSMD8;CDC27;CCNE2;RPS27A;PSMD6;PSMB1;PSMD1"
"RA_Switching_of_origins_to_a_post-replicative_state%R-MMU-69052",0.00202839756592292,0.0217332561281606,0.505587103312281,1.82840781045595,0,65,"MCM8;ORC1;PSMD10;PSMD7;PSMF1;ANAPC10;UBE2C;PSMD13;PSMC5;PSMD12;PSMC2;UBE2E1;ORC2;PSMA7;ANAPC16;PSMC1;PSMC6;PSMB6;ANAPC11;UBE2S;CUL1;PSMC3;PSME3;PSMD2;PSMD8;ORC5;CDC27;CCNE2;RPS27A;PSMD6;PSMB1;PSMD1"
"RA_Interleukin-1_signaling%R-MMU-9020702",0.0020746887966805,0.0217332561281606,0.508696504559719,1.84376751814127,0,69,"NFKBIA;NFKB2;NLRC5;UBC;RELA;IRAK4;PSMD10;NKIRAS1;PSMD7;PSMF1;CASP8;PSMD13;TRAF2;PSMC5;PSMD12;IRAK1;PSMC2;PSMA7;PSMC1;PSMC6;PSMB6;TRAF6;CUL1;PSMC3;TNIP2;PSME3;PSMD2;PSMD8;MYD88;USP14;MAP3K7;MAP3K8;RPS27A;PSMD6;PSMB1;PSMD1"
"RA_KEAP1-NFE2L2_pathway%R-MMU-9755511",0.0020703933747412,0.0217332561281606,0.542386375108438,1.8492822667136,0,48,"PSMD10;PRDX1;PSMD7;PSMF1;NFE2L2;PSMD13;PSMC5;SESN2;PSMD12;PSMC2;PSMA7;PSMC1;PSMC6;PSMB6;CUL1;PSMC3;VCP;PSME3;PSMD2;PSMD8;NPLOC4;RPS27A;PSMD6;PSMB1;MUL1;PSMD1;PSME1;KEAP1;RBX1"
"RA_Integrin_cell_surface_interactions%R-MMU-216083",0.00196078431372549,0.0217332561281606,-0.733132471200068,-2.04845430545444,0,21,"COL1A2;COL1A1;ITGA4;COL5A1;PECAM1;ITGA9;IBSP;ITGB7;COL5A3"
"RA_Cyclin_E_associated_events_during_G1/S_transition%R-MMU-69202",0.00206185567010309,0.0217332561281606,0.567697241256495,1.89200889483511,0,42,"CCND1;CDKN1A;PSMD10;PSMD7;PSMF1;PSMD13;PSMC5;PSMD12;PSMC2;PSMA7;PSMC1;PSMC6;PSMB6;CUL1;PSMC3;PSME3;PSMD2;PSMD8;CCNE2;RPS27A;PSMD6;PSMB1;PSMD1"
"RA_Cyclin_A:Cdk2-associated_events_at_S_phase_entry%R-MMU-69656",0.00204081632653061,0.0217332561281606,0.554759763879053,1.87198041531537,0,44,"CCND1;CDKN1A;PSMD10;PSMD7;PSMF1;PSMD13;PSMC5;PSMD12;PSMC2;PSMA7;PSMC1;PSMC6;PSMB6;CUL1;PSMC3;PSME3;PSMD2;PSMD8;CCNE2;RPS27A;PSMD6;PSMB1;PSMD1"
"RA_Regulation_of_RUNX3_expression_and_activity%R-MMU-8941858",0.00204081632653061,0.0217332561281606,0.631438943270667,2.00942193443965,0,32,"PSMD10;PSMD7;PSMF1;PSMD13;PSMC5;PSMD12;PSMC2;PSMA7;PSMC1;PSMC6;PSMB6;CBFB;PSMC3;PSME3;PSMD2;PSMD8;RPS27A;PSMD6;PSMB1;PSMD1"
"RA_RNA_Polymerase_I_Transcription_Termination%R-MMU-73863",0.00200400801603206,0.0217332561281606,0.644315104123431,1.89391479932288,0,24,"POLR1C;TBP;POLR2F;GTF2H3;POLR1B;ERCC3;POLR2E;POLR2H;TTF1"
"RA_Assembly_of_the_pre-replicative_complex%R-MMU-68867",0.00204918032786885,0.0217332561281606,0.540426416851052,1.92119473651701,0,60,"MCM8;ORC1;PSMD10;PSMD7;PSMF1;ANAPC10;UBE2C;KPNB1;PSMD13;PSMC5;PSMD12;PSMC2;UBE2E1;ORC2;PSMA7;ANAPC16;PSMC1;PSMC6;PSMB6;ANAPC11;KPNA6;UBE2S;PSMC3;PSME3;PSMD2;PSMD8;KPNA1;ORC5;CDC27;RPS27A;PSMD6;PSMB1;PSMD1"
"RA_Autodegradation_of_Cdh1_by_Cdh1:APC/C%R-MMU-174084",0.00206185567010309,0.0217332561281606,0.572653315734635,1.90852639098385,0,42,"PSMD10;PSMD7;PSMF1;ANAPC10;UBE2C;PSMD13;PSMC5;PSMD12;PSMC2;UBE2E1;PSMA7;ANAPC16;PSMC1;PSMC6;PSMB6;ANAPC11;UBE2S;PSMC3;PSME3;PSMD2;PSMD8;CDC27;RPS27A;PSMD6;PSMB1;PSMD1"
"RA_S_Phase%R-MMU-69242",0.00410677618069815,0.0285005568492457,0.436342631309323,1.69192894486496,1,109,"MCM8;CCND1;CDKN1A;ORC1;GINS2;PSMD10;CDCA5;PSMD7;PSMF1;ANAPC10;UBE2C;POLA2;PSMD13;PSMC5;PSMD12;ESCO2;PSMC2;UBE2E1;ORC2;PSMA7;ANAPC16;PSMC1;PSMC6;PSMB6;ANAPC11;UBE2S;RFC3;CUL1;PSMC3"
"RA_Glycosaminoglycan_metabolism%R-MMU-1630316",0.00389105058365759,0.0285005568492457,-0.507007038495771,-1.6868565572113,1,45,"GPC1;XYLT1;CHSY1;SLC35D2;CHST15;GLB1;HEXB;SLC9A1;CSGALNACT2;NDST1;GLB1L;XYLT2;NDST2;B4GALT1"
"RA_Oxygen-dependent_proline_hydroxylation_of_Hypoxia-inducible_Factor_Alpha%R-MMU-1234176",0.00410677618069815,0.0285005568492457,0.579831367498807,1.92403824581422,1,40,"PSMD10;UBE2D3;PSMD7;PSMF1;PSMD13;PSMC5;PSMD12;PSMC2;EGLN3;PSMA7;PSMC1;PSMC6;PSMB6;PSMC3;PSME3;PSMD2;PSMD8;EGLN1;VHL;RPS27A;PSMD6;PSMB1;PSMD1"
"RA_Autodegradation_of_the_E3_ubiquitin_ligase_COP1%R-MMU-349425",0.00413223140495868,0.0285005568492457,0.62400436354839,1.94197121143136,1,30,"PSMD10;PSMD7;PSMF1;PSMD13;PSMC5;PSMD12;PSMC2;PSMA7;PSMC1;PSMC6;PSMB6;PSMC3;PSME3;PSMD2;PSMD8;RPS27A;PSMD6;PSMB1;PSMD1"
"RA_Metabolism_of_polyamines%R-MMU-351202",0.00420168067226891,0.0285005568492457,0.56105725560887,1.79584366816919,1,35,"SRM;PSMD10;PSMD7;PSMF1;PSMD13;PSMC5;PSMD12;PSMC2;PSMA7;PSMC1;PSMC6;PSMB6;PSMC3;PSME3;PSMD2;PSMD8;PSMD6;PSMB1;PSMD1"
"RA_Interleukin-1_family_signaling%R-MMU-446652",0.00419287211740042,0.0285005568492457,0.487976612760794,1.78001165377981,1,75,"NFKBIA;NFKB2;NLRC5;UBC;RELA;IRAK4;PSMD10;NKIRAS1;PSMD7;PSMF1;CASP8;PSMD13;TRAF2;PSMC5;PSMD12;IRAK1;PSMC2;PSMA7;PSMC1;PSMC6;PSMB6;TRAF6;CUL1;PSMC3;TNIP2;PSME3;PSMD2;PSMD8;CTSG;MYD88;USP14;MAP3K7;MAP3K8;RPS27A;PSMD6;PSMB1;PSMD1"
"RA_AUF1_(hnRNP_D0)_binds_and_destabilizes_mRNA%R-MMU-450408",0.00412371134020619,0.0285005568492457,0.595872730794565,1.89654168756919,1,33,"HSPA8;PSMD10;PSMD7;PSMF1;PSMD13;PSMC5;PSMD12;PSMC2;PSMA7;PSMC1;PSMC6;PSMB6;PSMC3;PSME3;EIF4G1;PSMD2;PSMD8;RPS27A;PSMD6;PSMB1;PSMD1"
"RA_Regulation_of_mRNA_stability_by_proteins_that_bind_AU-rich_elements%R-MMU-450531",0.004149377593361,0.0285005568492457,0.506229600183868,1.76267623471482,1,53,"HSPA8;PSMD10;PSMD7;PSMF1;SET;PSMD13;PSMC5;PSMD12;PSMC2;PSMA7;PSMC1;PSMC6;PSMB6;DCP1A;PSMC3;ELAVL1;PSME3;EIF4G1;PSMD2;PSMD8;EXOSC5;NUP214;RPS27A;PSMD6;PSMB1;PSMD1;EXOSC2;KHSRP;EXOSC8;EXOSC7;PSME1"
"RA_Asymmetric_localization_of_PCP_proteins%R-MMU-4608870",0.00413223140495868,0.0285005568492457,0.628152300333422,1.9548800535708,1,30,"PSMD10;PSMD7;PSMF1;PSMD13;PSMC5;PSMD12;PSMC2;PSMA7;PSMC1;PSMC6;PSMB6;PSMC3;PSME3;PSMD2;PSMD8;RPS27A;PSMD6;PSMB1;PSMD1"
"RA_Degradation_of_GLI1_by_the_proteasome%R-MMU-5610780",0.00411522633744856,0.0285005568492457,0.562133836050056,1.79482789422201,1,34,"PSMD10;PSMD7;PSMF1;PSMD13;PSMC5;PSMD12;PSMC2;PSMA7;SUFU;PSMC1;PSMC6;PSMB6;CUL1;PSMC3;PSME3;PSMD2;PSMD8;RPS27A;PSMD6;PSMB1;PSMD1;PSME1;RBX1"
"RA_GLI3_is_processed_to_GLI3R_by_the_proteasome%R-MMU-5610785",0.00420168067226891,0.0285005568492457,0.560747999349265,1.79485379433706,1,35,"PSMD10;PSMD7;PSMF1;PSMD13;PSMC5;PSMD12;PSMC2;PSMA7;SUFU;PSMC1;PSMC6;PSMB6;CUL1;PSMC3;PSME3;PSMD2;PSMD8;RPS27A;PSMD6;PSMB1;PSMD1;PSME1;RBX1"
"RA_Stabilization_of_p53%R-MMU-69541",0.00408163265306122,0.0285005568492457,0.591247098083234,1.88151982107473,1,32,"PHF20;PSMD10;PSMD7;PSMF1;PSMD13;PSMC5;PSMD12;PSMC2;PSMA7;PSMC1;PSMC6;PSMB6;PSMC3;PSME3;PSMD2;PSMD8;RPS27A;PSMD6;PSMB1;PSMD1"
"RA_p53-Dependent_G1_DNA_Damage_Response%R-MMU-69563",0.00408997955010225,0.0285005568492457,0.571762744101426,1.87421482599024,1,38,"CDKN1A;PHF20;PSMD10;PSMD7;PSMF1;PSMD13;PSMC5;PSMD12;PSMC2;PSMA7;PSMC1;PSMC6;PSMB6;PSMC3;PSME3;PSMD2;PSMD8;CCNE2;RPS27A;PSMD6;PSMB1;PSMD1"
"RA_p53-Dependent_G1/S_DNA_damage_checkpoint%R-MMU-69580",0.00408997955010225,0.0285005568492457,0.571762744101426,1.87421482599024,1,38,"CDKN1A;PHF20;PSMD10;PSMD7;PSMF1;PSMD13;PSMC5;PSMD12;PSMC2;PSMA7;PSMC1;PSMC6;PSMB6;PSMC3;PSME3;PSMD2;PSMD8;CCNE2;RPS27A;PSMD6;PSMB1;PSMD1"
"RA_Ubiquitin_Mediated_Degradation_of_Phosphorylated_Cdc25A%R-MMU-69601",0.00413223140495868,0.0285005568492457,0.6265806484758,1.94998889761071,1,30,"PSMD10;PSMD7;PSMF1;PSMD13;PSMC5;PSMD12;PSMC2;PSMA7;PSMC1;PSMC6;PSMB6;PSMC3;PSME3;PSMD2;PSMD8;RPS27A;PSMD6;PSMB1;PSMD1"
"RA_p53-Independent_DNA_Damage_Response%R-MMU-69610",0.00413223140495868,0.0285005568492457,0.6265806484758,1.94998889761071,1,30,"PSMD10;PSMD7;PSMF1;PSMD13;PSMC5;PSMD12;PSMC2;PSMA7;PSMC1;PSMC6;PSMB6;PSMC3;PSME3;PSMD2;PSMD8;RPS27A;PSMD6;PSMB1;PSMD1"
"RA_p53-Independent_G1/S_DNA_damage_checkpoint%R-MMU-69613",0.00413223140495868,0.0285005568492457,0.6265806484758,1.94998889761071,1,30,"PSMD10;PSMD7;PSMF1;PSMD13;PSMC5;PSMD12;PSMC2;PSMA7;PSMC1;PSMC6;PSMB6;PSMC3;PSME3;PSMD2;PSMD8;RPS27A;PSMD6;PSMB1;PSMD1"
"RA_G1/S_DNA_Damage_Checkpoints%R-MMU-69615",0.00409836065573771,0.0285005568492457,0.570155081035552,1.87534468455083,1,39,"CDKN1A;PHF20;PSMD10;PSMD7;PSMF1;PSMD13;PSMC5;PSMD12;PSMC2;PSMA7;PSMC1;PSMC6;PSMB6;PSMC3;PSME3;PSMD2;PSMD8;CCNE2;RPS27A;PSMD6;PSMB1;PSMD1"
"RA_Ubiquitin-dependent_degradation_of_Cyclin_D%R-MMU-75815",0.00413223140495868,0.0285005568492457,0.61378210462081,1.91015840095633,1,30,"PSMD10;PSMD7;PSMF1;PSMD13;PSMC5;PSMD12;PSMC2;PSMA7;PSMC1;PSMC6;PSMB6;PSMC3;PSME3;PSMD2;PSMD8;RPS27A;PSMD6;PSMB1;PSMD1"
"RA_The_role_of_GTSE1_in_G2/M_progression_after_G2_checkpoint%R-MMU-8852276",0.00408997955010225,0.0285005568492457,0.599528778611417,1.96523074837141,1,38,"CDKN1A;PSMD10;PSMD7;PSMF1;PSMD13;PSMC5;PSMD12;HSP90AB1;HSP90AA1;PSMC2;PSMA7;PSMC1;PSMC6;PSMB6;PSMC3;PSME3;PSMD2;PSMD8;RPS27A;PSMD6;PSMB1;PSMD1;GTSE1;PSME1"
"RA_FBXL7_down-regulates_AURKA_during_mitotic_entry_and_in_early_mitosis%R-MMU-8854050",0.00408163265306122,0.0285005568492457,0.578689459331387,1.84155777086917,1,32,"PSMD10;PSMD7;PSMF1;PSMD13;PSMC5;PSMD12;PSMC2;PSMA7;PSMC1;PSMC6;PSMB6;CUL1;PSMC3;PSME3;PSMD2;PSMD8;RPS27A;PSMD6;PSMB1;PSMD1;PSME1;RBX1"
"RA_MET_promotes_cell_motility%R-MMU-8875878",0.00401606425702811,0.0285005568492457,-0.691035759991211,-1.78746336583106,1,15,"COL1A2;COL1A1;COL5A1;COL5A3;HGF"
"RA_Transcriptional_regulation_by_RUNX2%R-MMU-8878166",0.00410677618069815,0.0285005568492457,0.563912600807167,1.87121544653547,1,40,"CCND1;PSMD10;PSMD7;PSMF1;PPM1D;PSMD13;PSMC5;PSMD12;PSMC2;PSMA7;PSMC1;PSMC6;PSMB6;CBFB;CUL1;PSMC3;PSME3;PSMD2;PSMD8;RPS27A;PSMD6;PSMB1;PSMD1;PSME1;RBX1;RBM14;CDK4"
"RA_Regulation_of_RUNX2_expression_and_activity%R-MMU-8939902",0.00412371134020619,0.0285005568492457,0.565409932912789,1.79958479876217,1,33,"PSMD10;PSMD7;PSMF1;PSMD13;PSMC5;PSMD12;PSMC2;PSMA7;PSMC1;PSMC6;PSMB6;CUL1;PSMC3;PSME3;PSMD2;PSMD8;RPS27A;PSMD6;PSMB1;PSMD1;PSME1;RBX1"
"RA_SCF(Skp2)-mediated_degradation_of_p27/p21%R-MMU-187577",0.00408997955010225,0.0285005568492457,0.603844558631997,1.9793776982798,1,38,"CCND1;CDKN1A;PSMD10;PSMD7;PSMF1;PSMD13;PSMC5;PSMD12;PSMC2;PSMA7;PSMC1;PSMC6;PSMB6;CUL1;PSMC3;PSME3;PSMD2;PSMD8;CCNE2;RPS27A;PSMD6;PSMB1;PSMD1"
"RA_DNA_Replication_Pre-Initiation%R-MMU-69002",0.00419287211740042,0.0285005568492457,0.4818167070539,1.7575419213014,1,75,"MCM8;ORC1;PSMD10;PSMD7;PSMF1;ANAPC10;UBE2C;KPNB1;POLA2;CDC7;PSMD13;PSMC5;PSMD12;PSMC2;UBE2E1;ORC2;PSMA7;ANAPC16;PSMC1;PSMC6;PSMB6;ANAPC11;KPNA6;UBE2S;PSMC3;PSME3;MCM10;PSMD2;RPA3;PSMD8;KPNA1;ORC5;CDC27"
"RA_Nuclear_events_mediated_by_NFE2L2%R-MMU-9759194",0.00412371134020619,0.0285005568492457,0.613755992258847,1.95346047093335,1,33,"PSMD10;PRDX1;PSMD7;PSMF1;PSMD13;PSMC5;PSMD12;PSMC2;PSMA7;PSMC1;PSMC6;PSMB6;CUL1;PSMC3;PSME3;PSMD2;PSMD8;RPS27A;PSMD6;PSMB1;PSMD1;PSME1;RBX1"
"RA_GSK3B_and_BTRC:CUL1-mediated-degradation_of_NFE2L2%R-MMU-9762114",0.00412371134020619,0.0285005568492457,0.611826339830826,1.92177247507479,1,31,"PSMD10;PSMD7;PSMF1;PSMD13;PSMC5;PSMD12;PSMC2;PSMA7;PSMC1;PSMC6;PSMB6;CUL1;PSMC3;PSME3;PSMD2;PSMD8;RPS27A;PSMD6;PSMB1;PSMD1;PSME1;RBX1"
"WP_SIDS_Susceptibility_Pathways%WP1266",0.001953125,0.0295566502463054,0.679003008544394,1.82662134174851,0,18,"C4B;NFYA;CC2D1A;GATA2;HSPD1;REST;CREB1"
"WP_Proteasome_Degradation%WP519",0.00200400801603206,0.0295566502463054,0.530106920216796,1.75168235350329,0,44,"UBE2D3;PSMD7;PSMB2;PSMD13;PSMC5;PSMD12;PSMC2;PSMA7;UBE2B;PSMC1;PSMC6;PSMB6;PSMB4;PSMA4;PSMC3;PSMB8;PSME3;PSMA3;PSMD2;PSMD8;RPN1;PSMD6;PSMB1;UBA1;PSMA5;PSME1;NEDD4"
"WP_Cytoplasmic_Ribosomal_Proteins%WP163",0.00202839756592292,0.0295566502463054,0.620642900525606,2.23757859723554,0,67,"RPS24;RPS20;FAU;RPLP2;RPL38;RPL36;RPS21;RPS14;RPL18;RPL17;RPL19;RPS12;RPS5;RPL26;RPL32;RPS19;RPS16;RPL36A;RPL23A;RPL18A;RPSA;RPL13;RPS17;RPS13;RPLP1;RPL27;RPL37A;RPS3;RPL10A;RPL21;RPLP0;RPS6;RPL7A;RPL8;RPL39;RPL11;RPL3;RPL35A;RPS25;RPS4X;RPL31;RPS15;RPL15;RPL34;RPL9;RPL6;RPS29;RPS3A1;RPL27A;RPL22"
"WP_Eukaryotic_Transcription_Initiation%WP567",0.00198019801980198,0.0295566502463054,0.542779582056562,1.77466287904507,0,40,"POLR1C;GTF2E1;TBP;GTF2E2;POLR2I;GTF2H3;POLR1D;POLR1B;ERCC3;POLR2E;POLR2H;TAF7;TAF6;AK6;POLR3E;POLR2C;GTF2F2"
"WP_Focal_Adhesion-PI3K-Akt-mTOR-signaling_pathway%WP2841",0.00195694716242661,0.0295566502463054,-0.366162680050234,-1.48666963755249,0,146,"COL1A2;PIK3C2G;SLC2A3;COL1A1;PTEN;ITGA4;COL5A1;ITGAV;PFKFB4;PIK3IP1;PIK3C2A;PIK3CG;KIT;ITGA9;INSR;ITGA6;CMC4;RAF1;THBS1;CREB3;IBSP;CASP9;JAK2;IFNAR2;JAK3;IKBKG;PIK3R1;VEGFA;AKT2;CSF1;PPP2R5E;ITGB7;COL5A3"
"WP_MicroRNAs_in_Cardiomyocyte_Hypertrophy%WP1560",0.00193423597678917,0.0295566502463054,-0.530214881005834,-1.88117117891198,0,59,"PPP3CA;PIK3CG;HDAC5;MAP2K4;PRKCB;LRP5;RAF1;HDAC4;DVL1;RCAN1;IKBKG;PIK3R1;AKT2;PPP3CB;MAP2K3;IGF1R;MAPK14;PLCB2;MYLK"
"WP_Focal_Adhesion%WP85",0.00198019801980198,0.0295566502463054,-0.484465151006543,-1.86077108709846,0,102,"COL1A2;COL1A1;BIRC2;PTEN;ITGA4;COL5A1;ITGAV;BRAF;TESK2;PIK3CG;ITGA9;ACTN1;ITGA6;RAF1;THBS1;IBSP;FGR;PIK3R1;VEGFA;AKT2;ITGB7;COL5A3;MAP2K3;HGF;BCL2;PIP5K1C;PIK3R5;ARAF;ITGA2B;MYLK;ITGB3;PELO"
"RA_Epigenetic_regulation_of_gene_expression%R-MMU-212165",0.00616016427104723,0.0346681992651738,0.547558800168207,1.81694908624953,2,40,"POLR1C;TBP;POLR2F;EED;POLR1B;DDX21;HIST1H2AB;HIST1H2AC;POLR2E;DNMT3B;POLR2H"
"RA_Signaling_by_GPCR%R-MMU-372790",0.00583657587548638,0.0346681992651738,-0.371143596838559,-1.51941869477992,2,145,"PDE3B;DGKH;PDE4A;PDE4B;ARHGEF39;PLEKHG2;NLN;C5AR2;PIK3CG;RGS14;C3;GRK6;ARHGEF18;ADGRE1;GNB5;CCL6;PLEKHG5;ARHGEF3;RASGRF2;TSHR;PIK3R1;AKT2;DGKE;DGKG;PRKAR2B;TIAM2;PRKACB;DAGLB;AKAP13;PENK;PIK3R5;PLCB2;ADRB2;GPR183;ARHGEF11;RGS19;PLA2G4A;PLCB1;RGS12;XK;FPR1;GPSM2"
"RA_Extracellular_matrix_organization%R-MMU-1474244",0.00578034682080925,0.0346681992651738,-0.457100918354664,-1.60711132724568,2,59,"COL1A2;COL19A1;FURIN;COL1A1;ITGA4;COL5A1;PECAM1;ITGA9;CAPN3;SPARC;MMP8;IBSP;CAPN9;ITGB7;COL5A3"
"RA_Mitotic_Metaphase_and_Anaphase%R-MMU-2555396",0.00618556701030928,0.0346681992651738,0.359954794629129,1.48934867808294,2,167,"DSN1;DYNLL1;PAFAH1B1;CHMP4B;RCC1;EMD;PSMD10;CHMP7;LMNA;ZW10;PSMD7;PSMF1;ANAPC10;UBE2C;KPNB1;SIRT2;PSMD13;IST1;PSMC5;PSMD12;FBXO5;PSMC2;NUP35;UBE2E1;PSMA7;NUDC;ANAPC16;CENPS;CLIP1;PSMC1;RAN;PSMC6;PSMB6;NDE1;ANAPC11;ITGB3BP;UBE2S;DYNC1I2;NUP155;PSMC3;SEC13;NUP85;PSME3;DYNC1LI2;UBE2I;ERCC6L;PSMD2;NUP98;NUP43;PSMD8;PPP2R2A;BUB1B;CC2D1B;RCC2;AURKB;CDC27;NUP160;SPAST;SPC25;MAD1L1;LMNB1;CENPT;NDEL1;RPS27A;PPP2R5A;NDC80;PSMD6;PSMB1;PSMD1;RANGAP1"
"RA_Mitotic_Anaphase%R-MMU-68882",0.00610997963340122,0.0346681992651738,0.35633323742373,1.47690283385424,2,166,"DSN1;DYNLL1;PAFAH1B1;CHMP4B;RCC1;EMD;PSMD10;CHMP7;LMNA;ZW10;PSMD7;PSMF1;ANAPC10;UBE2C;KPNB1;SIRT2;PSMD13;IST1;PSMC5;PSMD12;PSMC2;NUP35;UBE2E1;PSMA7;NUDC;ANAPC16;CENPS;CLIP1;PSMC1;RAN;PSMC6;PSMB6;NDE1;ANAPC11;ITGB3BP;UBE2S;DYNC1I2;NUP155;PSMC3;SEC13;NUP85;PSME3;DYNC1LI2;UBE2I;ERCC6L;PSMD2;NUP98;NUP43;PSMD8;PPP2R2A;BUB1B;CC2D1B;RCC2;AURKB;CDC27;NUP160;SPAST;SPC25;MAD1L1;LMNB1;CENPT;NDEL1;RPS27A;PPP2R5A;NDC80;PSMD6;PSMB1;PSMD1;RANGAP1"
"RA_ER-Phagosome_pathway%R-MMU-1236974",0.00612244897959184,0.0346681992651738,0.630180635197198,1.66342635931679,2,16,"H2-Q6;H2-Q7;B2M;SEC22B;H2-K1;H2-M3;PDIA3;CALR"
"RA_Signaling_by_Interleukins%R-MMU-449147",0.00616016427104723,0.0346681992651738,0.377525346862999,1.54725594090906,2,155,"FOS;NFKBIA;NFKB2;STAT4;IL11RA1;PTPN6;NLRC5;UBC;RELA;IRAK4;PSMD10;NKIRAS1;HSP90B1;PTK2B;PSMD7;PSMF1;CASP8;TXLNA;IL16;PSMD13;TRAF2;PSMC5;PSMD12;IRAK1;ATF2;PSMC2;CREB1;IL13RA1;PSMA7;PSMC1;PSMC6;PSMB6;PTPN11;TRAF6;TEC;CUL1;PSMC3"
"RA_TRAF6_mediated_induction_of_NFkB_and_MAP_kinases_upon_TLR7/8_or_9_activation%R-MMU-975138",0.00627615062761506,0.0346681992651738,0.502212255805324,1.77225008853129,2,58,"FOS;CD14;NFKBIA;NFKB2;NLRC5;UBC;RELA;ECSIT;NKIRAS1;CASP8;TRAF2;ATF2;CREB1"
"RA_MyD88_dependent_cascade_initiated_on_endosome%R-MMU-975155",0.00627615062761506,0.0346681992651738,0.502212255805324,1.77225008853129,2,58,"FOS;CD14;NFKBIA;NFKB2;NLRC5;UBC;RELA;ECSIT;NKIRAS1;CASP8;TRAF2;ATF2;CREB1"
"RA_Regulation_of_RAS_by_GAPs%R-MMU-5658442",0.00618556701030928,0.0346681992651738,0.527529129668672,1.75813749492363,2,42,"SPRED1;RASA2;PSMD10;PSMD7;PSMF1;RASA4;PSMD13;PSMC5;PSMD12;PSMC2;PSMA7;RASAL3;PSMC1;PSMC6;PSMB6;PSMC3;PSME3;PSMD2;PSMD8;RPS27A;PSMD6;PSMB1;PSMD1;PSME1;RASA3;RBX1"
"RA_Activation_of_NF-kappaB_in_B_cells%R-MMU-1169091",0.00614754098360656,0.0346681992651738,0.542210247116861,1.78342899793643,2,39,"NFKBIA;RELA;PSMD10;PSMD7;PSMF1;PSMD13;PSMC5;PSMD12;MALT1;PSMC2;PSMA7;PSMC1;PSMC6;PSMB6;CUL1;PSMC3;PSME3;PSMD2;PSMD8;RPS27A;PSMD6;PSMB1;PSMD1;NFKBIE"
"RA_Cross-presentation_of_soluble_exogenous_antigens_(endosomes)%R-MMU-1236978",0.00634249471458774,0.0346681992651738,0.587746100510357,1.80005568002667,2,29,"PSMD10;PSMD7;PSMF1;PSMD13;PSMC5;PSMD12;PSMC2;PSMA7;PSMC1;PSMC6;PSMB6;PSMC3;PSME3;PSMD2;PSMD8;PSMD6;PSMB1;PSMD1"
"RA_APC/C-mediated_degradation_of_cell_cycle_proteins%R-MMU-174143",0.00614754098360656,0.0346681992651738,0.488728318065046,1.73741002100598,2,60,"PSMD10;PSMD7;PSMF1;ANAPC10;UBE2C;PSMD13;PSMC5;PSMD12;FBXO5;PSMC2;UBE2E1;PSMA7;ANAPC16;PSMC1;NEK2;PSMC6;PSMB6;ANAPC11;UBE2S;CUL1;PSMC3;PSME3;PSMD2;PSMD8;BUB1B;AURKB;CDC27;RPS27A;PSMD6;PSMB1;PSMD1"
"RA_APC/C:Cdc20_mediated_degradation_of_Securin%R-MMU-174154",0.00614754098360656,0.0346681992651738,0.526640831238265,1.78023009583324,2,45,"PSMD10;PSMD7;PSMF1;ANAPC10;UBE2C;PSMD13;PSMC5;PSMD12;PSMC2;UBE2E1;PSMA7;ANAPC16;PSMC1;PSMC6;PSMB6;ANAPC11;UBE2S;PSMC3;PSME3;PSMD2;PSMD8;CDC27;RPS27A;PSMD6;PSMB1;PSMD1"
"RA_APC/C:Cdh1_mediated_degradation_of_Cdc20_and_other_APC/C:Cdh1_targeted_proteins_in_late_mitosis/early_G1%R-MMU-174178",0.00613496932515337,0.0346681992651738,0.487762234312534,1.68985136829747,2,51,"PSMD10;PSMD7;PSMF1;ANAPC10;UBE2C;PSMD13;PSMC5;PSMD12;PSMC2;UBE2E1;PSMA7;ANAPC16;PSMC1;PSMC6;PSMB6;ANAPC11;UBE2S;PSMC3;PSME3;PSMD2;PSMD8;AURKB;CDC27;RPS27A;PSMD6;PSMB1;PSMD1"
"RA_Regulation_of_ornithine_decarboxylase_(ODC)%R-MMU-350562",0.00618556701030928,0.0346681992651738,0.570256494576166,1.79119982855288,2,31,"PSMD10;PSMD7;PSMF1;PSMD13;PSMC5;PSMD12;PSMC2;PSMA7;PSMC1;PSMC6;PSMB6;PSMC3;PSME3;PSMD2;PSMD8;PSMD6;PSMB1;PSMD1"
"RA_Regulation_of_mitotic_cell_cycle%R-MMU-453276",0.00614754098360656,0.0346681992651738,0.488728318065046,1.73741002100598,2,60,"PSMD10;PSMD7;PSMF1;ANAPC10;UBE2C;PSMD13;PSMC5;PSMD12;FBXO5;PSMC2;UBE2E1;PSMA7;ANAPC16;PSMC1;NEK2;PSMC6;PSMB6;ANAPC11;UBE2S;CUL1;PSMC3;PSME3;PSMD2;PSMD8;BUB1B;AURKB;CDC27;RPS27A;PSMD6;PSMB1;PSMD1"
"RA_Degradation_of_DVL%R-MMU-4641258",0.00630252100840336,0.0346681992651738,0.52876969361778,1.69249697194048,2,35,"PSMD10;PSMD7;PSMF1;PSMD13;PSMC5;PSMD12;PSMC2;PSMA7;KLHL12;PSMC1;PSMC6;PSMB6;PSMC3;DVL2;PSME3;PSMD2;PSMD8;RPS27A;PSMD6;PSMB1;PSMD1"
"RA_TAK1-dependent_IKK_and_NF-kappa-B_activation_%R-MMU-445989",0.00601202404809619,0.0346681992651738,0.624266199807471,1.83498258377927,2,24,"NFKBIA;NFKB2;NLRC5;UBC;RELA;NKIRAS1;CASP8;TRAF2"
"RA_HSP90_chaperone_cycle_for_steroid_hormone_receptors_(SHR)_in_the_presence_of_ligand%R-MMU-3371497",0.0062111801242236,0.0346681992651738,0.621412102925587,1.88036486433606,2,27,"HSPA8;DNAJA1;DYNLL1;FKBP5;FKBP4;DNAJA2;DNAJB1;HSP90AB1;HSP90AA1;DCTN5;DYNC1I2"
"RA_RMTs_methylate_histone_arginines%R-MMU-3214858",0.00801603206412826,0.040785279629093,0.595399086865515,1.75012992075055,3,24,"CCND1;CARM1;PRMT7;PRMT5;HIST1H2AB;WDR5;HIST1H2AC;PRMT1;RBBP7;SMARCE1"
"RA_Antigen_Presentation:_Folding,_assembly_and_peptide_loading_of_class_I_MHC%R-MMU-983170",0.00801603206412826,0.040785279629093,0.585645687359026,1.72146055144533,3,24,"HSPA5;H2-Q6;H2-Q7;B2M;SEC24D;H2-K1;H2-M3;CALR;SEC24A;SEC13"
"RA_Toll_Like_Receptor_9_(TLR9)_Cascade%R-MMU-168138",0.00811359026369168,0.040785279629093,0.484728389696091,1.73037843361222,3,61,"FOS;CD14;NFKBIA;NFKB2;NLRC5;UBC;RELA;ECSIT;NKIRAS1;CASP8;TRAF2;ATF2;CREB1"
"RA_RNA_Polymerase_III_Transcription_Initiation_From_Type_3_Promoter%R-MMU-76071",0.00806451612903226,0.040785279629093,0.558300021422514,1.66235892938255,3,25,"POLR1C;TBP;POLR2F;SNAPC3;SNAPC1;POLR2E;POLR2H;BDP1;POLR3C;POLR3E"
"RA_RNA_Polymerase_I_Promoter_Escape%R-MMU-73772",0.00801603206412826,0.040785279629093,0.61649129474597,1.81212884705158,3,24,"POLR1C;TBP;POLR2F;GTF2H3;POLR1B;ERCC3;POLR2E;POLR2H"
"RA_Cell_surface_interactions_at_the_vascular_wall%R-MMU-202733",0.0078125,0.040785279629093,-0.495661505743143,-1.64084250122599,3,44,"COL1A2;GPC1;COL1A1;ITGA4;PECAM1;CD177;TNFRSF10B;THBD"
"RA_Positive_epigenetic_regulation_of_rRNA_expression%R-MMU-5250913",0.00806451612903226,0.040785279629093,0.6092552401616,1.81407997473328,3,25,"POLR1C;TBP;POLR2F;POLR1B;DDX21;POLR2E;POLR2H"
"RA_B-WICH_complex_positively_regulates_rRNA_expression%R-MMU-5250924",0.00806451612903226,0.040785279629093,0.6092552401616,1.81407997473328,3,25,"POLR1C;TBP;POLR2F;POLR1B;DDX21;POLR2E;POLR2H"
"RA_RNA_Polymerase_III_Transcription_Initiation_From_Type_1_Promoter%R-MMU-76061",0.00801603206412826,0.040785279629093,0.586299254032779,1.72338166052355,3,24,"POLR1C;TBP;POLR2F;POLR2E;POLR2H;GTF3C4;BDP1;GTF3C6;POLR3C;POLR3E"
"RA_Estrogen-dependent_gene_expression%R-MMU-9018519",0.00819672131147541,0.0408385318438996,0.519795636417122,1.68409397084195,3,36,"TBP;CARM1;POLR2F;POLR2I;FKBP4;POLR2E;TLE3;HSP90AB1;POLR2H;HSP90AA1;USF2;PRMT1;GTF2F1;CBFB;NCOA1;CCNT1;POLR2C;GTF2F2"
"RA_Toll_Like_Receptor_7/8_(TLR7/8)_Cascade%R-MMU-168181",0.0082815734989648,0.040899349823835,0.488682158287001,1.73021394908108,3,59,"FOS;CD14;NFKBIA;NFKB2;NLRC5;UBC;RELA;ECSIT;NKIRAS1;CASP8;TRAF2;ATF2;CREB1"
"RA_G1/S_Transition%R-MMU-69206",0.00838574423480084,0.0410536869929815,0.454466083491228,1.66089407665988,3,76,"MCM8;CCND1;CDKN1A;ORC1;PSMD10;PSMD7;PSMF1;POLA2;CDC7;PSMD13;PSMC5;PSMD12;PSMC2;ORC2;PSMA7;PSMC1;PSMC6;PSMB6;CUL1;PSMC3;PSME3;MCM10;PSMD2;RPA3;PSMD8;ORC5;CCNE2;RPS27A;PSMD6;PSMB1;PSMD1"
"RA_MyD88:MAL(TIRAP)_cascade_initiated_on_plasma_membrane%R-MMU-166058",0.0104384133611691,0.0453009333762472,0.484909586028837,1.69854069096528,4,55,"FOS;NFKBIA;NFKB2;NLRC5;UBC;RELA;ECSIT;NKIRAS1;CASP8;TRAF2;ATF2;CREB1"
"RA_Toll_Like_Receptor_10_(TLR10)_Cascade%R-MMU-168142",0.0104384133611691,0.0453009333762472,0.484909586028837,1.69854069096528,4,55,"FOS;NFKBIA;NFKB2;NLRC5;UBC;RELA;ECSIT;NKIRAS1;CASP8;TRAF2;ATF2;CREB1"
"RA_Toll_Like_Receptor_5_(TLR5)_Cascade%R-MMU-168176",0.0104384133611691,0.0453009333762472,0.484909586028837,1.69854069096528,4,55,"FOS;NFKBIA;NFKB2;NLRC5;UBC;RELA;ECSIT;NKIRAS1;CASP8;TRAF2;ATF2;CREB1"
"RA_Toll_Like_Receptor_TLR1:TLR2_Cascade%R-MMU-168179",0.0104384133611691,0.0453009333762472,0.484909586028837,1.69854069096528,4,55,"FOS;NFKBIA;NFKB2;NLRC5;UBC;RELA;ECSIT;NKIRAS1;CASP8;TRAF2;ATF2;CREB1"
"RA_Toll_Like_Receptor_TLR6:TLR2_Cascade%R-MMU-168188",0.0104384133611691,0.0453009333762472,0.484909586028837,1.69854069096528,4,55,"FOS;NFKBIA;NFKB2;NLRC5;UBC;RELA;ECSIT;NKIRAS1;CASP8;TRAF2;ATF2;CREB1"
"RA_Toll_Like_Receptor_2_(TLR2)_Cascade%R-MMU-181438",0.0104384133611691,0.0453009333762472,0.484909586028837,1.69854069096528,4,55,"FOS;NFKBIA;NFKB2;NLRC5;UBC;RELA;ECSIT;NKIRAS1;CASP8;TRAF2;ATF2;CREB1"
"RA_MyD88_cascade_initiated_on_plasma_membrane%R-MMU-975871",0.0104384133611691,0.0453009333762472,0.484909586028837,1.69854069096528,4,55,"FOS;NFKBIA;NFKB2;NLRC5;UBC;RELA;ECSIT;NKIRAS1;CASP8;TRAF2;ATF2;CREB1"
"RA_C-type_lectin_receptors_(CLRs)%R-MMU-5621481",0.0104602510460251,0.0453009333762472,0.456067645325401,1.65325155417437,4,70,"NFKBIA;NFKB2;UBC;RELA;PSMD10;UBA3;PSMD7;PSMF1;CASP8;PSMD13;CDC34;PSMC5;PSMD12;MALT1;PSMC2;PSMA7;PSMC1;PSMC6;PSMB6;TRAF6;PDPK1;CUL1;PSMC3"
"RA_Synthesis_of_DNA%R-MMU-69239",0.0103734439834025,0.0453009333762472,0.415482545604438,1.56397960996209,4,90,"MCM8;ORC1;GINS2;PSMD10;PSMD7;PSMF1;ANAPC10;UBE2C;POLA2;PSMD13;PSMC5;PSMD12;PSMC2;UBE2E1;ORC2;PSMA7;ANAPC16;PSMC1;PSMC6;PSMB6;ANAPC11;UBE2S;RFC3;CUL1;PSMC3;PSME3;DNA2;PSMD2;RPA3;PSMD8;ORC5;CDC27;CCNE2;RPS27A;PSMD6;PSMB1;PSMD1;GINS4"
"RA_DNA_Replication%R-MMU-69306",0.0102669404517454,0.0453009333762472,0.41870358748413,1.60274967525357,4,98,"MCM8;ORC1;GINS2;PSMD10;PSMD7;PSMF1;ANAPC10;UBE2C;KPNB1;POLA2;CDC7;PSMD13;PSMC5;PSMD12;PSMC2;UBE2E1;ORC2;PSMA7;ANAPC16;PSMC1;PSMC6;PSMB6;ANAPC11;KPNA6;UBE2S;RFC3;CUL1;PSMC3;PSME3;DNA2;MCM10;PSMD2;RPA3;PSMD8;KPNA1;ORC5;CDC27;CCNE2;RPS27A;PSMD6;PSMB1;PSMD1;GINS4"
"RA_RUNX1_regulates_transcription_of_genes_involved_in_differentiation_of_HSCs%R-MMU-8939236",0.0102459016393443,0.0453009333762472,0.50740971126296,1.66896364964101,4,39,"GATA2;PSMD10;PSMD7;PSMF1;PSMD13;PSMC5;PSMD12;PSMC2;PSMA7;PSMC1;PSMC6;PSMB6;CBFB;PSMC3;LDB1;PSME3;PSMD2;PSMD8;TCF12;RPS27A;PSMD6;PSMB1;PSMD1"
"RA_Heparan_sulfate/heparin_(HS-GAG)_metabolism%R-MMU-1638091",0.0100200400801603,0.0453009333762472,-0.649563738645809,-1.75981661802904,4,18,"GPC1;XYLT1;SLC35D2;GLB1;NDST1;GLB1L;XYLT2;NDST2"
"RA_Platelet_Aggregation_(Plug_Formation)%R-MMU-76009",0.0100200400801603,0.0453009333762472,-0.654120886659175,-1.77216297347902,4,18,"COL1A2;COL1A1;RAPGEF3;APBB1IP"
"RA_DDX58/IFIH1-mediated_induction_of_interferon-alpha/beta%R-MMU-168928",0.0102040816326531,0.0453009333762472,0.585653769748328,1.70052700510969,4,23,"NFKBIA;NFKB2;RELA;TNFAIP3;NKIRAS1;MAVS;HSP90AB1;HSP90AA1;IRF3"
"RA_RNA_Polymerase_III_Transcription_Initiation_From_Type_2_Promoter%R-MMU-76066",0.0102040816326531,0.0453009333762472,0.594684983912173,1.72675038890375,4,23,"POLR1C;TBP;POLR2F;POLR2E;POLR2H;GTF3C4;BDP1;GTF3C6;POLR3C;POLR3E"
"RA_Ion_channel_transport%R-MMU-983712",0.0114942528735632,0.0493989646398175,-0.435623617170459,-1.5599980263658,5,63,"TRPV2;ATP1B1;TRPM2;ATP8B4;ATP9B;SGK1;RYR1;ATP11C;TRPM7;RAF1;ATP2A3;STOM;TTYH3;ATP11B;OSTM1;ASPH;SRI;ATP13A2;ANO10;TPCN1;TCIRG1;WWP1;CLCN6;ATP11A;ATP6V0A1;ANO6"
"RA_Synthesis_of_PIPs_at_the_Golgi_membrane%R-MMU-1660514",0.01171875,0.0499822443181818,-0.658721347594292,-1.74995917515998,5,16,"PIK3C2G;INPP5E;OCRL;PIK3C2A;PI4KA"
"WP_Translation_Factors%WP307",0.00400801603206413,0.0511022044088176,0.512597702676279,1.69382499262064,1,44,"PAIP1;EIF3D;EIF3G;EIF2B3;EIF3I;EIF3H;EIF1A;EIF3A;EIF2AK2;EIF4EBP1;EEF1B2;EEF1G;EIF4A1;EIF3C;EIF2B4;EEF2;EIF2B2;EEF1A1;EIF4G1;EIF3B;EIF2B1;EIF5A;EEF1D;EIF4H;EIF2S2;EIF1"
"RA_RNA_Polymerase_III_Transcription%R-MMU-74158",0.0123711340206186,0.0515922107674685,0.537216380408769,1.68741942903986,5,31,"POLR1C;TBP;POLR2F;SNAPC3;SNAPC1;POLR2E;POLR2H;GTF3C4;BDP1;GTF3C6;POLR3C"
"RA_RNA_Polymerase_III_Transcription_Initiation%R-MMU-76046",0.0123711340206186,0.0515922107674685,0.537216380408769,1.68741942903986,5,31,"POLR1C;TBP;POLR2F;SNAPC3;SNAPC1;POLR2E;POLR2H;GTF3C4;BDP1;GTF3C6;POLR3C"
"RA_MAPK6/MAPK4_signaling%R-MMU-5687128",0.0122448979591837,0.0515922107674685,0.485817796512886,1.63934275644775,5,44,"FOXO3;PSMD10;PSMD7;PSMF1;DNAJB1;PSMD13;PSMC5;PSMD12;PSMC2;PSMA7;PSMC1;PSMC6;PSMB6;PSMC3;PSME3;PSMD2;PSMD8;RPS27A;PSMD6;PSMB1;KALRN;PSMD1;PSME1;CDC14A;CCND3"
"RA_Stimuli-sensing_channels%R-MMU-2672351",0.0134357005758157,0.0556198487072372,-0.530562059279739,-1.60334472825979,6,28,"TRPV2;TRPM2;SGK1;RYR1;TRPM7;RAF1;STOM;TTYH3;OSTM1;ASPH;SRI;ANO10;TPCN1;WWP1;CLCN6"
"KEGG_Aminoacyl-tRNA_biosynthesis%mmu00970",0.00412371134020619,0.0577743735638473,0.524311582395115,1.73109224924065,1,42,"AARS;CARS;YARS2;DARS2;FARSA;TARS;PARS2;QARS;RARS;EARS2;NARS;CARS2;IARS;QRSL1;EPRS;TARS2;YARS;WARS2;FARSB;KARS;SARS;MARS2"
"KEGG_ABC_transporters%mmu02010",0.00403225806451613,0.0577743735638473,-0.584553417124884,-1.73064510684626,1,28,"ABCC2;ABCB10;ABCA2;CFTR;ABCA7;ABCD2;ABCG3;ABCA13;ABCB7;ABCA3;ABCC8;ABCD4"
"KEGG_Ribosome_biogenesis_in_eukaryotes%mmu03008",0.0020746887966805,0.0577743735638473,0.545895026100548,1.93648516163271,0,65,"UTP6;WDR3;IMP4;REXO2;UTP15;GNL3;NOP58;NHP2;POP5;NOP56;FBL;NXT1;UTP4;NOL6;PWP2;SBDS;EMG1;TBL3;WDR75;TCOF1;RCL1;MPHOSPH10;WDR43;RAN;SNU13;AK6;MDN1;POP1;DKC1;RIOK2;NOB1;BMS1;CSNK2B;NAT10;UTP14B;CSNK2A2;UTP14A;HEATR1;GTPBP4"
"KEGG_Ribosome%mmu03010",0.00202429149797571,0.0577743735638473,0.597730591590286,2.34709963086103,0,109,"MRPL12;MRPL14;RPS24;RPS20;MRPS7;FAU;MRPL22;RPLP2;MRPL16;RSL24D1;MRPL30;RPL38;RPL36;RPS21;RPS14;RPL18;MRPL20;RPL17;RPL19;RPS12;MRPS10;RPS5;RPL26;RPL32;RPL23;RPS9;RPS19;RPS16;RPL36A;RPL23A;RPL18A;RPL14;MRPL23;MRPL11;RPSA;RPL13;RPS17;RPS13;RPLP1;RPL27;RPL37A;RPS3;MRPL10;RPL10A;MRPL4;RPL21;RPLP0;RPS6;RPL7A;RPL8;RPL39;MRPS21;RPL11;RPL3;MRPL15;RPL35A;RPS25;RPL36AL;MRPS5;RPS4X;RPL31;MRPL3;RPS15;RPL15;RPL34;RPL9;RPL6"
"KEGG_Nucleocytoplasmic_transport%mmu03013",0.00408163265306122,0.0577743735638473,0.437075203460505,1.66512694205526,1,93,"DDX19A;THOC5;AAAS;PHAX;ACIN1;NCBP1;IPO13;GLE1;SUMO3;KPNB1;DDX19B;NXT1;KPNA4;CASC3;UPF1;NUP35;IPO5;NUP54;NUP88;RAN;KPNA6;XPOT;UPF2;TMEM33;NUP62;TPR;CSE1L;NUP155;EEF1A1;NUP153;SEC13;NUP50;NUP85;NUPL2;UBE2I;RNPS1;NUP98;NUP43;KPNA1"
"KEGG_Spliceosome%mmu03040",0.00194552529182879,0.0577743735638473,0.445581151655499,1.79456834323431,0,119,"HSPA8;SNRPD2;SF3B4;SRSF10;SNRPA;SF3A3;SNRPG;ACIN1;TRA2B;NCBP1;PRPF38B;SLU7;SNRPB;BUD31;SF3A2;CTNNBL1;RP9;TRA2A;SRSF9;PUF60;U2AF2;SRSF7;PRPF18;USP39;CCDC12;PCBP1;CHERP;WBP11;DHX15;SNU13;SF3B6;SNRPF"
"KEGG_Proteasome%mmu03050",0.00412371134020619,0.0577743735638473,0.523337976480452,1.7201846419008,1,41,"PSMD7;PSMF1;PSMB2;PSMD13;PSMC5;PSMD12;PSMC2;PSMA7;PSMC1;PSMC6;PSMB6;PSMB4;PSMA4;PSMC3;PSMB8;PSME3;PSMA3;PSMD2;PSMD8;PSMD6;PSMB1;PSMD1;PSMA5;PSME1"
"KEGG_Rap1_signaling_pathway%mmu04015",0.00400801603206413,0.0577743735638473,-0.421307446631187,-1.63528134798281,1,102,"ITGB2L;EVL;RAPGEF3;BRAF;KIT;RGS14;PRKCB;SIPA1L3;INSR;LCP2;RAPGEF6;APBB1IP;RAF1;FYB;ARAP3;THBS1;PIK3R1;VEGFA;AKT2;CSF1;PLCG1;TIAM1;MAP2K3;HGF;MAPK13;IGF1R;MAPK14;PLCB2;ITGA2B"
"KEGG_Protein_processing_in_endoplasmic_reticulum%mmu04141",0.00196078431372549,0.0577743735638473,0.500937098415997,2.03392360234995,0,136,"HSPA8;HSPH1;DNAJA1;HSPA5;BAX;UBQLN4;DNAJC3;UBXN4;PDIA4;MAN1A2;HYOU1;SYVN1;SSR3;HSP90B1;SEC23B;SELENOS;UBE2D3;RAD23B;NFE2L2;SEC24D;PDIA6;DNAJB11;UBQLN1;RRBP1;EDEM3;SAR1A;FBXO6;DNAJA2;MAP3K5;DNAJB1;TRAF2;HSP90AB1;HSP90AA1;EIF2AK2;UBE2G1;UBXN1;SEC63;CAPN2;TXNDC5;SEC61A1;UBE2J1;SEC62;DNAJC1;BAG1;ATF4;PDIA3;P4HB;CALR;CUL1;VCP"
"KEGG_Lysosome%mmu04142",0.00196078431372549,0.0577743735638473,-0.447142344408362,-1.76875416638572,0,111,"GNPTAB;IGF2R;SLC11A2;NCOA7;ARSB;AP4M1;ABCA2;CTSE;CTSH;DMXL2;SMPD1;NEU1;CD63;LAPTM4A;GLB1;GGA3;TPP1;HEXB;CD164;SORT1;GALNS;AGA;AP1S2;LAMP2;CTNS;ACP5;MFSD8;MANBA;IDS;TCIRG1;NAGA;AP4E1;FUCA2;GNPTG;ABCB9;ATP6V0A1;HEXA;GALC;CTSF;CTSO;AP3S1;CTSB"
"KEGG_Focal_adhesion%mmu04510",0.00398406374501992,0.0577743735638473,-0.437168888692357,-1.69432058578205,1,100,"COL1A2;COL1A1;BIRC2;COL6A4;PTEN;ITGA4;ITGAV;BRAF;ITGA9;PRKCB;ACTN1;ITGA6;RAF1;PPP1R12B;THBS1;IBSP;ARHGAP35;PIK3R1;VEGFA;AKT2;ITGB7;HGF;BCL2;PIP5K1C;IGF1R;ITGA2B;MYLK"
"KEGG_ECM-receptor_interaction%mmu04512",0.00198412698412698,0.0577743735638473,-0.723096824435321,-2.10731253768675,0,25,"COL1A2;COL1A1;COL6A4;ITGA4;ITGAV;ITGA9;ITGA6;AGRN;THBS1;IBSP"
"KEGG_Antigen_processing_and_presentation%mmu04612",0.00206185567010309,0.0577743735638473,0.62558626424594,2.05626943257032,0,41,"HSPA8;HSPA5;H2-Q6;NFYA;H2-EB1;H2-Q7;HSPA4;B2M;CD74;H2-AB1;CTSS;CTSL;H2-AA;H2-K1;HSP90AB1;HSP90AA1;CREB1;NFYB;H2-D1;H2-M3;PDIA3;CALR"
"KEGG_IL-17_signaling_pathway%mmu04657",0.00415800415800416,0.0577743735638473,0.511182522431508,1.70209862967792,1,44,"FOS;NFKBIA;CEBPB;RELA;TNFAIP3;TRAF5;HSP90B1;CASP8;FADD;TRAF2;HSP90AB1;HSP90AA1"
"KEGG_Protein_digestion_and_absorption%mmu04974",0.00398406374501992,0.0577743735638473,-0.599892307133137,-1.75094957005977,1,26,"COL1A2;COL19A1;COL1A1;COL6A4;ATP1B1;COL5A1;SLC36A4"
"KEGG_Morphine_addiction%mmu05032",0.00199203187250996,0.0577743735638473,-0.705009892444049,-2.05776395760452,0,26,"GRK3;PDE1B;PDE3B;PDE4A;PDE4B;PRKCB;GRK6;GNB5"
"KEGG_Epstein-Barr_virus_infection%mmu05169",0.00399201596806387,0.0577743735638473,0.375213985966556,1.54474338561577,1,152,"NFKBIA;NFKB2;BAX;CCND1;CDKN1A;H2-Q6;H2-EB1;AKT3;RELA;TNFAIP3;H2-Q7;B2M;IRAK4;TRAF5;PSMD7;CASP8;BID;H2-AB1;MYC;FADD;VIM;PSMD13;TRAF2;H2-AA;H2-K1;PSMC5;SAP30L;MAVS;PSMD12;IRAK1;SAP30;IRF3;EIF2AK2;PSMC2"
"KEGG_Coronavirus_disease%mmu05171",0.00198807157057654,0.0577743735638473,0.463038452841087,1.88439930327038,0,140,"FOS;NFKBIA;C4B;RPS24;RPS20;RELA;FAU;IRAK4;RPLP2;RSL24D1;RPL38;RPL36;RPS21;C1QB;RPS14;RPL18;RPL17;RPL19;ACE;RPS12;RPS5;C5AR1;RPL26;MAVS;RPL32;RPL23;IRAK1;RPS9;RPS19;IRF3;EIF2AK2;RPS16;RPL36A;RPL23A;CGAS;RPL18A;RPL14;RPSA;RPL13;RPS17;RPS13;RPLP1;RPL27;RPL37A;RPS3;RPL10A;RPL21;RPLP0;RPS6;RPL7A;RPL8;TRAF6;RPL39;OAS1G;F13A1;OAS2;RPL11;RPL3;RPL35A;RPS25;RPL36AL;RPS4X;RPL31;RPS15;RPL15;RPL34;ADAM17;RPL9;RPL6"
"KEGG_Viral_carcinogenesis%mmu05203",0.00399201596806387,0.0577743735638473,0.386363066049104,1.57636532279188,1,143,"NFKBIA;NFKB2;GTF2E1;TBP;BAX;CCND1;CDKN1A;H2-Q6;GTF2E2;YWHAH;RELA;RASA2;H2-Q7;GTF2H3;TRAF5;CASP8;ACTN4;TRAF2;H2-K1;DNAJA3;YWHAE;ATF2;IRF3;EIF2AK2;CREB1;RANBP1;UBE3A;YWHAQ;PSMC1;H2-D1;YWHAG;SCIN;HRAS;ATF4;H2-M3;BAD;HDAC3;CREBBP;SCRIB;NRAS;ATF6B"
"RA_PCP/CE_pathway%R-MMU-4086400",0.0163265306122449,0.0666075125702455,0.480683910514891,1.62201898016032,7,44,"PSMD10;PSMD7;PSMF1;CLTB;PSMD13;PSMC5;PSMD12;PSMC2;PSMA7;PSMC1;PSMC6;PSMB6;PSMC3;DVL2;AP2B1;PSME3;AP2M1;PSMD2;PSMD8;RPS27A;PSMD6;PSMB1;PSMD1"
"RA_TNFR2_non-canonical_NF-kB_pathway%R-MMU-5668541",0.0162271805273834,0.0666075125702455,0.469140241632154,1.59642985538479,7,46,"NFKB2;UBC;PSMD10;UBA3;PSMD7;PSMF1;PSMD13;TRAF2;PSMC5;PSMD12;PSMC2;PSMA7;PSMC1;PSMC6;PSMB6;CUL1;PSMC3;PSME3;PSMD2;PSMD8;TNFRSF14"
"RA_Synthesis_of_active_ubiquitin:_roles_of_E1_and_E2_enzymes%R-MMU-8866652",0.0164609053497942,0.0666725878556414,0.538512958366251,1.61416553949834,7,26,"UBC;UBA6;UBE2C;CDC34;UCHL3;UBE2G1;UBE2E1;UBE2T;UBE2B;UBE2S;OTULIN;UBE2K;UBE2E3;RPS27A;UBE2W;UBA1;UBE2R2"
"RA_GPCR_downstream_signalling%R-MMU-388396",0.0170132325141777,0.0684174993248717,-0.347219947586432,-1.40933926527772,8,138,"PDE3B;DGKH;PDE4A;PDE4B;ARHGEF39;PLEKHG2;PIK3CG;RGS14;C3;GRK6;ARHGEF18;GNB5;CCL6;PLEKHG5;ARHGEF3;RASGRF2;TSHR;PIK3R1;AKT2;DGKE;DGKG;PRKAR2B;TIAM2;PRKACB;DAGLB;AKAP13;PENK;PIK3R5;PLCB2;ADRB2;GPR183;ARHGEF11;RGS19;PLA2G4A;PLCB1;RGS12;FPR1;GPSM2"
"RA_Cardiac_conduction%R-MMU-5576891",0.0178926441351889,0.0714436783553995,-0.563384825569014,-1.63210309795241,8,24,"CES1D;ATP1B1;RYR1;KCNJ2;NPR1;STIM1;ATP2A3;AHCYL1;ASPH;SRI;KCNIP3"
"RA_Toll_Like_Receptor_3_(TLR3)_Cascade%R-MMU-168164",0.01875,0.0741288000702227,0.46806848204664,1.63532784019446,8,54,"FOS;NFKBIA;NFKB2;NLRC5;UBC;RELA;NKIRAS1;CASP8;TRAF2;ATF2;CREB1"
"RA_UCH_proteinases%R-MMU-5689603",0.0188284518828452,0.0741288000702227,0.461849165750614,1.6298133218137,8,58,"UBC;ASXL2;PSMD10;RUVBL1;PSMD7;PSMF1;HIST1H2AB;HIST1H2AC;PSMD13;PSMC5;PSMD12;UCHL3;PSMC2;PSMA7;PSMC1;PSMC6;PSMB6;UCHL5;PSMC3;YY1;FOXK2;PSME3;PSMD2;PSMD8;BAP1;INO80B;NEDD8;RPS27A;PSMD6;PSMB1;PSMD1"
"RA_Phase_I_-_Functionalization_of_compounds%R-MMU-211945",0.01953125,0.075611066344346,-0.566992023680232,-1.63479052764117,9,23,"CES1D;ACSS2;TBXAS1;FDXR;CYP27A1;ACSS1;ALDH1B1;NCOA2;RXRA;PTGS1"
"RA_Muscle_contraction%R-MMU-397014",0.0196078431372549,0.075611066344346,-0.48608560699147,-1.55669988511577,9,37,"CES1D;ATP1B1;RYR1;KCNJ2;TNNI2;NPR1;STIM1;ATP2A3;AHCYL1;ASPH;SRI;KCNIP3"
"RA_Collagen_formation%R-MMU-1474290",0.01953125,0.075611066344346,-0.593455062925997,-1.57657275903577,9,16,"COL1A2;COL19A1;COL1A1;COL5A1"
"KEGG_cAMP_signaling_pathway%mmu04024",0.00604838709677419,0.076036866359447,-0.405991643687617,-1.53293222199892,2,86,"PDE3B;PDE4A;PDE4B;RAPGEF3;ATP1B1;CFTR;BRAF;NPR1;ACOX3;CNGB1;RAF1;ARAP3;SLC9A1;CREB3;ATP2A3;GRIA3;TSHR;PIK3R1;AKT2;TIAM1;ACOX1;PRKACB"
"KEGG_Regulation_of_actin_cytoskeleton%mmu04810",0.006,0.076036866359447,-0.368607729939503,-1.47418729883109,2,123,"ABI2;CYFIP2;ITGB2L;ITGA4;ITGAV;IQGAP3;BRAF;ITGA9;ACTN1;ITGA6;DIAPH3;RAF1;PPP1R12B;SSH1;SLC9A1;ARHGAP35;PIK3R1;AKT2;TIAM1;ITGB7;APC;PIP5K1C;ARAF;ITGA2B;MYLK;ITGB3;SSH3;PAK1;SOS2;DIAPH2;TMSB4X;GNG12;PDGFRB;PIKFYVE;FN1;PIK3CB"
"RA_RNA_Polymerase_II_Promoter_Escape%R-MMU-73776",0.0203252032520325,0.0762872628726287,0.472979812742977,1.57643178040919,9,41,"GTF2E1;TBP;GTF2E2;POLR2F;TAF4B;POLR2I;GTF2H3;ERCC3;POLR2E;POLR2H;TAF7;TAF6;GTF2F1;POLR2C;GTF2F2"
"RA_RNA_Polymerase_II_Transcription_Pre-Initiation_And_Promoter_Opening%R-MMU-73779",0.0203252032520325,0.0762872628726287,0.472979812742977,1.57643178040919,9,41,"GTF2E1;TBP;GTF2E2;POLR2F;TAF4B;POLR2I;GTF2H3;ERCC3;POLR2E;POLR2H;TAF7;TAF6;GTF2F1;POLR2C;GTF2F2"
"RA_RNA_Polymerase_II_Transcription_Initiation%R-MMU-75953",0.0203252032520325,0.0762872628726287,0.472979812742977,1.57643178040919,9,41,"GTF2E1;TBP;GTF2E2;POLR2F;TAF4B;POLR2I;GTF2H3;ERCC3;POLR2E;POLR2H;TAF7;TAF6;GTF2F1;POLR2C;GTF2F2"
"RA_RNA_Polymerase_II_Transcription_Initiation_And_Promoter_Clearance%R-MMU-76042",0.0203252032520325,0.0762872628726287,0.472979812742977,1.57643178040919,9,41,"GTF2E1;TBP;GTF2E2;POLR2F;TAF4B;POLR2I;GTF2H3;ERCC3;POLR2E;POLR2H;TAF7;TAF6;GTF2F1;POLR2C;GTF2F2"
"RA_Protein_ubiquitination%R-MMU-8852135",0.0205761316872428,0.0767176300656801,0.463563315711895,1.60949248202977,9,52,"PEX10;SHPRH;UBC;UBA6;CDC73;UBE2D3;UBE2C;CDC34;UCHL3;UBE2G1;UBE2E1;RAD18;UBE2T;UBE2B;UBE2S;UBE2V2;OTULIN;PAF1;UBE2K;PEX14;BCL10;HLTF;UBE2E3;RNF20;RPS27A;UBE2W"
"RA_Drug_ADME%R-MMU-9748784",0.0212355212355212,0.0781411663764605,-0.497165568549815,-1.52008494698852,10,30,"CES1D;ABCC2;SLC22A3;PON3;ADA;XDH;ADK"
"RA_Platelet_activation,_signaling_and_aggregation%R-MMU-76002",0.0211946050096339,0.0781411663764605,-0.344013046007075,-1.37048519075218,10,118,"COL1A2;CYB5R1;DGKH;COL1A1;RAPGEF3;PECAM1;PIK3CG;PRKCB;CD63;ACTN1;APBB1IP;ENDOD1;RAF1;SPARC;PIK3R1;VEGFA;DGKE;DGKG;LAMP2;GTPBP2;HGF;DAGLB"
"RA_Degradation_of_AXIN%R-MMU-4641257",0.0226337448559671,0.0825513196480939,0.48679860543733,1.5542912734922,10,34,"PSMD10;PSMD7;PSMF1;PSMD13;PSMC5;PSMD12;PSMC2;PSMA7;PSMC1;PSMC6;PSMB6;PSMC3;PSME3;PSMD2;PSMD8;RPS27A;PSMD6;PSMB1;PSMD1"
"RA_RNA_Polymerase_II_Pre-transcription_Events%R-MMU-674695",0.0227272727272727,0.0825513196480939,0.432411118545747,1.56244802461925,10,67,"GTF2E1;TBP;GTF2E2;POLR2F;TAF4B;NCBP1;POLR2I;GTF2H3;CDC73;TCEA1;ERCC3;AFF4;POLR2E;POLR2H;TAF7;TAF6;GTF2F1;CCNT1;PAF1;POLR2C;GTF2F2"
"RA_COPI-mediated_anterograde_transport%R-MMU-6807878",0.0229166666666667,0.0827056623931624,0.431326286756973,1.54173477670814,10,63,"ARFGAP3;DYNLL1;USO1;ARF4;COPG1;RAB1A;ARCN1;TMEM115;COG6;DCTN5;NAPA;COG4;TMED7;DYNC1I2;TMED9;BET1;GOSR1;COPE;DYNC1LI2;YKT6;COPB2;COG1;ACTR10;TMED2;COPA;DCTN4"
"RA_Formation_of_RNA_Pol_II_elongation_complex%R-MMU-112382",0.0241935483870968,0.0856490872210953,0.451576857085144,1.54754820274639,11,47,"POLR2F;NCBP1;POLR2I;GTF2H3;CDC73;TCEA1;ERCC3;AFF4;POLR2E;POLR2H;GTF2F1;CCNT1;PAF1;POLR2C;GTF2F2;EAF1;ELL;CDK9;POLR2G;POLR2L;POLR2B;NELFE;NELFCD;ELOA"
"RA_RNA_Polymerase_II_Transcription_Elongation%R-MMU-75955",0.0241935483870968,0.0856490872210953,0.451576857085144,1.54754820274639,11,47,"POLR2F;NCBP1;POLR2I;GTF2H3;CDC73;TCEA1;ERCC3;AFF4;POLR2E;POLR2H;GTF2F1;CCNT1;PAF1;POLR2C;GTF2F2;EAF1;ELL;CDK9;POLR2G;POLR2L;POLR2B;NELFE;NELFCD;ELOA"
"RA_Formation_of_TC-NER_Pre-Incision_Complex%R-MMU-6781823",0.0243407707910751,0.0856490872210953,0.439118420061826,1.49426907697626,11,46,"HMGN1;POLR2F;POLR2I;GTF2H3;TCEA1;ERCC3;POLR2E;POLR2H;COPS5;COPS7B;CUL4A;POLR2C;XAB2;POLR2G;POLR2L;CUL4B;AQR;RPS27A;PRPF19;POLR2B;XPA;ISY1;GTF2H4;RBX1;GTF2H5"
"RA_mRNA_Capping%R-MMU-72086",0.0241935483870968,0.0856490872210953,0.524066507741634,1.56042737830263,11,25,"POLR2F;NCBP1;POLR2I;GTF2H3;ERCC3;POLR2E;POLR2H;GTF2F1;POLR2C;GTF2F2"
"RA_Fc_epsilon_receptor_(FCERI)_signaling%R-MMU-2454202",0.0251572327044025,0.0871880397879564,0.421133271323266,1.53618454480582,11,75,"FOS;NFKBIA;UBC;RELA;PSMD10;PSMD7;PSMF1;PSMD13;CDC34;PSMC5;PSMD12;MALT1;PSMC2;PSMA7;PSMC1;PSMC6;PSMB6;TRAF6;PDPK1;TEC;CUL1;PSMC3;LAT2;FCER1G;PSME3"
"RA_RHOQ_GTPase_cycle%R-MMU-9013406",0.0252427184466019,0.0871880397879564,-0.468994632208236,-1.53009919649732,12,40,"ARHGAP33;CFTR;IQGAP3;MPP7;GFOD1;DIAPH3;ARHGAP1;STOM;ARHGAP35;WWP2;STEAP3;JUP;TFRC;LAMTOR1;PLEKHG3"
"RA_RHOC_GTPase_cycle%R-MMU-9013106",0.0250481695568401,0.0871880397879564,-0.439045422506624,-1.47470366739195,12,48,"ERBIN;IQGAP3;PKN2;DIAPH3;ARHGAP1;FLOT1;STOM;ARHGAP35;DAAM1;PIK3R1;FLOT2;AKAP13;SLK;FMNL3;CIT;JUP;TFRC;ARHGEF11"
"RA_Downstream_signaling_events_of_B_Cell_Receptor_(BCR)%R-MMU-1168372",0.026530612244898,0.0905256648113791,0.451359417646641,1.52306646068671,12,44,"NFKBIA;RELA;PSMD10;PSMD7;PSMF1;PSMD13;PSMC5;PSMD12;MALT1;PSMC2;PSMA7;PSMC1;PSMC6;PSMB6;CUL1;PSMC3;FKBP1A;PSME3;PSMD2;PSMD8;RPS27A;PSMD6;PSMB1;PSMD1;NFKBIE;CALM1;PSME1"
"RA_Hedgehog_'on'_state%R-MMU-5632684",0.026530612244898,0.0905256648113791,0.451776910197386,1.52447524684861,12,44,"KIF3A;PSMD10;CDC73;PSMD7;PSMF1;PSMD13;PSMC5;PSMD12;PSMC2;PSMA7;SUFU;PSMC1;PSMC6;PSMB6;PSMC3;PSME3;PSMD2;PSMD8;RPS27A;PSMD6;PSMB1;PTCH1;PSMD1"
"WP_TNF-alpha_NF-kB_Signaling_Pathway%WP246",0.00804828973843059,0.09121395036888,0.359771469158393,1.47249804815175,3,153,"NFKBIA;NFKB2;POLR1C;YWHAH;RELA;TNFAIP3;FKBP5;POLR1D;NKIRAS1;POLR1B;DCAF7;PSMD7;CASP8;TXLNA;FBL;FADD;PEBP1;PSMD13;CDC34;TRAF2;PSMD12;YWHAE;HSP90AB1;POLR2H;NSMAF;DPF2;HSP90AA1;MAP3K2;PSMC2;TRPC4AP;BCL7A;PML;RPS13;PSMC1;YWHAG;KPNA6;RPL8;PTPN11;TRAF6;CUL1;PSMC3;RACK1;GTF2I;SMARCE1;CD3EAP;CREBBP;RIPK1"
"BP_cell_adhesion%0007155",0.0019723865877712,0.098706732597946,-0.4452189234601,-1.73090858181901,0,109,"COL19A1;OLFM4;SIGLECG;TCAM1;COL6A4;ITGB2L;ITGA4;ATP1B1;COL5A1;PECAM1;ITGAV;CD177;CD33;PKN2;EGFL7;ITGA9;LMLN;NEDD9;CERCAM;ADA;CD164;IBSP"
"BP_ribosomal_large_subunit_biogenesis%0042273",0.00194931773879142,0.098706732597946,0.656848254494515,2.04783569500084,0,32,"NOP16;MRTO4;NLE1;RSL24D1;NOP2;NIP7;RRS1;SDAD1;SURF6;HEATR3;RPF2;EBNA1BP2;RPL26;RPL14;NPM1;TMA16;CINP;WDR74;RPL11;RPL35A;NOC2L"
"BP_transmembrane_transport%0055085",0.00198019801980198,0.098706732597946,-0.528733396476699,-1.93778456419041,0,73,"ABCC2;SLC35A4;ABCB10;ABCA2;SPNS3;SLCO4A1;ABCA7;SLC36A4;MFSD14B;ABCD2;ABCG3;ABCA13;SLCO4C1;SLC25A30;MPV17;MPEG1;SLCO3A1;SLC4A8;ABCB7;SLC5A11;SLC4A5;SLC25A36;ABCC8;ABCD4"
"BP_mRNA_splicing,_via_spliceosome%0000398",0.00204081632653061,0.098706732597946,0.408223584072259,1.61437536091718,0,126,"HSPA8;SNRPD2;SF3B4;SRSF10;SNRPA;WBP4;SF3A3;SNRPG;TRA2B;NCBP1;SNRPB;DHX40;BUD31;SF3A2;CTNNBL1;RBM10;TRA2A;CASC3;RBM41;U2AF2;DBR1;SNRNP35;USP39;BC005624;SNU13;ZCRB1;SF3B6;SNRPF;METTL3;YTHDC1;CWC25;TXNL4B;IK;SF3B2;LSM2;RNPS1;PLRG1;XAB2;PRPF31;GCFC2;SNRPB2;WDR83;AQR;PRPF3;SNRPC;SYF2;DDX41;PRPF19;CDC5L;MAGOHB;LSM7;SF1;SNRPD1;DHX16;CWC15;ISY1;LSM6;SNW1;EFTUD2;RBM14;RBM8A"
"BP_cell-matrix_adhesion%0007160",0.00203252032520325,0.098706732597946,-0.510256428155552,-1.6845299635687,0,43,"SNED1;ITGB2L;ITGA4;ITGAV;ITGA9;CD63;ITGA6;MKLN1;TIAM1;ITGB7;COL5A3;HPSE;ITGA2B;ITGB3;LIMS1"
"BP_cell_migration%0016477",0.00196078431372549,0.098706732597946,-0.38240232921858,-1.53652352900208,0,129,"GPC1;SORL1;PIK3C2G;ABI2;ZRANB1;PTEN;ITGA4;COL5A1;RHOF;ITGAV;MEGF9;PIK3C2A;PIK3CG;NF1;KNSTRN;CD63;NEDD9;THBS1;ARHGAP35;PVR;DOCK5;VEGFA;MMP9;PLCG1;TIAM1;CARMIL2;BCL2;MYO18A;APC;FMNL3;PBXIP1;CORO1B;MACF1;CORO7;AXL;JUP;ITGB3"
"BP_positive_regulation_of_fat_cell_differentiation%0045600",0.00190839694656489,0.098706732597946,0.671378341658166,1.93294331856172,0,22,"CEBPA;LPL;CEBPB;CARM1;ASXL2;STK3;UCHL3;CREB1;SAV1"
"BP_rRNA_processing%0006364",0.00202020202020202,0.098706732597946,0.485445230646594,1.90575486094992,0,109,"NOL8;UTP11;RRP9;IMP4;RPS24;MRTO4;RRP1B;UTP15;WDR18;RRP15;NOP2;LAS1L;PDCD11;POP5;DDX21;WDR55;NOP14;DDX17;NOL6;SBDS;EBNA1BP2;RPL26;RPS19;RPS16;TBL3;WDR75;RRP8;RPL14;RCL1;MPHOSPH10;PIN4;RPS17;WDR43;RPL27;REXO4;PA2G4;LYAR;WBP11;BRIX1;RPS6;DDX49;AK6;UTP20;WDR74;RPL11;RPL35A;RPS25;PES1;PWP1"
"BP_protein_folding%0006457",0.00199600798403194,0.098706732597946,0.580733834832354,2.21936896607981,0,94,"HSPA8;HSPH1;DNAJA1;HSPA5;HSPE1;QSOX2;HSPA13;AHSA2;PDRG1;GRPEL2;HSPA4;PDIA4;HYOU1;CCT6A;ZPR1;CCT5;TBCA;HSP90B1;AHSA1;HSPA14;DNAJB11;CCT8;HSPD1;DNAJB1;DNAJA3;HSP90AB1;HSP90AA1;MESD;NUDC;CCT3;CCT2;TXNDC5;HSPA9;DNAJC1;CDC123;PDIA3;P4HB;CALR;PPID;CCT4;CCT7;PFDN6;NUDCD2;GRPEL1;PFDN5;PPIB;PDIA5;ERP44;DNAJB4;P3H1;CDC37"
"BP_monoatomic_cation_transmembrane_transport%0098655",0.00209205020920502,0.098706732597946,-0.715514555810005,-1.82138420411586,0,15,"ATP1B1;TRPM7;PIEZO1;CNGB1;TMEM109;P2RX7;P2RX1;ATP13A3;ATP13A2;ANO10"
"BP_translation%0006412",0.00202020202020202,0.098706732597946,0.491349527915336,1.83544519775698,0,81,"MRPL12;EEF1E1;RPS24;MRPS7;MRPL22;MRPL16;RSL24D1;RBM3;LARP4;RPS14;MRPL20;RPL19;AIMP1;RPS5;RPL32;RPL23;RPS9;EIF2AK2;MRPL23;MRPL11;RPS17;MRPL10;RPL10A;MRPL41;RPL11;MRPL57;GEMIN5;RPL3;MRPL15;RACK1;EEF1A1;GSPT1;MRPS5;RPS4X;MRPL3;AIMP2;RPL9;EIF4G1;RPS29;RPS3A1;RPL27A;EIF2B1"
"BP_axon_guidance%0007411",0.00198807157057654,0.098706732597946,-0.515731549989137,-1.71806022762032,0,44,"CYFIP2;SEMA4A;EVL;MEGF9;SEMA4B;ULK2;CDK5R1;LGR4;DVL1;FLOT1;SEMA4D;ARHGAP35;NRP1;KLF7;EPHA7;MATN2;PTPRJ;NOTCH1;PTPRO;MEF2C;LMTK2;RUNX3"
"BP_cytoplasmic_translation%0002181",0.00199600798403194,0.098706732597946,0.632518627517922,2.31572080840576,0,72,"RPS24;RPS20;FAU;RPLP2;RPL38;RPL36;RPS21;RPS14;RPL18;RPL17;RPL19;RPS12;RPS5;RPL26;RPL32;RPL23;RPS9;RPS19;RPS16;RPL36A;RPL23A;RPL18A;RPL14;RPSA;RPL13;RPS17;RPS13;RPLP1;RPL27;RPL37A;RPS3;RPL10A;RPL21;RPLP0;RPS6;RPL7A;RPL8;ZC3H15;RPL39;RPL11;RPL3;RPL35A;RPS25;RPS4X;RPL31;DRG2;RPS15;RPL15;RPL34;RPL9;RPL6;RWDD1;RPS29;RPL27A;RPL22"
"BP_ribosomal_small_subunit_biogenesis%0042274",0.002,0.098706732597946,0.64297778614636,2.35008857161721,0,70,"UTP6;WDR3;UTP11;RRP9;IMP4;RPS24;UTP15;NOP58;NGDN;RPS14;NOP56;SURF6;FBL;NOP14;RPS12;UTP4;NOL6;PWP2;RPS5;PNO1;RPS9;RPS19;DHX37;RPS16;EMG1;TBL3;WDR75;NPM1;RCL1;MPHOSPH10;RPS17;RPS13;WDR43;DNTTIP2;RPS6;SNU13;AK6;UTP20;AATF;RPS25;RPS4X;RPS15;RIOK2;NOB1;BMS1;NAT10;RPS3A1;RRP36;KRR1;HEATR1;NOM1;WDR46;RPS27A"
"BP_chaperone-mediated_protein_folding%0061077",0.00199203187250996,0.098706732597946,0.64736349321175,1.93321423484026,0,27,"HSPA8;PDIA4;FKBP5;CCT6A;CCT5;FKBP4;CCT8;CHORDC1;HSP90AB1;CCT3;CCT2;PPID;FKBP11;CCT4;CCT7;PPIB;SGTA"
"BP_phosphatidylinositol-3-phosphate_biosynthetic_process%0036092",0.0020746887966805,0.098706732597946,-0.730671979765822,-1.89519173160243,0,16,"PIK3C2G;INPP4A;INPP5E;PIK3C2A;PIK3CG;BECN1;PIK3R1;ATG14;UVRAG"
"BP_translation_at_presynapse%0140236",0.0019723865877712,0.098706732597946,0.612224731764135,1.9734377673655,0,38,"RPS24;RPLP2;RPL38;RPL36;RPS14;RPL17;RPS12;RPS5;RPL26;RPL32;RPL23;RPS16;RPL36A;RPL23A;RPL14;RPL13;RPL27;RPL37A;RPL10A;RPL7A;RPL8;RPL35A;RPL15;RPL34;RPL9;RPL6;RPL27A;RPL22;RPL28;RPL4;RPS27A"
"BP_translation_at_postsynapse%0140242",0.0019723865877712,0.098706732597946,0.614442906039504,1.99672613654998,0,39,"RPS24;RPLP2;RPL38;RPL36;RPS14;RPL17;RPS12;RPS5;RPL26;RPL32;RPL23;RPS16;RPL36A;RPL23A;RPL14;RPL13;RPL27;RPL37A;RPL10A;RPL7A;RPL8;EEF2;RPL35A;RPL15;RPL34;RPL9;RPL6;RPL27A;RPL22;RPL28;RPL4;RPS27A"
"BP_spliceosomal_snRNP_assembly%0000387",0.00196078431372549,0.098706732597946,0.635932145211192,1.85154871538628,0,24,"SNRPD2;SNRPG;PRMT7;GEMIN6;SNRPB;PRMT5;CLNS1A;GEMIN4;PRPF4B;SNRPF;GEMIN5"
"BP_maturation_of_SSU-rRNA_from_tricistronic_rRNA_transcript_(SSU-rRNA,_5.8S_rRNA,_LSU-rRNA)%0000462",0.00190839694656489,0.098706732597946,0.656453870939242,1.88997476540887,0,22,"UTP6;TSR1;NGDN;NOL10;UTP4;PWP2;RPS19;DHX37;RPS16;WDR43"
"BP_positive_regulation_of_mRNA_splicing,_via_spliceosome%0048026",0.00196078431372549,0.098706732597946,0.650394425163459,1.80518306982799,0,20,"HSPA8;TRA2B;NCBP1;RBM3;PRMT5;TRA2A;CLNS1A;SLIRP"
"BP_chaperone_cofactor-dependent_protein_refolding%0051085",0.00196078431372549,0.098706732597946,0.668663469098552,1.94684762605293,0,24,"HSPA8;HSPH1;HSPA5;HSPE1;HSPA13;ST13;SDF2L1;CD74;HSPA14;DNAJB1;SDF2"
"RA_TCR_signaling%R-MMU-202403",0.0293501048218029,0.0995428253896088,0.439451936241931,1.54213011834025,13,57,"NFKBIA;UBC;RELA;PSMD10;PSMD7;PSMF1;PSMD13;CDC34;PSMC5;PSMD12;MALT1;PSMC2;PSMA7;CSK;PSMC1;PSMC6;PSMB6;TRAF6;PDPK1;CUL1;PSMC3"
"RA_Toll_Like_Receptor_4_(TLR4)_Cascade%R-MMU-166016",0.0309917355371901,0.103859208972845,0.410912739005177,1.51942135157382,14,78,"FOS;CD14;NFKBIA;NFKB2;NLRC5;UBC;RELA;ECSIT;NKIRAS1;UBE2D3;CASP8;FADD;TRAF2;ATF2;IRF3;DNM2;CREB1"
"RA_Transcriptional_regulation_by_RUNX3%R-MMU-8878159",0.0309278350515464,0.103859208972845,0.448794290210832,1.49573175157717,14,42,"CCND1;PSMD10;PSMD7;PSMF1;PSMD13;PSMC5;PSMD12;PSMC2;PSMA7;PSMC1;PSMC6;PSMB6;CBFB;PSMC3;PSME3;CTNNB1;PSMD2;PSMD8;RPS27A;PSMD6;PSMB1;PSMD1"
"RA_Regulation_of_Insulin-like_Growth_Factor_(IGF)_transport_and_uptake_by_Insulin-like_Growth_Factor_Binding_Proteins_(IGFBPs)%R-MMU-381426",0.0327868852459016,0.104117062345408,0.466676209192133,1.51199151199715,15,36,"C4B;MEN1;RCN1;DNAJC3;HSP90B1;PDIA6;STC2;LGALS1;SHISA5"
"RA_Post-translational_protein_phosphorylation%R-MMU-8957275",0.0327868852459016,0.104117062345408,0.466676209192133,1.51199151199715,15,36,"C4B;MEN1;RCN1;DNAJC3;HSP90B1;PDIA6;STC2;LGALS1;SHISA5"
"RA_Mitotic_Prophase%R-MMU-68875",0.0329218106995885,0.104117062345408,0.427047563211836,1.48270973815745,15,52,"AAAS;EMD;LMNA;HIST1H2AB;HIST1H2AC;SET;NUP35;MCPH1;NUP54;NUP88;NUP62;TPR;NUP155;ARPP19;NUP153;SEC13;NUP50;NUP85;NUP98;NUP43;RAB2A;GORASP2;NUP160;LMNB1;NUP214"
"RA_ESR-mediated_signaling%R-MMU-8939211",0.0334029227557411,0.104117062345408,0.428914976331833,1.50240284220882,15,55,"TBP;CARM1;POLR2F;FOXO3;FKBP5;POLR2I;FKBP4;POLR2E;GNAI3;TLE3;HSP90AB1;POLR2H;HSP90AA1;CREB1;USF2;PRMT1;GTF2F1;PDPK1;CBFB;NCOA1;PPID;CCNT1;POLR2C;GTF2F2;PPP5C"
"RA_MyD88-independent_TLR4_cascade%R-MMU-166166",0.0334728033472803,0.104117062345408,0.418509177207791,1.51710158514172,15,70,"FOS;CD14;NFKBIA;NFKB2;NLRC5;UBC;RELA;NKIRAS1;UBE2D3;CASP8;FADD;TRAF2;ATF2;IRF3;CREB1"
"RA_TRIF(TICAM1)-mediated_TLR4_signaling%R-MMU-937061",0.0334728033472803,0.104117062345408,0.418509177207791,1.51710158514172,15,70,"FOS;CD14;NFKBIA;NFKB2;NLRC5;UBC;RELA;NKIRAS1;UBE2D3;CASP8;FADD;TRAF2;ATF2;IRF3;CREB1"
"RA_RHOA_GTPase_cycle%R-MMU-8980692",0.0328820116054159,0.104117062345408,-0.359046748821187,-1.3749793529415,16,94,"ERBIN;IQGAP3;PKN2;TMEM87A;DIAPH3;ARHGEF18;ARAP3;ARHGAP1;PLEKHG5;FLOT1;ARHGEF3;STOM;ARHGAP35;DAAM1;RASGRF2;ARHGAP45;PIK3R1;FLOT2;CCDC115;AKAP13;SLK;FMNL3;CIT;TEX2;SOWAHC;JUP;TFRC;ARHGEF11;PLEKHG3;ARHGEF28;ARAP1"
"RA_RNA_Polymerase_I_Transcription_Initiation%R-MMU-73762",0.0327868852459016,0.104117062345408,0.458050962312813,1.50661366705099,15,39,"POLR1C;TBP;POLR2F;GTF2H3;POLR1B;ERCC3;POLR2E;POLR2H;TTF1"
"RA_RNA_Polymerase_I_Promoter_Clearance%R-MMU-73854",0.0327868852459016,0.104117062345408,0.458050962312813,1.50661366705099,15,39,"POLR1C;TBP;POLR2F;GTF2H3;POLR1B;ERCC3;POLR2E;POLR2H;TTF1"
"RA_RNA_Polymerase_I_Transcription%R-MMU-73864",0.0327868852459016,0.104117062345408,0.458050962312813,1.50661366705099,15,39,"POLR1C;TBP;POLR2F;GTF2H3;POLR1B;ERCC3;POLR2E;POLR2H;TTF1"
"RA_Regulation_of_TP53_Activity_through_Acetylation%R-MMU-6804758",0.032064128256513,0.104117062345408,0.52721302340655,1.54970222028838,15,24,"MEAF6;PIP4P1;PIP4K2B;ING5;PML;RBBP7;BRD1;MTA2"
"RA_Ion_transport_by_P-type_ATPases%R-MMU-936837",0.031936127744511,0.104117062345408,-0.55142595787248,-1.55772414127989,15,22,"ATP1B1;ATP8B4;ATP9B;ATP11C;ATP2A3;ATP11B;SRI;ATP13A2"
"RA_RHOB_GTPase_cycle%R-MMU-9013026",0.0316205533596838,0.104117062345408,-0.432455904135689,-1.43982324400483,15,47,"ERBIN;IQGAP3;PKN2;DIAPH3;ARHGAP1;FLOT1;ARHGEF3;STOM;ARHGAP35;DAAM1;PIK3R1;FLOT2;AKAP13;SLK;CIT;SOWAHC;JUP;TFRC;ARHGEF11"
"RA_Signaling_by_the_B_Cell_Receptor_(BCR)%R-MMU-983705",0.0365111561866126,0.112943851280565,0.412544432261213,1.47269688276184,17,61,"NFKBIA;PTPN6;RELA;PSMD10;PSMD7;PSMF1;DAPP1;PSMD13;PSMC5;PSMD12;MALT1;PSMC2;PSMA7;PSMC1;PSMC6;PSMB6;CUL1;PSMC3;FKBP1A"
"RA_Transport_of_Mature_mRNA_Derived_from_an_Intronless_Transcript%R-MMU-159231",0.0368098159509202,0.113245499346274,0.450185957514769,1.47569110567498,17,38,"AAAS;NCBP1;NUP35;NUP54;NUP88;NUP62;TPR;NUP155;NUP153;SEC13;CPSF3;NUP50;NUP85;SYMPK;NUP98;NUP43;CPSF2;NUP160;NUP214;FIP1L1"
"RA_Formation_of_the_Early_Elongation_Complex%R-MMU-113418",0.0374220374220374,0.114503299285908,0.496403426367409,1.5148700420791,17,28,"POLR2F;NCBP1;POLR2I;GTF2H3;ERCC3;POLR2E;POLR2H;GTF2F1;POLR2C;GTF2F2;POLR2G;POLR2L;POLR2B;NELFE;NELFCD;GTF2H4;GTF2H5"
"RA_Signaling_by_PDGF%R-MMU-186797",0.0377733598409543,0.11495352211058,-0.527663608535047,-1.52862017413585,18,24,"FURIN;COL5A1;STAT5B;PIK3R1;STAT5A;PLCG1;COL5A3"
"RA_Neddylation%R-MMU-8951664",0.0389344262295082,0.117702075218415,0.330971551915464,1.34101077715103,18,146,"KLHL21;UBE2F;PSMD10;FBXL14;UBA3;UBE2D3;KLHL41;DCAF7;PSMD7;PSMF1;FEM1B;WDR5;NFE2L2;DDA1;FBXO22;FBXO6;KLHL9;PSMD13;COMMD2;PSMC5;FBXL5;PSMD12;UCHL3;PSMC2;COPS5;SPSB3;PSMA7;COPS7B;KLHL11;PSMC1;PSMC6;PSMB6;CAND1;RBBP7;CUL4A;CUL1;PSMC3;VCP;FBXW17;PSME3;DCUN1D3;COMMD7;COMMD3;COMMD9;PSMD2;DCAF17;PSMD8;TULP4;NEDD8;VHL;FEM1C;CUL4B;NPLOC4;RPS27A;KLHL42;PSMD6;PSMB1;MUL1;PSMD1;COMMD4;DCUN1D5"
"RA_Endosomal_Sorting_Complex_Required_For_Transport_(ESCRT)%R-MMU-917729",0.0390946502057613,0.117702075218415,0.504349398298679,1.51176198446606,18,26,"UBC;CHMP4B;MVB12A;STAM2;CHMP7;STAM;UBAP1;CHMP5;VPS28;VPS36;HGS"
"RA_TP53_Regulates_Transcription_of_Cell_Cycle_Genes%R-MMU-6791312",0.0395010395010395,0.118293006590879,0.486253635482264,1.48389601303626,18,28,"BAX;CDKN1A;CNOT3;CNOT10;NPM1;CDK1;CNOT9;CNOT6;CCNE2;TNKS1BP1;CNOT7;CNOT8"
"RA_Toll-like_Receptor_Cascades%R-MMU-168898",0.0416666666666667,0.124118165784832,0.371245958301875,1.41435533480093,19,97,"FOS;CD14;NFKBIA;NFKB2;NLRC5;UBC;RELA;ECSIT;NKIRAS1;HSP90B1;UBE2D3;CASP8;FADD;CTSS;CTSL;TRAF2;ATF2;IRF3;DNM2;CREB1"
"RA_Transport_of_Mature_mRNAs_Derived_from_Intronless_Transcripts%R-MMU-159234",0.0430327868852459,0.126184682377049,0.442703746190968,1.45613385702372,20,39,"AAAS;NCBP1;NUP35;NUP54;NUP88;NUP62;TPR;NUP155;NUP153;SEC13;CPSF3;NUP50;NUP85;SYMPK;NUP98;NUP43;CPSF2;NUP160;NUP214;FIP1L1"
"RA_Signaling_by_MET%R-MMU-6806834",0.0428849902534113,0.126184682377049,-0.445228735977311,-1.43715209376315,21,38,"COL1A2;COL1A1;COL5A1;SPINT2;GGA3;PIK3R1;COL5A3;HGF"
"RA_Cytosolic_sensors_of_pathogen-associated_DNA%R-MMU-1834949",0.0426829268292683,0.126184682377049,0.540904982850984,1.53245579625533,20,21,"NFKBIA;NFKB2;RELA;NKIRAS1;IRF3"
"RA_RNA_polymerase_II_transcribes_snRNA_genes%R-MMU-6807505",0.0433884297520661,0.126568320986597,0.403737855683131,1.45884180128774,20,67,"GTF2E1;TBP;GTF2E2;POLR2F;RPRD1B;SRRT;PHAX;NCBP1;POLR2I;SNAPC3;SNAPC1;POLR2E;POLR2H;INTS8;INTS4;RPRD1A;TAF6;GTF2F1;CCNT1;POLR2C;INTS13;GTF2F2;ICE1;SSU72;ELL"
"RA_Mitotic_G1_phase_and_G1/S_transition%R-MMU-453279",0.0449897750511247,0.130563110071048,0.376937229028403,1.42328224280395,21,92,"MCM8;CCND1;CDKN1A;ORC1;PSMD10;PSMD7;PSMF1;POLA2;CDC7;PSMD13;PSMC5;LIN37;PSMD12;PSMC2;ORC2;PSMA7;PSMC1;PSMC6;PSMB6;CUL1;PSMC3;PSME3;MCM10;PSMD2;RPA3;PSMD8;PPP2R2A;LIN54;ORC5;CCNE2;RPS27A;PSMD6;E2F4;PSMB1;HDAC1;PSMD1;E2F3;DYRK1A;PSME1;PRIM1;RBBP4;PPP2R1A;CCND3;MCM5;CDK4"
"RA_Transport_of_the_SLBP_independent_Mature_mRNA%R-MMU-159227",0.0474226804123711,0.136917790113666,0.460269449130861,1.44572585531722,22,31,"AAAS;NCBP1;NUP35;NUP54;NUP88;NUP62;TPR;NUP155;NUP153;SEC13;NUP50;NUP85;NUP98;NUP43;NUP160;NUP214"
"WP_Oxidative_Stress%WP412",0.0134874759152216,0.13757225433526,0.587282806136679,1.66447144411684,6,21,"FOS;TXNRD2;CAT;GCLC;TXNRD1;SOD1;GSTT2;SOD2"
"BP_ribosome_biogenesis%0042254",0.00394477317554241,0.138937223932539,0.51599096610413,1.66323901550845,1,38,"GRWD1;TSR1;DDX31;RIOX1;RSL24D1;ABCF1;ZNHIT6;SURF6;NAF1;EBNA1BP2;NOC4L;DHX37;GLUL;MRPL10;RPLP0;RPL7A;CUL4A;AATF;PES1;ISG20L2"
"BP_liver_regeneration%0097421",0.00389105058365759,0.138937223932539,0.642288989665505,1.75869394904659,1,19,"CCND1;CEBPB;SLC7A5;HFE;GFER;EZH1"
"BP_positive_regulation_of_cell_migration%0030335",0.00400801603206413,0.138937223932539,-0.372419423578811,-1.4720064289294,1,121,"FURIN;ARHGEF39;COL1A1;SEMA4A;PPP3CA;PECAM1;ITGAV;SEMA4B;CTSH;KIT;INSR;ITGA6;NEDD9;THBS1;CCL6;CREB3;JAK2;SEMA4D;FGR;PPM1F;PIK3R1;GCNT2;VEGFA;AKT2;CSF1;TIAM1;SPAG9;CARMIL2;HGF;CPNE3;ACP5;APC;IGF1R"
"BP_positive_regulation_of_inflammatory_response%0050729",0.00397614314115308,0.138937223932539,0.485809511168159,1.64961438311761,1,48,"CEBPA;LPL;NFKBIA;CEBPB;LGALS1;IL16;CCR2;NMI;IFI35;CTSS;HYAL2"
"BP_transcription_initiation_at_RNA_polymerase_II_promoter%0006367",0.00398406374501992,0.138937223932539,0.597035904353204,1.82953547548984,1,30,"GTF2E1;TAF6L;GTF2E2;TAF4B;POLR2I;ERCC3;TAF2;TAF7;TAF6;GTF2F1"
"BP_mitochondrial_translation%0032543",0.00404858299595142,0.138937223932539,0.451047480241026,1.69873881548911,1,86,"MRPL12;MRPL14;MRPS7;MRPL22;MRPS34;GADD45GIP1;MRPL16;MRPL30;MRPL49;MRPL20;MRPL40;MRPS10;QRSL1;MRPS31;MRPS25;MRPL23;MRPL11;MRPL45;MRPS27;MRPL47;MRPL44;MRPL10;MRPL4;MRPL41;MRPL42;MRPL38;MRPS21;MRPL57;MRPL15"
"BP_Rac_protein_signal_transduction%0016601",0.004149377593361,0.138937223932539,-0.673156242407156,-1.74600939958787,1,16,"ABI2;NISCH;ALS2;NF1;DOCK5;TIAM1"
"BP_positive_regulation_of_tyrosine_phosphorylation_of_STAT_protein%0042531",0.00407331975560081,0.138937223932539,-0.682720378538094,-1.82122275484576,1,17,"PECAM1;KIT;IL31RA;ARL2BP;TNFRSF18;JAK2"
"BP_positive_regulation_of_T_cell_mediated_cytotoxicity%0001916",0.00389105058365759,0.138937223932539,0.629818348338949,1.72454726150464,1,19,"HSPA8;H2-Q6;H2-Q7;B2M;STX7;FADD;H2-K1;H2-D1;H2-M3"
"RA_Synthesis_of_PIPs_at_the_plasma_membrane%R-MMU-1660499",0.0486381322957199,0.139710553482093,-0.436825868097424,-1.42406557858492,24,39,"PIK3C2G;INPP4A;PTEN;OCRL;PIK3C2A;PIK3CG;PIK3R1;INPP5K;SYNJ2;PIP5K1C;PIK3R5"
"KEGG_Cysteine_and_methionine_metabolism%mmu00270",0.0120240480961924,0.144288577154309,0.5467418681176,1.69083783361903,5,32,"PHGDH;SRM;MAT2B;ENOPH1;PSAT1;GCLM;GOT2;GCLC;LDHA;LDHB;GSS;DNMT3B;ADI1;MTAP;BCAT2"
"RA_Amino_acids_regulate_mTORC1%R-MMU-9639288",0.0512295081967213,0.145667743003809,0.431305605987633,1.41864328234487,24,39,"LAMTOR3;BMT2;ATP6V1F;FNIP2;MLST8;SESN2;ATP6V1E1;ATP6V1G1;FLCN;RHEB;ATP6V0B;SEC13;ATP6V1B2;ATP6V1H;NPRL2"
"RA_Cellular_response_to_starvation%R-MMU-9711097",0.0512295081967213,0.145667743003809,0.431305605987633,1.41864328234487,24,39,"LAMTOR3;BMT2;ATP6V1F;FNIP2;MLST8;SESN2;ATP6V1E1;ATP6V1G1;FLCN;RHEB;ATP6V0B;SEC13;ATP6V1B2;ATP6V1H;NPRL2"
"RA_Asparagine_N-linked_glycosylation%R-MMU-446203",0.0523012552301255,0.147967872836988,0.310011813317866,1.29357622699515,24,176,"ARFGAP3;NUS1;DYNLL1;NPL;DOLK;ALG9;NANS;USO1;MAN1A2;TFG;ARF4;MGAT2;COPG1;SEC22B;RAD23B;SEC24D;RAB1A;TSTA3;ARCN1;GNE;PMM2;TMEM115;COG6;UBXN1;ST3GAL1;DCTN5;NAPA;GNPNAT1;COG4;PSMC1;TMED7;STX17;DYNC1I2;MAN2A2;GFPT1;DPAGT1;CALR;ALG14;VCP;TMED9;BET1;GOSR1;MCFD2;SEC24A;SEC13;GMDS;COPE;NANP;CTSA;DYNC1LI2;YKT6;PPP6R3;ST6GALNAC6;COPB2;COG1;ACTR10;FUCA1;TMED2;COPA;ST3GAL4;LMAN2"
"RA_Transport_of_the_SLBP_Dependant_Mature_mRNA%R-MMU-159230",0.0530612244897959,0.149367346938776,0.451441352471261,1.43661737280592,25,32,"AAAS;NCBP1;NUP35;NUP54;NUP88;NUP62;TPR;NUP155;NUP153;SEC13;NUP50;NUP85;NUP98;NUP43;NUP160;NUP214"
"RA_Glycosphingolipid_metabolism%R-MMU-1660662",0.0542635658914729,0.151991978094026,-0.499976342242941,-1.47925173365892,27,26,"ARSB;SMPD1;NEU1;GLB1;HEXB;GLB1L;SMPD4;HEXA;GALC;ESYT2;ASAH1;UGCG;PSAP;CERK"
"KEGG_Calcium_signaling_pathway%mmu04020",0.0138613861386139,0.152475247524752,-0.412152720209658,-1.51901322414846,6,73,"PDE1B;ORAI2;PPP3CA;RYR1;PRKCB;PHKA2;STIM1;ATP2A3;PHKB;VEGFA;PPP3CB;PLCG1;PHKA1;PRKACB;HGF;MCU;ASPH;P2RX7;P2RX1;PLCB2;PHKG2;ADRB2;MYLK;TPCN1"
"KEGG_Platelet_activation%mmu04611",0.0138613861386139,0.152475247524752,-0.411446217153857,-1.51640936535525,6,73,"COL1A2;COL1A1;TBXAS1;PIK3CG;LCP2;APBB1IP;STIM1;ARHGAP35;PIK3R1;AKT2;PRKACB;MAPK13;PIK3R5;P2RX1;MAPK14;PLCB2;ITGA2B;MYLK;ITGB3;PTGS1;PLA2G4A;PLCB1"
"RA_Class_A/1_(Rhodopsin-like_receptors)%R-MMU-373076",0.0556621880998081,0.155137682674218,-0.478591550653032,-1.44629120440863,28,28,"NLN;C5AR2;C3;CCL6;TSHR;PENK;ADRB2;GPR183;XK;FPR1;PTAFR;CXCR2;ECE1;PSAP;P2RY2"
"RA_Nuclear_Pore_Complex_(NPC)_Disassembly%R-MMU-3301854",0.0561330561330561,0.155679362575914,0.467619380452694,1.42703001815921,26,28,"AAAS;NUP35;NUP54;NUP88;NUP62;TPR;NUP155;NUP153;SEC13;NUP50;NUP85;NUP98;NUP43;NUP160;NUP214"
"RA_Nuclear_Envelope_Breakdown%R-MMU-2980766",0.0569105691056911,0.157062011796589,0.433659302655367,1.41313305968233,27,37,"AAAS;EMD;LMNA;NUP35;NUP54;NUP88;NUP62;TPR;NUP155;NUP153;SEC13;NUP50;NUP85;NUP98;NUP43;NUP160;LMNB1;NUP214"
"RA_G2/M_Checkpoints%R-MMU-69481",0.0593220338983051,0.161344469008434,0.367206289210703,1.36518690280814,27,85,"MCM8;ORC1;PSMD10;PSMD7;PSMF1;CDC7;RAD1;PSMD13;PSMC5;PSMD12;PSMC2;ORC2;PSMA7;PSMC1;PSMC6;PSMB6;UBE2V2;RFC3;PSMC3;RAD9A;PSME3;CDK1;DNA2;MCM10;PSMD2;RPA3;PSMD8;ORC5;RPS27A;UIMC1;PSMD6;PSMB1;RAD17;PSMD1"
"RA_RAC3_GTPase_cycle%R-MMU-9013423",0.0591603053435115,0.161344469008434,-0.392701969703957,-1.37709741327263,30,58,"ABI2;CYBB;ERBIN;OCRL;MPP7;DIAPH3;ARAP3;ARHGAP15;ARHGAP1;ARHGAP35;PIK3R1"
"RA_FGFR2_alternative_splicing%R-MMU-6803529",0.0591836734693878,0.161344469008434,0.572863116612511,1.51213089585882,28,16,"POLR2F;NCBP1;POLR2I;POLR2E;POLR2H;GTF2F1;POLR2C;PTBP1;GTF2F2;POLR2G;POLR2L;POLR2B"
"RA_Cell_Cycle_Checkpoints%R-MMU-69620",0.0608519269776876,0.164192298929141,0.303278638553496,1.27943859139688,29,187,"MCM8;CDKN1A;DSN1;DYNLL1;PAFAH1B1;PHF20;ORC1;PSMD10;ZW10;PSMD7;PSMF1;ANAPC10;UBE2C;CDC7;RAD1;PSMD13;PSMC5;PSMD12;PSMC2;UBE2E1;ORC2;PSMA7;NUDC;ANAPC16;CENPS;CLIP1;PSMC1;PSMC6;PSMB6;NDE1;ANAPC11;ITGB3BP;UBE2S;DYNC1I2;UBE2V2;RFC3;PSMC3;RAD9A;SEC13;NUP85;PSME3;CDK1;DYNC1LI2;DNA2;ERCC6L;MCM10;PSMD2;NUP98;NUP43;RPA3;PSMD8;BUB1B;RCC2;AURKB;ORC5;CDC27;NUP160;SPC25;MAD1L1;CENPT;CCNE2;NDEL1;RPS27A;PPP2R5A;NDC80;UIMC1;PSMD6;PSMB1;RAD17;PSMD1;RANGAP1"
"RA_Fatty_acid_metabolism%R-MMU-8978868",0.060952380952381,0.164192298929141,-0.365642961471021,-1.35170746205966,31,76,"ELOVL7;SLC25A17;HACD4;DECR2;TBXAS1;LTA4H;CROT;EHHADH;ACOX3;ACOT2;PON3;PPARD;MCEE;ELOVL6"
"RA_Ub-specific_processing_proteases%R-MMU-5689880",0.0614754098360656,0.164812646370023,0.329850957934131,1.30909870107113,29,125,"NFKBIA;UBC;SMAD1;USP12;MAT2B;PSMD10;STAM2;USP16;RUVBL1;PSMD7;PSMF1;HIST1H2AB;SMAD3;RNF128;HIST1H2AC;USP21;MYC;PSMD13;TOMM20;TRAF2;PSMC5;PSMD12;PSMC2;PSMA7;PSMC1;PSMC6;PSMB6;TRAF6;PSMC3;RIPK1;SMAD2;WDR20;USP10;PSME3;HGS;USP15;PSMD2;USP19;PSMD8;USP8;USP14;MAP3K7;RPS27A;TADA3;USP48;USP4;PSMD6;PSMB1;PTRH2;MUL1;PSMD1;USP3"
"RA_Apoptosis%R-MMU-109581",0.0625,0.166765402843602,0.382696404574437,1.36791188937209,29,63,"CD14;BAX;DYNLL1;SATB1;ACIN1;DNM1L;LMNA;CASP8;BID;DFFB;KPNB1;FADD;VIM;TRAF2"
"KEGG_Human_T-cell_leukemia_virus_1_infection%mmu05166",0.0159680638722555,0.168622754491018,0.327428079793171,1.36671904433959,7,165,"FOS;NFKBIA;NFKB2;TBP;BAX;CCND1;CDKN1A;CRTC3;H2-Q6;SLC2A1;H2-EB1;AKT3;RELA;H2-Q7;B2M;SMAD3;H2-AB1;ANAPC10;MYC;SLC25A4;H2-AA;H2-K1;ATF2;CREB1;NFYB;RANBP1;SPI1;ANAPC16;ETS2;GPS2;RAN;H2-D1;ANAPC11"
"RA_Cellular_response_to_chemical_stress%R-MMU-9711123",0.0643153526970954,0.170799733813513,0.34413562312898,1.32420215087094,30,105,"CARM1;TXNRD2;CAT;PSMD10;PRDX1;PSMD7;PSMF1;NFE2L2;TXNRD1;SOD1;BLVRA;NDUFA4;SOD2;PSMD13;PSMC5;SESN2;PSMD12;TGS1;PSMC2;PSMA7;COX5A;PSMC1;PSMC6;PSMB6;P4HB;NCOA1;CUL1;PSMC3;HDAC3;VCP;SCO1;PSME3;NCF2;LRPPRC;PSMD2;PSMD8;SIN3B;COX4I1;CYBA;NPLOC4;RPS27A;PSMD6;TXN2;PSMB1;MUL1;MT-CO2;PSMD1;NCF4;CCS;PSME1;ABCC1;KEAP1;NCOR2;TBL1X;RBX1;NCF1;NUDT2;ERO1L;GSTP1;UFD1;COX6A1;SIN3A"
"KEGG_Alcoholic_liver_disease%mmu04936",0.0178571428571429,0.174603174603175,0.399657127291832,1.48204713706112,8,79,"CD14;NFKBIA;CCND1;C4B;AKT3;TRA2B;RELA;FOXO3;IRAK4;C1QB;CASP8;FADD;TRA2A;MAP3K5;C5AR1;PRKAA1;IRAK1;FASN;IRF3"
"KEGG_Transcriptional_misregulation_in_cancer%mmu05202",0.0178217821782178,0.174603174603175,0.369785079307171,1.44534572321511,8,105,"CEBPA;CD14;BAX;CDKN1A;MEN1;CEBPB;LYL1;SMAD1;HOXA10;TFE3;RELA;SS18;PER2;MAX"
"KEGG_Chagas_disease%mmu05142",0.0186335403726708,0.175687666370896,0.433022019856805,1.52537036440434,8,62,"FOS;NFKBIA;GNA11;AKT3;RELA;IRAK4;IFNGR2;C1QB;CASP8;ACE;PLCB3;FADD;PPP2R2D;GNAI3;IRAK1"
"RA_Metalloprotease_DUBs%R-MMU-5689901",0.0677290836653386,0.17818445842797,0.531885993352551,1.48150240900608,33,19,"STAMBPL1;UBC;HIST1H2AB;STAM;HIST1H2AC;BRCA1"
"RA_EGFR_downregulation%R-MMU-182971",0.0674603174603175,0.17818445842797,0.564255412855524,1.46752441080761,33,15,"PTPN12;STAM2;STAM;HGS;RPS27A"
"BP_G_protein-coupled_receptor_signaling_pathway%0007186",0.00597609561752988,0.182446683852824,-0.409364154139714,-1.54062079768481,2,89,"GRK3;IGF2R;C5AR2;PIK3CG;RGS14;ENTPD1;INSR;PPARD;ADGRE1;GNB5;LGR4;JAK2;ADGRG3;SORT1;INPP5K;GPR160;GPR179;AKAP13;ADGRE4;LANCL1;GPR171;PIK3R5;PLCB2;ADRB2;GPR183;SLC39A9;ARHGEF11;GIPC1;PLCB1;FPR1"
"BP_purine_nucleotide_biosynthetic_process%0006164",0.00572519083969466,0.182446683852824,0.675370518335132,1.73877450410548,2,15,"PRPS1L3;IMPDH2;PRPSAP2;GART;PRPSAP1;OASL2;PPAT;MTHFD1"
"BP_cell-cell_adhesion%0098609",0.00597609561752988,0.182446683852824,-0.464513870300841,-1.68600302621929,2,70,"STFA2L1;CYFIP2;TCAM1;ITGB2L;ITGA4;CSTDC4;PECAM1;ITGAV;DSP;CD93;ITGA9;ITGA6;LRP5;STFA2;PVR;VEGFA;ITGB7;BCL2"
"RA_Golgi-to-ER_retrograde_transport%R-MMU-8856688",0.0699152542372881,0.183080409932992,0.360020008788386,1.3384699968054,32,85,"ARFGAP3;KIF3A;DYNLL1;PAFAH1B1;RAB18;STX18;ARF4;COPG1;SEC22B;ZW10;RAB1A;KIF5B;ARCN1;PAFAH1B2;PLA2G6;DCTN5;NAPA;KIF20A;TMED7;DYNC1I2"
"BP_peptide_cross-linking%0018149",0.00622406639004149,0.184588026081802,-0.657582844154391,-1.705615657363,2,16,"STFA2L1;CSTDC4;DSP;ABCA7;THBS1;STFA2;TGM1;EVPL;FN1;CSTDC5;STFA3;STFA1"
"RA_Postmitotic_nuclear_pore_complex_(NPC)_reformation%R-MMU-9615933",0.0711382113821138,0.184606522509748,0.512384066785448,1.45165224567835,34,21,"RCC1;NUP35;RAN;NUP155;SEC13;NUP85;UBE2I;NUP98;NUP43;NUP160;RANGAP1;SUMO1"
"RA_CDC42_GTPase_cycle%R-MMU-9013148",0.0711538461538462,0.184606522509748,-0.393703326651484,-1.35122175359326,36,53,"ARHGAP33;PLEKHG2;DOCK8;ARAP3;ARHGAP1;ARHGAP35;RASGRF2;ARHGAP45;PIK3R1"
"WP_EPO_Receptor_Signaling%WP1249",0.0203252032520325,0.188470066518847,-0.577535256570454,-1.6083101061975,9,20,"STAT5B;PIK3CG;PTPRU;RAF1;JAK2;STAT5A"
"RA_G_alpha_(s)_signalling_events%R-MMU-418555",0.0764705882352941,0.193932167461579,-0.500973873576365,-1.3997771597374,38,21,"PDE3B;PDE4A;GRK6;TSHR;PRKAR2B;PRKACB"
"RA_RHO_GTPases_Activate_WASPs_and_WAVEs%R-MMU-5663213",0.076171875,0.193932167461579,-0.490473755476727,-1.41416777665668,38,23,"ABI2;CYFIP2"
"RA_Regulation_of_Glucokinase_by_Glucokinase_Regulatory_Protein%R-MMU-170822",0.0761316872427984,0.193932167461579,0.469632413581022,1.40769956684747,36,26,"AAAS;NUP35;NUP54;NUP88;NUP62;TPR;NUP155;NUP153;SEC13;NUP50;NUP85;NUP98;NUP43;NUP160;NUP214"
"RA_SUMOylation_of_SUMOylation_proteins%R-MMU-4085377",0.0762886597938144,0.193932167461579,0.442999702612058,1.39148084925793,36,31,"AAAS;NUP35;NUP54;NUP88;NUP62;TPR;NUP155;NUP153;SEC13;NUP50;NUP85;UBE2I;NUP98;NUP43;NUP160;NUP214"
"RA_COPI-independent_Golgi-to-ER_retrograde_traffic%R-MMU-6811436",0.0761316872427984,0.193932167461579,0.466414098954751,1.39805283043327,36,26,"DYNLL1;PAFAH1B1;RAB18;PAFAH1B2;PLA2G6;DCTN5;DYNC1I2;DYNC1LI2;ACTR10;DCTN4"
"RA_Metabolism_of_steroids%R-MMU-8957322",0.0797665369649805,0.201383678525937,-0.39667054346463,-1.33751817641483,40,50,"TSPOAP1;SREBF2;STARD4;MSMO1;SQLE;SCAP;STARD3NL;FDXR;CYP27A1;IDI1;MBTPS1;ACOT8;PMVK;NCOA2;RXRA"
"RA_SUMOylation_of_DNA_replication_proteins%R-MMU-4615885",0.0819672131147541,0.203293132086373,0.416817738061872,1.37099002622427,39,39,"AAAS;TOP1;SUMO3;NUP35;NUP54;NUP88;NUP62;TPR;NUP155;NUP153;NUP50;NUP85;UBE2I;NUP98;NUP43;AURKB;NUP160;NUP214;RANGAP1;SUMO1;CDCA8"
"RA_Chaperonin-mediated_protein_folding%R-MMU-390466",0.0816326530612245,0.203293132086373,0.552221644005857,1.45764561384396,39,16,"GNA11;CCT6A;CCT5;CCT8;CCT3;CCT2;CCT4;CCT7;CSNK2B;GNA15;CSNK2A2"
"RA_Protein_folding%R-MMU-391251",0.0816326530612245,0.203293132086373,0.552221644005857,1.45764561384396,39,16,"GNA11;CCT6A;CCT5;CCT8;CCT3;CCT2;CCT4;CCT7;CSNK2B;GNA15;CSNK2A2"
"RA_Cooperation_of_PDCL_(PhLP1)_and_TRiC/CCT_in_G-protein_beta_folding%R-MMU-6814122",0.0816326530612245,0.203293132086373,0.552221644005857,1.45764561384396,39,16,"GNA11;CCT6A;CCT5;CCT8;CCT3;CCT2;CCT4;CCT7;CSNK2B;GNA15;CSNK2A2"
"RA_Selective_autophagy%R-MMU-9663891",0.084016393442623,0.205549470609712,0.413569966108993,1.33993176865869,40,36,"DYNLL1;MFN1;MAP1LC3A;VIM;TOMM20;DYNC1I2;TOMM5;DYNC1LI2;CSNK2B;ATM;CSNK2A2;PARK7;RPS27A;PINK1;TOMM22"
"RA_MAPK_targets/_Nuclear_events_mediated_by_MAP_kinases%R-MMU-450282",0.0843373493975904,0.205549470609712,0.54719287984082,1.46843771033368,41,17,"FOS;ATF2;CREB1"
"RA_Nuclear_Receptor_transcription_pathway%R-MMU-383280",0.083984375,0.205549470609712,-0.549119968426151,-1.45879214408388,42,16,"MED1;PPARD;NR2C2;ESR1"
"RA_Signaling_by_SCF-KIT%R-MMU-1433557",0.083984375,0.205549470609712,-0.481555557139723,-1.38845421181616,42,23,"SH2B3;STAT5B;KIT;PTPRU;JAK2;PIK3R1;STAT5A"
"KEGG_Legionellosis%mmu05134",0.022680412371134,0.206469960895841,0.478470962133073,1.57974266036927,10,42,"HSPA8;CD14;NFKBIA;NFKB2;CLK1;RELA;SEC22B;CASP8;RAB1A;SAR1A;HSPD1"
"RA_Transport_of_Mature_mRNA_derived_from_an_Intron-Containing_Transcript%R-MMU-159236",0.0854166666666667,0.207282686781609,0.367689575505683,1.31427140657803,40,63,"THOC5;AAAS;NCBP1;SLU7;SRSF11;GLE1;NXT1;SRSF9;CASC3;NUP35;U2AF2;SRSF7;NUP54;NUP88;NUP62;TPR;NUP155;NUP153;SRSF1;SEC13;NUP50;NUP85"
"RA_Inositol_phosphate_metabolism%R-MMU-1483249",0.0869565217391304,0.210085825470441,-0.452503802977316,-1.37912951013372,45,29,"INPP4A;PTEN;OCRL;NUDT4;PLCG1;PLCB2;PLCB1;IP6K1;INPP1;IPPK;INPP5A;IP6K2;INPP5J;ITPKB"
"RA_mTORC1-mediated_signalling%R-MMU-166208",0.0873180873180873,0.210085825470441,0.506979441683683,1.41665802227877,41,20,"LAMTOR3;MLST8;EIF4EBP1;RHEB;RPS6;FKBP1A;EIF4G1"
"KEGG_Neutrophil_extracellular_trap_formation%mmu04613",0.0239520958083832,0.210778443113772,-0.376592386621758,-1.4193658380884,11,84,"ITGB2L;CYBB;HDAC5;PRKCB;C3;RAF1;HDAC4;TLR2;PIK3R1;TLR7;AKT2;PLCG1;CASP4;PADI4;H3F3B;HDAC10;MAPK13;TLR4;MAPK14;PLCB2;ITGA2B;ITGB3;CLCN3;HDAC8;PLCB1;FPR1;HDAC7"
"RA_Chromatin_modifying_enzymes%R-MMU-3247509",0.0945378151260504,0.225528770830366,0.322123733495514,1.2576441215129,44,117,"NFKB2;CCND1;MEAF6;CARM1;JADE3;SUV39H2;RELA;PRMT7;EED;PHF20;KDM5C;JADE1;PRMT5;HIST1H2AB;WDR5;KANSL2;HIST1H2AC;REST;ING5;SAP30L;SAP30;SMYD2;KAT8;ARID4A;PRMT1;RBBP7;KDM2B;PADI2;BRD1;NCOA1;PHF8;PHF2;SMARCE1;MTA2"
"RA_Chromatin_organization%R-MMU-4839726",0.0945378151260504,0.225528770830366,0.322123733495514,1.2576441215129,44,117,"NFKB2;CCND1;MEAF6;CARM1;JADE3;SUV39H2;RELA;PRMT7;EED;PHF20;KDM5C;JADE1;PRMT5;HIST1H2AB;WDR5;KANSL2;HIST1H2AC;REST;ING5;SAP30L;SAP30;SMYD2;KAT8;ARID4A;PRMT1;RBBP7;KDM2B;PADI2;BRD1;NCOA1;PHF8;PHF2;SMARCE1;MTA2"
"BP_transcription_by_RNA_polymerase_I%0006360",0.00782778864970646,0.22570123939987,0.651108368250898,1.7191964564842,3,17,"CEBPA;POLR1C;POLR2F;POLR1B;TTF1;POLRMT"
"BP_locomotory_behavior%0007626",0.00804828973843059,0.22578715536462,-0.513437289804279,-1.66754181268529,3,40,"PDE1B;BAHCC1;PTEN;ABCA2;APBA1;ALS2;WDR47;ZDHHC8;HEXB"
"RA_SUMOylation_of_ubiquitinylation_proteins%R-MMU-3232142",0.0967078189300411,0.229732076192461,0.419768351609855,1.34027147676247,46,34,"AAAS;NUP35;NUP54;NUP88;PML;NUP62;TPR;NUP155;NUP153;SEC13;NUP50;NUP85;UBE2I;NUP98;NUP43;NUP160;VHL;NUP214"
"KEGG_Phosphatidylinositol_signaling_system%mmu04070",0.02734375,0.229979466119097,-0.386660274434791,-1.42700998299705,13,72,"PIK3C2G;DGKH;INPP4A;PTEN;INPP5F;INPP5E;OCRL;PIK3C2A;PRKCB;PI4KA;PIK3R1;DGKE;PLCG1;DGKG;MTMR2;SYNJ2;PIP5K1C;PLCB2"
"KEGG_Olfactory_transduction%mmu04740",0.0287474332648871,0.229979466119097,-0.612500247270057,-1.62062439633072,13,17,"GRK3;PDE1B;CNGB1"
"KEGG_Bile_secretion%mmu04976",0.0278884462151394,0.229979466119097,-0.53979924135475,-1.5755515420519,13,26,"ABCC2;NCEH1;ATP1B1;CFTR;UGT1A7C;SLC9A1;SLC4A5;PRKACB"
"RA_PI_Metabolism%R-MMU-1483255",0.0972762645914397,0.230111499852859,-0.371486487375334,-1.30721792429415,49,60,"PIK3C2G;INPP4A;PTEN;INPP5F;INPP5E;OCRL;PIK3C2A;PIK3CG;PI4KA;PIK3R1;INPP5K;MTMR12;MTMR2;SYNJ2;PIP5K1C;PIK3R5"
"RA_Programmed_Cell_Death%R-MMU-5357801",0.0983606557377049,0.231703134645723,0.33786386675863,1.27504452806976,47,88,"CD14;BAX;DYNLL1;SATB1;UBC;CHMP4B;ACIN1;DNM1L;CHMP7;LMNA;CASP8;BID;DFFB;KPNB1;FADD;VIM;TRAF2;HSP90AA1"
"RA_Cellular_Senescence%R-MMU-2559583",0.100409836065574,0.234567376368955,0.362532916614301,1.28879031353035,48,60,"FOS;CDKN1A;CEBPB;EED;ASF1A;TNIK;ANAPC10;UBE2C;MAP3K5;UBE2E1;ANAPC16;ETS2;ANAPC11;UBE2S;RBBP7"
"RA_RNA_Pol_II_CTD_phosphorylation_and_interaction_with_CE%R-MMU-77075",0.100200400801603,0.234567376368955,0.465505737766088,1.36831838999698,49,24,"POLR2F;POLR2I;GTF2H3;ERCC3;POLR2E;POLR2H;GTF2F1;POLR2C;GTF2F2;POLR2G;POLR2L;POLR2B;RNMT;GTF2H4;GTF2H5"
"RA_Hedgehog_'off'_state%R-MMU-5610787",0.101419878296146,0.235947898680703,0.361969416973822,1.29215471194371,49,61,"KIF3A;PSMD10;PSMD7;PSMF1;PSMD13;PSMC5;PSMD12;PSMC2;PSMA7;TTC21B;SUFU;PSMC1;PSMC6;PSMB6;CUL1;PSMC3;PSME3;IFT172;PSMD2;PRKAR1A;PSMD8;IFT57;TUBB4B;RPS27A;PSMD6;PSMB1;PTCH1;PSMD1"
"WP_Estrogen_signaling%WP1244",0.0323886639676113,0.235974551764025,0.402297146069749,1.45544070578211,15,68,"FOS;GTF2E1;TBP;CCND1;GTF2E2;POLR2F;POLR2I;GTF2H3;ERCC3;POLR2E;POLR2H;BRCA1;CREB1;TAF7;TAF6;HRAS;AK6;HDAC3;POLR2C;GTF2F2;CREBBP"
"WP_White_fat_cell_differentiation%WP2872",0.0307692307692308,0.235974551764025,0.585274904467957,1.52508667450474,15,16,"CEBPA;CEBPB;GATA2;KLF2;TLE3;IRF3;CREB1"
"WP_TGF_Beta_Signaling_Pathway%WP113",0.031496062992126,0.235974551764025,0.50969454579745,1.54150385287266,15,29,"FOS;SMAD1;TFE3;SKI;SMAD3;HRAS;FKBP1A;CREBBP;ZEB2;SMAD2;SMAD5;CTNNB1;STAT1"
"KEGG_Peroxisome%mmu04146",0.0313111545988258,0.243121906296765,-0.412710444372052,-1.4612548767643,15,57,"FAR2;SLC25A17;AGPS;DECR2;PEX16;CROT;GSTK1;EHHADH;ACOX3;PEX6;MLYCD;ABCD2;XDH;MPV17;PEX19;ACOX1;PRDX5;CRAT;ABCD4"
"KEGG_beta-Alanine_metabolism%mmu00410",0.0349075975359343,0.244602983415177,-0.590145210088652,-1.5614748387615,16,17,"EHHADH;ACOX3;MLYCD;ACOX1;SMOX;ALDH3B1;ALDH1B1;HADHA"
"KEGG_Inositol_phosphate_metabolism%mmu00562",0.0371819960861057,0.244602983415177,-0.404564568914391,-1.43241334779322,18,57,"PIK3C2G;INPP4A;PTEN;INPP5F;INPP5E;OCRL;PIK3C2A;PIK3CG;PI4KA;INPP5K;PLCG1;MTMR2;SYNJ2;PIP5K1C;PLCB2"
"KEGG_Glycosylphosphatidylinositol_(GPI)-anchor_biosynthesis%mmu00563",0.0398406374501992,0.244602983415177,-0.573115639378828,-1.54283990463883,19,18,"PIGO;PIGF;PIGN;MPPE1;PIGL;GPAA1;PIGU"
"KEGG_RNA_polymerase%mmu03020",0.0375494071146245,0.244602983415177,0.517333242692777,1.56202018960643,18,28,"POLR1C;POLR2F;POLR2I;POLR1D;POLR1B;POLR2E;POLR2H;POLR3C;POLR3E;POLR2C"
"KEGG_Adipocytokine_signaling_pathway%mmu04920",0.0371900826446281,0.244602983415177,0.458443072673105,1.49246512214148,17,40,"NFKBIA;ACSL3;SLC2A1;AKT3;RELA;TRAF2;PRKAA1"
"KEGG_Aldosterone-regulated_sodium_reabsorption%mmu04960",0.0390143737166324,0.244602983415177,-0.587180461456273,-1.55363036198939,18,17,"ATP1B1;SGK1;PRKCB;INSR;PIK3R1"
"KEGG_Malaria%mmu05144",0.0349075975359343,0.244602983415177,-0.590487797723553,-1.56238129697352,16,17,"ITGB2L;PECAM1;THBS1;TLR2;HGF;TLR4;CD81;KLRB1F;MET;ITGB2;VCAM1;LRP1"
"KEGG_Tuberculosis%mmu05152",0.0384615384615385,0.244602983415177,0.34565793453857,1.35728975892163,18,109,"CD14;BAX;CEBPG;CEBPB;NFYA;H2-EB1;AKT3;RELA;IRAK4;IFNGR2;CD74;RAB5C;CASP8;BID;H2-AB1;HSPD1;FADD;CTSS;H2-AA;IRAK1;MALT1;CREB1;RAB7;NFYB"
"KEGG_Viral_myocarditis%mmu05416",0.0365111561866126,0.244602983415177,0.48927151674766,1.51503656289671,17,33,"CCND1;ABL2;H2-Q6;H2-EB1;H2-Q7;CASP8;BID;H2-AB1;H2-AA;H2-K1"
"RA_Transcriptional_regulation_by_RUNX1%R-MMU-8878171",0.105809128630705,0.245146252753445,0.333290502131365,1.25458832156032,50,90,"CCND1;RYBP;GATA2;PHC2;PSMD10;PSMD7;PSMF1;HIST1H2AB;WDR5;HIST1H2AC;PSMD13;CTSL;PSMC5;PSMD12;PSMC2;PSMA7;PML;PSMC1;PRMT1;PSMC6;PSMB6;PTPN11;CBFB;PSMC3;SMARCE1;LDB1;PSME3;ELF2;CSNK2B;PSMD2;PSMD8;BMI1;SIN3B;SETD1B;CSNK2A2;TCF12;CBX4;RPS27A;ELF1;PSMD6;PSMB1;HDAC1;PSMD1"
"KEGG_Measles%mmu05162",0.0412371134020619,0.247389558232932,0.356604125567623,1.35375518165718,19,92,"HSPA8;FOS;NFKBIA;BAX;CCND1;AKT3;RELA;TNFAIP3;IRAK4;CASP8;BID;EIF3H;FADD;MAVS;IRAK1;IRF3;EIF2AK2"
"KEGG_Thyroid_cancer%mmu05216",0.0421686746987952,0.247389558232932,0.514317115922885,1.50710606997214,20,25,"BAX;CCND1;CDKN1A;TFG;MYC;HRAS;TPR;POLK;NRAS;NCOA4;CTNNB1;TRP53"
"KEGG_Basal_transcription_factors%mmu03022",0.0439330543933054,0.249645390070922,0.463027381062297,1.47999665768921,20,38,"GTF2E1;TBP;TAF6L;GTF2E2;TAF4B;GTF2H3;ERCC3;TAF2;TAF7;TAF6;GTF2F1;GTF2I;GTF2F2"
"KEGG_Regulation_of_lipolysis_in_adipocytes%mmu04923",0.0444444444444444,0.249645390070922,-0.494232946055071,-1.45201703401533,21,27,"PDE3B;ABHD5;NPR1;INSR;TSHR;PIK3R1;AKT2;PRKACB"
"KEGG_Lipid_and_atherosclerosis%mmu05417",0.0457256461232604,0.251491053677932,0.319511213681923,1.29187744637403,22,134,"HSPA8;FOS;CD14;NFKBIA;HSPA5;BAX;AKT3;RELA;HSPA4;IRAK4;HSP90B1;NFE2L2;CASP8;BID;HSPD1;PLCB3;SOD2;MAP3K5;TRAF2;IRAK1;HSP90AB1;HSP90AA1;IRF3"
"RA_GPCR_ligand_binding%R-MMU-500792",0.110251450676983,0.253353333596495,-0.425485940415452,-1.33256889645983,56,33,"NLN;C5AR2;C3;ADGRE1;CCL6;TSHR;PENK;ADRB2;GPR183;XK;FPR1;GNG12;PTAFR"
"RA_Ion_homeostasis%R-MMU-5578775",0.11,0.253353333596495,-0.500273178307085,-1.36872196973876,54,19,"ATP1B1;RYR1;STIM1;ATP2A3;AHCYL1;ASPH;SRI"
"RA_Transport_of_Mature_Transcript_to_Cytoplasm%R-MMU-72202",0.111111111111111,0.254290876242096,0.348905855415832,1.2689588979981,52,72,"THOC5;AAAS;NCBP1;SLU7;SRSF11;GLE1;NXT1;SRSF9;CASC3;NUP35;U2AF2;SRSF7;NUP54;NUP88;NUP62;TPR;NUP155;NUP153;SRSF1;SEC13;CPSF3;NUP50;NUP85;SYMPK;RNPS1;NUP98;NUP43;CPSF2;NUP160;NUP214;FIP1L1;MAGOHB;SRSF2;SRSF3"
"RA_Peptide_ligand-binding_receptors%R-MMU-375276",0.114228456913828,0.258275587319217,-0.506534709242854,-1.37231828979934,56,18,"NLN;C5AR2;C3;CCL6;PENK;XK;FPR1"
"RA_Separation_of_Sister_Chromatids%R-MMU-2467813",0.11340206185567,0.258275587319217,0.301768279842762,1.2082944279299,54,133,"DSN1;DYNLL1;PAFAH1B1;PSMD10;ZW10;PSMD7;PSMF1;ANAPC10;UBE2C;PSMD13;PSMC5;PSMD12;PSMC2;UBE2E1;PSMA7;NUDC;ANAPC16;CENPS;CLIP1;PSMC1;PSMC6;PSMB6;NDE1;ANAPC11;ITGB3BP;UBE2S;DYNC1I2;PSMC3;SEC13;NUP85;PSME3;DYNC1LI2;ERCC6L;PSMD2;NUP98;NUP43;PSMD8;BUB1B;RCC2;AURKB;CDC27;NUP160;SPC25;MAD1L1;CENPT;NDEL1;RPS27A;PPP2R5A;NDC80;PSMD6;PSMB1;PSMD1;RANGAP1"
"RA_Metabolism_of_amino_acids_and_derivatives%R-MMU-71291",0.114107883817427,0.258275587319217,0.312294796988518,1.21418056269886,54,111,"PHGDH;ASNS;SRM;HAAO;ENOPH1;PSMD10;SLC7A5;PSMD7;PSMF1;HIBADH;TXNRD1;PDHX;SLC25A15;PSMD13;PSMC5;DLAT;ADI1;PSMD12;PSMC2;GLUL;PSMA7;NMRAL1;MTAP;PSMC1;PSMC6;PSMB6;ALDH7A1"
"RA_Phosphorylation_of_the_APC/C%R-MMU-176412",0.115079365079365,0.25915873015873,0.537632645613599,1.39828349628442,57,15,"ANAPC10;UBE2C;UBE2E1;ANAPC16;ANAPC11;UBE2S"
"BP_cerebral_cortex_development%0021987",0.0099403578528827,0.2595,0.464656274805556,1.57778647083707,4,48,"FOS;BAX;PPP1R9B;SLC2A1;PAFAH1B1;SLC38A2;TACC2;GART;MECP2;YWHAE;MCPH1;AKIRIN2;NDE1;AFDN;NCOA1"
"BP_positive_regulation_of_protein_localization_to_plasma_membrane%1903078",0.01,0.2595,0.556613983626443,1.66854618811931,4,28,"EZR;PPP1R9B;RER1;RAB11A;KIF5B;EPHA2;ARF6;LGALS3;PDPK1"
"BP_response_to_activity%0014823",0.0099601593625498,0.2595,0.560175267782754,1.6728450291664,4,27,"HSPA8;FOS;CAT;GCLM;CAB39;GCLC;SOD2;PRKAA1"
"RA_Signaling_by_Nuclear_Receptors%R-MMU-9006931",0.117768595041322,0.263771970922061,0.340327258772509,1.25841925649091,56,78,"TBP;CARM1;POLR2F;FOXO3;FKBP5;POLR2I;FKBP4;PDK1;PDHX;POLR2E;GNAI3;TLE3;HSP90AB1;POLR2H;HSP90AA1;CREB1;USF2;PRMT1;GPS2;GTF2F1;PDPK1;CBFB;NCOA1;PPID;HDAC3;CCNT1;POLR2C;GTF2F2;PPP5C"
"RA_Signaling_by_NOTCH%R-MMU-157118",0.119001919385797,0.263771970922061,-0.481398682987468,-1.33510076143941,61,20,"FURIN;MAML3;ITCH;WWP2"
"RA_RND3_GTPase_cycle%R-MMU-9696264",0.118217054263566,0.263771970922061,-0.449688529083265,-1.33046802428449,60,26,"CPD;DSP;NISCH;PLEKHG5;ARHGAP35;PIK3R1;FLOT2;WDR6;CKAP4"
"RA_Gap-filling_DNA_repair_synthesis_and_ligation_in_TC-NER%R-MMU-6782210",0.11875,0.263771970922061,0.363963498791193,1.27160803433142,56,54,"HMGN1;POLR2F;POLR2I;GTF2H3;TCEA1;ERCC3;POLR2E;POLR2H;RFC3;CUL4A;POLR2C;POLK;RPA3;XAB2;POLR2G;POLR2L;CUL4B;AQR;RPS27A;PRPF19;POLR2B;ISY1;GTF2H4;RBX1;GTF2H5"
"RA_Degradation_of_beta-catenin_by_the_destruction_complex%R-MMU-195253",0.12008281573499,0.264088379917184,0.369166344508679,1.25868348781972,57,48,"PSMD10;PSMD7;PSMF1;TLE1;TLE3;PSMD13;PSMC5;PSMD12;PSMC2;PSMA7;PSMC1;PSMC6;PSMB6;CUL1;PSMC3;PSME3;CTNNB1;PSMD2;PSMD8;RPS27A;PPP2R5A;PSMD6;PSMB1;PSMD1"
"RA_TP53_Regulates_Transcription_of_DNA_Repair_Genes%R-MMU-6796648",0.119918699186992,0.264088379917184,0.397276447671663,1.29457497763892,58,37,"POLR2F;POLR2I;GTF2H3;TCEA1;ERCC3;POLR2E;POLR2H;GTF2F1;CCNT1;POLR2C;GTF2F2;ELL;CDK9;POLR2G;POLR2L;POLR2B;NELFE;NELFCD;ELOA"
"KEGG_Renin_secretion%mmu04924",0.0490196078431373,0.264105642256903,-0.487366229947638,-1.48038985209502,24,30,"PDE1B;PDE3B;PPP3CA;KCNJ2;NPR1"
"KEGG_Propanoate_metabolism%mmu00640",0.0515873015873016,0.264529058116232,-0.504117828341374,-1.4691446349039,25,25,"ACSS2;EHHADH;ACOX3;MLYCD;MCEE;ACOX1;ACSS1;PCCB;HADHA"
"KEGG_Biosynthesis_of_unsaturated_fatty_acids%mmu01040",0.0521042084168337,0.264529058116232,-0.551054087773917,-1.49434782936412,25,19,"ELOVL7;HACD4;ACOX3;ACOT2;ELOVL6;ACOX1"
"KEGG_Inflammatory_mediator_regulation_of_TRP_channels%mmu04750",0.0502901353965184,0.264529058116232,-0.448540733489396,-1.45639843375456,25,41,"TRPV2;PRKCB;PIK3R1;PLCG1;MAP2K3;PRKACB;MAPK13;MAPK14;PLCB2;IL1RAP;CAMK2G;PLA2G4A;PLCB1;PIK3CB;GNAQ;ITPR3;ITPR1;P2RY2;PRKCD;MAP2K6;MAPK9;PIK3R2;ADCY7"
"RA_RHOF_GTPase_cycle%R-MMU-9035034",0.122529644268775,0.268420971686071,-0.454911994524839,-1.32683663116283,61,25,"RHOF;ACTN1;DIAPH3;ARHGAP1;PIK3R1;SENP1;SOWAHC;STEAP3;DIAPH2;SRGAP2;ADD3;DIAPH1"
"RA_RND1_GTPase_cycle%R-MMU-9696273",0.123260437375746,0.268975295513739,-0.456034402937381,-1.32111325692034,61,24,"CPD;DSP;PLEKHG5;ARHGAP35;PIK3R1;FLOT2;WDR6;TFRC;FRS2;EPSTI1"
"RA_SLC-mediated_transmembrane_transport%R-MMU-425407",0.124045801526718,0.269643962392054,-0.325807038651074,-1.21791511616525,64,81,"SLC2A3;SLC40A1;SLC11A2;SLC9A8;SLCO4A1;SLC35D2;SLC22A3;SLC36A4;SLC27A1;SLC9A9;ARL2BP;SLC9A1;SLCO4C1;SLC1A3;SLCO3A1;SLC4A8;SLC5A11;SLC43A2;SLC35A1;SLC16A7;AHCYL2;CTNS;SLC8B1;SLC22A4;SRI;SLC12A4;SLC35D1;SLC20A2;SLC18A1"
"RA_Regulation_of_APC/C_activators_between_G1/S_and_early_anaphase%R-MMU-176408",0.128256513026052,0.27772468012949,0.449839025233301,1.32226729087995,63,24,"ANAPC10;UBE2C;FBXO5;UBE2E1;ANAPC16;ANAPC11;UBE2S;CUL1;BUB1B;CDC27;RPS27A"
"RA_Semaphorin_interactions%R-MMU-373755",0.129224652087475,0.278748962165703,-0.453467130528245,-1.31367597238218,64,24,"SEMA4A;SEMA4D;ARHGAP35;NRP1;PIP5K1C;PLXND1;FES;PLXNC1;ARHGEF11;PLXNB3;PTPRC;RHOB"
"RA_Notch-HLH_transcription_pathway%R-MMU-350054",0.130952380952381,0.281397673573246,-0.499530741086951,-1.34303207208934,65,17,"MAML3;HDAC4;HDAC10;HDAC8;HDAC7;MAML1"
"RA_E3_ubiquitin_ligases_ubiquitinate_target_proteins%R-MMU-8866654",0.131958762886598,0.282482066559523,0.411213843674768,1.29164011860357,63,31,"PEX10;SHPRH;CDC73;UBE2D3;UBE2E1;RAD18;UBE2B;UBE2V2;PAF1;PEX14;BCL10;HLTF;RNF20;RPS27A"
"RA_NRAGE_signals_death_through_JNK%R-MMU-193648",0.133204633204633,0.284068971568972,-0.420906594026176,-1.28692294507376,68,30,"ARHGEF39;PLEKHG2;ARHGEF18;PLEKHG5;ARHGEF3;RASGRF2;TIAM2;AKAP13"
"RA_Biosynthesis_of_the_N-glycan_precursor_(dolichol_lipid-linked_oligosaccharide,_LLO)_and_transfer_to_a_nascent_protein%R-MMU-446193",0.13508064516129,0.286982653682288,0.366365037930238,1.25552837153289,66,47,"NUS1;NPL;DOLK;ALG9;NANS;TSTA3;GNE;PMM2;ST3GAL1;GNPNAT1;GFPT1;DPAGT1;ALG14;GMDS;NANP;CTSA;ST6GALNAC6;ST3GAL4;UAP1"
"RA_Senescence-Associated_Secretory_Phenotype_(SASP)%R-MMU-2559582",0.137214137214137,0.290419395682554,0.423297693913172,1.29177391075384,65,28,"CDKN1A;CEBPB;ANAPC10;UBE2C;UBE2E1;ANAPC16;ANAPC11;UBE2S"
"RA_ER_to_Golgi_Anterograde_Transport%R-MMU-199977",0.137787056367432,0.290539748070653,0.310341647534366,1.19069042301398,65,102,"ARFGAP3;DYNLL1;USO1;TFG;ARF4;COPG1;SEC22B;SEC24D;RAB1A;ARCN1;TMEM115;COG6;DCTN5;NAPA;COG4;TMED7;STX17;DYNC1I2;TMED9;BET1;GOSR1;MCFD2;SEC24A;SEC13;COPE;DYNC1LI2;YKT6;PPP6R3;COPB2;COG1;ACTR10;TMED2;COPA;LMAN2"
"KEGG_Proteoglycans_in_cancer%mmu05205",0.0583657587548638,0.290727553043095,-0.330326701032166,-1.31160971720453,29,112,"COL1A2;GPC1;COL1A1;ITGAV;BRAF;PRKCB;CD63;RAF1;PPP1R12B;SLC9A1;THBS1;TLR2;ESR1;PIK3R1;VEGFA;AKT2;MMP9;PLCG1;TIAM1;PRKACB;HGF;MAPK13;IGF1R;HPSE;TLR4;MAPK14;ARAF;FAS;DDX5;ITGB3;CAMK2G;PLAU;PAK1;FRS2;SOS2;FLNA;RPS6KB2;FN1;PIK3CB"
"KEGG_Allograft_rejection%mmu05330",0.0606653620352251,0.29119373776908,0.564952682121214,1.49097809469239,30,16,"H2-Q6;H2-EB1;H2-Q7;H2-AB1;H2-AA;H2-K1;H2-D1;H2-M3"
"KEGG_Graft-versus-host_disease%mmu05332",0.0606653620352251,0.29119373776908,0.564952682121214,1.49097809469239,30,16,"H2-Q6;H2-EB1;H2-Q7;H2-AB1;H2-AA;H2-K1;H2-D1;H2-M3"
"BP_cellular_response_to_organic_cyclic_compound%0071407",0.0116959064327485,0.296106118955926,0.531024157340651,1.65555775914604,5,32,"CEBPA;NFKBIA;SLC16A1;SMAD1"
"RA_Class_I_peroxisomal_membrane_protein_import%R-MMU-9603798",0.142570281124498,0.298390588375808,-0.518320181777885,-1.34070968586437,70,15,"SLC25A17;PEX16;ABCD2;PEX19;PXMP4;PEX3"
"RA_Signaling_by_FGFR%R-MMU-190236",0.142268041237113,0.298390588375808,0.399507145375364,1.27154997456556,68,33,"SPRED1;POLR2F;NCBP1;POLR2I;POLR2E;POLR2H;GTF2F1;PTPN11;POLR2C;PTBP1;GTF2F2"
"KEGG_mRNA_surveillance_pathway%mmu03015",0.0636550308008214,0.300088002346729,0.356426186433535,1.30369955745898,30,76,"WDR82;DDX19A;ACIN1;NCBP1;PPP2R3C;GLE1;DDX19B;NXT1;PPP2R2D;PPP2R5D;CASC3;UPF1;CSTF2;UPF2;SMG6;CPSF3;GSPT1;CPSF6;SSU72;SYMPK;RNPS1;TARDBP;CSTF1;PPP2R2A;CPSF2"
"RA_GPVI-mediated_activation_cascade%R-MMU-114604",0.144268774703557,0.300827111696677,-0.440124788421737,-1.28370695560736,72,25,"COL1A2;COL1A1;PIK3CG"
"BP_endothelial_cell_migration%0043542",0.0124740124740125,0.301116859256394,-0.597627610626978,-1.7042890563904,5,23,"ITGB2L;PTEN;PECAM1;ITGAV;PTP4A3;PLEKHG5;VEGFA;PAXIP1;DPP4;NRP1;PLXND1;S100A9;GIPC1;ABL1;S100A8"
"BP_visual_learning%0008542",0.012396694214876,0.301116859256394,-0.519583136135635,-1.62681728619934,5,35,"PDE1B;SGK1;BRAF;KIT;RGS14;KMT2A;NF1;ABCA7;AP1S2;ABCC8;CTNS;PIAS1;ZZEF1;HTT"
"RA_APC-Cdc20_mediated_degradation_of_Nek2A%R-MMU-179409",0.145530145530146,0.30233753480986,0.462937179403991,1.29359026242913,69,20,"ANAPC10;UBE2C;UBE2E1;ANAPC16;NEK2;ANAPC11;UBE2S;BUB1B;CDC27;RPS27A"
"RA_G_alpha_(12/13)_signalling_events%R-MMU-416482",0.147286821705426,0.304862061103511,-0.402986684548318,-1.2717231646428,75,34,"ARHGEF39;PLEKHG2;ARHGEF18;PLEKHG5;ARHGEF3;RASGRF2;TIAM2;AKAP13"
"BP_brown_fat_cell_differentiation%0050873",0.0134615384615385,0.304935370152761,0.629184969785786,1.63950582178346,6,16,"CEBPA;CEBPB;GATA2;ARL4A"
"BP_cell_redox_homeostasis%0045454",0.0135135135135135,0.304935370152761,0.559475616469267,1.66404913010307,6,25,"PRDX4;TXNRD2;SELENOS;PRDX1;GCLC;NFE2L2;TXNRD1;NFE2L1;APEX1"
"BP_cellular_response_to_interleukin-4%0071353",0.0134615384615385,0.304935370152761,0.627940123809575,1.63626205035974,6,16,"HSPA5;NFIL3;IMPDH2;HSP90AB1;FASN;PML;RPLP0;RPL3"
"RA_Intra-Golgi_and_retrograde_Golgi-to-ER_traffic%R-MMU-6811442",0.149590163934426,0.305342131429088,0.295170140202213,1.17145892057971,72,125,"ARFGAP3;KIF3A;DYNLL1;PAFAH1B1;RAB18;STX18;ARF4;COPG1;SEC22B;ZW10;RAB1A;ARFIP2;KIF5B;ARCN1;RABEPK;PAFAH1B2;PLA2G6;SNAP29;COG6;DCTN5;NAPA;COG4;KIF20A;TMED7;DYNC1I2;GOLGA4;CYTH2;TMED9;GOSR1;CYTH1;USP6NL;COPE;DYNC1LI2;YKT6;COPB2;COG1;SURF4;ACTR10;TMED2;COPA;GCC1"
"RA_RAF/MAP_kinase_cascade%R-MMU-5673001",0.14968814968815,0.305342131429088,0.301106272550164,1.17503741548152,71,113,"SPRED1;LAMTOR3;UBC;RASA2;PDE6D;PSMD10;PSMD7;PSMF1;RASA4;PEBP1;PSMD13;PSMC5;PSMD12;PSMC2;PSMA7;FNTA;CSK;RASAL3;PSMC1;PSMC6;PSMB6;PTPN7;PSMC3;ZDHHC9;MAP3K11;PPP5C"
"RA_Axon_guidance%R-MMU-422475",0.149514563106796,0.305342131429088,-0.298355755649557,-1.17524660454973,76,109,"GPC1;SEMA4A;EVL;COL5A1;ITGA9;SEMA4D;ARHGAP35;PIK3R1;PLCG1;COL5A3;NRP1;PRKACB;EPHA7;DOK1;MAPK13;PIP5K1C;ST8SIA4;PLXND1;FES;PLXNC1;ITGB3;ARHGEF11;ARHGEF28;SPTBN1;FRS2;IRS2;PLXNB3;ABL1;PIK3CB;NCAM1"
"RA_Nervous_system_development%R-MMU-9675108",0.149514563106796,0.305342131429088,-0.298355755649557,-1.17524660454973,76,109,"GPC1;SEMA4A;EVL;COL5A1;ITGA9;SEMA4D;ARHGAP35;PIK3R1;PLCG1;COL5A3;NRP1;PRKACB;EPHA7;DOK1;MAPK13;PIP5K1C;ST8SIA4;PLXND1;FES;PLXNC1;ITGB3;ARHGEF11;ARHGEF28;SPTBN1;FRS2;IRS2;PLXNB3;ABL1;PIK3CB;NCAM1"
"RA_MAPK1/MAPK3_signaling%R-MMU-5684996",0.150515463917526,0.305450680777692,0.299679452369416,1.17459869970581,72,114,"SPRED1;LAMTOR3;UBC;RASA2;PDE6D;PSMD10;PSMD7;PSMF1;RASA4;PEBP1;PSMD13;PSMC5;PSMD12;PSMC2;PSMA7;FNTA;CSK;RASAL3;PSMC1;PSMC6;PSMB6;PTPN7;PSMC3;ZDHHC9;MAP3K11;PPP5C"
"RA_MTOR_signalling%R-MMU-165159",0.150826446280992,0.305450680777692,0.409428769928389,1.27418801979424,72,30,"LAMTOR3;CAB39;MLST8;PRKAA1;EIF4EBP1;RHEB;RPS6;FKBP1A;STRADA;EIF4G1"
"KEGG_VEGF_signaling_pathway%mmu04370",0.0660194174757282,0.305774144098109,-0.439549265904798,-1.39187966382846,33,36,"PPP3CA;PRKCB;RAF1;CASP9;PIK3R1;VEGFA;AKT2;PPP3CB;PLCG1;MAPK13;MAPK14;MAPKAPK3;PLA2G4A"
"RA_Deubiquitination%R-MMU-5688426",0.154639175257732,0.308274683876997,0.274725915010222,1.15061921861251,74,181,"NFKBIA;STAMBPL1;UBC;SMAD1;USP12;ASXL2;JOSD1;TNFAIP3;MAT2B;PSMD10;STAM2;USP16;RUVBL1;RAD23B;PSMD7;PSMF1;HIST1H2AB;SMAD3;STAM;RNF128;HIST1H2AC;USP21;MYC;PSMD13;TOMM20;TRAF2;PSMC5;PSMD12;UCHL3;PSMC2;BRCA1;PSMA7;PSMC1;PSMC6;PSMB6;UCHL5;TRAF6;PSMC3;VCP;RIPK1;SMAD2;WDR20;YY1;USP10;TNIP2;FOXK2;PSME3;CDK1"
"RA_Protein_localization%R-MMU-9609507",0.153256704980843,0.308274683876997,-0.350990957361522,-1.21006430209142,79,54,"SLC25A17;DECR2;PEX16;CROT;GSTK1;EHHADH;ACOX3;ACOT2;PEX6;ABCD2;MPV17;PEX19;ACOX1;CRAT"
"RA_Regulation_of_PTEN_stability_and_activity%R-MMU-8948751",0.154639175257732,0.308274683876997,0.367248524711287,1.22395781566761,74,42,"PSMD10;PSMD7;PSMF1;PSMD13;PSMC5;PSMD12;PSMC2;PSMA7;PSMC1;PSMC6;PSMB6;PSMC3;PSME3;CSNK2B;PSMD2;PSMD8;CSNK2A2;RPS27A;PSMD6;PSMB1;PSMD1;PSME1;NEDD4;TRIM27"
"RA_Dual_incision_in_TC-NER%R-MMU-6782135",0.154488517745303,0.308274683876997,0.349409048723782,1.2239095785034,73,55,"HMGN1;POLR2F;POLR2I;GTF2H3;TCEA1;ERCC3;POLR2E;POLR2H;RFC3;CUL4A;POLR2C;POLK;RPA3;XAB2;POLR2G;POLR2L;CUL4B;AQR;RPS27A;PRPF19;POLR2B;XPA;ISY1;GTF2H4;RBX1;GTF2H5"
"RA_RHOU_GTPase_cycle%R-MMU-9013420",0.15495867768595,0.308274683876997,0.407869666811822,1.26933591691661,74,30,"PEAK1;STAM2;PTK2B;STAM;GIT2;EPHA2"
"RA_Immunoregulatory_interactions_between_a_Lymphoid_and_a_non-Lymphoid_cell%R-MMU-198933",0.159695817490494,0.316580088898409,-0.392478951433239,-1.2491932473483,83,35,"COL1A2;COL1A1;TREML2;ITGA4;CD33;C3;PVR;ITGB7;NECTIN2"
"KEGG_Mineral_absorption%mmu04978",0.0701402805611223,0.319259208071315,-0.531247063966636,-1.4406351654183,34,19,"SLC40A1;SLC11A2;ATP1B1;TRPM7"
"RA_MAPK_family_signaling_cascades%R-MMU-5683057",0.1625,0.320182829218974,0.291462630611369,1.16123025177949,77,129,"SPRED1;LAMTOR3;UBC;RASA2;FOXO3;PDE6D;PSMD10;PSMD7;PSMF1;RASA4;PEBP1;DNAJB1;PSMD13;PSMC5;PSMD12;PSMC2;PSMA7;FNTA;CSK;RASAL3;PSMC1;PSMC6;PSMB6"
"RA_Homologous_DNA_Pairing_and_Strand_Exchange%R-MMU-5693579",0.162650602409639,0.320182829218974,-0.507209551854023,-1.31197044383084,80,15,"RAD51B;RAD51D;BLM;KAT5"
"RA_Insulin_receptor_recycling%R-MMU-77387",0.166666666666667,0.326945412311266,0.481906278930474,1.29323567410809,82,17,"ATP6V1F;ATP6V1E1;ATP6V1G1;ATP6V0A2;ATP6V0B;ATP6V1B2;ATP6V1H"
"RA_RAC2_GTPase_cycle%R-MMU-9013404",0.169847328244275,0.330879051216356,-0.341306825137864,-1.19686882748251,88,58,"ABI2;CYBB;ERBIN;MPP7;DIAPH3;ARHGAP1;ARHGAP35;PIK3R1"
"RA_Transcriptional_regulation_by_small_RNAs%R-MMU-5578749",0.169421487603306,0.330879051216356,0.399479833872552,1.24322582059591,81,30,"AAAS;NUP35;NUP54;NUP88;RAN;AGO2;NUP62;TPR;NUP155;NUP153;SEC13;NUP50;NUP85;NUP98;NUP43;NUP160;NUP214"
"RA_Activation_of_ATR_in_response_to_replication_stress%R-MMU-176187",0.171134020618557,0.332236046924991,0.384961457469163,1.22525400889569,82,33,"MCM8;ORC1;CDC7;RAD1;ORC2;RFC3;RAD9A;MCM10;RPA3;ORC5"
"RA_Activation_of_the_pre-replicative_complex%R-MMU-68962",0.173553719008264,0.335775751895714,0.398169220764417,1.2391470463533,83,30,"MCM8;ORC1;POLA2;CDC7;ORC2"
"WP_PluriNetWork:_mechanisms_associated_with_pluripotency%WP1763",0.0499001996007984,0.339321357285429,0.297145542809697,1.26541355806963,24,195,"FOS;CCND1;CDKN1A;STK40;P4HA1;SATB1;SMAD1;RYBP;MTA1;TFE3;RELA;KLF2;CERS2;EED;GADD45GIP1;UHRF1;KDM5C;CDC73;JADE1;BMPR2;SMAD3;KPNB1;PARP1;MYC;DNMT3B;REST;EZH1;ATF2;BRCA1;CREB1;ZMYM2;DNMT3L;PML;LYAR;SMARCAD1;HRAS;RBBP7;PTPN11;MTF2;NCOA1;PIM3;PAF1;CREBBP;MTA2;SMAD2;YY1;ROCK1;THAP11;H3F3A;SMARCA5;ICAM1;RIF1;ZFX;TRIM33;CTNNB1;UBE2I"
"BP_regulation_of_alternative_mRNA_splicing,_via_spliceosome%0000381",0.0157790927021696,0.339622641509434,0.476062132329783,1.52922772645564,7,37,"TRA2B;ZBTB7A;CELF2;DDX17;REST;PUF60;MBNL2;RBM47;WTAP;RBM7;YTHDC1;PTBP1;RBM15;TIA1;RNPS1"
"BP_response_to_glucocorticoid%0051384",0.0165631469979296,0.339622641509434,-0.607020818350799,-1.69528870230001,7,21,"ASS1;HNMT;PTPRU;AGL;PIK3R1;ABCA3;BCL2;FAS;RXRA"
"BP_protein_import_into_nucleus%0006606",0.0161943319838057,0.339622641509434,0.411443457770436,1.54349811139615,7,83,"HSPA8;NFKBIA;CDKN1A;IPO13;FAM53A;STK3;LMNA;AGAP3;HIKESHI;KPNB1;POLA2;HEATR3;KPNA4;ATF2;IPO5;AKIRIN2;NUP88;PML;RAN;KPNA6;PHB2;NUP62;TPR;CSE1L;NUP155;ELAVL1;NUP153;SEC13;NUP50;NUP85"
"BP_lymph_node_development%0048535",0.017175572519084,0.339622641509434,0.640432342004736,1.64882445657752,8,15,"NFKB2;CD2AP;RC3H1;FADD;RC3H2;FLT3"
"BP_translational_initiation%0006413",0.0160320641282565,0.339622641509434,0.467175689300713,1.54373274470577,7,44,"EIF3D;EIF3G;EIF5B;EIF2B3;ABCF1;EIF3L;EIF3I;EIF3H;EIF1A;EIF4E2;EIF3K;EIF4A1;EIF3C;EIF2B4;DHX33;EIF2B2;EIF4G1;EIF3B;EIF2B1;ABCE1;EIF1AD;EIF4H;EIF2S2;EIF1"
"BP_positive_regulation_of_protein_metabolic_process%0051247",0.017175572519084,0.339622641509434,0.642896095261552,1.65516751010304,8,15,"NFKBIA;KLF2;UHRF1;PTK2B"
"BP_apoptotic_mitochondrial_changes%0008637",0.0173410404624277,0.339622641509434,0.567590628788182,1.60866005899444,8,21,"BAX;GCLM;BID;HSPD1;SLC25A4;SOD2"
"RA_APC/C:Cdc20_mediated_degradation_of_Cyclin_B%R-MMU-174048",0.178714859437751,0.344576937888541,0.475623551348034,1.27637545087475,88,17,"ANAPC10;UBE2C;UBE2E1;ANAPC16;ANAPC11;UBE2S;CDC27;RPS27A"
"KEGG_Protein_export%mmu03060",0.0790513833992095,0.347826086956522,0.504326966887459,1.40872677265884,39,20,"HSPA5;SRP19;SEC63;SPCS2;SEC61A1;SRP14;SEC62;SPCS1;SRP68"
"KEGG_PI3K-Akt_signaling_pathway%mmu04151",0.0781563126252505,0.347826086956522,-0.300399340382559,-1.24663876857872,38,162,"COL1A2;COL1A1;COL6A4;PTEN;CDK6;ITGA4;ITGAV;SGK1;PIK3CG;PKN2;KIT;ITGA9;INSR;ITGA6;RAF1;GNB5;THBS1;TLR2;CREB3;IBSP;CASP9;JAK2;IFNAR2;JAK3;IKBKG;PIK3R1;VEGFA;AKT2;CSF1;PPP2R5E;ITGB7;HGF;BCL2;CREB3L2;IGF1R;IL4RA;PIK3AP1;PIK3R5;TLR4"
"KEGG_Arrhythmogenic_right_ventricular_cardiomyopathy%mmu05412",0.0813492063492063,0.352068696330992,-0.481869181266694,-1.40430566542888,40,25,"ITGA4;ITGAV;DSP;ITGA9;ITGA6;ATP2A3;ITGB7;ITGA2B;SGCB;JUP;ITGB3"
"KEGG_Progesterone-mediated_oocyte_maturation%mmu04914",0.0826923076923077,0.352109181141439,-0.359948650369159,-1.31273243525582,42,65,"PDE3B;CPEB2;BRAF;RAF1;PIK3R1;AKT2;CDC25C;PRKACB;PKMYT1;MAPK13;ANAPC5;IGF1R;ANAPC1;MAPK14;AURKA;ARAF"
"RA_Inhibition_of_the_proteolytic_activity_of_APC/C_required_for_the_onset_of_anaphase_by_mitotic_spindle_checkpoint_components%R-MMU-141405",0.184890656063618,0.354059317564004,0.457912926293197,1.26055252568412,92,18,"ANAPC10;UBE2C;UBE2E1;ANAPC16;ANAPC11;UBE2S;BUB1B;CDC27"
"RA_Inactivation_of_APC/C_via_direct_inhibition_of_the_APC/C_complex%R-MMU-141430",0.184890656063618,0.354059317564004,0.457912926293197,1.26055252568412,92,18,"ANAPC10;UBE2C;UBE2E1;ANAPC16;ANAPC11;UBE2S;BUB1B;CDC27"
"RA_Detoxification_of_Reactive_Oxygen_Species%R-MMU-3299685",0.185714285714286,0.354430992736078,0.429739667882779,1.24780877055666,90,23,"TXNRD2;CAT;PRDX1;TXNRD1;SOD1;SOD2;P4HB;NCF2;CYBA;TXN2;NCF4;CCS;NCF1;NUDT2;ERO1L;GSTP1"
"BP_mRNA_processing%0006397",0.0206185567010309,0.355991494615543,0.339354337022393,1.40499809679138,9,171,"RPUSD2;FASTKD5;SNRPA;THOC5;CRIPT;SRRT;SF3A3;ACIN1;RRP1B;PRPF38B;SFPQ;ZPR1;SREK1;TSEN2;SF3A2;SRPK1;TRA2A;SRSF9;METTL16;PUF60;TSEN54;PUS7;HNRNPF;TRUB1;C1QBP;TTF2;RALY;FAM50A;HNRNPLL;SRSF7;SNRNP35;PRPF18;MBNL2;PCBP1;RBM47;LGALS3;WTAP;WBP11;DHX15"
"BP_calcium_ion_transmembrane_transport%0070588",0.0204498977505112,0.355991494615543,-0.522999511179816,-1.60880117078439,9,32,"TRPV2;ORAI2;TRPM2;ITGAV;TRPM7;ATP2A3;SLC8B1;ASPH;P2RX7;P2RX1;TPCN1"
"BP_positive_regulation_of_GTPase_activity%0043547",0.0196850393700787,0.355991494615543,-0.40137749619313,-1.4560191905561,9,68,"TBC1D2;SNX13;EVI5L;RAPGEF3;ALS2;RGS14;NF1;DOCK8;ITGA6;AGRN;RAPGEF6;GNB5;SEMA4D;ARHGAP35;MYO9B"
"BP_proteolysis_involved_in_protein_catabolic_process%0051603",0.0194931773879142,0.355991494615543,0.512412740768587,1.59753351544895,9,32,"RSPRY1;HSPA5;DNAJC3;CASP8;CTSS;CTSL;MALT1;CTSC;CAPN2;PSMB6;LONP1;PSMB4"
"BP_cellular_response_to_cadmium_ion%0071276",0.0192307692307692,0.355991494615543,0.61436966455636,1.60090067331112,9,16,"HSPA8;FOS;DAXX"
"BP_protein_targeting_to_lysosome%0006622",0.0209205020920502,0.355991494615543,-0.588467546617245,-1.65038801590624,9,22,"SORL1;AP4M1;BECN1;GGA3;VPS54;SORT1;ATG14;ZFYVE16;GCC2"
"BP_transcription_by_RNA_polymerase_III%0006383",0.0195694716242661,0.355991494615543,0.61772311158825,1.63104551610015,9,17,"POLR1C;TBP;POLR1D;POLR1B;POLRMT;GTF3C6"
"BP_cellular_response_to_leukemia_inhibitory_factor%1990830",0.0202839756592292,0.355991494615543,0.404139412299949,1.48219154025341,9,74,"NOL8;CACYBP;SRM;EEF1E1;EED;GCLM;MPC1;SDAD1;GSTT2;MYNN;MGA;RPS16;NUP35;CREB1;NFYB;SRSF7;EGLN3;CHCHD4;GNPNAT1;PML;LRBA;RNF138;BCAT2;MTF2;PADI2;MRPL15;TRIM25;PFKP;SMARCA5;ICAM1;RIF1"
"BP_small_GTPase-mediated_signal_transduction%0007264",0.0212765957446809,0.35621139327385,-0.414245462690245,-1.4750469340068,10,61,"ARHGAP33;RHOF;RALGPS2;RABIF;ARL3;DOCK8;RASGRP4;ARHGEF18;ARHGAP15;ARHGAP1;CCDC88C;RASGRF2;TIAM1;TIAM2"
"RA_Pyruvate_metabolism%R-MMU-70268",0.188492063492064,0.357808337728016,0.485923870791213,1.26379849609492,94,15,"LDHA;LDHB;PDK1;PDHX;PDP1"
"RA_mRNA_decay_by_3'_to_5'_exoribonuclease%R-MMU-429958",0.188755020080321,0.357808337728016,-0.493635993765309,-1.2768604839239,93,15,"NT5C3B;TTC37"
"RA_Downstream_signal_transduction%R-MMU-186763",0.190380761523046,0.35967908972307,-0.466052408069127,-1.26264248417309,94,18,"STAT5B;PIK3R1;STAT5A;PLCG1"
"WP_Selenium_metabolism/Selenoproteins%WP108",0.0637065637065637,0.361003861003861,0.443874547292716,1.41704626411278,32,35,"FOS;RELA;TXNRD2;SEPHS1;SELENOS;NFE2L2;SELENOI;TXNRD1"
"WP_Odorant_GPCRs%WP1397",0.0606694560669456,0.361003861003861,-0.574844900559151,-1.463301358712,28,15,"LGR4;ADGRG3;WLS;GPR160;GPR179;GPR171;GPR183"
"WP_PPAR_signaling_pathway%WP2316",0.0601941747572816,0.361003861003861,0.465779758970077,1.44670375028698,30,31,"LPL;ACSL3;ANGPTL4;UBC"
"RA_Conversion_from_APC/C:Cdc20_to_APC/C:Cdh1_in_late_anaphase%R-MMU-176407",0.192771084337349,0.362976991578354,0.46676717582013,1.25260862882503,95,17,"ANAPC10;UBE2C;UBE2E1;ANAPC16;ANAPC11;UBE2S"
"RA_Antimicrobial_peptides%R-MMU-6803157",0.1953125,0.366536458333333,-0.47569490276335,-1.26373110983533,99,16,"TLR2;TLR1;PGLYRP1;S100A9;CAMP;LYZ2;S100A8"
"RA_Synthesis_of_substrates_in_N-glycan_biosythesis%R-MMU-446219",0.198364008179959,0.371026367459525,0.360730139521966,1.18245860306292,96,38,"NUS1;NPL;DOLK;NANS;TSTA3;GNE;PMM2;ST3GAL1;GNPNAT1;GFPT1;GMDS;NANP;CTSA;ST6GALNAC6;ST3GAL4;UAP1"
"RA_Signaling_by_Hedgehog%R-MMU-5358351",0.19916142557652,0.37128437946881,0.310678442400492,1.13540702699953,94,76,"KIF3A;PSMD10;CDC73;PSMD7;PSMF1;PSMD13;PSMC5;PSMD12;PSMC2;PSMA7;TTC21B;SUFU;PSMC1;PSMC6;PSMB6;P4HB;CUL1;PSMC3;VCP;PSME3;IFT172;PSMD2;PRKAR1A;PSMD8;IFT57;TUBB4B;RPS27A;PSMD6;PSMB1;PTCH1;PSMD1;DERL2"
"RA_PIP3_activates_AKT_signaling%R-MMU-1257604",0.201646090534979,0.373443253194715,0.28257160152416,1.12500076652707,97,128,"CDKN1A;LAMTOR3;AKT3;FOXO3;EED;IRAK4;PHC2;PSMD10;PSMD7;PSMF1;MLST8;PIP4K2B;PHLPP1;PSMD13;PSMC5;PSMD12;IRAK1;PSMC2;CREB1;PSMA7;PML;PSMC1;PSMC6;PSMB6;MAF1;RHEB;RBBP7;TRAF6;PDPK1"
"RA_Transferrin_endocytosis_and_recycling%R-MMU-917977",0.201195219123506,0.373443253194715,0.443794912464011,1.23613563834585,100,19,"ATP6V1F;HFE;ATP6V1E1;ATP6V1G1;ATP6V0A2;ATP6V0B;MCOLN1;ATP6V1B2;ATP6V1H"
"RA_Lysosome_Vesicle_Biogenesis%R-MMU-432720",0.203592814371258,0.37518902986031,0.420355967231755,1.21132938255682,101,22,"HSPA8;CLTB;DNM2;BLOC1S1;TXNDC5;AP1S1"
"RA_Post-translational_modification:_synthesis_of_GPI-anchored_proteins%R-MMU-163125",0.203921568627451,0.37518902986031,-0.435742967517911,-1.21751469611277,103,21,"LY6K;LY6E;PIGF"
"RA_Beta-catenin_independent_WNT_signaling%R-MMU-3858494",0.204592901878914,0.375198057843091,0.332657602083332,1.16523263217954,97,55,"PSMD10;PSMD7;PSMF1;CLTB;PLCB3;PSMD13;PSMC5;PSMD12;PSMC2;PSMA7;PSMC1;PSMC6;PSMB6;PSMC3;DVL2;AP2B1;PSME3;CTNNB1;AP2M1;PSMD2;PSMD8;MAP3K7;RPS27A;PSMD6;PSMB1;PSMD1"
"KEGG_Toxoplasmosis%mmu05145",0.0901639344262295,0.377829820452771,0.356385931823424,1.28047272956473,43,69,"HSPA8;NFKBIA;IRGM1;H2-EB1;AKT3;RELA;IRAK4;IFNGR2;CASP8;H2-AB1;GNAI3;H2-AA;IRAK1"
"RA_Mitophagy%R-MMU-5205647",0.207317073170732,0.378959455178967,0.427684053586116,1.2116858370014,101,21,"MFN1;MAP1LC3A;TOMM20;TOMM5;CSNK2B;CSNK2A2;RPS27A;PINK1;TOMM22"
"BP_lipid_biosynthetic_process%0008610",0.0230125523012552,0.379159195058777,-0.618758034547055,-1.57508481293991,10,15,"ACSS2;BCKDK;AGPS"
"BP_embryo_implantation%0007566",0.0235294117647059,0.381617647058824,0.535880889655805,1.56024440707074,11,24,"IL11RA1;MST1;FUT7;H2-Q7;POLR1B;VMP1;FKBP4;SOD1;STC2"
"BP_response_to_ethanol%0045471",0.0239043824701195,0.381734600061293,0.439191183760158,1.49902876505065,11,49,"HSPA8;FOS;CD14;CAT;GOT2;PTK2B;CASP8;SOD1;TUFM;CREB1;EEF1B2;AACS"
"KEGG_Cytosolic_DNA-sensing_pathway%mmu04623",0.0947368421052632,0.384777327935223,0.398562483539277,1.33715156256192,44,47,"NFKBIA;POLR1C;POLR2F;RELA;POLR1D;CASP8;POLR2E;FADD;MAVS;POLR2H;IRF3;CGAS"
"KEGG_Type_I_diabetes_mellitus%mmu04940",0.094,0.384777327935223,0.505386767427988,1.36552389994635,46,18,"H2-Q6;H2-EB1;H2-Q7;H2-AB1;HSPD1;H2-AA;H2-K1;H2-D1;H2-M3"
"RA_Macroautophagy%R-MMU-1632852",0.21294363256785,0.385489598507072,0.305960813384453,1.13091703520368,101,82,"DYNLL1;LAMTOR3;CHMP4B;ATG4D;MFN1;CHMP7;MAP1LC3A;MLST8;VIM;TOMM20;ATG4B;ATG16L1;RHEB;DYNC1I2;ATG3;GABARAPL2;PIK3C3;WIPI2;TOMM5;DYNC1LI2;MTMR14;CSNK2B;ATM;GABARAP;CSNK2A2;PARK7;RPS27A;PINK1;PRKAG2;TOMM22"
"RA_Autophagy%R-MMU-9612973",0.21294363256785,0.385489598507072,0.305960813384453,1.13091703520368,101,82,"DYNLL1;LAMTOR3;CHMP4B;ATG4D;MFN1;CHMP7;MAP1LC3A;MLST8;VIM;TOMM20;ATG4B;ATG16L1;RHEB;DYNC1I2;ATG3;GABARAPL2;PIK3C3;WIPI2;TOMM5;DYNC1LI2;MTMR14;CSNK2B;ATM;GABARAP;CSNK2A2;PARK7;RPS27A;PINK1;PRKAG2;TOMM22"
"RA_Apoptotic_execution_phase%R-MMU-75153",0.212809917355372,0.385489598507072,0.382052378746544,1.18898963553021,102,30,"SATB1;ACIN1;DNM1L;LMNA;CASP8;DFFB;KPNB1;VIM"
"BP_positive_regulation_of_stem_cell_population_maintenance%1902459",0.0256410256410256,0.385730211817168,0.466062934053074,1.50230160316988,12,38,"SINHCAF;SS18;PHF10;REST;SAP30L;SAP30;DPF2;ARID4A;BCL7A;RBBP7;KDM2B;SMARCE1;BCL7C;NCOA3;BRD9;SAP130;HDAC1;RBBP4;ING1;SUDS3;SMARCC1;SIN3A"
"BP_cellular_response_to_heat%0034605",0.0253411306042885,0.385730211817168,0.50295683262608,1.56805312010592,12,32,"HSPA8;CDKN1A;SLU7;HIKESHI;DNAJB1;YWHAE;IRAK1;HSP90AB1;HSP90AA1;DAXX;TPR;VCP"
"BP_skin_development%0043588",0.0251046025104603,0.385730211817168,-0.582913058366645,-1.6348101630646,11,22,"COL1A1;COL5A1;DSP;RYR1"
"BP_negative_regulation_of_fibroblast_proliferation%0048147",0.0255905511811024,0.385730211817168,0.517489902356408,1.56507987947375,12,29,"MED25;BAX;MEN1;EMD;SKI;CDC73;MYC;SOD2;ING5"
"KEGG_Pertussis%mmu05133",0.0967078189300411,0.386831275720165,0.397147128406489,1.31601404197517,46,43,"FOS;CD14;C4B;RELA;IRAK4;C1QB;GNAI3;IRAK1;IRF3"
"WP_IL-9_Signaling_Pathway%WP10",0.0772357723577236,0.387437465258477,-0.510588626148762,-1.42187829782193,37,20,"STAT5B;JAK3;PIK3R1;KAT5;STAT5A;TYK2"
"WP_Glutathione_and_one_carbon_metabolism%WP730",0.0797665369649805,0.387437465258477,0.505949744490439,1.38537444744368,40,19,"IDH1;SHMT2;MAT2B;GCLM;GCLC;GSS;DNMT3B"
"WP_EBV_LMP1_signaling%WP1243",0.0730769230769231,0.387437465258477,0.541329355684881,1.4105750657868,37,16,"NFKB2;RELA;IRAK1;HSP90AA1;PDLIM7;TRAF6"
"RA_Transcription-Coupled_Nucleotide_Excision_Repair_(TC-NER)%R-MMU-6781827",0.214876033057851,0.387741046831956,0.320356781539501,1.15803278334068,103,66,"HMGN1;POLR2F;POLR2I;GTF2H3;TCEA1;ERCC3;POLR2E;POLR2H;COPS5;COPS7B;RFC3;CUL4A;POLR2C;POLK;RPA3;XAB2;POLR2G;POLR2L;CUL4B;AQR;RPS27A;PRPF19;POLR2B;XPA;ISY1;GTF2H4;RBX1;GTF2H5"
"KEGG_PPAR_signaling_pathway%mmu03320",0.107505070993915,0.388048192771084,0.442561524236744,1.37039837308938,52,33,"LPL;ACSL3;ANGPTL4;UBC"
"KEGG_Fanconi_anemia_pathway%mmu03460",0.107750472589792,0.388048192771084,-0.3757112724794,-1.28550067827812,56,49,"REV1;FANCE;BRCA2;FAAP100;ATR;FAAP24;BLM;FANCF"
"KEGG_Oocyte_meiosis%mmu04114",0.104208416833667,0.388048192771084,-0.332060529073796,-1.24901762297655,51,83,"STAG3;PPP3CA;CPEB2;SGO1;PPP3CB;PPP2R5E;CDC25C;PRKACB;PKMYT1;PTTG1;MAPK13;SLK;ANAPC5;IGF1R;ANAPC1;MAPK14;AURKA"
"KEGG_Endocytosis%mmu04144",0.101796407185629,0.388048192771084,0.281284913041493,1.19030026084462,50,184,"HSPA8;ARFGAP3;FOLR1;H2-Q6;CHMP4B;H2-Q7;MVB12A;ARF4;CLTA;STAM2;CHMP7;AGAP3;RAB5C;RAB11A;CLTB;SMAD3;STAM;RNF41;GIT2;SMAP2;IST1;KIF5B;H2-K1;SH3GLB1;DNM2;RAB7;WASHC1;ARF6;SNX2;PML;WASHC4;CHMP5;H2-D1;SNX1;HRAS;SNX12;TRAF6;H2-M3;CYTH2;VPS29;VPS28;ARPC5;AP2B1;RAB31;ARPC5L;SMAD2;CYTH1;PDCD6IP;VPS36"
"KEGG_Longevity_regulating_pathway%mmu04213",0.119834710743802,0.388048192771084,0.395957806674705,1.28904383450684,57,40,"HSPA8;AKT3;FOXO3;CAT;SOD1;SOD2;PRKAA1"
"KEGG_B_cell_receptor_signaling_pathway%mmu04662",0.121212121212121,0.388048192771084,0.359029438486528,1.25349623505085,59,58,"FOS;NFKBIA;PTPN6;AKT3;RELA"
"KEGG_Leukocyte_transendothelial_migration%mmu04670",0.112185686653772,0.388048192771084,-0.352990862311933,-1.26668951883728,57,59,"ITGB2L;ITGA4;RAPGEF3;PECAM1;CYBB;PRKCB;ACTN1;ARHGAP35;PIK3R1;MMP9;PLCG1;MAPK13;MAPK14;CD99L2"
"KEGG_Long-term_potentiation%mmu04720",0.113899613899614,0.388048192771084,-0.405958445635813,-1.31336705023597,58,40,"RAPGEF3;PPP3CA;BRAF;PRKCB;RAF1;PPP3CB;PRKACB;PLCB2;ARAF;CAMK2G;PLCB1"
"KEGG_Glutamatergic_synapse%mmu04724",0.111545988258317,0.388048192771084,-0.412985630069732,-1.310259502254,56,37,"GRK3;PPP3CA;PRKCB;GNB5;GRIA3;SLC1A3;PPP3CB;HOMER3;PRKACB"
"KEGG_Serotonergic_synapse%mmu04726",0.100970873786408,0.388048192771084,-0.425642781262801,-1.34784329596263,51,36,"RAPGEF3;BRAF;PRKCB;RAF1;GNB5;PRKACB;PLCB2;ARAF;ALOX5;SLC18A1;PTGS1;PLA2G4A;PLCB1;GNG12;CACNA1F;GNAI2;GNAQ;ITPR3;CASP3;ITPR1"
"KEGG_Thyroid_hormone_signaling_pathway%mmu04919",0.118951612903226,0.388048192771084,-0.327495605306635,-1.23654901213646,58,86,"ATP1B1;NOTCH2;ITGAV;MED1;MED13L;PRKCB;PFKM;RAF1;SLC9A1;RCAN1;CASP9;ATP2A3;ESR1;PIK3R1;AKT2;PLCG1;PRKACB;MED12;PLCB2;MED16;NCOA2;ITGB3;NOTCH1;RXRA"
"KEGG_Type_II_diabetes_mellitus%mmu04930",0.102822580645161,0.388048192771084,-0.499890473542816,-1.37195231106252,50,20,"INSR;PIK3R1;ABCC8;IRS2;HK2;PIK3CB;HK3;IKBKB;PRKCD;MAPK3;MAPK9;PIK3R2;HK1"
"KEGG_AGE-RAGE_signaling_pathway_in_diabetic_complications%mmu04933",0.110453648915187,0.388048192771084,-0.35694782583039,-1.26411807440052,55,58,"COL1A2;COL1A1;CYBB;STAT5B;PRKCB;THBD;JAK2;PIK3R1;STAT5A;VEGFA;AKT2;PLCG1;BCL2;MAPK13;EGR1;MAPK14;PLCB2"
"KEGG_Human_cytomegalovirus_infection%mmu05163",0.109126984126984,0.388048192771084,0.29005285240854,1.18791266813816,54,145,"NFKBIA;BAX;CCND1;CDKN1A;H2-Q6;GNA11;AKT3;RELA;H2-Q7;B2M;TRAF5;PTK2B;CASP8;BID;MYC;PLCB3;FADD;GNAI3;TRAF2;H2-K1;ATF2;IRF3;CREB1;EIF4EBP1;CGAS;H2-D1;RHEB;HRAS;ATF4;H2-M3;PDIA3;CALR;RIPK1;NRAS;ATF6B;ROCK1;IL10RB"
"KEGG_Human_immunodeficiency_virus_1_infection%mmu05170",0.117529880478088,0.388048192771084,0.289290309474705,1.18349842356483,58,146,"FOS;NFKBIA;BAX;H2-Q6;GNA11;AKT3;RELA;H2-Q7;B2M;IRAK4;TRAF5;PTK2B;CASP8;BID;FADD;GNAI3;DCAF1;TRAF2;H2-K1;IRAK1;IRF3;CGAS;H2-D1;HRAS;AP1S1;TRAF6;CUL4A;H2-M3;PDIA3;CALR;CUL1;BAD"
"KEGG_Autoimmune_thyroid_disease%mmu05320",0.122,0.388048192771084,0.488276374541042,1.31929267283389,60,18,"H2-Q6;H2-EB1;H2-Q7;H2-AB1;H2-AA;H2-K1;H2-D1;H2-M3"
"KEGG_Inflammatory_bowel_disease%mmu05321",0.117283950617284,0.388048192771084,0.459705190283408,1.32111607921465,56,24,"STAT4;H2-EB1;RELA;IFNGR2;SMAD3;H2-AB1;H2-AA"
"RA_COPI-dependent_Golgi-to-ER_retrograde_traffic%R-MMU-6811434",0.217213114754098,0.388225344782722,0.322332369604633,1.14587894407862,105,60,"ARFGAP3;KIF3A;STX18;ARF4;COPG1;SEC22B;ZW10;RAB1A;KIF5B;ARCN1;NAPA;KIF20A;TMED7"
"RA_Response_to_elevated_platelet_cytosolic_Ca2+%R-MMU-76005",0.216475095785441,0.388225344782722,-0.334079091440117,-1.15175953724197,112,54,"CYB5R1;PECAM1;PRKCB;CD63;ACTN1;ENDOD1;SPARC;VEGFA;LAMP2;GTPBP2;HGF;APLP2"
"RA_Signaling_by_Retinoic_Acid%R-MMU-5362517",0.216796875,0.388225344782722,-0.463855685133073,-1.23227904350336,110,16,"DHRS3;FABP5;PPARD;RDH14"
"RA_Costimulation_by_the_CD28_family%R-MMU-388841",0.218367346938776,0.389053216223198,0.372827809116784,1.18644626751697,106,32,"PTPN6;AKT3;BTLA;MLST8;CSK;PTPN11;PDPK1"
"RA_Signaling_by_VEGF%R-MMU-194138",0.221579961464355,0.391805642633229,-0.326064696380739,-1.14640388134557,114,59,"ABI2;CYFIP2;CYBB;PRKCB;PIK3R1;VEGFA;AKT2;PLCG1;NRP1;PRKACB;MAPK13;AXL;JUP;ITGB3;MAPKAPK3"
"RA_Transport_to_the_Golgi_and_subsequent_modification%R-MMU-948021",0.221311475409836,0.391805642633229,0.282784660459745,1.1077169821644,107,119,"ARFGAP3;DYNLL1;USO1;MAN1A2;TFG;ARF4;MGAT2;COPG1;SEC22B;SEC24D;RAB1A;ARCN1;TMEM115;COG6;DCTN5;NAPA;COG4;TMED7;STX17;DYNC1I2;MAN2A2;TMED9;BET1;GOSR1;MCFD2;SEC24A;SEC13;COPE;DYNC1LI2;YKT6;PPP6R3;COPB2;COG1;ACTR10;FUCA1;TMED2;COPA;ST3GAL4;LMAN2"
"RA_Cholesterol_biosynthesis%R-MMU-191273",0.222,0.391805642633229,-0.443573504680778,-1.21359454669369,110,19,"SREBF2;MSMO1;SQLE;IDI1;PMVK;SREBF1;HMGCR;EBP;SC5D"
"RA_SUMO_E3_ligases_SUMOylate_target_proteins%R-MMU-3108232",0.225469728601253,0.394591198008555,0.283039116355936,1.10606090452208,107,115,"NFKBIA;NFKB2;SATB1;AAAS;RELA;PHC2;NOP58;TOP1;SUMO3;DDX17;DNMT3B;NSMCE4A;BRCA1;NUP35;NPM1;SAFB;NUP54;NUP88;PML;DAXX;NUP62;TPR;NCOA1;NUP155;NUP153;SEC13;NUP50;NUP85;NR3C1;UBE2I;NUP98;NUP43;BMI1;AURKB;NUP160;VHL;PARK7;CBX4;SP100;NUP214;L3MBTL2"
"RA_Nonhomologous_End-Joining_(NHEJ)%R-MMU-5693571",0.224568138195777,0.394591198008555,-0.437407370151488,-1.21309619985742,116,20,"BABAM2;KAT5;PAXIP1;POLM;LIG4;POLL;TDP2;XRCC6"
"RA_Factors_involved_in_megakaryocyte_development_and_platelet_production%R-MMU-983231",0.22568093385214,0.394591198008555,-0.325101545424614,-1.14399468577548,115,60,"RAD51B;SH2B1;SH2B3;KIF21B;KIF18A;DOCK8;JMJD1C;DOCK5;PRKAR2B;PRKACB;KIF23;KIF13B;MFN2;KIF16B;KIF20B;KIF1C"
"KEGG_NF-kappa_B_signaling_pathway%mmu04064",0.128898128898129,0.400342423871836,0.356996789824969,1.24354354270516,61,60,"CD14;NFKBIA;NFKB2;RELA;TNFAIP3;IRAK4;TRAF5;PARP1;TRAF2;IRAK1;MALT1"
"KEGG_Prolactin_signaling_pathway%mmu04917",0.127835051546392,0.400342423871836,0.388038639703178,1.27546277640797,61,41,"FOS;CCND1;AKT3;RELA;FOXO3"
"KEGG_Purine_metabolism%mmu00230",0.132673267326733,0.402594742232844,-0.335126440697356,-1.23512831583917,66,73,"PDE1B;PDE3B;PDE4A;PDE4B;ENTPD6;NPR1;ENTPD1;ADSSL1;ADA;XDH;ADK"
"KEGG_Influenza_A%mmu05164",0.131212723658052,0.402594742232844,0.306622831639087,1.18987523360384,65,102,"NFKBIA;BAX;H2-EB1;AKT3;DNAJC3;RELA;RSAD2;IRAK4;IFNGR2;RAB11A;CASP8;BID;H2-AB1;FADD;NXT1;SLC25A4;DNAJB1;H2-AA;MAVS;IRF3;EIF2AK2"
"WP_Dysregulated_miRNA_Targeting_in_Insulin/PI3K-AKT_Signaling%WP3855",0.0869565217391304,0.403162055335968,-0.49865611283815,-1.39264758122153,41,21,"COL1A2;COL1A1;RAF1;PIK3R1;FLOT2;COL5A3;BCL2"
"RA_Regulation_of_insulin_secretion%R-MMU-422356",0.233067729083665,0.406244989083912,0.430977258218275,1.20043365355928,116,19,"ACSL3;GNA11;SLC2A1;PLCB3"
"KEGG_Non-alcoholic_fatty_liver_disease%mmu04932",0.136178861788618,0.408536585365854,0.2971579474465,1.17181844560081,66,111,"CEBPA;FOS;BAX;AKT3;NDUFA12;RELA;UQCR10;NDUFA8;CASP8;BID;NDUFA4;MAP3K5;TRAF2;PRKAA1;MLX"
"WP_Integrin-mediated_Cell_Adhesion%WP6",0.0925196850393701,0.410304690174598,-0.3532135850635,-1.28130192423672,46,68,"ITGA4;ITGAV;BRAF;ITGA9;ACTN1;ITGA6;CAPN3;RAF1;CAPN9;AKT2;ITGB7;MAP2K3"
"RA_Biological_oxidations%R-MMU-211859",0.236994219653179,0.411814029829444,-0.318668734128501,-1.13376366379172,122,62,"CES1D;ACSS2;MGST1;TBXAS1;GSTK1;TPST2;FDXR;CYP27A1;MTR;N6AMT1;ACSS1;ALDH1B1;SLC35D1;NCOA2;RXRA;PTGS1;GSTM4"
"RA_Homology_Directed_Repair%R-MMU-5693538",0.238095238095238,0.412454212454212,-0.307953047505485,-1.12073441566361,124,72,"RAD51B;RAD51D;BRCA2;TIMELESS;POLD4;BABAM2;POLE;BLM;KAT5"
"BP_RNA_splicing%0008380",0.0282828282828283,0.419393939393939,0.353099734766608,1.41525820898002,13,133,"SNRPA;THOC5;CRIPT;WBP4;ACIN1;RRP1B;PRPF38B;SLU7;SFPQ;ZPR1;SREK1;RP9;SRPK1;TRA2A;SRSF9;PUF60;PUS7;HNRNPF;C1QBP;TTF2;RALY;U2AF2;FAM50A;SRSF7;SNRNP35;PRPF18;MBNL2;RBM47;LGALS3;PRMT1;WTAP;WBP11;DHX15"
"KEGG_Systemic_lupus_erythematosus%mmu05322",0.141414141414141,0.419475655430712,0.454701500091745,1.29135630252835,69,22,"C4B;H2-EB1;SNRPB;C1QB;H2-AB1;ACTN4;H2-AA;SSB"
"RA_RHOBTB2_GTPase_cycle%R-MMU-9013418",0.245019920318725,0.423147899200743,0.421520458240907,1.1740929111388,122,19,"TRA2B;CCT6A;HSP90AB1;HSP90AA1;CCT2;TXNL1;CCT7;TMOD3;CDC37"
"WP_Regulation_of_Actin_Cytoskeleton%WP523",0.0998043052837573,0.424168297455969,-0.332431753210244,-1.24175310269515,50,84,"PIK3C2G;ABI2;CYFIP2;BRAF;PIK3C2A;PIK3CG;ACTN1;DIAPH3;RAF1;SSH1;SLC9A1;ARHGAP35;PIK3R1"
"RA_RHOH_GTPase_cycle%R-MMU-9013407",0.249019607843137,0.428740181087726,-0.42182502729013,-1.17862641097655,126,21,"RALGAPA1;STOM;MTR;JUP;TFRC;FAM91A1;LAMTOR1;WDR11"
"BP_negative_regulation_of_transforming_growth_factor_beta_receptor_signaling_pathway%0030512",0.0298210735586481,0.433346379647749,0.437733262197373,1.48636671100462,14,48,"HSPA5;SINHCAF;SPRED1;SKI;ZBTB7A;EMILIN1;ZFP451;SAP30L;SAP30;DNM2;ARID4A;SNX1;RBBP7;PDPK1;FKBP1A;ADAM17;USP15;XBP1;TRP53"
"BP_negative_regulation_of_neuron_apoptotic_process%0043524",0.030060120240481,0.433346379647749,0.379360855084933,1.44963067845387,14,95,"HSPH1;TMBIM1;BAX;CCND1;CD2AP;CEBPB;XRCC2;GCLM;GCLC;PTK2B;SOD1;HSPD1;SET;SOD2;MSH2;C5AR1;BIRC5;MECP2;HSP90AB1;NMNAT1;NPM1;ADAM8;APOE;UBE2V2;HRAS;KDM2B;PDPK1"
"BP_release_of_cytochrome_c_from_mitochondria%0001836",0.0311284046692607,0.433346379647749,0.561260383037846,1.53682416384296,15,19,"BAX;IFI27L2A;DNM1L;BID;GGCT;SOD2;TIMM50;BAD"
"BP_fatty_acid_biosynthetic_process%0006633",0.0311284046692607,0.433346379647749,0.564404934167877,1.54543446720148,15,19,"LPL;ACSL3;PRKAA1;FASN;BRCA1;MECR"
"BP_non-canonical_NF-kappaB_signal_transduction%0038061",0.0313111545988258,0.433346379647749,0.576222935189724,1.52146781799826,15,17,"NFKBIA;NFKB2;RELA;TRAF2"
"KEGG_Lysine_degradation%mmu00310",0.157495256166983,0.438424707759997,-0.369177088097722,-1.23179620787702,82,45,"PRDM9;EHHADH;KMT2A;KMT2B;KMT5B;NSD3;SUV39H1;COLGALT1;KMT2D;SMYD3;ALDH1B1;HADHA;KMT5C;ASH1L;SETDB2;KMT2E"
"KEGG_Glutathione_metabolism%mmu00480",0.158215010141988,0.438424707759997,0.408611917945106,1.26527290989119,77,33,"IDH1;SRM;GCLM;GCLC;GSS;GGCT;GSTM2;GSTT2"
"KEGG_Toll-like_receptor_signaling_pathway%mmu04620",0.157575757575758,0.438424707759997,0.342881686329897,1.19711883430567,77,58,"FOS;CD14;NFKBIA;AKT3;RELA;IRAK4;CASP8;FADD;IRAK1;IRF3"
"KEGG_Estrogen_signaling_pathway%mmu04915",0.152400835073069,0.438424707759997,0.334722791088637,1.19198208074769,72,67,"HSPA8;FOS;AKT3;FKBP5;HSP90B1;FKBP4;PLCB3;GNAI3;HSP90AB1;ATF2;HSP90AA1;CREB1"
"KEGG_Leishmaniasis%mmu05140",0.161087866108787,0.438424707759997,0.362289786888758,1.20958478098784,76,46,"FOS;NFKBIA;PTPN6;H2-EB1;RELA;IRAK4;IFNGR2;H2-AB1;H2-AA;IRAK1"
"KEGG_Hepatitis_C%mmu05160",0.155378486055777,0.438424707759997,0.302070210633584,1.17100114387636,77,101,"NFKBIA;BAX;CCND1;CDKN1A;YWHAH;AKT3;RELA;RSAD2;CASP8;BID;MYC;FADD;PPP2R2D;TRAF2;MAVS;YWHAE;IRF3;EIF2AK2;YWHAQ;YWHAG;HRAS;TRAF6;OAS1G;OAS2;BAD"
"KEGG_Colorectal_cancer%mmu05210",0.150627615062762,0.438424707759997,0.343384905509873,1.21368173198703,71,64,"FOS;BAX;CCND1;CDKN1A;AKT3;SMAD3;MYC;MSH2;BIRC5;HRAS;BAD;POLK;MLH1;NRAS;BCL2L11;SMAD2"
"KEGG_Dilated_cardiomyopathy%mmu05414",0.160714285714286,0.438424707759997,-0.414032825481801,-1.2645068727986,80,31,"ITGA4;ITGAV;ITGA9;ITGA6;ATP2A3;ITGB7;PRKACB;ITGA2B;SGCB;ITGB3"
"RA_Platelet_degranulation%R-MMU-114608",0.255813953488372,0.439095292115712,-0.328513396216134,-1.11970852583189,131,52,"CYB5R1;PECAM1;CD63;ACTN1;ENDOD1;SPARC;VEGFA;LAMP2;GTPBP2;HGF;APLP2"
"BP_cell_adhesion_mediated_by_integrin%0033627",0.032520325203252,0.439863399556298,-0.559831623156229,-1.55900933674215,15,20,"ITGB2L;ITGA4;ITGAV;ITGA9;ITGA6;ITGB7;ITGA2B;ITGB3"
"BP_toll-like_receptor_4_signaling_pathway%0034142",0.0326295585412668,0.439863399556298,0.5347201890629,1.5463720686931,16,23,"CD14;NFKBIA;RELA;ECSIT;NMI;IRAK1;IRF3;TRAF6;OAS1G;TMEM126A;TICAM2;TICAM1;MYD88;MAP3K7;LYN"
"RA_PINK1-PRKN_Mediated_Mitophagy%R-MMU-5205685",0.257936507936508,0.441392869204419,0.453490662578316,1.17944569470599,129,15,"MFN1;MAP1LC3A;TOMM20;TOMM5;RPS27A;PINK1;TOMM22"
"BP_negative_regulation_of_protein_localization_to_plasma_membrane%1903077",0.0352250489236791,0.445897570521693,0.568652517672396,1.50147877223486,17,17,"TMBIM1;NGDN;ABI3;AP2M1;PID1;TMED2;PPP2R5A"
"BP_negative_regulation_of_endothelial_cell_apoptotic_process%2000352",0.0346153846153846,0.445897570521693,0.583203528678534,1.51968916371071,17,16,"ANGPTL4;ABL2;GATA2;TNFAIP3;NFE2L2;PDPK1;TNIP2;ICAM1"
"BP_negative_regulation_of_mRNA_splicing,_via_spliceosome%0048025",0.03515625,0.445897570521693,0.559667380990236,1.50559035752847,17,18,"SRSF10;ACIN1;RBM10;SRSF9;C1QBP;U2AF2;SRSF7;NPM1"
"BP_negative_regulation_of_JNK_cascade%0046329",0.0346153846153846,0.445897570521693,0.581361812916689,1.5148900921203,17,16,"MEN1;PAFAH1B1;AIDA;PRMT1;GPS2;DUSP19;HDAC3;ZMYND11;TAOK3;CDC42SE1"
"BP_keratinocyte_proliferation%0043616",0.0346153846153846,0.445897570521693,0.581787302243252,1.51599881572545,17,16,"CDKN1A;KIF3A;IFT80;IFT74;CTSL;IFT172;IFT57;NFATC1;PTCH1;FAM3C"
"BP_cellular_response_to_interleukin-1%0071347",0.0357852882703777,0.447531677405447,0.515079069939137,1.52777812098782,17,26,"CEBPB;RELA;KLF2;RC3H1;AKAP12;HYAL2;UPF1;YY1;USP10;BMI1;TANK"
"BP_blood_vessel_development%0001568",0.0369609856262834,0.451358859765672,-0.489375022233607,-1.49725042620209,17,31,"COL1A2;COL1A1;COL5A1;ITGAV;EGFL7"
"BP_phosphatidylinositol-mediated_signaling%0048015",0.0366598778004073,0.451358859765672,-0.585199439451425,-1.56107620155424,17,17,"PIK3C2G;PIK3C2A;PIK3CG;PI4KA;PLCG1;PLCB2;PLCL2;PLCB1"
"BP_positive_regulation_of_miRNA_transcription%1902895",0.0374015748031496,0.451428309833364,0.502489344558281,1.51971267311121,18,29,"FOS;SMAD1;GATA2;RELA;FOXO3;GNL3;SMAD3;MYC"
"RA_Nicotinate_metabolism%R-MMU-196807",0.265060240963855,0.452208835341366,-0.458491076181976,-1.18595310067045,131,15,"NMNAT3;NT5E;PARP4;PARP10;PARP8;PARP6"
"RA_Cargo_concentration_in_the_ER%R-MMU-5694530",0.266401590457257,0.453124155369895,0.417236976765441,1.14857889932927,133,18,"SEC22B;SEC24D;MCFD2;SEC24A;TMED2;LMAN2;SAR1B;PREB;LMAN2L"
"RA_DNA_Damage/Telomere_Stress_Induced_Senescence%R-MMU-2559586",0.267857142857143,0.454227624784854,0.450038371913723,1.17046692249031,134,15,"CDKN1A;ASF1A;ATM;LMNB1;CCNE2"
"BP_SMAD_protein_signal_transduction%0060395",0.0381679389312977,0.455382995525138,0.582938927518182,1.50080484282591,19,15,"FOS;SMAD1;MAP1LC3A;SMAD3;PML;SMAD2;SMAD5"
"BP_cellular_response_to_insulin_stimulus%0032869",0.0386847195357834,0.45630385088799,-0.395744366476098,-1.40407771094494,19,59,"PDE3B;PTEN;CPEB2;SGK1;INSR;LPIN2;SLC9A1;PIK3R1;AKT2;INPP5K;INSIG2"
"RA_Gluconeogenesis%R-MMU-70263",0.27027027027027,0.456943429916403,0.407519386373701,1.13873573654812,129,20,"ENO3;SLC37A4;ALDOA;SLC37A1;MDH1;MDH2;SLC25A13;FBP1;ENO1;PGAM1;SLC25A1"
"KEGG_JAK-STAT_signaling_pathway%mmu04630",0.171370967741935,0.456989247311828,0.324230637705328,1.18880962209211,84,75,"STAT4;IL11RA1;CCND1;CDKN1A;PTPN6;AKT3;IFNGR2;STAM2;STAM;MYC"
"KEGG_Synaptic_vesicle_cycle%mmu04721",0.170731707317073,0.456989247311828,0.416378204264455,1.27023493924434,83,30,"CLTA;ATP6V1F;CLTB;DNM2;NAPA;ATP6V1E1;ATP6V1G1;ATP6V0A2;ATP6V0B;AP2B1;ATP6V1B2;AP2M1;ATP6V1H"
"WP_Amino_Acid_metabolism%WP662",0.11340206185567,0.462680412371134,0.357301123290352,1.26234881462333,54,61,"IDH1;ASNS;SRM;GCLM;RARS;GOT2;HIBADH;LDHA;HDC;GSS;PDHX;IARS;EPRS;GLUL;ALDH18A1;WARS;ALDH7A1;FARSB"
"WP_Glycolysis_and_Gluconeogenesis%WP157",0.131889763779528,0.466140423764022,0.409064217488777,1.28022433426712,66,33,"ENO3;SLC2A1;GOT2;MPC1;LDHA;LDHB;PDHX;DLAT"
"WP_Exercise-induced_Circadian_Regulation%WP544",0.124271844660194,0.466140423764022,0.41784749765757,1.29782698854476,63,31,"HSPA8;DNAJA1;CEBPB;SF3A3;PER2;SUMO3"
"WP_Kit_Receptor_Signaling_Pathway%WP407",0.131578947368421,0.466140423764022,-0.361704908941692,-1.24461446747767,64,53,"STAT5B;PIK3CG;KIT;TNFRSF10B;PRKCB;PTPRU;RAF1;JAK2;FGR;PIK3R1;STAT5A;PLCG1;DOK1"
"WP_Oxidative_Stress_and_Redox_Pathway%WP4466",0.132530120481928,0.466140423764022,0.362862012202725,1.26134318537947,65,54,"IDH1;PRDX4;TXNRD2;GCLM;PRDX1;GCLC;NFE2L2;TXNRD1;SOD1;GSS;GGCT;GSTM2;GSTT2;SOD2"
"KEGG_Wnt_signaling_pathway%mmu04310",0.181102362204724,0.467611336032389,-0.325004159349478,-1.19085330456622,91,70,"PPP3CA;PRICKLE3;RNF43;PRKCB;CSNK1E;LRP5;PPARD;NLK;LGR4;DVL1;CCDC88C;DAAM1;AXIN1;CSNK1A1;PPP3CB;PRKACB;TLE4;APC"
"KEGG_T_cell_receptor_signaling_pathway%mmu04660",0.183333333333333,0.467611336032389,0.3361201977231,1.18472753266582,87,63,"FOS;NFKBIA;PTPN6;AKT3;RELA"
"KEGG_Parkinson_disease%mmu05012",0.184210526315789,0.467611336032389,0.266112328834871,1.12218278627178,90,182,"HSPA5;BAX;UBC;NDUFA12;ATP5D;UQCR10;MFN1;NDUFA8;PSMD7;NFE2L2;PSMB2;SOD1;SLC39A6;NDUFA4;SLC25A4;GNAI3;MAP3K5;PSMD13;KIF5B;PSMC5;PSMD12;UBE2G1;PSMC2;PSMA7;COX5A;PSMC1;NDUFB7;NDUFA10;PSMC6;PSMB6;DAXX;UBE2J1;PSMB4;NDUFS7;ATF4;PSMA4;PSMC3;NDUFB5;NDUFA2;ATP5O;NDUFV2;NDUFV1;NDUFB8;PSMA3;XBP1;PSMD2;UQCRQ;PSMD8;TRP53;UQCRH;COX4I1;TRAP1;ITPR2;PARK7;SLC25A5;TUBB4B;NDUFS5;RPS27A;PINK1;NDUFS6;PSMD6;TXN2;PSMB1;PSMD1;NDUFA1;UBA1;CALM3;CYC1;NDUFB10;PSMA5;CALM1;NDUFA5;VDAC3;KEAP1"
"KEGG_Prion_disease%mmu05020",0.183098591549296,0.467611336032389,0.266287271784581,1.12122966134212,90,178,"HSPA8;HSPA5;BAX;STIP1;NDUFA12;ATP5D;UQCR10;NDUFA8;C1QB;PSMD7;PSMB2;SOD1;NDUFA4;SLC25A4;PSMD13;KIF5B;PSMC5;PSMD12;ATF2;PSMC2;CREB1;PSMA7;COX5A;PSMC1;NDUFB7;NDUFA10;PSMC6;PSMB6;PSMB4;NDUFS7;ATF4;BAD;PSMA4;PSMC3;NDUFB5;ATF6B;NDUFA2;NCF2;ATP5O;NDUFV2;NDUFV1;LAMC1;NDUFB8;CSNK2B;PSMA3;PSMD2;UQCRQ;PSMD8;UQCRH;COX4I1;CSNK2A2;ITPR2;CYBA;SLC25A5;TUBB4B;NDUFS5"
"KEGG_Kaposi_sarcoma-associated_herpesvirus_infection%mmu05167",0.179133858267717,0.467611336032389,0.28381162876815,1.14310644065289,90,125,"FOS;NFKBIA;BAX;CCND1;CDKN1A;H2-Q6;UBC;AKT3;RELA;H2-Q7;MAP1LC3A;CASP8;BID;MYC;FADD;TRAF2;H2-K1;IRF3;EIF2AK2;CREB1"
"KEGG_Acute_myeloid_leukemia%mmu05221",0.186094069529652,0.467893660531697,0.341940435327652,1.17880269119248,90,54,"CEBPA;CD14;CCND1;AKT3;RELA;PER2;MYC;EIF4EBP1;SPI1;PML;HRAS;FLT3"
"RA_Nucleotide_catabolism%R-MMU-8956319",0.279761904761905,0.470167022032694,-0.423867229406161,-1.13960410556802,140,17,"ENTPD6;ENTPD1;XDH;ENTPD5;NT5E;NUDT15;ITPA;SAMHD1"
"RA_HDR_through_Homologous_Recombination_(HRR)%R-MMU-5685942",0.279611650485437,0.470167022032694,-0.344007909219297,-1.12232889107238,143,40,"RAD51B;RAD51D;POLD4;POLE;BLM;KAT5"
"RA_Energy_dependent_regulation_of_mTOR_by_LKB1-AMPK%R-MMU-380972",0.284552845528455,0.4725759646977,0.394572576897348,1.11787661729921,139,21,"LAMTOR3;CAB39;MLST8;PRKAA1;RHEB;STRADA"
"RA_HDACs_deacetylate_histones%R-MMU-3214815",0.284552845528455,0.4725759646977,0.393383085665104,1.11450663034912,139,21,"REST;SAP30L;SAP30;ARID4A;RBBP7;MTA2;HDAC1;RBBP4;CHD3;SUDS3"
"RA_Resolution_of_D-Loop_Structures%R-MMU-5693537",0.284313725490196,0.4725759646977,-0.407190564275858,-1.13773608085581,144,21,"RAD51B;RAD51D;BLM;KAT5"
"RA_Resolution_of_D-loop_Structures_through_Holliday_Junction_Intermediates%R-MMU-5693568",0.284313725490196,0.4725759646977,-0.407190564275858,-1.13773608085581,144,21,"RAD51B;RAD51D;BLM;KAT5"
"BP_fatty_acid_beta-oxidation%0006635",0.0411522633744856,0.474622770919067,-0.472968540466485,-1.49749077225772,19,36,"SLC25A17;CROT;EHHADH;ACOX3;PPARD;ABCD2;ACOX1;ABCD4"
"BP_embryonic_placenta_development%0001892",0.0410958904109589,0.474622770919067,0.560499318010677,1.47995093961755,20,17,"CEBPA;CEBPB;GATA2;SLC8A1"
"KEGG_Chemokine_signaling_pathway%mmu04062",0.190763052208835,0.475107979086156,-0.299176866163872,-1.15617552744419,94,99,"GRK3;STAT5B;BRAF;PIK3CG;PRKCB;GRK6;RAF1;GNB5;CCL6;JAK2;FGR;JAK3;IKBKG;PIK3R1;AKT2;PLCG1;TIAM1;PRKACB"
"BP_microtubule-based_movement%0007018",0.0424242424242424,0.47639653815893,-0.457648036112506,-1.47230057733215,20,38,"KIF21B;DYNLT3;KIF18A;DNAH12;KIFC3;STARD9;KIF3B;KIF23;DNAH8;KIF13B;KLC1;KIF16B;KIF13A;KIF20B;KIF1C;KIF4"
"BP_positive_regulation_of_osteoblast_differentiation%0045669",0.0418326693227092,0.47639653815893,0.496772665638184,1.48350655970207,20,27,"CEBPA;MEN1;CEBPB;SMAD1;BMPR2;LMNA;FBXO5;ATRAID;PDLIM7"
"BP_negative_regulation_of_proteolysis%0045861",0.0426829268292683,0.47639653815893,-0.543352687041429,-1.51311908295886,20,20,"STFA2L1;CSTDC4;STFA2;PIK3R1;IDE;TIMP2"
"RA_VEGFA-VEGFR2_Pathway%R-MMU-4420097",0.288167938931298,0.476749869285503,-0.313042883672993,-1.09775498624177,150,58,"ABI2;CYFIP2;CYBB;PRKCB;PIK3R1;VEGFA;AKT2;PLCG1;PRKACB;MAPK13;AXL;JUP;ITGB3;MAPKAPK3"
"RA_RND2_GTPase_cycle%R-MMU-9696270",0.288759689922481,0.476749869285503,-0.375684619718887,-1.11151684204715,148,26,"NISCH;ARHGAP1;UHRF1BP1L;ARHGAP35;PIK3R1;WDR6;PLXND1;CKAP4;TFRC"
"RA_Regulation_of_TP53_Activity%R-MMU-5633007",0.290983606557377,0.479016872783051,0.277508351153266,1.06663771000729,141,101,"TBP;MEAF6;UBC;TAF4B;PHF20;PIP4P1;PRMT5;MLST8;PIP4K2B;RAD1;ING5;SMYD2;BANP;PML;TAF7;TAF6;DAXX;RBBP7;RFC3;PDPK1;BRD1;RAD9A;MTA2"
"RA_Glycolysis%R-MMU-70171",0.292089249492901,0.479435123803216,0.322973466538484,1.09904126468741,143,46,"ENO3;AAAS;GNPDA2;NUP35;NUP54;NUP88;PFKL;NUP62;TPR;NUP155;NUP153;SEC13;NUP50;NUP85;PFKP;ALDOA;NUP98;NUP43;NUP160"
"RA_HATs_acetylate_histones%R-MMU-3214847",0.294238683127572,0.481559240118672,0.376686268318585,1.12909816574656,142,26,"MEAF6;JADE3;PHF20;JADE1;WDR5;KANSL2;ING5;KAT8;RBBP7;BRD1;NCOA1"
"RA_G_alpha_(i)_signalling_events%R-MMU-418594",0.298651252408478,0.481933106575964,-0.310709999626865,-1.09241863194288,154,59,"PDE4A;PDE4B;RGS14;C3;GNB5;CCL6;PRKAR2B;PRKACB;PENK;PLCB2;GPR183;RGS19;PLA2G4A;PLCB1;RGS12;FPR1;GPSM2"
"RA_PKMTs_methylate_histone_lysines%R-MMU-3214841",0.299586776859504,0.481933106575964,0.354852137480439,1.10433944946037,144,30,"NFKB2;SUV39H2;RELA;EED;WDR5;SMYD2"
"RA_Base_Excision_Repair%R-MMU-73884",0.296724470134875,0.481933106575964,-0.373906116841567,-1.11607990523126,153,27,"MBD4;NEIL3;POLD4;POLE"
"RA_Transport_of_bile_salts_and_organic_acids,_metal_ions_and_amine_compounds%R-MMU-425366",0.298039215686275,0.481933106575964,-0.402962642975578,-1.12592279481147,151,21,"SLC40A1;SLC11A2;SLC22A3;SLC5A11;SLC16A7;SLC22A4;SLC18A1"
"RA_Signaling_by_FGFR2%R-MMU-5654738",0.297520661157025,0.481933106575964,0.356226532807416,1.10861672108542,143,30,"POLR2F;NCBP1;POLR2I;POLR2E;POLR2H;GTF2F1;PTPN11;POLR2C;PTBP1;GTF2F2"
"RA_VEGFR2_mediated_vascular_permeability%R-MMU-5218920",0.299603174603175,0.481933106575964,0.438496450643838,1.14044851092478,150,15,"AKT3;MLST8;HSP90AA1;PDPK1;CTNNA1;CTNNB1"
"BP_cellular_response_to_tumor_necrosis_factor%0071356",0.0436507936507936,0.482016210739615,0.412447274406109,1.42411635226366,21,52,"CEBPA;FOS;NFKBIA;GBP3;RELA;KLF2;NFE2L2;GFER;AKAP12;MAP3K5;HYAL2;BRCA1"
"KEGG_Hepatitis_B%mmu05161",0.196,0.483588785046729,0.283083521587191,1.12939610689593,97,117,"FOS;NFKBIA;STAT4;BAX;CDKN1A;AKT3;RELA;IRAK4;PTK2B;CASP8;BID;SMAD3;MYC;FADD;BIRC5;MAVS;IRAK1;ATF2;IRF3;CREB1"
"RA_Glycerophospholipid_biosynthesis%R-MMU-1483206",0.306418219461698,0.490582028265852,0.300374675693916,1.06903557281298,147,62,"ACP6;CHKA;CDS2;CDIPT;MBOAT1;SELENOI;AGPAT5;PITPNB;PTDSS1;MBOAT7;PITPNM2;GPD1L;PLA2G6;GPAT4;PTDSS2;ETNK1"
"RA_Intracellular_signaling_by_second_messengers%R-MMU-9006925",0.30672268907563,0.490582028265852,0.267245306582974,1.07127475425308,145,140,"CDKN1A;LAMTOR3;AKT3;FOXO3;EED;IRAK4;PHC2;PSMD10;PSMD7;PSMF1;CAMKK1;MLST8;PIP4K2B;PHLPP1;PSMD13;PSMC5;PSMD12;IRAK1;PSMC2;CREB1;PSMA7;PML;PSMC1;PSMC6;PSMB6;MAF1;RHEB;RBBP7;TRAF6;PDPK1"
"BP_homologous_chromosome_pairing_at_meiosis%0007129",0.0502092050209205,0.493652826047192,-0.592126685484647,-1.5072931543039,23,15,"STAG3;PRDM9;ZCWPW1;SIRT7"
"BP_potassium_ion_transmembrane_transport%0071805",0.0467479674796748,0.493652826047192,-0.532894716983362,-1.48399591040213,22,20,"SLC9A8;KCNJ2;SLC9A9;SLC9A1;SLC1A3;TMCO3;KCNIP3;SLC12A4"
"BP_integrin-mediated_signaling_pathway%0007229",0.0522088353413655,0.493652826047192,-0.410291889853661,-1.4097614683092,25,51,"ITGB2L;ITGA4;ITGAV;ITGA9;ITGA6;DIAPH3;FGR;ARHGAP35;ITGB7;NRP1;ITGA2B;ITGB3;LIMS1;ISG15;CUL3;ABL1;FN1;CHUK"
"BP_phosphatidylinositol_3-kinase/protein_kinase_B_signal_transduction%0043491",0.0523138832997988,0.493652826047192,-0.423259507942037,-1.41154402850572,25,45,"PIK3C2G;C1QTNF12;PTEN;INPP5F;PIK3C2A;PIK3CG;NF1;PPARD;MKRN2;PIK3R1;AKT2;ATG14"
"BP_negative_regulation_of_stem_cell_population_maintenance%1902455",0.05,0.493652826047192,0.560377793150364,1.46021074626272,25,16,"SINHCAF;SAP30L;SAP30;ARID4A;RBBP7;SAP130;HDAC1;RBBP4;ING1;SUDS3;SIN3A"
"BP_protein_catabolic_process%0030163",0.050880626223092,0.493652826047192,-0.363136613025161,-1.34014393666039,25,76,"CASP7;TRIM24;RNF5;NLN;EPG5;LRSAM1;CAPN3;DENND3;GGA3;TPP1;MMP8;AXIN1;ANKRD11;ITCH;DPP4;IDE;MMP9;LAMP2"
"BP_angiogenesis%0001525",0.0511811023622047,0.493652826047192,-0.33637296270236,-1.31053923977257,25,110,"PDE3B;SEMA4A;PTEN;RAPGEF3;PECAM1;ITGAV;MED1;PIK3CG;CD93;EGFL7;NF1;CEMIP2;BECN1;THBS1;DICER1;BCAS3;VEGFA;NRP1;AMOTL2;SRPK2;FMNL3;TNFAIP2;MAPK14;PLXND1;ITGA2B;LEMD3;KLF5;PKNOX1;RHOJ"
"BP_canonical_NF-kappaB_signal_transduction%0007249",0.051792828685259,0.493652826047192,0.481769724114558,1.47631791464772,25,30,"NFKBIA;NFKB2;ABL2;RELA;PRDX1;IFT80;IRAK1;MALT1;ADAM8;TRAF6;CREBBP;ROCK1"
"BP_receptor_clustering%0043113",0.0476190476190476,0.493652826047192,-0.540104155675501,-1.50840374086284,22,21,"ITGB2L;ITGA4;AGRN;DVL1;ITGB7;NME7;PAK1;FLNA;LGALS9;LRP4"
"BP_extracellular_matrix_organization%0030198",0.0464646464646465,0.493652826047192,-0.446998456997038,-1.44570475252032,22,39,"COL1A2;COL19A1;COL1A1;COL6A4;NF1;OLFML2B;MMP8;IBSP;MMP9;COL5A3;ADAMTS10;APLP2;B4GALT1;MATN2"
"BP_Ras_protein_signal_transduction%0007265",0.0482897384305835,0.493652826047192,-0.44173109513071,-1.43465440808656,23,40,"RAPGEF3;RALGPS2;IQGAP3;DOK3;NF1;RAPGEF6;RASGRP4;RASGRF2;CSF1;DOK1"
"BP_wound_healing%0042060",0.049079754601227,0.493652826047192,-0.474993900240236,-1.46113089302525,23,32,"PECAM1;NOTCH2;DSP;SMPD1;NF1;NBEAL2;PPARD;NRP1;B4GALT1;HPSE;CFLAR;CORO1B;MACF1;EVPL;PAK1;MIA3;ELK3;FN1"
"BP_collagen_fibril_organization%0030199",0.0469387755102041,0.493652826047192,-0.55622271090241,-1.50262247157477,22,18,"COL1A2;COL1A1;COL5A1;NF1;ANTXR2"
"BP_B_cell_receptor_signaling_pathway%0050853",0.048,0.493652826047192,0.489755119317149,1.46812523847223,23,28,"NFKBIA;PTPN6;PLEKHA1;TEC;CD38;LAT2;KLHL6"
"BP_negative_regulation_of_programmed_cell_death%0043069",0.0489795918367347,0.493652826047192,-0.550834888693825,-1.48806739756434,23,18,"KIT;TM7SF3;BECN1;DPP8;VEGFA;TMEM109;NOTCH1"
"BP_hematopoietic_stem_cell_homeostasis%0061484",0.0461538461538462,0.493652826047192,0.563350065839248,1.46795577929968,23,16,"STAT4;GATA2;NLE1;SOX4"
"BP_poly(A)+_mRNA_export_from_nucleus%0016973",0.0528375733855186,0.494102713280795,0.542503757419043,1.43243518723259,26,17,"DDX19A;GLE1;DDX19B;NXT1"
"WP_G_Protein_Signaling_Pathways%WP232",0.145491803278689,0.494672131147541,-0.37025102650297,-1.24047968922832,70,47,"PDE1B;PDE4A;PDE4B;PPP3CA;PRKCB;GNB5;SLC9A1;PRKAR2B;PRKACB;AKAP13"
"RA_Glucose_metabolism%R-MMU-70326",0.311715481171548,0.497155285834509,0.302721449815693,1.06826966095417,148,58,"ENO3;AAAS;SLC37A4;GNPDA2;NUP35;NUP54;NUP88;PFKL;NUP62;TPR;NUP155;NUP153;SEC13;NUP50;NUP85;PFKP;ALDOA;NUP98;NUP43;SLC37A1;NUP160;MDH1;NUP214;MDH2;SLC25A13"
"RA_Peroxisomal_protein_import%R-MMU-9033241",0.313953488372093,0.498256974798986,-0.35518272656678,-1.12086606921576,161,34,"DECR2;CROT;GSTK1;EHHADH;ACOX3;ACOT2;PEX6;MPV17;ACOX1;CRAT"
"RA_trans-Golgi_Network_Vesicle_Budding%R-MMU-199992",0.314176245210728,0.498256974798986,-0.313618585207202,-1.08122060261731,163,54,"IGF2R;HIP1R;AP4M1;CPD;OCRL;PIK3C2A;YIPF6;BLOC1S4"
"BP_positive_regulation_of_axonogenesis%0050772",0.0540540540540541,0.500965250965251,-0.519356162420643,-1.48107786227248,25,23,"BRAF;NIN;TRAK1;SEMA4D;TIAM1;TIAM2;PLXND1;PLXNC1;PLXNB3;GOLGA2"
"BP_response_to_heat%0009408",0.0546875,0.502350663716814,0.535846267161601,1.44150793910608,27,18,"DNAJA1;EIF2B3;GCLC;SOD1;DNAJA2;DNAJA3;HSP90AA1;EIF2B4;EIF2B2;PSIP1"
"BP_protein_autophosphorylation%0046777",0.0554455445544555,0.504846274101094,-0.351800924985311,-1.34315905784343,27,96,"SIK1;TRIM24;ULK3;KIT;ATR;UHMK1;ULK2;INSR;ERN1;TRPM7;STK26;NLK;CDK12;JAK2;FGR;STK16;PASK;DAPK1;BRD4"
"RA_Metabolism_of_porphyrins%R-MMU-189445",0.319277108433735,0.504924191146609,-0.438159496007305,-1.13336254481826,158,15,"ABCC2;COX15;PPOX;BLVRB;FECH"
"KEGG_Glycine,_serine_and_threonine_metabolism%mmu00260",0.206692913385827,0.505249343832021,0.466506587614647,1.21136600403252,104,15,"PHGDH;SHMT2;PSAT1;ALDH7A1;GCSH"
"RA_Intra-Golgi_traffic%R-MMU-6811438",0.320564516129032,0.505540119273516,0.366900751255068,1.09246053491452,158,25,"SNAP29;COG6;NAPA;COG4;CYTH2;GOSR1;CYTH1;YKT6;COG1;VPS45;ARF1;NSF"
"RA_Transport_of_vitamins,_nucleosides,_and_related_molecules%R-MMU-425397",0.32156862745098,0.505707087304196,-0.395117890588406,-1.10400367727952,163,21,"SLCO4A1;SLC35D2;SLC27A1;ARL2BP;SLCO4C1;SLCO3A1;SLC35A1"
"RA_Phospholipid_metabolism%R-MMU-1483257",0.325581395348837,0.510165574118362,-0.266441567931598,-1.06295388730079,167,121,"PIK3C2G;INPP4A;PTEN;INPP5F;INPP5E;LPCAT2;OCRL;PLA2R1;PIK3C2A;PIK3CG;PITPNM1;MIGA2;LPIN2;GPD2;PLBD1;PI4KA;PIK3R1;INPP5K;CPNE3;MTMR12;MTMR2;PCYT1A;SYNJ2;PIP5K1C;LPGAT1;PIK3R5"
"RA_Integration_of_energy_metabolism%R-MMU-163685",0.32712215320911,0.510165574118362,0.360548323374107,1.09100288838296,157,27,"ACSL3;GNA11;SLC2A1;PLCB3"
"RA_PTEN_Regulation%R-MMU-6807070",0.326963906581741,0.510165574118362,0.284979443882347,1.05019410168791,153,79,"LAMTOR3;EED;PHC2;PSMD10;PSMD7;PSMF1;MLST8;PSMD13;PSMC5;PSMD12;PSMC2;PSMA7;PML;PSMC1;PSMC6;PSMB6;MAF1;RHEB;RBBP7;PSMC3;MTA2;PSME3;CSNK2B;PSMD2;PSMD8;BMI1;CSNK2A2;CBX4;RPS27A;PSMD6;PSMB1;HDAC1;PSMD1;RNF2;PSME1;NEDD4;RBBP4;TRIM27"
"BP_keratinocyte_differentiation%0030216",0.0565656565656566,0.510566534914361,-0.450586742384,-1.44042763934586,27,37,"STFA2L1;CSTDC4;PPP3CA;DSP;MED1;LATS2"
"BP_positive_regulation_of_transcription_initiation_by_RNA_polymerase_II%0060261",0.0582329317269076,0.514142242262759,0.397324453171225,1.38413747509009,28,55,"NFKBIA;TBP;MED25;MED22;TAF4B;MED7;MYC;TAF2;KAT8;MED15;MED11;MED28;TAF7;TAF6"
"BP_epithelial_cell_differentiation%0030855",0.0589430894308943,0.514142242262759,-0.509692412795572,-1.47137439775271,28,24,"CES1D;GSTK1;CD63;TPP1;VEGFA;STX2;PTER"
"BP_negative_regulation_of_gene_expression_via_chromosomal_CpG_island_methylation%0044027",0.0576923076923077,0.514142242262759,0.556106573561283,1.44908096771,29,16,"UHRF1;PRMT5;MPHOSPH8;MYC;MECP2;BRCA1;DNMT3L;RSL1"
"BP_positive_regulation_of_MAP_kinase_activity%0043406",0.0589430894308943,0.514142242262759,-0.524435564738051,-1.46043901081683,28,20,"PIK3CG;KIT;INSR;THBS1;LRRK2;P2RX7;PIK3R5;TLR4"
"KEGG_Fatty_acid_elongation%mmu00062",0.213709677419355,0.517608759988162,-0.438741379088469,-1.20412826580426,105,20,"ELOVL7;HACD4;ACOT2;ELOVL6"
"RA_Sphingolipid_metabolism%R-MMU-428157",0.337890625,0.525276448213231,-0.3214986068424,-1.06429200589429,172,44,"ARSB;SMPD1;NEU1;GLB1;HEXB;SGPP1;GLB1L;ALDH3B1;KDSR;SPTLC1;SMPD4;HEXA;GALC;CERS6;ESYT2;SPHK2;ASAH1;UGCG"
"RA_RET_signaling%R-MMU-8853659",0.338677354709419,0.525276448213231,-0.397485078667528,-1.07687791857962,168,18,"PIK3R1;PLCG1;PRKACB;DOK1;FRS2;IRS2;PIK3CB"
"BP_RNA_polymerase_II_preinitiation_complex_assembly%0051123",0.0633663366336634,0.526194059405941,0.416940012711077,1.39253233114598,31,45,"TBP;TAF6L;MED25;MED22;TAF4B;MED7;TAF2;MED15;MED11;MED28;TAF7;TAF6"
"BP_mitotic_spindle_assembly%0090307",0.0611439842209073,0.526194059405941,0.435501302071092,1.39893644297106,30,37,"AAAS;UHRF1;KIFC5B;ABRAXAS1;RAB11A;KPNB1;PIBF1;SPICE1;NEK2;BCCIP"
"BP_protein_localization_to_chromatin%0071168",0.0629770992366412,0.526194059405941,0.497235972752391,1.43157574744887,32,22,"MCM8;CARM1;CHMP7;PARP1;MSH2;ESCO2;BRD3;DAXX;APLF"
"BP_negative_regulation_of_type_I_interferon-mediated_signaling_pathway%0060339",0.0627450980392157,0.526194059405941,0.518492901408943,1.43908768469869,31,20,"NLRC5;TTLL12;EIF4E2;MAVS;YTHDF3;OAS1G;METTL3"
"BP_alternative_mRNA_splicing,_via_spliceosome%0000380",0.0617760617760618,0.526194059405941,0.486873595139317,1.44810883372294,31,25,"NCBP1;SLU7;SFPQ;DDX17;SRSF9;PUF60;HNRNPM;SRSF1"
"BP_regulation_of_DNA_replication%0006275",0.0633663366336634,0.526194059405941,0.430683528403767,1.40815553079274,31,40,"MEAF6;ZBTB38;JADE3;INO80E;JADE1;RUVBL1;ING5;ANKRD17;ESCO2;FBXO5;RUVBL2;UCHL5;YY1;SMARCA5;BAZ1A;INO80B;ORC5;KAT7"
"RA_Interleukin-2_family_signaling%R-MMU-451927",0.340816326530612,0.527141735815205,0.372304769226123,1.081038570745,166,23,"STAT4;PTPN6;PTK2B"
"WP_One_Carbon_Metabolism%WP435",0.167630057803468,0.534320809248555,0.44951736868855,1.27401792798699,86,21,"MTHFD2;SHMT2;MAT2B;GART;DNMT3B"
"WP_Oxidative_phosphorylation%WP1248",0.166336633663366,0.534320809248555,0.359587167667384,1.20098033668223,83,45,"ATP5D;NDUFA8;NDUFA4;NDUFB7;NDUFA10;ATP6AP2;NDUFS7;NDUFB5;ATP5L;NDUFA2;ATP5O;NDUFV2;NDUFV1;NDUFB8;ATP5K;NDUFS5;NDUFS6;GZMB;NDUFB10;NDUFA5;NDUFB9;NDUFS3;NDUFS8"
"BP_positive_regulation_of_protein_phosphorylation%0001934",0.0650887573964497,0.536207382361229,-0.320650142913921,-1.26243639034079,32,117,"GRK3;RAPGEF3;PECAM1;IQGAP3;MAP2K4;INSR;FBH1;AGRN;C3;RAF1;DVL1;FNIP1;FLOT1;SEMA4D;AXIN1;SLCO3A1;PIK3R1;VEGFA;AKT2;MMP9;ATG14;MAP2K3;EPHA7;LRRK2;PPIA"
"BP_carbohydrate_phosphorylation%0046835",0.0663900414937759,0.542620969059366,-0.568221919830302,-1.47383437985782,31,16,"GNPTAB;FCSK;PFKFB4;PFKM;KHK;TKFC;GNPTG;RBKS;HK2;NAGK;HK3"
"RA_Intraflagellar_transport%R-MMU-5620924",0.358178053830228,0.545454053410407,0.349106453875333,1.05638030976481,172,27,"KIF3A;DYNLL1;IFT80;IFT74;TTC21B;TRAF3IP1;IFT27;CLUAP1;IFT172;IFT57;DYNC2LI1;TUBB4B;DYNLRB1"
"RA_Peptide_hormone_metabolism%R-MMU-2980736",0.359375,0.545454053410407,-0.373837090250011,-1.0778728950274,183,23,"CES1D;SPCS3;EXOC8;DPP4"
"RA_Cyclin_D_associated_events_in_G1%R-MMU-69231",0.358178053830228,0.545454053410407,0.348230717455357,1.05373037104171,172,27,"CCND1;CDKN1A;CUL1;PPP2R2A;CCNE2;RPS27A;E2F4;E2F3;PPP2R1A;CCND3;CDK4"
"RA_G1_Phase%R-MMU-69236",0.358178053830228,0.545454053410407,0.348230717455357,1.05373037104171,172,27,"CCND1;CDKN1A;CUL1;PPP2R2A;CCNE2;RPS27A;E2F4;E2F3;PPP2R1A;CCND3;CDK4"
"RA_RHOBTB_GTPase_Cycle%R-MMU-9706574",0.355509355509356,0.545454053410407,0.348506909020439,1.06353551947866,170,28,"TRA2B;CCT6A;VIM;HSP90AB1;HSP90AA1;CCT2;TXNL1;CCT7;ROCK1;TMOD3"
"RA_Signaling_by_FGFR3%R-MMU-5654741",0.359437751004016,0.545454053410407,-0.421771533383415,-1.0909727228629,178,15,"BRAF;PIK3R1;PLCG1"
"RA_Intrinsic_Pathway_for_Apoptosis%R-MMU-109606",0.359183673469388,0.545454053410407,0.36772123602958,1.0677296459465,175,23,"BAX;DYNLL1;CASP8;BID"
"RA_Signaling_by_EGFR%R-MMU-177929",0.362903225806452,0.549232570239334,0.356674954391062,1.06201284715764,179,25,"PTPN12;STAM2;AAMP;STAM;CSK;PTPN11"
"KEGG_Phagosome%mmu04145",0.23,0.550682418945892,0.287726580576577,1.11391483905855,114,100,"CD14;H2-Q6;H2-EB1;H2-Q7;STX18;ATP6V1F;SEC22B;RAB5C;H2-AB1;STX7;CTSS;CTSL;H2-AA;H2-K1;RAB7;ATP6V1E1;ATP6V1G1;ATP6V0A2;H2-D1;SEC61A1;DYNC1I2;ATP6V0B;H2-M3;CALR;FCGR4;PIK3C3;NCF2;HGS;DYNC1LI2;STX12;ATP6V1B2;COLEC12"
"KEGG_TNF_signaling_pathway%mmu04668",0.231536926147705,0.550682418945892,0.308128037163417,1.12963778663743,115,74,"FOS;NFKBIA;CEBPB;AKT3;RELA;TNFAIP3;DNM1L;TRAF5;CASP8;FADD;MAP3K5;TRAF2;ATF2;CREB1"
"BP_positive_regulation_of_D-glucose_import%0046326",0.0686070686070686,0.552047575303389,-0.505041050598852,-1.44025463391915,32,23,"C1QTNF12;OGA;INSR;RNASEL;AKT2;MAPK14;MFN2;C2CD5"
"BP_cell_surface_receptor_signaling_pathway_via_JAK-STAT%0007259",0.0686070686070686,0.552047575303389,-0.504631979675868,-1.43908806282214,32,23,"STAT5B;IL31RA;CSF2RA;JAK2;IFNAR2;JAK3;STAT5A;TYK2;PIAS1"
"RA_Sphingolipid_de_novo_biosynthesis%R-MMU-1660661",0.365805168986084,0.55214024165996,0.392102473142881,1.07938809862462,183,18,"CERS2;ORMDL1;CERS5;SAMD8;SGPL1"
"KEGG_Osteoclast_differentiation%mmu04380",0.234468937875752,0.5526767821357,0.305080495772143,1.12354547658034,116,78,"FOS;NFKBIA;NFKB2;AKT3;RELA;IFNGR2"
"RA_Interconversion_of_nucleotide_di-_and_triphosphates%R-MMU-499943",0.367469879518072,0.553169898846724,0.400218400931423,1.07401944350611,182,17,"DCTD;TXNRD1;GUK1;AK6;NME1"
"BP_chloride_transmembrane_transport%1902476",0.0702479338842975,0.553993951254225,-0.485483458654194,-1.3961393265113,33,25,"CFTR;TTYH3;SLC1A3;SLC4A8;PCYOX1;MFSD8;ANO10;SLC12A4;UCP2;CLCN3;CLCN6;ANO6"
"BP_response_to_cadmium_ion%0046686",0.0704500978473581,0.553993951254225,0.524475840262659,1.38483400008105,35,17,"HAAO;CAT;GCLC;GSS;SOD2"
"BP_positive_regulation_of_smooth_muscle_cell_migration%0014911",0.069672131147541,0.553993951254225,-0.528079209068892,-1.44545643968182,33,19,"RAPGEF3;STAT5B;HDAC4;BCL2;TLR4;EGR1;ITGB3;PLAU;TMSB4X;PDGFRB"
"RA_Apoptotic_cleavage_of_cellular_proteins%R-MMU-111465",0.369261477045908,0.554384564204924,-0.377899163644335,-1.06752800040362,184,22,"CASP7;BIRC2;DSP"
"BP_antiviral_innate_immune_response%0140374",0.0714285714285714,0.555572547100563,0.422744949824453,1.38440731449314,35,41,"RELA;HCFC2;OASL2;MAVS;IRF3;EIF2AK2;RPSA;PHB2;DHX15;TRAF6;OAS1G;OAS2;TRIM25;SMARCA5;RNF135;AKAP1;UAP1;UBE2W;DHX16;DUS2;IFIT2;UBE2N;MORC3"
"BP_leukocyte_cell-cell_adhesion%0007159",0.0717213114754098,0.555572547100563,-0.525703551887427,-1.43895379971332,34,19,"ITGB2L;ITGA4;PECAM1;CD177"
"KEGG_cGMP-PKG_signaling_pathway%mmu04022",0.242544731610338,0.557103874840822,-0.296193213580651,-1.11431025967452,121,82,"PDE3B;ATP1B1;PPP3CA;PIK3CG;NPR1;INSR;CNGB1;RAF1;CREB3;ATP2A3;AKT2;PPP3CB;CREB3L2;PIK3R5;PLCB2;ADRB2;GTF2IRD1;MYLK"
"KEGG_Longevity_regulating_pathway%mmu04211",0.242677824267782,0.557103874840822,0.319518629503869,1.12932722852964,115,64,"BAX;AKT3;RELA;FOXO3;CAT;EIF4E2;SOD2;PRKAA1;SESN2;ATF2;CREB1;EIF4EBP1;RHEB;HRAS;ATF4;NRAS;ATF6B"
"KEGG_Chronic_myeloid_leukemia%mmu05220",0.239263803680982,0.557103874840822,0.313968412086458,1.12770826219428,116,68,"NFKBIA;BAX;CCND1;CDKN1A;AKT3;RELA;SMAD3;MYC"
"BP_cholesterol_biosynthetic_process%0006695",0.0727650727650728,0.55948255948256,-0.498743013044786,-1.42229415771413,34,23,"CES1D;CFTR;MSMO1;IDI1;INSIG2;CYP51"
"RA_Deadenylation_of_mRNA%R-MMU-429947",0.375249500998004,0.56187624750499,0.364670330843718,1.05086146298042,187,22,"PAIP1;CNOT3;CNOT10;EIF4A1;CNOT9;EIF4G1;CNOT6;TNKS1BP1;CNOT7;CNOT8"
"RA_Antigen_activates_B_Cell_Receptor_(BCR)_leading_to_generation_of_second_messengers%R-MMU-983695",0.377510040160643,0.563761678011782,0.396647704966181,1.06443718320875,187,17,"PTPN6;DAPP1"
"BP_axon_extension%0048675",0.0773930753564155,0.566714605305209,-0.545560592893786,-1.45533573796768,37,17,"ULK2;RAPH1;DVL1;NRP1;RNF6;SPG11"
"BP_endoplasmic_reticulum_calcium_ion_homeostasis%0032469",0.0809128630705394,0.566714605305209,-0.552026791652116,-1.43182801603725,38,16,"GRINA;PACS2;ATP2A3;BCL2;TMBIM6"
"BP_regulation_of_actin_cytoskeleton_organization%0032956",0.0792079207920792,0.566714605305209,-0.373123803483416,-1.32540984057267,39,63,"HIP1R;RAPGEF3;TRPM2;RHOF;CDK5R1;NEDD9;TAOK2;ARAP3;MYO1F;FGR;ARHGAP35;BCAS3;ARAP2;CIT;TAOK1;STAU2;ITGB3;PAK1;ARAP1;PDGFRB;CDK10;ABL1"
"BP_cellular_response_to_hypoxia%0071456",0.0806451612903226,0.566714605305209,0.362447114592376,1.32719358850352,39,71,"FOS;MST1;SUV39H2;FOXO3;HYOU1;DNM1L;LMNA;NFE2L2;STC2;UBQLN1;MLST8;MYC;SIRT2;PRKAA1;EIF4EBP1;EGLN3;ADAM8;PHB2;ATF4;P4HB;BAD"
"BP_positive_regulation_of_DNA-binding_transcription_factor_activity%0051091",0.0753968253968254,0.566714605305209,-0.378966126042068,-1.31460405633306,37,55,"PTEN;PPP3CA;KIT;HDAC5;LRP5;TRIM5;HDAC4;TCF3;ESR1;TRIM26;TRIM12C"
"BP_positive_regulation_of_epidermal_growth_factor_receptor_signaling_pathway%0045742",0.0774058577405858,0.566714605305209,-0.563156901548304,-1.43354887275177,36,15,"HIP1R;ESR1;MMP9"
"BP_axonogenesis%0007409",0.0789473684210526,0.566714605305209,-0.382014027571101,-1.31449746392867,38,53,"SEMA4A;ALS2;TAOK2;DVL1;FLOT1;SEMA4D;KLF7;BCL2;APLP2;APC;PIP5K1C;IGF1R;SPG11;NOTCH1;NTNG2"
"BP_microtubule_depolymerization%0007019",0.0794979079497908,0.566714605305209,-0.561550655331882,-1.42946007894211,37,15,"SGK1;KIF18A;KATNB1;APC;HTT"
"BP_mitotic_metaphase_chromosome_alignment%0007080",0.0813492063492063,0.566714605305209,0.416766657163594,1.3648295712432,40,41,"PINX1;CHMP4B;CDCA5;CHMP7;KIFC5B;ZW10;RRS1;RAB11A;KPNB1;PIBF1"
"BP_transcription_by_RNA_polymerase_II%0006366",0.0803212851405623,0.566714605305209,0.318987155214718,1.27853087624676,39,132,"FOS;GTF2E1;TBP;MED25;NFIL3;CEBPB;GTF2E2;POLR2F;SMAD1;GATA2;TAF4B;POLR2I;GTF2H3;POLR1B;DDX21;ERCC3;MYC;POLR2E"
"BP_erythrocyte_development%0048821",0.0775510204081633,0.566714605305209,-0.527977456070656,-1.42631858503139,37,18,"SLC11A2;ABCB10;SH2B3;MED1"
"BP_symbiont_entry_into_host_cell%0046718",0.0756646216768916,0.566714605305209,-0.4557388256864,-1.40190027077118,36,32,"ITGAV;SMPD1;INSR;DPP4;UVRAG;NRP1;CLEC5A;CD300LD;CD300LF;SLC20A2;AXL;NAIP5;ITGB3"
"BP_monoatomic_ion_transport%0006811",0.0809128630705394,0.566714605305209,-0.556100060809084,-1.4423931208184,38,16,"CNNM3;SLCO4A1;SLC22A3;SLCO4C1;SLCO3A1;SLC4A5;P2RX1;CLCN3;TOMM40L"
"BP_maturation_of_LSU-rRNA_from_tricistronic_rRNA_transcript_(SSU-rRNA,_5.8S_rRNA,_LSU-rRNA)%0000463",0.0744274809160305,0.566714605305209,0.555666735082461,1.43059124659848,38,15,"FTSJ3;DDX18;ZNHIT6;RPF2;PES1;BOP1;GTPBP4"
"RA_Cell_death_signalling_via_NRAGE,_NRIF_and_NADE%R-MMU-204998",0.380582524271845,0.566846458108594,-0.319696963069409,-1.04301421108364,195,40,"ARHGEF39;PLEKHG2;ARHGEF18;PLEKHG5;ARHGEF3;RASGRF2;TIAM2;AKAP13"
"BP_regulation_of_angiogenesis%0045765",0.0819672131147541,0.567213114754098,-0.519331891103557,-1.42151331360187,39,19,"PDE3B;RAPGEF3;PIK3CG;NF1"
"BP_cortical_actin_cytoskeleton_organization%0030866",0.0828516377649326,0.56953642384106,0.492519091029643,1.39589300782362,42,21,"PLEK;STRIP1;ARF6;FMNL1;LLGL1;CALR;LLGL2;EPB41;ROCK1"
"RA_Gamma_carboxylation,_hypusine_formation_and_arylsulfatase_activation%R-MMU-163841",0.38671875,0.574466111477573,-0.360511811464192,-1.03945253172874,197,23,"FURIN;ARSB;TPST2"
"RA_RUNX1_regulates_genes_involved_in_megakaryocyte_differentiation_and_platelet_function%R-MMU-8936459",0.387755102040816,0.574489795918367,0.398786748821469,1.05263848599267,189,16,"HIST1H2AB;WDR5;HIST1H2AC;PRMT1;CBFB;SIN3B;SETD1B;HDAC1"
"BP_positive_regulation_of_smoothened_signaling_pathway%0045880",0.0857740585774059,0.576630263240957,-0.555989170159494,-1.41530299274148,40,15,"ULK3;CHSY1;DYNC2H1;PDCL;GORAB;NDST1"
"BP_spliceosomal_complex_assembly%0000245",0.086105675146771,0.576630263240957,0.515489852729476,1.36110726167872,43,17,"NCBP1;GEMIN6;SF3A2;SRPK1;U2AF2;USP39"
"BP_interleukin-1-mediated_signaling_pathway%0070498",0.086105675146771,0.576630263240957,0.515282872475535,1.36056074786245,43,17,"NFKBIA;RELA;IRAK4;IRAK1;TRAF6;TNIP2"
"BP_glutathione_metabolic_process%0006749",0.086,0.576630263240957,0.453043790551492,1.35807671386699,42,28,"IDH1;AAAS;GCLM;GCLC;SOD1;GSTM2;GSTT2;SOD2;NFE2L1"
"BP_long-term_synaptic_potentiation%0060291",0.0873983739837398,0.577831287867019,-0.493602757161036,-1.37457634621861,42,20,"PTEN;BRAF;RGS14;NF1;GRIA3;RASGRF2"
"BP_negative_regulation_of_protein_ubiquitination%0031397",0.0870406189555126,0.577831287867019,0.411580536506835,1.36043243301295,44,42,"DNAJA1;PINX1;TNFAIP3;PER2;SOX4;GCLC;U2AF2;UBXN1;BAG5;RPS3;VPS28;CRY1;TSPO;ADGRB1;PARK7;GTPBP4;USP4"
"BP_brain_development%0007420",0.0891089108910891,0.577923021060276,-0.328007161228426,-1.25520748394358,44,98,"KIF21B;TBC1D23;MED1;BRCA2;DMXL2;NF1;WDR47;CDK5R1;SMG9;BPTF;AATK;RTN3;UFC1;EPHA7;CTNS;POMGNT1;IGF1R;CIC;ASPM;HTT;ZFP335;VPS13B;APAF1;SCYL2;NME7;PLCB1;DNAJC30;HERC1;IRS2;RPGRIP1L;ROGDI;SPHK2;TGFBR2;MINK1;DIAPH1;NIPBL;FKRP;RTN4;MET"
"BP_regulation_of_cell_morphogenesis%0022604",0.0896130346232179,0.577923021060276,-0.528155372592822,-1.40890562651693,43,17,"ZRANB1;PHIP;AGO4;SPARC;ZMYM3;ZMYM4;PDZD8;BCL9L"
"BP_cellular_response_to_glucose_starvation%0042149",0.0891089108910891,0.577923021060276,0.400222374784278,1.33669731746598,44,45,"HSPA5;ASNS;SLC2A1;CHKA;FOXO3;SLC7A5;NFE2L2;PRKAA1;PLIN2;SESN2;SH3GLB1;RRP8;YWHAG;ATF4;PIK3C3;KPTN;MYBBP1A;XBP1;TRP53"
"BP_anterograde_axonal_transport%0008089",0.0901960784313725,0.577923021060276,0.498267074806005,1.3829504880311,45,20,"KIF3A;BLOC1S2;AP3M2;SOD1;BLOC1S5;BLOC1S1"
"BP_establishment_of_localization_in_cell%0051649",0.0900195694716243,0.577923021060276,-0.343182404887936,-1.26650357629246,45,76,"GNPTAB;C1QTNF12;SLC40A1;SLC11A2;CFTR;APBA1;SNX19;MON1A;SLC22A3;PON3;STIM1;AP1S2;NECTIN2;BCL2;P2RX7;SCAMP1;P2RX1;AXL;STEAP3;LDLR;PLA2G4A"
"BP_GPI_anchor_biosynthetic_process%0006506",0.0910973084886128,0.578036828036828,-0.494330153267183,-1.38056603448449,43,21,"PIGO;PIGF;PIGN;MPPE1;PIGL;GPAA1;PIGU;PYURF"
"BP_regulation_of_mitotic_spindle_organization%0060236",0.0933609958506224,0.578036828036828,-0.545219557102694,-1.41417164629761,44,16,"BORA;PSRC1;DCTN1;STIL;TPX2;GPSM2"
"BP_endoplasmic_reticulum_to_Golgi_vesicle-mediated_transport%0006888",0.0918163672654691,0.578036828036828,0.337313093167875,1.28909694239751,45,94,"TRAPPC13;ERGIC1;USO1;HYOU1;TFG;COPG1;SEC22B;ZW10;SEC24D;RAB1A;SAR1A;ARCN1;KLHL12;MIA2;TMED7;STX17;P4HB;VCP;TMED9;BET1;GOSR1;SEC24A;SEC13;TMED1;COPE;YKT6;COPB2;SURF4;YIF1B;VAPA;ERGIC3;RABGGTB;TMED2;COPA;IER3IP1;LMAN2"
"BP_cytokine-mediated_signaling_pathway%0019221",0.0925553319919517,0.578036828036828,0.360089895547404,1.28981554774524,45,65,"CEBPA;STAT4;IL11RA1;PTPN6;RELA;IRAK4;IFNGR2;IL16;CCR2;IRAK1;NUMBL;IL13RA1;PIRB;FLT3;ZC3H15;TRAF6;SOCS4;BAD;FKBP1A;NUP85;IL10RB"
"BP_response_to_gamma_radiation%0010332",0.0926640926640927,0.578036828036828,0.461175698033264,1.37167554142922,47,25,"BAX;MEN1;XRCC2;MYC;SOD2;PRKAA1;PML"
"BP_macrophage_cytokine_production%0010934",0.0935550935550936,0.578036828036828,-0.485052660139379,-1.38325259032347,44,23,"TLR2;TLR7;CASP4;PRG2;ACP5;P2RX7;TLR4;AXL;EPX;ASH1L;ATG9A"
"KEGG_Apoptosis%mmu04210",0.254,0.578068965517241,0.281370573827225,1.09207878862207,126,103,"FOS;NFKBIA;BAX;AKT3;RELA;LMNA;CASP8;BID;DFFB;PARP1;FADD;MAP3K5;CTSS;CTSL;TRAF2;BIRC5;CTSC;CAPN2;DAXX;HRAS;PDPK1;ATF4;BAD;RIPK1;NRAS;BCL2L11"
"BP_neuron_apoptotic_process%0051402",0.0941176470588235,0.578071702053603,-0.361368765482013,-1.29612775644905,47,64,"CASP7;EPG5;NF1;OXR1;CASP9;VPS54;AATK;VEGFA;EPHA7;BCL2;LIG4;MFSD8;CIT;FAS;TNFRSF21;AXL;SPG11;APAF1"
"BP_regulation_of_lipid_metabolic_process%0019216",0.095703125,0.584352022058824,0.504788833629775,1.35795872033194,48,18,"LACTB;ANKRD26;CERS2;DNAJC15;NFE2L1;GPS2"
"BP_tRNA_processing%0008033",0.0973282442748092,0.590746774985493,0.472421149575317,1.36013220558103,50,22,"TRMT1L;POP5;TSEN2;LAGE3;TYW1;PUSL1;SSB;POP1;TRUB2;FARS2;TRMT44;THG1L"
"BP_somitogenesis%0001756",0.0978886756238004,0.590746774985493,0.477260069016447,1.3802015620973,50,23,"XRCC2;NLE1;POGLUT1;SMAD3;TTN;ZEB2;ATM;TRP53;TMED2"
"RA_Clathrin-mediated_endocytosis%R-MMU-8856828",0.40041928721174,0.591348329131924,0.27999192025042,1.02325990596287,190,76,"HSPA8;AAK1;STAM2;CLTB;STAM;UBQLN1;TRIP10;AGFG1;SNX9;DNM2;GAPVD1;ARF6;COPS5;COPS7B"
"RA_SUMOylation%R-MMU-2990846",0.401234567901235,0.591348329131924,0.262815746431039,1.03402899972558,194,121,"NFKBIA;NFKB2;SATB1;AAAS;RELA;PHC2;NOP58;TOP1;SUMO3;DDX17;DNMT3B;NSMCE4A;BRCA1;NUP35;NPM1;SAFB;NUP54;NUP88;PML;DAXX;NUP62;TPR;NCOA1;NUP155;NUP153;SEC13;NUP50;NUP85;NR3C1;UBE2I;NUP98;NUP43;BMI1;AURKB;NUP160;VHL;PARK7;CBX4;SP100;NUP214;L3MBTL2"
"KEGG_Drug_metabolism%mmu00983",0.263358778625954,0.594245449207281,-0.354888201470025,-1.13715718677364,137,38,"CES1D;MGST1;UGT1A7C;TK1;XDH;TK2;HPRT;NME6;NME7;GSTM4;ITPA;MGST2;RRM2B;CES2G;NAT2;RRM2"
"RA_Golgi_Associated_Vesicle_Biogenesis%R-MMU-432722",0.40625,0.595621744791667,-0.311569275076765,-1.03142185281391,207,44,"IGF2R;HIP1R;CPD;OCRL;PIK3C2A;YIPF6;BLOC1S4;SORT1;AP1S2"
"RA_Integrin_signaling%R-MMU-354192",0.40625,0.595621744791667,-0.395362762940887,-1.05032074192186,207,16,"RAPGEF3;APBB1IP"
"BP_regulation_of_postsynaptic_membrane_neurotransmitter_receptor_levels%0099072",0.102459016393443,0.59820193637621,-0.501453762587193,-1.37257736696803,49,19,"INPP4A;KIF21B;ERBIN;ALS2"
"BP_memory%0007613",0.101626016260163,0.59820193637621,-0.396572735293835,-1.30922143940774,49,43,"BACE1;DCAF11;PTEN;ABCA7;TRPM7;ABCC8;EIF4EBP2;CIC;SPG11;VPS13B;PTGS1;PLCB1"
"BP_response_to_calcium_ion%0051592",0.102669404517454,0.59820193637621,-0.447161305469843,-1.36809690886963,49,31,"PPP3CA;ENTPD6;CAPN3;THBS1;VPS54;AHCYL1;HNRNPD;PENK;P2RX7;D2HGDH;MNAT1;HTT;PLA2G4A;GDI1;SLC25A12"
"BP_positive_regulation_of_release_of_cytochrome_c_from_mitochondria%0090200",0.103515625,0.59820193637621,0.501291384940948,1.34855005153918,52,18,"BAX;DNM1L;BID;PLA2G6;BAD;PDCD5;BCL2L11;TRP53"
"BP_response_to_axon_injury%0048678",0.103515625,0.59820193637621,0.500394453719918,1.34613717016782,52,18,"BAX;FOLR1;MAX;SOD1;SOD2"
"BP_neuronal_stem_cell_population_maintenance%0097150",0.103053435114504,0.59820193637621,0.527921336394933,1.35915935768062,53,15,"SRRT;FOXO3;SS18;YME1L1;REST;MCPH1"
"BP_toll-like_receptor_signaling_pathway%0002224",0.103734439834025,0.59820193637621,-0.539714249433028,-1.39989216950855,49,16,"TLR2;TLR1;TLR13;TLR7;TRAF3;TLR4;MAPKAPK3;UNC93B1"
"BP_maturation_of_SSU-rRNA%0030490",0.1015625,0.59820193637621,0.502542233005733,1.35191502303661,51,18,"WDR3;RPS14;SRFBP1;NOP14;UTP4;RPS19;SNU13;RIOK2;NOB1"
"KEGG_Sphingolipid_signaling_pathway%mmu04071",0.268,0.598435906154369,0.294947434051791,1.09925886698958,133,81,"BAX;AKT3;RELA;CERS2;PPP2R3C;CERS5;BID;PLCB3;PPP2R2D;GNAI3;MAP3K5;TRAF2;PPP2R5D;NSMAF"
"KEGG_Natural_killer_cell_mediated_cytotoxicity%mmu04650",0.269749518304432,0.598435906154369,-0.313212035608056,-1.13306115117076,139,62,"ITGB2L;PPP3CA;BRAF;TNFRSF10B;PRKCB;LCP2;RAF1;IFNAR2;PIK3R1;PPP3CB;PLCG1;CD244A;CD48;ARAF;FAS"
"KEGG_Th17_cell_differentiation%mmu04659",0.272164948453608,0.598762886597938,0.320118708668489,1.1131483762036,131,59,"FOS;NFKBIA;H2-EB1;RELA;IFNGR2;SMAD3;H2-AB1;H2-AA;HSP90AB1;HSP90AA1"
"RA_Synthesis_of_IP3_and_IP4_in_the_cytosol%R-MMU-1855204",0.413654618473896,0.604902727794294,-0.40705097384797,-1.0528958787724,205,15,"PTEN;OCRL;PLCG1;PLCB2;PLCB1"
"KEGG_Necroptosis%mmu04217",0.277445109780439,0.605334784975504,0.286664085473372,1.09221189380499,138,90,"STAT4;BAX;CHMP4B;TNFAIP3;IFNGR2;DNM1L;TRAF5;CHMP7;CASP8;BID;USP21;PARP1;FADD;SLC25A4;TRAF2;HSP90AB1;HSP90AA1;EIF2AK2;GLUL;CHMP5;CAPN2"
"WP_Wnt_Signaling_in_Kidney_Disease%WP3857",0.197095435684647,0.609204073934364,-0.487868726341357,-1.26541704331659,94,16,"LRP5;DVL1;AXIN1;CSNK1A1;APC"
"KEGG_TGF-beta_signaling_pathway%mmu04350",0.293877551020408,0.611140998679513,0.349549031098773,1.09662318515557,143,35,"SMAD1;BMPR2;SMAD3;EMP3;MYC;CUL1;CREBBP;SMAD2;ROCK1;SMAD5"
"KEGG_Th1_and_Th2_cell_differentiation%mmu04658",0.288421052631579,0.611140998679513,0.328480709649063,1.10203170724524,136,47,"FOS;NFKBIA;STAT4;H2-EB1;RELA;IFNGR2;H2-AB1"
"KEGG_Chemical_carcinogenesis%mmu05204",0.287449392712551,0.611140998679513,-0.450037846493648,-1.14880667316599,141,15,"MGST1;GSTK1;UGT1A7C"
"KEGG_Chemical_carcinogenesis%mmu05208",0.289421157684631,0.611140998679513,0.259368359066641,1.06787362975809,144,151,"FOS;NFKBIA;ABL2;AKT3;NDUFA12;RELA;FOXO3;ATP5D;CAT;UQCR10;NDUFA8;NFE2L2;SOD1;GSTM2;NDUFA4;GSTT2;SLC25A4;SOD2;MAP3K5;COX5A;NDUFB7;NDUFA10;CBR1;HRAS;PTPN11;NDUFS7;PDPK1;BAD;NDUFB5;NRAS;ARNT;GSTO1;NDUFA2;NCF2;ATP5O;NDUFV2;NDUFV1"
"KEGG_Central_carbon_metabolism_in_cancer%mmu05230",0.285412262156448,0.611140998679513,0.322505689169764,1.08471677517492,134,49,"IDH1;SLC2A1;AKT3;SLC7A5;LDHA;LDHB;PDK1;MYC;SIRT3;PFKL;HRAS;FLT3;SLC1A5;NRAS;PFKP;PDHA1;IDH2;TRP53"
"KEGG_PD-L1_expression_and_PD-1_checkpoint_pathway_in_cancer%mmu05235",0.293995859213251,0.611140998679513,0.310160134701022,1.09257510241407,141,62,"FOS;NFKBIA;PTPN6;AKT3;RELA;IFNGR2"
"RA_O-linked_glycosylation_of_mucins%R-MMU-913709",0.420318725099602,0.61305554982144,0.360342007491383,1.00368793094109,210,19,"GALNT7;B3GNT8;MUC13;ST3GAL1"
"WP_Fatty_Acid_Beta_Oxidation%WP1269",0.206,0.618,0.403926150277665,1.21083813585938,102,28,"LPL;ACSL3"
"RA_Plasma_lipoprotein_assembly,_remodeling,_and_clearance%R-MMU-174824",0.428865979381443,0.620698062703734,0.317724129128305,1.01125127044317,207,33,"LPL;ANGPTL4;UBC"
"RA_Termination_of_translesion_DNA_synthesis%R-MMU-5656169",0.428294573643411,0.620698062703734,-0.34378221979555,-1.01712901524964,220,26,"REV1;POLD4;POLE;UBE2L6;UBA7;ISG15;PCLAF;RFC2"
"RA_Regulation_of_actin_dynamics_for_phagocytic_cup_formation%R-MMU-2029482",0.426900584795322,0.620698062703734,-0.315666206616162,-1.01893771248361,218,38,"ABI2;CYFIP2"
"BP_positive_regulation_of_substrate_adhesion-dependent_cell_spreading%1900026",0.110220440881764,0.621813674860566,-0.457584512871954,-1.34200374005676,54,26,"OLFM4;BRAF;TRIOBP;NEDD9;DOCK5;NRP1;RREB1;ITGB3;LIMS1;FLNA;ABL1;UNC13D"
"BP_phosphatidic_acid_biosynthetic_process%0006654",0.112033195020747,0.621813674860566,-0.535764378107253,-1.38964712975774,53,16,"DGKH;ABHD5;SLC27A1;DGKE;DGKG"
"BP_long-term_memory%0007616",0.111788617886179,0.621813674860566,-0.483664336258449,-1.34690000508545,54,20,"ACSS2;SGK1;RGS14;CTNS;EGR1;EIF2AK4;LDLR"
"BP_energy_homeostasis%0097009",0.111332007952286,0.621813674860566,0.441799556670246,1.31042345910634,55,26,"CEBPA;PPRC1;CRTC3;PRKAA1;RRP8;FLCN"
"BP_positive_regulation_of_transcription_by_RNA_polymerase_I%0045943",0.109803921568627,0.621813674860566,0.481151545709308,1.33544598589958,55,20,"UTP15;DDX21;MYO1C;WDR75;WDR43;LYAR;DHX33;ATF4;PHF8;SMARCA5;MYBBP1A"
"BP_negative_regulation_of_viral_genome_replication%0045071",0.112621359223301,0.621813674860566,0.426564426504465,1.32490161643686,57,31,"IFITM3;IFITM6;RSAD2;SRPK1;OASL2;MAVS;EIF2AK2;OAS1G;OAS2"
"BP_myeloid_cell_differentiation%0030099",0.109803921568627,0.621813674860566,0.469530364615527,1.36706148601754,55,24,"CEBPA;GATA2;L3MBTL3;KAT8;PML;CBFB;LIPA;KAT6A"
"BP_mRNA_cis_splicing,_via_spliceosome%0045292",0.111538461538462,0.621813674860566,0.512514357809208,1.33549006051732,57,16,"WBP4;SRSF7;CLNS1A;BC005624;SDE2;SRSF3;CWC15;PRPF40A;NCBP2"
"RA_Transport_of_inorganic_cations/anions_and_amino_acids/oligopeptides%R-MMU-425393",0.432773109243698,0.621963325078986,0.314116425526426,1.0054303517337,205,35,"SLC7A6;SLC25A22;SLC38A2;SLC7A5;SLC15A4;SLC8A1"
"RA_TCF_dependent_signaling_in_response_to_WNT%R-MMU-201681",0.433054393305439,0.621963325078986,0.271080214161356,1.00220860275218,206,81,"MEN1;PSMD10;CDC73;SOX4;PSMD7;PSMF1;TLE1;TLE3;PSMD13;PSMC5;PSMD12;PSMC2;PSMA7;KLHL12;PSMC1;PSMC6;PSMB6;PSMC3;DVL2;PSME3;CTNNB1;CSNK2B;PSMD2;PSMD8;USP8;CSNK2A2;RPS27A;PPP2R5A;PSMD6;PSMB1;HDAC1;PSMD1"
"RA_Pyruvate_metabolism_and_Citric_Acid_(TCA)_cycle%R-MMU-71406",0.432773109243698,0.621963325078986,0.313980747851053,1.00499607182413,205,35,"ME2;LDHA;FAHD1;LDHB;PDK1;PDHX;PDP1;IDH3A;PDHA1;IDH2;IDH3B"
"RA_HDR_through_Homologous_Recombination_(HRR)_or_Single_Strand_Annealing_(SSA)%R-MMU-5693567",0.434362934362934,0.622255297827817,-0.2800966774838,-1.00394916189561,224,67,"RAD51B;RAD51D;TIMELESS;POLD4;BABAM2;POLE;BLM;KAT5"
"BP_regulation_of_G1/S_transition_of_mitotic_cell_cycle%2000045",0.113320079522863,0.622361071665247,0.376159426874301,1.27728664559294,56,48,"CCND1;CDKN1A;PTPN6;MEN1;PHF10;BID;HACD1;DPF2;BCL7A"
"KEGG_Axon_guidance%mmu04360",0.302734375,0.6243896484375,-0.296202681528867,-1.09316682234827,154,72,"SEMA4A;PPP3CA;SEMA4B;RAF1;SSH1;SEMA4D;PIK3R1;PPP3CB;PLCG1;NRP1;EPHA7;FES;PLXNC1;NTNG2;CAMK2G;SSH3;PAK1;PLXNB3;SRGAP2;ABL1;PIK3CB;LRIG2"
"WP_Toll_Like_Receptor_signaling%WP88",0.250996015936255,0.626854284987709,0.374534522282518,1.14771019684962,125,30,"NFKB2;IRAK4;CASP8;FADD;IRAK1;IRF3;EIF2AK2"
"WP_IL-1_Signaling_Pathway%WP37",0.270955165692008,0.626854284987709,0.36215717813836,1.12908634759675,138,32,"NFKBIA;RELA;IRAK4;IRAK1;PTPN11;TRAF6"
"WP_Adipogenesis_genes%WP447",0.257731958762887,0.626854284987709,0.319465591332678,1.12867546236073,124,61,"CEBPA;LPL;CEBPB;GATA2;LMNA;SMAD3;TLE3;PLIN2;CREB1"
"WP_MAPK_signaling_pathway%WP493",0.277327935222672,0.626854284987709,0.273993821307433,1.07668186996594,136,110,"HSPA8;FOS;CD14;HSPA5;AKT3;RASA2;ECSIT;STK3;MAX;CASP8;MYC;MAP3K5;TRAF2;ATF2"
"WP_One_carbon_metabolism_and_related_pathways%WP1770",0.239382239382239,0.626854284987709,0.396149314569282,1.17826747564101,123,25,"SHMT2;CHKA;GCLM;GCLC;SOD1;GSS;SOD2;ETNK1;BCAT2"
"WP_Insulin_Signaling%WP65",0.258964143426295,0.626854284987709,-0.279402124535164,-1.09047188605196,129,112,"ARHGAP33;PIK3C2G;INPP4A;PTEN;SGK1;MAP4K2;PIK3C2A;PIK3CG;MAP2K4;PRKCB;PFKM;INSR;RAF1;FLOT1;PIK3R1;AKT2;FLOT2"
"WP_G1_to_S_cell_cycle_control%WP413",0.260692464358452,0.626854284987709,0.322789002901283,1.12214934072572,127,56,"CCND1;CDKN1A;E2F6;TFDP2;ORC1;POLA2;MYC"
"WP_Notch_Signaling_Pathway%WP29",0.288844621513944,0.626854284987709,-0.375649744649222,-1.12511869262454,144,28,"MAML3;NOTCH2;DVL1;LFNG;NOTCH1;CTBP2;MAML1;CIR1"
"WP_Parkinsons_Disease_Pathway%WP3638",0.243801652892562,0.626854284987709,-0.408945150631859,-1.17603266806646,117,25,"CASP7;SEPT5;CASP9;UBE2L6;LRRK2;MAPK13;MAPK14;UBA7;APAF1"
"WP_p38_MAPK_Signaling_Pathway%WP350",0.283464566929134,0.626854284987709,0.370477456509685,1.12046014877133,143,29,"HMGN1;MAX;MYC;MAP3K5;TRAF2;ATF2;CREB1;DAXX;HRAS;RIPK1"
"WP_EGFR1_Signaling_Pathway%WP572",0.266260162601626,0.626854284987709,0.272908498412974,1.08425285104372,130,129,"CEBPA;FOS;SNRPD2;PTPN6;CEBPB;PTPN12;ZPR1;ARF4;PTK2B;SMAD3;SH2D3C;MYC;PEBP1;MAP3K2;CREB1;CSK;HRAS;RBBP7;PTPN11;PITPNA;EEF1A1;MTA2;RIPK1;NRAS;SMAD2;USP6NL"
"WP_Triacylglyceride_Synthesis%WP386",0.278625954198473,0.626854284987709,0.453178873755086,1.16673122396138,145,15,"LPL;AGPAT5"
"WP_Glycerolipids_and_Glycerophospholipids%WP4345",0.259615384615385,0.626854284987709,0.453805669924465,1.18250923580201,134,16,"CDIPT;PTDSS1;GPAT4;PTDSS2;ETNK1;CRLS1;CHPT1"
"KEGG_N-Glycan_biosynthesis%mmu00510",0.328451882845188,0.628191021126761,0.340078852038096,1.08701036904651,156,38,"DOLK;ALG9;MAN1A2;MGAT2;MAN2A2;DPAGT1;ALG14"
"KEGG_Sphingolipid_metabolism%mmu00600",0.335294117647059,0.628191021126761,-0.348826094043497,-1.09116970229043,170,34,"SMPD1;NEU1;GLB1;HEXB;SGPP1;KDSR;SPTLC1;SMPD4;HEXA;GALC;CERS6;B4GALT6;SPHK2;ASAH1;UGCG"
"KEGG_Drug_metabolism%mmu00982",0.325910931174089,0.628191021126761,-0.436037419202397,-1.11306793602493,160,15,"MGST1;GSTK1;UGT1A7C;FMO5;ALDH3B1"
"KEGG_Homologous_recombination%mmu03440",0.33587786259542,0.628191021126761,-0.338384943738734,-1.08427631314476,175,38,"RAD51B;RAD51D;BRCA2;POLD4;BABAM2;BLM"
"KEGG_Viral_protein_interaction_with_cytokine_and_cytokine_receptor%mmu04061",0.314516129032258,0.628191021126761,-0.392882787781491,-1.10016903608461,155,21,"IL18RAP;TNFRSF10B;CCL6;CSF1"
"KEGG_Phospholipase_D_signaling_pathway%mmu04072",0.316504854368932,0.628191021126761,-0.28867997721679,-1.07360224078315,162,76,"DGKH;RAPGEF3;PIK3CG;KIT;INSR;RAF1;PIK3R1;AKT2;DGKE;PLCG1;DGKG;PIP5K1C;PIK3R5;PLCB2;AGPAT4;PLA2G4A;PLCB1"
"KEGG_Hedgehog_signaling_pathway%mmu04340",0.330693069306931,0.628191021126761,-0.360339479380437,-1.0841587492471,166,29,"GRK3;CSNK1E;MGRN1;CSNK1A1;PRKACB;BCL2"
"KEGG_Cell_adhesion_molecules%mmu04514",0.323970037453184,0.628191021126761,-0.316042662536628,-1.07521358389101,172,48,"ITGB2L;ITGA4;PECAM1;ITGAV;ITGA9;ITGA6;H2-DMA;PVR;ITGB7;NECTIN2;ICOSL"
"KEGG_Glucagon_signaling_pathway%mmu04922",0.321153846153846,0.628191021126761,-0.29813150499008,-1.08728535631604,166,65,"PDE3B;SIK1;PPP3CA;PFKM;PHKA2;CREB3;PHKB;AKT2;PPP3CB;PHKA1;PRKACB;CREB3L2;PRKAB1;PLCB2;PHKG2"
"KEGG_Pancreatic_secretion%mmu04972",0.337890625,0.628191021126761,-0.344486835408222,-1.0861413347027,172,35,"ATP1B1;CFTR;PRKCB;SLC9A1;ATP2A3;RAB3D"
"KEGG_Amoebiasis%mmu05146",0.337209302325581,0.628191021126761,-0.331389728237722,-1.08978810249345,173,43,"COL1A2;COL1A1;ITGB2L;PRKCB;ACTN1;RAB7B;TLR2;PIK3R1;SERPINB6A;PRKACB;TLR4;PLCB2"
"KEGG_Human_papillomavirus_infection%mmu05165",0.317460317460317,0.628191021126761,-0.251023465983746,-1.05705911659015,159,179,"COL1A2;COL1A1;MAML3;COL6A4;PTEN;CDK6;ITGA4;NOTCH2;ITGAV;E2F1;ITGA9;ATR;ITGA6;RAF1;DVL1;THBS1;CREB3;IBSP;IFNAR2;AXIN1;CSNK1A1;IKBKG;PIK3R1;VEGFA;AKT2;PPP2R5E;ITGB7;TYK2;PRKACB;TRAF3"
"KEGG_Endometrial_cancer%mmu05213",0.320987654320988,0.628191021126761,0.325739930557748,1.07939423952539,155,43,"BAX;CCND1;CDKN1A;AKT3;FOXO3;MYC;HRAS;PDPK1;BAD;POLK;MLH1;NRAS;CTNNA1;CTNNB1"
"KEGG_Basal_cell_carcinoma%mmu05217",0.328155339805825,0.628191021126761,0.404799094743239,1.09201188584086,168,17,"BAX;CDKN1A;SUFU;DVL2;POLK;CTNNB1;TRP53"
"BP_adaptive_immune_response%0002250",0.117063492063492,0.629595361460646,-0.365866040453827,-1.26916087693211,58,55,"CRACR2A;MFSD6;OTUD7B;IL18RAP;SLFN1;PRKCB;PAG1;ADGRE1;JAK2;JAK3;MPEG1"
"BP_proteasomal_protein_catabolic_process%0010498",0.116731517509728,0.629595361460646,0.485425727790377,1.32917628032372,59,19,"PSMB2;IFT80;RNF41;FILIP1L;DDI2;VCP;SCO1;BAG6;VHL;CUL4B;PRPF19;SOCS6"
"BP_retrograde_vesicle-mediated_transport,_Golgi_to_endoplasmic_reticulum%0006890",0.116831683168317,0.629595361460646,0.396995161149718,1.29800861886419,58,40,"ERGIC1;RER1;STX18;ARF4;SEC22B;PITPNB;ARCN1;TMEM115;SCYL1;COG4;COPE;COPB2;ERGIC3;COPA;LMAN2"
"BP_macrophage_differentiation%0030225",0.116731517509728,0.629595361460646,0.485701563601153,1.32993156459474,59,19,"CEBPA;ASXL2;L3MBTL3;CASP8;SPI1"
"RA_Signaling_by_PTK6%R-MMU-8848021",0.44238683127572,0.630541230400583,0.330630758452192,0.991049088606622,214,26,"CCND1;SFPQ;GPNMB"
"RA_Signaling_by_Non-Receptor_Tyrosine_Kinases%R-MMU-9006927",0.44238683127572,0.630541230400583,0.330630758452192,0.991049088606622,214,26,"CCND1;SFPQ;GPNMB"
"BP_mitochondrion_organization%0007005",0.118367346938776,0.633326320218809,0.320364707267692,1.23959209372337,57,103,"CEBPA;BAX;SSBP1;DNM1L;MFN1;BCS1L;PARP1;MTX1;SOD2;YME1L1;SESN2;DNAJA3;LIG3;SH3GLB1;MTFR1;STOML2;LETM1;MTX2;RAB29;NOA1;LONP1;PHB2;SLIRP;CLUH;AFG1L;SCO1"
"BP_DNA-templated_transcription_initiation%0006352",0.119140625,0.634194711538462,0.494324006394527,1.32980674379418,60,18,"TBP;RSF1;MYC;TAF7;TAF6"
"KEGG_Breast_cancer%mmu05224",0.347280334728034,0.636680613668061,0.301663961637597,1.06622054016833,165,64,"FOS;NFKB2;BAX;CCND1;CDKN1A;AKT3"
"KEGG_Rheumatoid_arthritis%mmu05323",0.346938775510204,0.636680613668061,0.3385450691195,1.06210099009438,169,35,"FOS;H2-EB1;ATP6V1F;H2-AB1;CTSL;H2-AA;ATP6V1E1;ATP6V1G1;ATP6V0A2"
"BP_cellular_response_to_hydrogen_peroxide%0070301",0.120481927710843,0.638062453897222,0.3640063260625,1.26806893724168,59,55,"HSPA8;PLEKHA1;RELA;KLF2;TNFAIP3;MAP1LC3A;NFE2L2;OSER1;MAP3K5;PRKAA1;APEX1"
"KEGG_Small_cell_lung_cancer%mmu05222",0.352577319587629,0.638195004029009,0.302983685597657,1.05356478239603,170,59,"NFKBIA;BAX;CCND1;CDKN1A;AKT3;RELA;TRAF5;MAX;MYC;TRAF2"
"KEGG_Hypertrophic_cardiomyopathy%mmu05410",0.352941176470588,0.638195004029009,-0.351303025736467,-1.06709370151973,179,30,"ITGA4;ITGAV;ITGA9;ITGA6;ATP2A3;ITGB7;PRKAB1;ITGA2B;SGCB;ITGB3"
"BP_sodium_ion_transmembrane_transport%0035725",0.136,0.641272475795297,-0.438928319361677,-1.29570472927289,67,27,"SLC9A8;ATP1B1;TRPM2;CFTR;SLC9A9;SLC4A8;SLC4A5;SLC8B1;TPCN1;SLC20A2"
"BP_sensory_perception_of_sound%0007605",0.134,0.641272475795297,-0.367237455093249,-1.2527617672337,66,49,"ELMOD3;COL1A1;OTOGL;TRIOBP;DIAPH3;HEXB;MPV17;AXIN1;SLC1A3;SERPINB6A"
"BP_negative_regulation_of_cell_population_proliferation%0008285",0.130346232179226,0.641272475795297,0.287411366561217,1.18703520605095,63,167,"CEBPA;BAX;CDKN1A;MEN1;SMAD1;EEF1E1;IFITM3;TIAL1;TES;SKI;CDC73;SOX4;STK3;LMNA;PTK2B;SMAD3;ZFP777;FNIP2;NMI;RBM10;RNF41;IFI35;SOD2;REST;ING5;ETV3;DNAJA3;SMYD2;SAV1;ZBTB17;NPM1;CSK;PML;CHERP;TAF6;FLCN;SCIN;HRAS;FLT3"
"BP_fat_cell_differentiation%0045444",0.125248508946322,0.641272475795297,0.372471163838454,1.26476278261211,62,48,"CEBPA;CCND1;CEBPB;ANKRD26;GATA2;ZBTB7A;SOCS7;JDP2"
"BP_intermembrane_lipid_transfer%0120009",0.126530612244898,0.641272475795297,-0.502027549938212,-1.35621552860171,61,18,"CIDEB;PITPNC1;PITPNM1;C2CD2L;ABCA3;PRELID1"
"BP_regulation_of_cell_cycle%0051726",0.138888888888889,0.641272475795297,0.2748958015986,1.1570327457021,69,180,"HSPA8;SGSM3;BAX;CCND1;CDKN1A;MEAF6;JADE3;INO80E;TFDP2;RIPOR2;SFPQ;EPC2;UBA3;JADE1;USP16;RUVBL1;PER2;CDK17;MADD;WDR5;SIRT2;MSH2;ING5;BIRC5;HSP90AB1;BRCA1;RUVBL2;COPS5;NPM1"
"BP_T_cell_differentiation%0030217",0.137214137214137,0.641272475795297,-0.415110183839129,-1.29437954032247,65,34,"IKZF3;KIT;PTPN22;ADA;PPP3CB;BCL2;EGR1;LFNG;TCIRG1;PKNOX1;WWP1"
"BP_regulation_of_mitochondrial_membrane_potential%0051881",0.123529411764706,0.641272475795297,0.453525927010232,1.32046375367815,62,24,"BAX;DYNLL1;TSPAN4;SOD1;SOD2"
"BP_positive_regulation_of_TORC1_signaling%1904263",0.131889763779528,0.641272475795297,0.372684781583163,1.25436639431326,66,46,"STAMBPL1;LAMTOR3;BMT2;SHQ1;PIP4P1;FNIP2;FOXP1;SESN2;PRMT1;FLCN;RHEB"
"BP_female_pregnancy%0007565",0.123260437375746,0.641272475795297,0.437023921928573,1.29625842950609,61,26,"FOS;SLC2A1;SLC38A2;HFE;ACE;CAPN2;SLC38A1;CD38"
"BP_neuron_development%0048666",0.134,0.641272475795297,-0.441219672982407,-1.30246874424265,66,27,"BECN1;VEGFA;NRP1;DGKG;SCYL3;MTMR2;MFSD8;HTT;MEF2C;TDP2;FIG4;RUNX1;NCAM1"
"BP_Notch_signaling_pathway%0007219",0.124015748031496,0.641272475795297,0.376014811421266,1.2655744653894,62,46,"CEBPA;NFKBIA;SUSD5;NLE1;IFT74;MECP2;RPS19"
"BP_positive_regulation_of_receptor_signaling_pathway_via_JAK-STAT%0046427",0.139004149377593,0.641272475795297,-0.519661234908307,-1.34787935339764,66,16,"KIT;JAK2;TYK2;ADIPOR1;NOTCH1"
"BP_response_to_nutrient%0007584",0.13627254509018,0.641272475795297,-0.443289668761216,-1.30007982497551,67,26,"ASS1;ARSB;CYBB;MLYCD;AGL;TFAM;ERCC1;TFRC;APAF1"
"BP_protein_maturation%0051604",0.125252525252525,0.641272475795297,-0.405516618287944,-1.2963482727111,61,37,"PRSS57;SORL1;CASP7;FURIN"
"BP_dendrite_morphogenesis%0048813",0.138429752066116,0.641272475795297,-0.449869186972928,-1.2937208313125,66,25,"SLC11A2;PPP3CA;TRAK1;DVL1;LRP8;KLF7"
"BP_positive_regulation_of_angiogenesis%0045766",0.131889763779528,0.641272475795297,-0.340301059445006,-1.23446101940924,66,68,"ITGB2L;RAPGEF3;BTG1;CYBB;CTSH;PRKCB;C3;STIM1;THBS1;SASH1;VEGFA;MMP9;PLCG1;NRP1;HGF"
"BP_membrane_fusion%0061025",0.124,0.641272475795297,0.429311046727438,1.28693373074745,61,28,"USO1;STX18;DNM1L;SEC22B;STX7;ANXA7;SNAP23;ADAM8;STX17;VPS33B;STX12;YKT6;STX4A;VAMP8;HACE1;NSFL1C"
"BP_phospholipid_translocation%0045332",0.13469387755102,0.641272475795297,-0.493311243898936,-1.33266863440443,65,18,"ATP8B4;ATP9B;ATP11C;ABCA7;ATP11B;P2RX7;TMEM30A;ATP11A;ANO6;ATP8A1"
"BP_positive_regulation_of_DNA_repair%0045739",0.133462282398453,0.641272475795297,0.383663553545633,1.26815603584746,68,42,"CCDC117;CEBPG;RUVBL1;ABRAXAS1;EYA3;BRCA1;RUVBL2;RPS3;UCHL5;TMEM161A;UBE2V2;MGMT;YY1"
"BP_negative_regulation_of_protein_binding%0032091",0.138067061143984,0.641272475795297,0.392538637053752,1.26530427687866,69,38,"BAX;CDKN1A;CARM1;TFIP11;MYC;MITD1;GTF2F1;RACK1;ROCK1;TMC8;SYMPK;PEX14;TLE5;AURKB;PARK7;ITGB1BP1;DHRS7B"
"BP_DNA_biosynthetic_process%0071897",0.138492871690428,0.641272475795297,-0.503254935826852,-1.34248129897468,67,17,"POLG;POLE;TK2;POLM;LIG4;POLL"
"BP_regulation_of_signal_transduction%0009966",0.132113821138211,0.641272475795297,-0.448422299438001,-1.29450051484111,64,24,"FURIN;AFAP1;GRK6;PPP6R1;KCNIP3"
"BP_protein_import_into_mitochondrial_matrix%0030150",0.131115459882583,0.641272475795297,0.496178088372707,1.31011618481727,66,17,"GRPEL2;TIMM23;DNAJC15;TOMM20;TIMM50;DNAJC19;ROMO1;GRPEL1;TIMM17B;TOMM70A"
"BP_regulation_of_cell_migration%0030334",0.132264529058116,0.641272475795297,-0.369254021741616,-1.25352508893818,65,48,"PECAM1;EGFL7;ADGRG3;AMOTL2;BEX6;SLK;APC;PLXND1;MACF1;PLXNC1;NOTCH1;SDC3;PLEKHG3;FLNA;TMSB4X;SRGAP2;AMOT;MINK1;RTN4;DOCK10;RHOB;MAP3K1"
"BP_reticulophagy%0061709",0.130612244897959,0.641272475795297,-0.495393640657506,-1.33829417989696,63,18,"RETREG1;ULK3;ULK2"
"BP_negative_regulation_of_T_cell_receptor_signaling_pathway%0050860",0.131679389312977,0.641272475795297,0.511304220423239,1.31637777808995,68,15,"EZR;PTPN6;DUSP22;LGALS3;UBASH3A"
"BP_glycosylation%0070085",0.126923076923077,0.641272475795297,0.503452834479141,1.31187789403641,65,16,"NANS;CDS2;COG6;COG4;NANP;COG1"
"BP_homeostasis_of_number_of_cells%0048872",0.13,0.641272475795297,-0.424588467781755,-1.30060082939243,64,30,"FANCE;EPG5;MAP7;RASSF2;ASXL1;VPS54;RRN3;POC1B;CARMIL2"
"KEGG_Ether_lipid_metabolism%mmu00565",0.363106796116505,0.643357007884277,0.396080474948985,1.06849198036901,186,17,"PAFAH1B1;PLA2G7;SELENOI;PAFAH2;PAFAH1B2;PLA2G6;PLD4"
"KEGG_Insulin_signaling_pathway%mmu04910",0.359767891682785,0.643357007884277,-0.272705678373647,-1.04696460986213,185,92,"PDE3B;BRAF;INSR;RAF1;PHKA2;PHKB;FLOT1;MKNK1;PIK3R1;AKT2;FLOT2;PHKA1;PRKAR2B;MKNK2;PRKACB;PRKAB1;PHKG2;ARAF;SREBF1;GYS1;SOS2;IRS2;HK2;G6PC3;RPS6KB2;PIK3CB;INPP5A;HK3;PRKAG1;RHOQ;TSC1;CBL;SH2B2"
"KEGG_Bacterial_invasion_of_epithelial_cells%mmu05100",0.362105263157895,0.643357007884277,0.315370611048109,1.04277656939369,171,45,"CD2AP;CLTA;CLTB;ARHGAP10;DNM2;ARPC5;ARPC5L;CTNNA1;CTNNB1;CRKL;HCLS1"
"BP_positive_regulation_of_cold-induced_thermogenesis%0120162",0.142570281124498,0.649670366352332,-0.361658830944444,-1.24265845157475,70,51,"TRPV2;FABP5;KDM6B;ELOVL6;JAK2;KDM3A;TSHR;VEGFA;BSCL2;ADIPOR1;APC;PRKAB1;IGF1R;ADRB2;UCP2;OMA1;MFN2"
"BP_skeletal_muscle_cell_differentiation%0035914",0.143953934740883,0.649670366352332,0.443093383836025,1.28139398250052,74,23,"FOS;EMD;KLHL41;MYC;SAP30"
"BP_nucleosome_disassembly%0006337",0.143129770992366,0.649670366352332,0.505950398035949,1.30259409992544,74,15,"GRWD1;CEBPG;SUPT16;SMARCE1"
"BP_regulation_of_postsynapse_organization%0099175",0.143426294820717,0.649670366352332,0.427202794172957,1.27575084402937,71,27,"HSPA8;PAFAH1B1;DISC1;ARF4;BAIAP2"
"BP_binding_of_sperm_to_zona_pellucida%0007339",0.143129770992366,0.649670366352332,0.507486151748991,1.30654797313774,74,15,"CCT6A;CCT5;CCT8;CCT3;CCT2;UBAP2L;ADAM3;CCT4;CCT7;ALDOA"
"RA_SUMOylation_of_RNA_binding_proteins%R-MMU-4570464",0.457317073170732,0.650175535846268,0.297275913805458,0.990814376104819,224,41,"AAAS;PHC2;NOP58;NUP35;NUP54;NUP88;NUP62;TPR;NUP155;NUP153;SEC13;NUP50;NUP85;UBE2I;NUP98;NUP43;BMI1;NUP160;CBX4;NUP214"
"RA_Developmental_Biology%R-MMU-1266738",0.459615384615385,0.650877084810556,-0.247441787664348,-1.00205135792425,238,137,"GPC1;KRT18;SEMA4A;EVL;KRT80;COL5A1;DSP;ITGA9;SEMA4D;ARHGAP35;PIK3R1;PLCG1;COL5A3;NRP1;PRKACB;EPHA7;DOK1;MAPK13;TGM1;PIP5K1C;ST8SIA4;PLXND1;FES;EVPL;JUP;PLXNC1;ITGB3;RXRA;ARHGEF11;MEF2C;ARHGEF28;SPTBN1;MEF2D;FRS2;IRS2;PLXNB3;ABL1;PIK3CB;NCAM1"
"RA_Phase_II_-_Conjugation_of_compounds%R-MMU-156580",0.460122699386503,0.650877084810556,0.299667089603395,0.982296429751987,224,38,"MAT2B;BPNT1;GCLM;GCLC;GSS;GGCT;GSTM2"
"RA_Metabolism_of_carbohydrates%R-MMU-71387",0.461538461538462,0.651243493348757,-0.244666239465352,-1.00035828770992,239,143,"GPC1;XYLT1;CHSY1;PFKFB4;SLC35D2;CHST15;PFKM;NUP210;GLB1;PHKA2;HEXB;SLC9A1;CSGALNACT2;PHKB;AGL;NDST1;PHKA1;GLB1L;FUT11;XYLT2;NDST2;B4GALT1;PGM2L1;MANBA;KHK;PHKG2;DERA;SDC3;TALDO1;TKFC;CHPF2;RANBP2;GYS1;HEXA;RBKS;HK2;SLC25A12;G6PC3;CHST12;NUP188;B3GALT6"
"BP_proteolysis%0006508",0.145383104125737,0.653279922435129,-0.274130237803239,-1.16011879778204,73,188,"PRSS57;BACE1;CASP7;ZRANB1;CPD;LTA4H;CTSE;OTUD7B;NLN;CTSH;AMZ2;USP11;USP40;SPCS3;CAPN3;LMLN;DPP8;MINDY2;TPP1;MMP8;CAPN9;CASP9;AGTPBP1;STAMBP;AGA;DPP4;IDE;MMP9;CASP4;HGF;C1RL;ADAMTS10;MBTPS1;CPQ;SENP6;USP28;USP37"
"BP_outflow_tract_morphogenesis%0003151",0.146694214876033,0.653855521866575,-0.441233151965472,-1.26888557094655,70,25,"DHRS3;RYR1;DVL1;THBS1;EYA1;ANKRD11;VEGFA"
"BP_spinal_cord_development%0021510",0.146771037181996,0.653855521866575,0.48895120880354,1.29103422188669,74,17,"PHGDH;ZPR1;SOX4;IFT80;MECP2"
"KEGG_Fc_epsilon_RI_signaling_pathway%mmu04664",0.374280230326296,0.65437073381551,-0.316982963149016,-1.04667863765086,194,44,"MAP2K4;LCP2;RAF1;PIK3R1;AKT2;PLCG1;MAP2K3;MAPK13;MAPK14;ALOX5"
"KEGG_Thyroid_hormone_synthesis%mmu04918",0.372708757637475,0.65437073381551,0.327651265104779,1.04301573783898,182,37,"HSPA5;PDIA4;HSP90B1;PLCB3;ATP1B3;ATF2;TTF2;CREB1;TTF1"
"RA_G-protein_mediated_events%R-MMU-112040",0.465069860279441,0.654585828343313,0.343052418030572,0.988565658896649,232,22,"GNA11;CAMKK1;PLCB3;GNAI3"
"RA_Regulation_of_TNFR1_signaling%R-MMU-5357905",0.467213114754098,0.655962552634806,0.301232436023625,0.975967656877988,227,36,"UBC;TNFAIP3;UBE2D3;MADD;CASP8;USP21;FADD;SPPL2B;TRAF2"
"BP_positive_regulation_of_T_cell_activation%0050870",0.148362235067437,0.658119658119658,0.455433412912392,1.29078512527222,76,21,"H2-EB1;B2M;H2-AB1;CCR2;HSPD1;H2-AA;PRKAA1;MALT1;YWHAG"
"KEGG_Non-small_cell_lung_cancer%mmu05223",0.379647749510763,0.659388196518694,-0.29681833084726,-1.05092381202885,193,57,"CDK6;STAT5B;BRAF;E2F1;PRKCB;RAF1;CASP9;JAK3;PIK3R1;STAT5A;AKT2;PLCG1;GADD45A;HGF"
"BP_positive_regulation_of_T_cell_proliferation%0042102",0.149402390438247,0.659913537340002,-0.433446090360851,-1.29822608814871,74,28,"CCDC88B;ADK;JAK2;JAK3;STAT5A;TYK2;CARMIL2;SASH3;TFRC"
"RA_Protein-protein_interactions_at_synapses%R-MMU-6794362",0.472222222222222,0.661346047540078,-0.366493910732092,-0.985350922082633,237,17,"FLOT1;GRIA3;PPFIBP2;RTN3;FLOT2;HOMER3;IL1RAP"
"WP_Alzheimers_Disease%WP2075",0.313253012048193,0.66566265060241,-0.315946119213592,-1.08649861687839,155,52,"BACE1;CASP7;PPP3CA;ERN1;CDK5R1;CASP9;ATP2A3;ATF6;PPP3CB;IDE"
"WP_TCA_Cycle%WP434",0.322,0.670285714285714,0.365077422096316,1.09438238874007,160,28,"PDK1;PDHX;DLAT;PDK3;PDP1;IDH3A;PDHA1;IDH2;IDH3B;MDH1;MDH2"
"RA_Glutathione_conjugation%R-MMU-156590",0.481927710843373,0.673138870773305,0.363641159694561,0.975861367348754,239,17,"GCLM;GCLC;GSS;GGCT;GSTM2"
"RA_Oxidative_Stress_Induced_Senescence%R-MMU-2559580",0.483033932135729,0.673138870773305,0.337492690610731,0.972544330052405,241,22,"FOS;EED;TNIK;MAP3K5"
"RA_Fanconi_Anemia_Pathway%R-MMU-6783310",0.486486486486487,0.673258869577888,-0.324937249608072,-0.993496438793692,251,30,"FANCE;FAAP100;FAAP24;FANCF;FANCA;ERCC1"
"RA_Sensory_Perception%R-MMU-9709957",0.485029940119761,0.673258869577888,-0.343562394193485,-0.970530001046614,242,22,"GPC1;DHRS3;LRP10;CNGB1;GNB5"
"RA_Gene_Silencing_by_RNA%R-MMU-211000",0.486707566462168,0.673258869577888,0.294281764840676,0.964643556043113,237,38,"AAAS;TSNAX;NUP35;NUP54;NUP88;RAN;AGO2;NUP62;TPR;NUP155;NUP153;SEC13;NUP50;NUP85;NUP98;NUP43;NUP160"
"BP_positive_regulation_of_insulin_secretion_involved_in_cellular_response_to_glucose_stimulus%0035774",0.157370517928287,0.6748469286984,-0.429799694212334,-1.28730466859272,78,28,"C1QTNF12;CFTR;PPARD;C2CD2L;PPP3CB;ABCC8;SRI;HCFC1;OXCT1"
"BP_lipid_storage%0019915",0.161885245901639,0.6748469286984,-0.470356423069663,-1.28745784533066,78,19,"CIDEB;STAT5B;HEXB;STAT5A;BSCL2"
"BP_DNA-templated_transcription%0006351",0.155378486055777,0.6748469286984,0.359723225517322,1.22779209247912,77,49,"CEBPA;CEBPG;SMAD1;RELA;POLR1D;RFX3;ZBTB7A;MYC;GPBP1L1;THAP1;POLR3C;CBFA2T2;POLR3E;MEF2A;DIDO1;CTNNB1;STAT1;XAB2;TCEANC2"
"BP_cellular_response_to_reactive_oxygen_species%0034614",0.159362549800797,0.6748469286984,0.405586418438485,1.24286451702424,79,30,"FOS;PEX10;AGAP3;SLC8A1"
"BP_response_to_organic_cyclic_compound%0014070",0.161735700197239,0.6748469286984,0.379704107071021,1.22393360875599,81,38,"IDH1;SLC37A4;PSMB2;CTSL;PLIN2;ANXA7;ATF2;AACS;FNTA;IGFBP4;NCF2;SETD2;ABCD3;NEDD8;MYD88;LYN;TXN2;DUT"
"BP_mRNA_transcription_by_RNA_polymerase_II%0042789",0.158415841584158,0.6748469286984,0.377862028606432,1.23545125449951,79,40,"TBP;TAF4B;NCBP1;TFCP2;C5AR1;ATF2;TAF2;CREB1;TAF7;TAF6;ZBTB1;S100A10;ATF4;NCOA1"
"BP_hepatocyte_growth_factor_receptor_signaling_pathway%0048012",0.156903765690377,0.6748469286984,-0.517813419752085,-1.31812438441308,74,15,"KIT;INSR;NRP1;HGF;EPHA7;IGF1R;AXL;PAK1;PDGFRB;MET;CSF1R"
"BP_positive_regulation_of_neuron_apoptotic_process%0043525",0.158607350096712,0.6748469286984,-0.344706410172415,-1.22299804707937,81,59,"BACE1;CASP7;MAP2K4;NF1;CDK5R1;HDAC4;CASP9;GCH1;OPTN;CASP4;EPHA7;SRPK2;CFLAR;EGR1;FAS"
"BP_nucleosome_assembly%0006334",0.159763313609467,0.6748469286984,0.379140141592425,1.23207383906908,80,39,"GRWD1;SHPRH;ASF1A;DNAJC9;RSF1;SET;NPM1;TSPYL2;DAXX;ASF1B;SMARCA5;BAZ1A;KAT6A;NAP1L1"
"BP_positive_regulation_of_protein_secretion%0050714",0.155470249520154,0.6748469286984,0.437890700266942,1.2663481983352,80,23,"CD2AP;DNM1L;TTN;ZFP384;ARF6;KCNN4;APBB3;PPID;SEC24A"
"BP_regulation_of_growth%0040008",0.161087866108787,0.6748469286984,-0.515234016454681,-1.31155836226331,76,15,"PHIP;PRKCB;VPS54;VEGFA;BCL2"
"BP_monocyte_differentiation%0030224",0.158995815899582,0.6748469286984,-0.516863994982398,-1.31570756806119,75,15,"PDE1B;MED1;IL31RA;VEGFA;CSF1"
"BP_tumor_necrosis_factor_production%0032640",0.161885245901639,0.6748469286984,-0.468974473582867,-1.28367517835437,78,19,"TLR2;PIK3R1;ACP5;TLR4;SASH3;MAPK14;LBP;AXL"
"BP_cellular_response_to_interleukin-7%0098761",0.153846153846154,0.6748469286984,0.48858158459162,1.27312696714111,79,16,"STIP1;RAD23B;HSPD1;PDIA3;P4HB;CRKL;ATIC;HDGF;LSP1"
"RA_RAB_GEFs_exchange_GTP_for_GDP_on_RABs%R-MMU-8876198",0.494071146245059,0.681769743470511,-0.292846911130776,-0.975007591638316,249,47,"ALS2;DENND5A;DENND2D;MON1A;TRAPPC10;DENND3;RAB3IP;MON1B;TRAPPC6A;DENND1C;RAB3GAP2;GDI1;TRAPPC9;TRAPPC12;DENND1B"
"RA_Visual_phototransduction%R-MMU-2187338",0.496078431372549,0.682865909199866,-0.34920879920262,-0.975728529740663,252,21,"GPC1;DHRS3;LRP10;CNGB1;GNB5"
"BP_cholesterol_metabolic_process%0008203",0.164658634538153,0.68366265060241,-0.378448453441966,-1.23664275634251,81,41,"CES1D;ABCA2;SREBF2;SMPD1;SQLE;LRP5;SCAP;FDXR;CYP27A1;INSIG2;APOBR;MBTPS1;APLP2"
"BP_neuron_differentiation%0030182",0.171370967741935,0.688053029135194,0.321896569923866,1.18312991515625,84,75,"FOS;ACSL3;CCND1;CEBPB;ABL2;GATA2;NIF3L1;SOX4;MECP2;EPHA2;NAPA;ACSL4;GAS7;ZHX2;BAG1;ATF4"
"BP_bone_mineralization%0030282",0.172344689378758,0.688053029135194,-0.422236389661873,-1.23833477352163,85,26,"COL1A2;LGR4;IBSP;FGR"
"BP_learning_or_memory%0007611",0.17004048582996,0.688053029135194,-0.414502588247061,-1.24943036176192,83,29,"ABI2;SLC11A2;PTEN;NEDD9"
"BP_nucleocytoplasmic_transport%0006913",0.169291338582677,0.688053029135194,0.357939862287933,1.20473857969677,85,46,"AAAS;GLE1;FBXO22;MLX;ZFP384;NUP35;RANBP1;NPM1;NUP54;NUP88;NUP62;TPR;CSE1L;NUP155;SEC13;NUP50;NUP85;NUP98;NUP43;NUP160;NUP214;MLXIP"
"BP_decidualization%0046697",0.170254403131115,0.688053029135194,0.476962997473114,1.25938036602516,86,17,"IL11RA1;STC2;PARP1;CTSL"
"BP_animal_organ_morphogenesis%0009887",0.167676767676768,0.688053029135194,-0.385816902110803,-1.24121246656588,82,38,"NOTCH2;MEGF9;MED1;INSR;ASXL1;EYA1;NDST1;BCL2;TGM1;IGF1R"
"BP_lysosomal_transport%0007041",0.172199170124481,0.688053029135194,-0.504304157478745,-1.3080466966487,82,16,"IGF2R;ALS2;VPS54;ATP13A2;VPS51;TMEM106B;PSAP;LRP1;VPS52;HGSNAT"
"BP_hematopoietic_progenitor_cell_differentiation%0002244",0.166666666666667,0.688053029135194,0.353193858966415,1.22773575668833,82,54,"ARMC6;PTPN6;GPATCH4;GATA2;ACP6;TMEM143;RRS1;AGPAT5;PLEK;REST;SBDS;ESCO2;HYAL2;ATF2;PLD4;ANLN;RBM47;ZFAT"
"BP_pigmentation%0043473",0.172064777327935,0.688053029135194,-0.413503745263319,-1.24641956089865,84,29,"HPS5;KIT;NF1;CD63;LYST;SPARC;SZT2;RAB27A;BCL2"
"BP_regulation_of_canonical_NF-kappaB_signal_transduction%0043122",0.169421487603306,0.688053029135194,-0.430327040861679,-1.23752209122365,81,25,"NLRP12;CAPN3;NKIRAS2;PIDD1;OPTN;TRAF3;PIK3AP1;PPM1A"
"BP_protein_localization_to_Golgi_apparatus%0034067",0.173469387755102,0.689889749003049,-0.474947836989269,-1.28306032583255,84,18,"SORL1;ARFRP1;OPTN;GCC2"
"WP_ErbB_signaling_pathway%WP1261",0.359073359073359,0.691046841990238,0.359250293376479,1.06851866387861,185,25,"CDKN1A;AKT3;MYC;EIF4EBP1;HRAS;BAD"
"WP_Lung_fibrosis%WP3632",0.349609375,0.691046841990238,0.412097441256854,1.10860478025483,178,18,"CEBPB;NFE2L2;CCR2;RTEL1;MECP2"
"WP_Novel_Jun-Dmp1_Pathway%WP3654",0.347408829174664,0.691046841990238,0.376066099068017,1.08755592827027,180,23,"FOS;CCND1;MYC;ETS2;HRAS"
"WP_Id_Signaling_Pathway%WP512",0.358823529411765,0.691046841990238,0.370216447977852,1.07790397738208,182,24,"SMAD1;RELA;BMPR2;SMAD3"
"BP_inflammatory_response%0006954",0.176938369781312,0.691316816322693,-0.279981010512397,-1.13846277468246,88,150,"TSPAN2;CAMK1D;ITGB2L;ITGAV;C5AR2;CYBB;IL18RAP;EPG5;NAIP2;PIK3CG;KIT;HDAC5;THEMIS2;PLD3;C3;NKIRAS2;THBS1;TLR2;CCL6;MEFV;NAIP6;TLR1;TLR13;LIAS;TLR7;NDST1;CSF1;MAP2K3;SCYL3;P2RX7;TLR4;ALOX5;IL1RAP;CALHM6;AXL;PARP4;NAIP5;TCIRG1;CD180;LXN;NLRC4;FPR1;HDAC7;ASH1L"
"BP_transcription_elongation_by_RNA_polymerase_II%0006368",0.176470588235294,0.691316816322693,0.424437306270411,1.23577075809874,89,24,"CDC73;TCEA1;RTF1;GTF2F1;SUPT16;SUPT4A;PAF1;GTF2F2;EAF1;ELL;SETD2;SUPT5;CDK9;ENY2;ELOA;PBRM1;SUPT6"
"BP_inner_ear_development%0048839",0.177734375,0.691316816322693,0.466818769982655,1.25581347541755,90,18,"CEBPA;CCM2;C1QB;H2-K1"
"BP_phosphatidylinositol_dephosphorylation%0046856",0.174636174636175,0.691316816322693,-0.439147694244531,-1.25234275681279,83,23,"PTEN;INPP5F;INPP5E;OCRL;INPP5K;MTMR12;MTMR2;SYNJ2"
"BP_cellular_response_to_vascular_endothelial_growth_factor_stimulus%0035924",0.177824267782427,0.691316816322693,-0.498516691307802,-1.26900343209403,84,15,"ERN1;VEGFA;NRP1;MAP2K3;MAPK14;NOTCH1"
"BP_myelination%0042552",0.177777777777778,0.691316816322693,-0.384427039723354,-1.22892948514122,87,37,"TSPAN2;PTEN;RAF1;HEXB;SERINC5;MTMR2;POMGNT1;TNFRSF21;XK;HEXA;GALC;FIG4"
"BP_cellular_response_to_amino_acid_starvation%0034198",0.182539682539683,0.694051979766265,0.366896109689152,1.20151324841057,91,41,"CDKN1A;BMT2;SLC38A2;MAP1LC3A;MAP3K5;SESN2;EIF2AK2;SH3GLB1;FLCN;TRIM32;ATF4"
"BP_cell_projection_organization%0030030",0.181818181818182,0.694051979766265,-0.392919044006039,-1.23023140747024,87,35,"PRICKLE3;PKN2;KIF17;DIAPH3;PDCL;ENTR1;CEP97;CEP152;TAPT1;CUL3;CDK10;CEP295;NUBP1;TSC1"
"BP_regulation_of_translation%0006417",0.182186234817814,0.694051979766265,0.325633181380056,1.17808389138235,89,68,"NOLC1;FOXO3;CNOT3;CNOT10;LSM14B;RPL38;RBM3;RPS14;RPS9;CASC3;TCOF1;RPLP1;PA2G4;RPS3;DNAJC1;GEMIN5;RACK1;ELAVL1;PUM1"
"BP_negative_regulation_of_T_cell_proliferation%0042130",0.181297709923664,0.694051979766265,0.427877879450429,1.23188914048283,94,22,"PTPN6;CEBPB;RIPOR2;BTLA;H2-AA;GPNMB"
"BP_ERK1_and_ERK2_cascade%0070371",0.180360721442886,0.694051979766265,-0.420315843878669,-1.23270219734934,89,26,"NLRP12;ITGAV;IQGAP3;CTSH;BRAF;TLR2"
"BP_lipopolysaccharide-mediated_signaling_pathway%0031663",0.18252427184466,0.694051979766265,0.393672652155861,1.22274034302958,93,31,"CD14;NFKBIA;IRAK4;IRAK1;MALT1;IRF3;SPI1"
"KEGG_Arginine_and_proline_metabolism%mmu00330",0.40973630831643,0.697873454164758,0.36114951451648,1.03179273158893,201,23,"P4HA1;SRM;GOT2;ALDH18A1;ALDH7A1"
"KEGG_Hippo_signaling_pathway%mmu04390",0.407172995780591,0.697873454164758,0.291811251583816,1.0177391704646,192,61,"CCND1;YWHAH;SMAD1;BMPR2;STK3;SMAD3;MYC;PPP2R2D;BIRC5;YWHAE;SAV1;LLGL1;YWHAQ;YWHAG;DVL2;LLGL2;SCRIB;SMAD2"
"KEGG_Gastric_acid_secretion%mmu04971",0.405882352941176,0.697873454164758,-0.332074556917895,-1.03876889257357,206,34,"ATP1B1;CFTR;KCNJ2;PRKCB;SLC9A1;PRKACB;PLCB2;MYLK;CAMK2G;PLCB1"
"BP_response_to_endoplasmic_reticulum_stress%0034976",0.185483870967742,0.702672474688015,0.31672846474037,1.16413455944708,91,75,"HSPA5;CEBPB;DNAJC3;PDIA4;HYOU1;DNM1L;UBA5;SDF2L1;NFE2L2;PDIA6;STC2;UBQLN1;AFF4;MAP3K5;NFE2L1;PLA2G6;DNAJB9;ATF4;TMEM33;PDIA3;P4HB"
"BP_lipid_transport%0006869",0.187110187110187,0.703697008044834,-0.392263109498819,-1.22313873069256,89,34,"ABCA2;SPNS3;LRP10;ABCA13;STOML1;ABCA3;APOBR;TEX2;PDZD8;SLC25A20;VPS13B;ABCC10"
"BP_positive_regulation_of_translation%0045727",0.186991869918699,0.703697008044834,0.332382114484016,1.18410304091705,91,64,"EIF3D;ABCF1;RBM3;LARP4;SOX4;PTK2B;RPL26;SSB;NPM1;PCBP1;PRMT1;YTHDF3;EEF2;METTL3;AGO2;ELAVL1;PTBP1;RPS4X;SYNCRIP;NSUN5;FXR1;PLXNB2;NAT10"
"KEGG_Mismatch_repair%mmu03430",0.416161616161616,0.704273504273504,0.366968411900509,1.04219355212359,205,22,"SSBP1;MSH2;RFC3;POLD3;MLH1;MSH6;RPA3"
"RA_Ovarian_tumor_domain_proteases%R-MMU-5689896",0.512974051896208,0.704400954189183,-0.337737909871021,-0.954076405219145,256,22,"ZRANB1;PTEN;OTUD7B;ESR1;IKBKG;TRAF3"
"BP_cellular_response_to_virus%0098586",0.187984496124031,0.704432877172362,0.374310893925607,1.19700030448062,96,36,"BAX;IRGM1;RRP1B;SMAD3;ATF2;HSP90AA1;IRF3;FLT3;CALR;CREBBP;TOMM70A;GSDME"
"BP_response_to_hydrogen_peroxide%0042542",0.188866799204771,0.705193300627887,0.414389461019317,1.22912226308876,94,26,"CAT;PTK2B;SOD1;KPNA4;SOD2;PRKAA1;UBE3A;CAPN2"
"RA_Signaling_by_ERBB4%R-MMU-1236394",0.516064257028113,0.706534577452312,-0.364516066077098,-0.942873223200421,256,15,"ESR1;PIK3R1;ITCH;WWP1"
"RA_RHOD_GTPase_cycle%R-MMU-9013405",0.517441860465116,0.706534577452312,-0.304840930700165,-0.962000204888129,266,34,"ACTN1;DIAPH3;ARHGAP1;ARHGAP35;WHAMM;PIK3R1;STEAP3;DIAPH2;ADD3;GOLGA2;ARHGAP17;DIAPH1"
"RA_Transcriptional_Regulation_by_E2F6%R-MMU-8953750",0.518292682926829,0.706534577452312,0.33420920327958,0.946859147106004,254,21,"E2F6;RYBP;EED;MAX;MGA"
"KEGG_Ubiquitin_mediated_proteolysis%mmu04120",0.423762376237624,0.708058653966663,0.254144548246108,1.01869683926997,213,118,"UBE2F;UBC;DET1;UBE2O;SYVN1;UBA6;UBA3;UBE2D3;ANAPC10;UBE2C;KLHL9;CDC34;UBE2G1;BRCA1;UBE2E1;UBE3A;ANAPC16;PML;UBE2B;ANAPC11;UBE2S;UBE2J1;TRIM32;TRAF6;CUL4A;CUL1"
"KEGG_Alcoholism%mmu05034",0.423597678916828,0.708058653966663,-0.294256163291342,-1.02306980709792,218,53,"BRAF;HDAC5;RAF1;GNB5;HDAC4;CREB3;PRKACB;H3F3B;HDAC10;CREB3L2;ARAF;SLC18A1;HDAC8;HDAC7;SOS2;GNG12;SLC29A3"
"KEGG_Endocrine_and_other_factor-regulated_calcium_reabsorption%mmu04961",0.426877470355731,0.708777686628384,0.337966123601982,1.02044458949031,215,28,"CLTA;RAB11A;CLTB;SLC8A1;PLCB3;ATP1B3;DNM2"
"RA_Rab_regulation_of_trafficking%R-MMU-9007101",0.524714828897339,0.713561470215463,-0.264319359121675,-0.963269130107786,275,73,"TBC1D2;ALS2;DENND5A;DENND2D;MON1A;TRAPPC10;DENND3;RAB7B;RAB3IP;OPTN;MON1B;TRAPPC6A"
"BP_autophagy%0006914",0.192460317460317,0.716035159583547,-0.283303755780971,-1.13700789503214,96,132,"RETREG1;ARSB;ULK3;CHMP1B;DRAM1;EPG5;LRSAM1;TM9SF1;ULK2;BECN1;PTPN22;WDR47;TRIM5;VPS41;BCAS3;TRIM12C;ATG14;UVRAG;ATG10;LAMP2;VPS39;CD84;LRRK2;BCL2;TRP53INP1;TMBIM6;WDR41;RNF185;MFSD8;WDR24;ATP13A2;S100A9;AMBRA1;TCIRG1;RMC1;CLEC16A;ATG4C;HERC1;ATG9A;WDFY4;ABL1;S100A8;PIK3CB;VPS51;CHMP1A;DAP"
"RA_Regulated_Necrosis%R-MMU-5218859",0.529774127310062,0.718705623314614,0.284847798400358,0.945202500379379,257,40,"BAX;UBC;CHMP4B;CHMP7;CASP8;FADD;TRAF2;HSP90AA1"
"BP_cellular_response_to_amino_acid_stimulus%0071230",0.195071868583162,0.719114860321536,-0.398552690348754,-1.21937810140993,94,31,"COL1A2;ASS1;COL1A1"
"BP_lipid_homeostasis%0055088",0.196911196911197,0.719114860321536,0.410262962870436,1.22024572006626,101,25,"CEBPA;ABHD8;NFE2L1;HPS6;USF2;APOE;PNPLA8;LIPA;ADCK1;SURF4"
"BP_negative_regulation_of_smoothened_signaling_pathway%0045879",0.19755600814664,0.719114860321536,-0.474926776747962,-1.26691319006919,96,17,"ULK3;UBR5;MGRN1;HERC4;PRKACB"
"BP_response_to_unfolded_protein%0006986",0.198830409356725,0.719114860321536,0.382605996464753,1.19283900249511,101,32,"HSPH1;MANF;UBXN4;SYVN1;EDEM3;HSPD1;FBXO6;HSP90AA1"
"BP_maturation_of_5.8S_rRNA%0000460",0.196564885496183,0.719114860321536,0.483355351774411,1.24442204578323,102,15,"RRP15;LAS1L;MAK16;BOP1;ERI1;NSA2;EXOSC10;RPF1;PRKDC"
"BP_negative_regulation_of_protein_kinase_activity%0006469",0.197292069632495,0.719114860321536,0.358454863804523,1.18483159245023,101,42,"SPRED1;CEP85;PPM1E;DNAJC3;PKIG;DNAJA3;TAF7;DUSP19"
"BP_response_to_peptide_hormone%0043434",0.194331983805668,0.719114860321536,-0.407615123874902,-1.22866955749645,95,29,"TRIM24;LTA4H;BTG1;STAT5B;BRAF;LRP5"
"BP_positive_regulation_of_cardiac_muscle_hypertrophy%0010613",0.198744769874477,0.719114860321536,-0.487364158195685,-1.24061400593723,94,15,"PPP3CA;BECN1;SLC9A1;ADK"
"KEGG_Melanoma%mmu05218",0.437113402061856,0.721237113402062,0.305144455619206,1.0074795594027,211,42,"BAX;CCND1;CDKN1A;AKT3"
"BP_Golgi_to_plasma_membrane_transport%0006893",0.200836820083682,0.722810090597137,-0.438800701140465,-1.23063951902943,95,22,"EXOC6;ARL3;GGA3;EXOC8"
"BP_megakaryocyte_development%0035855",0.201244813278008,0.722810090597137,-0.482314721987052,-1.25101125874971,96,16,"SH2B3;MED1;KIT;NBEAL2"
"WP_MAPK_Cascade%WP251",0.402439024390244,0.723554448250805,-0.377090958216454,-1.05011632130763,197,20,"BRAF;MAP2K4;RAF1;MAP2K3;MAPK14;ARAF"
"WP_IL-7_Signaling_Pathway%WP297",0.404339250493097,0.723554448250805,0.323513075274423,1.039202933784,204,37,"BAX;FOXO3;STAM2;PTK2B;STAM"
"WP_Nucleotide_Metabolism%WP87",0.388671875,0.723554448250805,0.39887112480954,1.07302397782631,198,18,"MTHFD2;SRM;ADSL"
"WP_IL-5_Signaling_Pathway%WP151",0.4,0.723554448250805,0.294186102256809,1.0321258512095,193,59,"NFKBIA;BAX;PTPN6;FOXO3;SOX4;PTK2B"
"BP_chemotaxis%0006935",0.204,0.730179310344828,-0.394424071911415,-1.20820115002278,101,30,"PIK3C2G;C5AR2;PIK3CG;KIT;CREB3;PIP5K1C;FES;FPR1;LGALS9;PTAFR;AMOT;NINJ1;RAC2;CXCR2"
"RA_TP53_Regulates_Metabolic_Genes%R-MMU-5628897",0.540041067761807,0.730872887379561,0.282411267266858,0.937117427113694,262,40,"LAMTOR3;PRDX1;TXNRD1;MLST8;NDUFA4;SESN2;COX5A;RHEB;SCO1;LRPPRC;COX4I1;SESN3;PRKAG2;MT-CO2"
"KEGG_Glioma%mmu05214",0.445736434108527,0.730897009966777,-0.293003491213007,-1.01241567697872,229,52,"PTEN;CDK6;BRAF;E2F1;PRKCB;RAF1;PIK3R1;AKT2;PLCG1;GADD45A"
"KEGG_Adrenergic_signaling_in_cardiomyocytes%mmu04261",0.452107279693487,0.736767418759756,-0.270982806978056,-0.991072260644146,235,66,"RAPGEF3;ATP1B1;PIK3CG;SLC9A1;CREB3;ATP2A3;AKT2;PPP2R5E;PRKACB;BCL2;MAPK13;CREB3L2;PIK3R5;MAPK14;PLCB2;ADRB2"
"BP_midbody_abscission%0061952",0.209803921568627,0.745809830781628,0.433747177780734,1.20387419021721,106,20,"CHMP4B;MTMR4;CHMP7;MITD1;IST1;ZFYVE19;CHMP5;KIF20A"
"BP_Golgi_to_plasma_membrane_protein_transport%0043001",0.209205020920502,0.745809830781628,-0.435218047525876,-1.22059177956674,99,22,"KRT18;GGA3;ARFRP1;OPTN;BLZF1;MACF1;KIF13A;GOLPH3;SPTBN1;GGA1"
"KEGG_NOD-like_receptor_signaling_pathway%mmu04621",0.463855421686747,0.746694093446959,-0.247564456029155,-0.995265842601973,230,129,"TRPV2;NLRP12;BIRC2;TRPM2;IRF7;CYBB;ERBIN;NAIP2;PKN2;TRPM7;RNASEL;MEFV;NAIP6;ANTXR2;RBCK1;IFNAR2;IKBKG;TYK2;CASP4;TRAF3;BCL2;MCU;IFI204;MAPK13;P2RX7;TLR4;MAPK14;PLCB2;TAB3"
"KEGG_Long-term_depression%mmu04730",0.462745098039216,0.746694093446959,-0.316708795090595,-0.990702953571681,235,34,"RYR1;BRAF;PRKCB;RAF1;GRIA3;IGF1R;PLCB2;ARAF;PLA2G4A;PLCB1"
"BP_rhythmic_process%0048511",0.210831721470019,0.746905552511536,0.353135728024744,1.16724979693621,108,42,"NFKB2;NFYA;SFPQ;DNM1L;KDM5C;PRKAA1;UBE3A;CUL4A;RACK1;CREBBP;CDK1;PSPC1;TARDBP"
"WP_IL-6_signaling_Pathway%WP387",0.425196850393701,0.747759978278577,-0.272480254861253,-1.01589839626086,215,83,"EIF2A;SGK1;STAT5B;MAP2K4;CDK5R1;RAF1;NLK;CASP9;JAK2;FGR;PIK3R1;STAT5A;PPP2R5E;PLCG1;TYK2"
"RA_RUNX1_interacts_with_co-factors_whose_precise_effect_on_RUNX1_targets_is_not_known%R-MMU-8939243",0.553875236294896,0.747797980896946,-0.30828384314659,-0.939579607471742,292,29,"RING1;PHC3;SMARCD1;PHC1"
"RA_Deposition_of_new_CENPA-containing_nucleosomes_at_the_centromere%R-MMU-606279",0.565843621399177,0.747816804806894,0.30308344188303,0.90847739108147,274,26,"RUVBL1;HIST1H2AB;HIST1H2AC;RSF1;NPM1;CENPS;ITGB3BP;RBBP7"
"RA_Nucleosome_assembly%R-MMU-774815",0.565843621399177,0.747816804806894,0.30308344188303,0.90847739108147,274,26,"RUVBL1;HIST1H2AB;HIST1H2AC;RSF1;NPM1;CENPS;ITGB3BP;RBBP7"
"RA_HDMs_demethylate_histones%R-MMU-3214842",0.556621880998081,0.747816804806894,-0.3318743686541,-0.920413241562293,289,20,"KDM6B;KDM3B;KDM7A;KDM3A"
"RA_SUMOylation_of_chromatin_organization_proteins%R-MMU-4551638",0.561866125760649,0.747816804806894,0.276688181595286,0.941537805825631,276,46,"SATB1;AAAS;PHC2;SUMO3;NUP35;NUP54;NUP88;NUP62;TPR;NUP155;NUP153;SEC13;NUP50;NUP85;UBE2I;NUP98;NUP43;BMI1;NUP160;CBX4;NUP214;L3MBTL2;HDAC1;RNF2;SUMO1"
"RA_Extra-nuclear_estrogen_signaling%R-MMU-9009391",0.562,0.747816804806894,-0.335768928372038,-0.918646709331167,280,19,"ZDHHC7;UHMK1;ESR1;PIK3R1;XPO1"
"RA_TNF_signaling%R-MMU-75893",0.562886597938144,0.747816804806894,0.282152112397628,0.942354499797381,272,43,"UBC;TNFAIP3;UBE2D3;MADD;CASP8;USP21;FADD;SPPL2B;TRAF2;NSMAF"
"RA_Processing_of_Capped_Intronless_Pre-mRNA%R-MMU-75067",0.565488565488566,0.747816804806894,0.301732261118332,0.920793731102579,271,28,"SNRPG;NCBP1;SNRPB;CSTF2;SNRPF;CPSF3;CPSF6;SYMPK;CSTF1;CPSF2"
"RA_RIPK1-mediated_regulated_necrosis%R-MMU-5213460",0.562015503875969,0.747816804806894,-0.313369641400592,-0.927149039169255,289,26,"BIRC2;TNFRSF10B;PELI1;FLOT1;FLOT2;ITCH;STUB1;CFLAR;FAS"
"RA_Regulation_of_necroptotic_cell_death%R-MMU-5675482",0.562015503875969,0.747816804806894,-0.313369641400592,-0.927149039169255,289,26,"BIRC2;TNFRSF10B;PELI1;FLOT1;FLOT2;ITCH;STUB1;CFLAR;FAS"
"RA_RHOG_GTPase_cycle%R-MMU-9013408",0.568134171907757,0.749085570922874,0.274301408185315,0.937340236358108,270,49,"HSPE1;ARFGAP3;SHMT2;EMD"
"RA_Fcgamma_receptor_(FCGR)_dependent_phagocytosis%R-MMU-2029480",0.571153846153846,0.74991674991675,-0.272187528341179,-0.934169676643237,296,53,"ABI2;CYFIP2;PLD3;FGR;PIK3R1;PLCG1"
"RA_Signaling_by_TGFB_family_members%R-MMU-9006936",0.571428571428571,0.74991674991675,0.278747532720155,0.940605206154379,279,44,"MEN1;SMAD1;MTMR4;BMPR2;UBE2D3;SMAD3"
"BP_positive_regulation_of_multicellular_organism_growth%0040018",0.213414634146341,0.753484320557491,-0.436829768345767,-1.21647591748835,104,20,"SGIP1;STAT5B;TSHR;STAT5A;CSF1;BCL2"
"BP_cell_differentiation%0030154",0.221556886227545,0.753812636165577,-0.260244889487938,-1.10114913675132,110,195,"COL19A1;ZSCAN2;SEMA4B;ABHD5;BRAF;KIT;NHSL2;ZCWPW1;AGRN;PTPRU;RASGRP4;PPARD;RAF1;NR2C2;HUWE1;DDX3Y;TESMIN;NGRN;MKRN2;ALKBH1;SLCO4C1;JAK2;FGR;SUV39H1;JAK3;EYA1;HERC4;MOSPD1;SPATA6;SYNE1;EID1"
"BP_Rho_protein_signal_transduction%0007266",0.216942148760331,0.753812636165577,-0.381645170170731,-1.19493285453005,104,35,"COL1A2;PECAM1;PLEKHG5;ARHGAP35;MYO9B;SYNJ2BP;LRRK2;PHACTR4;ARHGEF11;RHOJ;EPS8L1"
"BP_protein_processing%0016485",0.222222222222222,0.753812636165577,-0.335275288537996,-1.16318025478031,111,54,"BACE1;CASP7;FURIN;CPD"
"BP_spindle_organization%0007051",0.219959266802444,0.753812636165577,-0.461205426518202,-1.23031015894368,107,17,"RGS14;KNSTRN;UVRAG;PCNT;AURKA;ASPM"
"BP_negative_regulation_of_phosphatidylinositol_3-kinase/protein_kinase_B_signal_transduction%0051898",0.221327967806841,0.753812636165577,-0.366323042751895,-1.18974410871432,109,40,"PTEN;SH2B3;INPP5E;PIK3IP1;XDH;SIRT7;STAMBP;INPP5K"
"BP_germ_cell_development%0007281",0.218146718146718,0.753812636165577,0.400588037471412,1.19146957554783,112,25,"BAX;PAFAH1B1;TIAL1;STAU1;MSH2;CHTF18"
"BP_negative_regulation_of_inflammatory_response%0050728",0.214700193423598,0.753812636165577,-0.329750100381273,-1.16993394056354,110,59,"CLEC12A;C1QTNF12;NLRP12;AOAH;PPARD;ADA;MEFV;PGLYRP1;HGF;IL22RA2;NT5E;ACP5"
"BP_regulation_of_mitotic_spindle_assembly%1901673",0.221789883268483,0.753812636165577,0.441215957631535,1.20812258561911,113,19,"CHMP4B;RCC1;RIPOR2;CHMP7;CHMP5;TPR"
"BP_regulation_of_microtubule_cytoskeleton_organization%0070507",0.215686274509804,0.753812636165577,0.432994941473277,1.2017863429138,109,20,"HSPH1;PAFAH1B1;CDK2AP2;PRKAA1"
"BP_negative_regulation_of_ERK1_and_ERK2_cascade%0070373",0.220907297830375,0.753812636165577,0.366468431660129,1.17718601944413,111,37,"SPRED1;EZR;ANKRD26;EMILIN1;EIF3A;PHLPP1;CSK;SIRT3;FLCN"
"BP_extrinsic_apoptotic_signaling_pathway%0097191",0.218809980806142,0.753812636165577,0.369791592589196,1.17288305610577,113,34,"BAX;SIVA1;CASP8;BID;SMAD3;RNF41;FADD;PML;PDPK1;PDIA3;BAD;RIPK1"
"BP_lung_morphogenesis%0060425",0.221374045801527,0.753812636165577,0.474173064829438,1.22078179795503,115,15,"STK40;AP3B1;HPS1;MAPK1;HIPK2"
"BP_negative_regulation_of_cell_growth%0030308",0.225152129817444,0.754078912290056,0.317161270975432,1.14344862594198,110,67,"CDKN1A;PPP1R9B;VGLL4;BMPR2;SERTAD2;SMAD3;DNAJC2;ST7L;SESN2;HYAL2;BRCA1;PML;CDKN2AIP;OSGIN2;TSPYL2;RBBP7;RACK1;BCL6;DCUN1D3;TCHP;P3H1;TRP53"
"BP_calcium_ion_transport%0006816",0.225206611570248,0.754078912290056,-0.378837659980647,-1.1861425266869,108,35,"PPP3CA;RYR1;PRKCB;TRPM7;SARAF;PLCG1;SELENON;P2RX7;SRI;ANXA6;CAMK2G"
"BP_positive_regulation_of_endothelial_cell_migration%0010595",0.224948875255624,0.754078912290056,-0.382978741054814,-1.17808264410151,109,32,"PIK3CG;SPARC;THBS1;SASH1;DICER1;BCAS3;VEGFA;NRP1"
"BP_negative_regulation_of_innate_immune_response%0045824",0.223107569721116,0.754078912290056,0.401687359192989,1.19955439083321,111,27,"PTPN6;TNFAIP3;PARP1;NMI;USP38;LYAR"
"BP_actin_filament_bundle_assembly%0051017",0.227005870841487,0.755231070299564,0.457923432529637,1.20910800864207,115,17,"EZR;ABL2;BAIAP2;ACTN4;GAS7"
"BP_stem_cell_population_maintenance%0019827",0.226993865030675,0.755231070299564,-0.382663267347915,-1.17711221399945,110,32,"SETD6;TUT4;LIN28A;DICER1;SMC5;PHF19;PADI4;DDX6;APC"
"BP_protein_glycosylation%0006486",0.228346456692913,0.757263968202058,0.332893321727908,1.15404032172099,115,53,"NUS1;FUT7;MAN1A2;OSTC;B3GNT8;EDEM3;ST3GAL1;GGTA1;B3GALNT2;GMPPB;MAN2A2"
"BP_DNA_replication%0006260",0.22920892494929,0.757703388845105,0.315105519707599,1.14529487317635,112,69,"MCM8;GRWD1;ORC1;ZPR1;WRNIP1;TOP1;DNAJC2;POLA2;LRWD1;UPF1;LIG3;CHTF18;CINP;RBBP7;RFC3"
"KEGG_Valine,_leucine_and_isoleucine_degradation%mmu00280",0.475378787878788,0.758188705404669,-0.305661940453746,-0.986425971020383,250,39,"IVD;EHHADH;4930438A08RIK;MCEE;ALDH1B1;OXCT1;PCCB;HADHA;HSD17B10"
"KEGG_MAPK_signaling_pathway%mmu04010",0.483033932135729,0.758188705404669,0.239295714912833,0.983629528258173,241,149,"HSPA8;FOS;CD14;NFKB2;LAMTOR3;AKT3;RELA;RASA2;ECSIT;IRAK4;STK3;MAX;MYC;MAP3K5;TRAF2;EPHA2;IRAK1;ATF2;MAP3K2;FLNB"
"KEGG_Mitophagy%mmu04137",0.482474226804124,0.758188705404669,0.280422451094753,0.968322372268265,233,55,"UBC;TFE3;RELA;FOXO3;MFN1;MAP1LC3A;RAB7;HRAS;GABARAPL2;ATF4;NRAS;CSNK2B;USP15;TRP53;USP8;GABARAP;CSNK2A2;TFEB;SP1;RPS27A;PINK1"
"KEGG_Oxytocin_signaling_pathway%mmu04921",0.479041916167665,0.758188705404669,-0.268079044394053,-0.986245202537184,239,74,"PPP3CA;TRPM2;RYR1;PIK3CG;KCNJ2;PRKCB;NPR1;RAF1;PPP1R12B;RCAN1;PPP3CB;PRKACB;PRKAB1;PIK3R5;PLCB2;MYLK;CAMK2G;PLA2G4A;PLCB1"
"KEGG_Pancreatic_cancer%mmu05212",0.485355648535565,0.758188705404669,0.273893370056609,0.96806637221423,231,64,"BAX;CCND1;CDKN1A;AKT3;RELA;SMAD3"
"RA_Regulation_of_PLK1_Activity_at_G2/M_Transition%R-MMU-2565942",0.579567779960707,0.758829442134601,-0.25895200740648,-0.924664166159392,294,65,"SFI1;BORA;CEP135;CSNK1E;PLK4;OPTN;PRKAR2B;PCNT;CEP250;OFD1;DCTN1;AURKA;CEP192;TUBG1;HAUS3;CEP152;MAPRE1"
"RA_RNA_Polymerase_II_Transcription_Termination%R-MMU-73856",0.581967213114754,0.760203111330874,0.261965809994235,0.931278189990942,283,60,"THOC5;SNRPG;NCBP1;SLU7;SNRPB;SRSF11;SRSF9;CASC3;U2AF2;SRSF7;CSTF2;SNRPF;SRSF1;CPSF3;CPSF6;SYMPK;RNPS1;CSTF1;CPSF2"
"WP_Oxidative_Damage%WP1496",0.450199203187251,0.761323744930302,0.335025551212555,1.00048299206063,225,27,"CDKN1A;C4B;C1QB;C5AR1;TRAF2;TRAF6;BAD"
"WP_Mitochondrial_LC-Fatty_Acid_Beta-Oxidation%WP401",0.45,0.761323744930302,0.38412032432414,1.00092586160981,233,16,"ACSL3;PECR;ACSL4"
"WP_Cholesterol_metabolism_(includes_both_Bloch_and_Kandutsch-Russell_pathways)%WP4346",0.455301455301455,0.761323744930302,-0.317056896328652,-0.988633803031421,218,34,"SREBF2;MSMO1;SQLE;ACOT2;MYLIP;CYP27A1;IDI1;CYP51"
"BP_cellular_response_to_interferon-beta%0035458",0.244094488188976,0.765410188471729,0.36941037472499,1.15612202396227,123,33,"IRGM1;GBP3;CDC34;MAVS;CAPN2;OAS1G;UBE2K;IFITM2;IFI47;STAT1;GBP2;DDX41;CALM3;CALM1;IFI203"
"BP_cognition%0050890",0.235537190082645,0.765410188471729,-0.410892213137832,-1.18163197425766,113,25,"DCAF11;DOP1B;KMT2A;NF1;ANKRD11;CTNS"
"BP_mitophagy%0000423",0.242424242424242,0.765410188471729,-0.360187763475584,-1.15876090416066,119,38,"RETREG1;ABI2;ULK3;ULK2;BECN1;ATG14;ATG10"
"BP_centriole_replication%0007099",0.233739837398374,0.765410188471729,-0.431043615121143,-1.20036273893985,114,20,"CEP135;CCDC57;PLK4;POC1B;OFD1;CEP44;CNTROB;CEP152;CCP110;CEP295;WDR62"
"BP_endosome_to_lysosome_transport%0008333",0.237424547283702,0.765410188471729,-0.357460940109159,-1.16096176859503,117,40,"EPG5;MGRN1;TRAK1;DENND3;RAB7B;VPS41;STX8;SORT1;ATG14;VPS39;UEVLD"
"BP_phosphatidylinositol_metabolic_process%0046488",0.239837398373984,0.765410188471729,-0.410663847504556,-1.18549983506067,117,24,"INPP5E;PITPNC1;PIK3R1;PLCG1;MTMR2;PIP5K1C;PIK3R5;PLCB2;PLCL2;PLCB1;PDGFRB;FIG4"
"BP_semaphorin-plexin_signaling_pathway%0071526",0.244813278008299,0.765410188471729,-0.461087156487772,-1.19595193290944,117,16,"SEMA4A;SEMA4B;SEMA4D;NRP1;PLXND1;PLXNC1;FLNA;PLXNB3"
"BP_cell_population_proliferation%0008283",0.235772357723577,0.765410188471729,0.271767133546014,1.09773976313927,115,142,"CEBPA;IL11RA1;BAX;CCND1;CD2AP;MEN1;CARM1;FPGS;SMAD1;MVP;USPL1;CALCRL;TACC2;STK3;SMAD3;IFT80;TXNRD1;PDK1;MYC"
"BP_lamellipodium_assembly%0030032",0.242677824267782,0.765410188471729,-0.419816908650195,-1.17739847999084,115,22,"SH2B1;KIT;WHAMM;PTPRO;GOLPH3"
"BP_mRNA_3'-end_processing%0031124",0.243243243243243,0.765410188471729,0.393349100850864,1.16993879595405,125,25,"RPRD1B;NCBP1;CDC73;RPRD1A;CSTF2;PAF1;CPSF3;CPSF6"
"BP_cellular_response_to_amyloid-beta%1904646",0.243243243243243,0.765410188471729,-0.4176527463403,-1.19104437663516,116,23,"BACE1;ITGA4"
"BP_positive_regulation_of_actin_filament_polymerization%0030838",0.240157480314961,0.765410188471729,0.384658972070516,1.16335027003482,121,29,"PTK2B;MYO1C;MLST8;BAIAP2;SNX9;ARF6;CDC42EP4;VASP;ICAM1"
"BP_platelet_aggregation%0070527",0.236328125,0.765410188471729,0.447480368948156,1.20379023604983,120,18,"PTPN6;PDIA4;STXBP3;PDIA6;PLEK;UBASH3A;RAP2B;PDIA3;FERMT3"
"BP_protein_metabolic_process%0019538",0.244769874476987,0.765410188471729,-0.468455525539663,-1.19248097417504,116,15,"DCAF11;LTA4H;HEXB;TGM1;D2HGDH"
"BP_nuclear_migration%0007097",0.244230769230769,0.765410188471729,0.456789133592116,1.19028342985795,126,16,"PAFAH1B1;TACC2;LMNA;NUDC"
"BP_anterograde_synaptic_vesicle_transport%0048490",0.244274809160305,0.765410188471729,0.463210518637027,1.1925581854313,127,15,"BLOC1S2;AP3M2;MADD;BLOC1S5;BLOC1S1"
"BP_mesoderm_formation%0001707",0.238549618320611,0.765410188471729,0.467206215364202,1.20284530251257,124,15,"ECSIT;BMPR2;SMAD3;TXNRD1;POFUT2;SMAD2;PRKAR1A"
"BP_positive_regulation_of_NLRP3_inflammasome_complex_assembly%1900227",0.233739837398374,0.765410188471729,-0.430451165943572,-1.19871289680665,114,20,"LATS2;PTPN22;CASP4;LATS1;P2RX7;TLR4"
"KEGG_HIF-1_signaling_pathway%mmu04066",0.493951612903226,0.765940017293952,0.267818684071037,0.981972064247224,244,75,"CDKN1A;ENO3;SLC2A1;AKT3;RELA;IFNGR2;LDHA;LDHB;PDK1;EIF4E2;EIF4EBP1;EGLN3"
"KEGG_Parathyroid_hormone_synthesis,_secretion_and_action%mmu04928",0.499021526418787,0.765940017293952,-0.274565233026858,-0.972133831894836,254,57,"PDE4A;PDE4B;BRAF;PRKCB;LRP5;RAF1;CREB3;PRKACB;BCL2;AKAP13;CREB3L2;EGR1;PLCB2;ARAF;RXRA;ARHGEF11;PLCB1;MEF2C;MEF2D"
"KEGG_Cholesterol_metabolism%mmu04979",0.499013806706114,0.765940017293952,0.322859646538078,0.968573735864284,252,27,"LPL;ANGPTL4;STARD3;APOE;SOAT1;LIPA;TSPO;VAPA"
"BP_protein_localization%0008104",0.24853228962818,0.767751479289941,-0.284579878394388,-1.0997976227901,126,105,"CRACR2A;ELMOD3;AP4M1;CEP128;LATS2;ALS2;OTOGL;NIN;CD63;ULK2;CSNK1E;NBEAL2;EXOC8;ZDHHC18;VPS54;STK11IP;PALM;OPTN;LRRK2;LATS1;SCYL3;CEP250"
"BP_calcium-mediated_signaling%0019722",0.248484848484849,0.767751479289941,-0.358800183406891,-1.15429691704605,122,38,"PPP3CA;TRPM2;RYR1;ADA;RCAN1;GRIA3;PLCG1;LRRK2;MCU;P2RX1;TPCN1;RCAN3"
"BP_protein_destabilization%0031648",0.25,0.767751479289941,-0.339134456906114,-1.13622752023926,121,47,"RNF5;CTSH;RAD23A;CAPN3;GGA3;CCDC88C;MYLIP"
"BP_positive_regulation_of_cytokinesis%0032467",0.24948024948025,0.767751479289941,-0.414273227058868,-1.18140680697675,119,23,"PKN2;KIF3B;KIF23;CIT;IGF1R;GIPC1;KIF20B;CDC6;CUL3"
"BP_antigen_processing_and_presentation_of_exogenous_peptide_antigen_via_MHC_class_II%0019886",0.25,0.767751479289941,0.461230613763313,1.18746082328488,130,15,"H2-EB1;B2M;CD74;H2-AB1;CTSS;H2-AA;TRAF6;FCER1G"
"BP_negative_regulation_of_apoptotic_signaling_pathway%2001234",0.248554913294798,0.767751479289941,0.411209761136302,1.16544686444335,128,21,"BAX;MADD;IGBP1;GNAI3;AATF;CTNNB1;BMI1;MAP3K7;ASAH2"
"RA_Nucleotide-binding_domain,_leucine_rich_repeat_containing_receptor_(NLR)_signaling_pathways%R-MMU-168643",0.5893536121673,0.768069638079144,-0.286023938321428,-0.910365182709351,309,35,"BIRC2;MEFV;CASP9;IKBKG;ITCH;CASP4;BCL2;MAPK13;P2RX7;TAB3"
"BP_endoplasmic_reticulum_unfolded_protein_response%0030968",0.251485148514852,0.769543023821099,0.345101262331786,1.12833721093804,126,40,"HSPA5;CCND1;DNAJC3;SELENOS;NFE2L2;STC2;EDEM3"
"BP_chromosome_organization%0051276",0.252066115702479,0.769543023821099,-0.37174303790521,-1.16392923101065,121,35,"RAD51D;BRCA2;ATR;BLM;SUV39H1;POT1A;LIG4;APC;ERCC1;PELO;TOPBP1;ITPA"
"BP_response_to_estrogen%0043627",0.254065040650407,0.771109684781059,-0.401437012074252,-1.1588639089931,124,24,"ABCC2;ARSB;RCAN1;ESR1;BCAS3"
"BP_canonical_Wnt_signaling_pathway%0060070",0.254,0.771109684781059,-0.393254703026868,-1.16087742814529,126,27,"PTEN;LATS2;CSNK1E;LRP5;DVL1;AXIN1;APC;BCL9L;BCL9;JUP"
"KEGG_Citrate_cycle_(TCA_cycle)%mmu00020",0.544378698224852,0.771764705882353,0.313590804300179,0.940767358542861,275,27,"IDH1;DLAT;IDH3A;PDHA1;ACLY;IDH2;IDH3B;MDH1;MDH2"
"KEGG_Starch_and_sucrose_metabolism%mmu00500",0.52589641434263,0.771764705882353,-0.35609446826708,-0.95861413947639,263,18,"AGL;GANC;PGM2L1;MGAM;GYS1;HK2;G6PC3;HK3;GBE1"
"KEGG_Glycerolipid_metabolism%mmu00561",0.533604887983707,0.771764705882353,0.297657310867983,0.947535666065118,261,37,"LPL;AKR1B10;MBOAT1;AGPAT5;GPAT4;ALDH7A1"
"KEGG_Metabolism_of_xenobiotics_by_cytochrome_P450%mmu00980",0.51593625498008,0.771764705882353,-0.360803428614751,-0.971290764287438,258,18,"MGST1;GSTK1;UGT1A7C"
"KEGG_Viral_life_cycle%mmu03250",0.544423440453686,0.771764705882353,-0.27520622665762,-0.941621444307689,287,49,"FURIN;ELL2;TRIM5;CPSF7;SERINC5;TRIM12C;XPO1;PPIA;CCNT2"
"KEGG_Neuroactive_ligand-receptor_interaction%mmu04080",0.51195219123506,0.771764705882353,-0.332671548994266,-0.970992791133347,256,26,"LTB4R1;C3;GRIA3;TSHR;PENK;P2RX7;P2RX1;ADRB2"
"KEGG_Apoptosis%mmu04215",0.544204322200393,0.771764705882353,-0.333671365694373,-0.953601029583945,276,23,"CASP7;BIRC2;BECN1;CASP9"
"KEGG_Vascular_smooth_muscle_contraction%mmu04270",0.546666666666667,0.771764705882353,-0.275398154346398,-0.944659882042209,286,50,"BRAF;PRKCB;NPR1;RAF1;PPP1R12B;PRKACB;PLCB2;ARAF;MYLK;ARHGEF11;PLA2G4A;PLCB1"
"KEGG_C-type_lectin_receptor_signaling_pathway%mmu04625",0.53027139874739,0.771764705882353,0.269626244444718,0.960166622751109,253,67,"NFKBIA;NFKB2;AKT3;RELA;CASP8"
"KEGG_Circadian_rhythm%mmu04710",0.537549407114625,0.771764705882353,0.339157510562997,0.947362121496537,271,20,"NFIL3;PER2;PRKAA1;CREB1;CUL1;CRY1;CRY2;PER1;PRKAG2;BHLHE40;RBX1;BTRC;CSNK1D"
"KEGG_Melanogenesis%mmu04916",0.513513513513514,0.771764705882353,-0.298408053229262,-0.965417295414438,265,40,"KIT;PRKCB;RAF1;DVL1;CREB3;PRKACB;CREB3L2;PLCB2;CAMK2G;PLCB1"
"KEGG_Relaxin_signaling_pathway%mmu04926",0.545801526717557,0.771764705882353,-0.259707015616994,-0.949507183063213,285,64,"COL1A2;COL1A1;MAP2K4;RAF1;GNB5;CREB3;PIK3R1;VEGFA;AKT2;MMP9;PRKACB;MAPK13;CREB3L2;MAPK14;PLCB2"
"KEGG_Staphylococcus_aureus_infection%mmu05150",0.545638945233266,0.771764705882353,0.331914324604375,0.948268719384956,268,23,"C4B;H2-EB1;C1QB;H2-AB1;C5AR1;H2-AA"
"KEGG_Hepatocellular_carcinoma%mmu05225",0.51394422310757,0.771764705882353,-0.248473137358295,-0.962998883336072,257,100,"PTEN;CDK6;MGST1;BRAF;E2F1;PRKCB;LRP5;RAF1;ARID2;SMARCD1;DVL1;AXIN1;CSNK1A1;PIK3R1;AKT2;PLCG1;GADD45A;HGF"
"KEGG_Choline_metabolism_in_cancer%mmu05231",0.533849129593811,0.771764705882353,-0.266377464447589,-0.955881804022565,275,59,"DGKH;PRKCB;SLC22A3;RAF1;PIK3R1;AKT2;DGKE;PLCG1;DGKG;GPCPD1;PCYT1A;PIP5K1C;SLC22A4"
"KEGG_Bladder_cancer%mmu05219",0.550495049504951,0.773035601432484,-0.306219426501535,-0.921326941477207,277,29,"BRAF;E2F1;RAF1;THBS1;VEGFA;DAPK1;MMP9"
"BP_cellular_response_to_calcium_ion%0071277",0.256565656565657,0.773490582643901,-0.356519304203397,-1.1469590951761,126,38,"TRPM2;RYR1;BRAF;SMPD1;FUS;CAPN3;CARF;CPNE2;CPNE3;ASPH"
"BP_negative_regulation_of_cell_adhesion%0007162",0.256728778467909,0.773490582643901,-0.414111810998206,-1.1565321212238,123,21,"PDE3B;MYO1F;SEMA4D;PIK3R1;ACP5;PLXND1;PLXNC1;PLXNB3;MIA3"
"BP_insulin-like_growth_factor_receptor_signaling_pathway%0048009",0.257085020242915,0.773490582643901,-0.371703666792144,-1.15713230124136,126,33,"KIT;INSR;RAF1;PIK3R1;GIGYF1;EPHA7;IGF1R;ERCC1;AXL;PLCB1;PDGFRB;MAP2K5;MET;EIF2AK3;CSF1R"
"BP_cell_surface_receptor_protein_tyrosine_kinase_signaling_pathway%0007169",0.258517034068136,0.775551102204409,-0.398066063017652,-1.16744804584076,128,26,"DOK3;INSR;LCP2;NEDD9;FGR;CSF1;DOK1"
"RA_Resolution_of_Abasic_Sites_(AP_sites)%R-MMU-73933",0.596899224806202,0.776106844263029,-0.304802578295607,-0.901802153967522,307,26,"MBD4;POLD4;POLE"
"KEGG_Spinocerebellar_ataxia%mmu05017",0.556435643564357,0.777243438629577,0.246685127929637,0.964196000828095,280,105,"TBP;NFYA;AKT3;PSMD7;NOP56;PSMB2;PLCB3;SLC25A4;MAP3K5;PSMD13;TRAF2;PSMC5;PSMD12;PSMC2;PSMA7;PSMC1;PSMC6;PSMB6;ATXN2;ATXN1;PSMB4;PSMA4;PSMC3;PIK3C3;PUM1"
"KEGG_Porphyrin_metabolism%mmu00860",0.561264822134387,0.779862700228833,0.329243302914607,0.931047404939096,283,21,"CPOX;EARS2;BLVRA;HMBS;EPRS"
"BP_negative_regulation_of_cell_differentiation%0045596",0.26078431372549,0.780010099552734,0.396712655633441,1.15504903069751,132,24,"SINHCAF;SS18;PRMT5;BCL7A;BCL7C;CTNNB1"
"BP_negative_regulation_of_phagocytosis%0050765",0.261506276150628,0.780010099552734,-0.459171811536573,-1.16884873650293,124,15,"PTEN;TLR2;PLSCR1"
"RA_Interleukin-17_signaling%R-MMU-448424",0.605749486652977,0.781654471287344,0.272921896073739,0.905629111496954,294,40,"FOS;UBC;ATF2;CREB1;TRAF6;CUL1;TNIP2"
"RA_MAP_kinase_activation%R-MMU-450294",0.605749486652977,0.781654471287344,0.272921896073739,0.905629111496954,294,40,"FOS;UBC;ATF2;CREB1;TRAF6;CUL1;TNIP2"
"RA_Cargo_trafficking_to_the_periciliary_membrane%R-MMU-5620920",0.606719367588933,0.781654471287344,-0.306580162235665,-0.89419886601806,306,25,"INPP5E;ARL3;CNGB1;EXOC8;RAB3IP"
"RA_RHOBTB1_GTPase_cycle%R-MMU-9013422",0.604373757455268,0.781654471287344,0.319585349721933,0.879761405786748,303,18,"TRA2B;VIM;CCT2;TXNL1;CCT7;ROCK1"
"BP_protein-containing_complex_assembly%0065003",0.26369168356998,0.78203419298754,0.308727002604346,1.122111264893,129,69,"IRGM1;SLC2A1;DET1;TSPAN4;DNM1L;MAX;ZW10;CD74;BID;HACD1;DNAJC15;SNX9;TRAF2;SNAP23;LLGL1;PML;LONP1;NEMF;PPID;TFAP4;EPB41;CDK1;AIMP2;PEX14;LAMC1;AP2M1;TRP53;STX4A"
"BP_learning%0007612",0.262948207171315,0.78203419298754,0.38906170197956,1.16185053433657,131,27,"ABL2;PPP1R9B;AAAS;ARF4;UBA6;MECP2;ATXN1;ATAD1"
"RA_Kinesins%R-MMU-983189",0.609375,0.783283390410959,-0.308792029071851,-0.890330486240592,311,23,"KIF21B;KIF18A;KIF23;KIF13B;KIF16B;KIF20B;KIF1C;KIF18B;KIF22;KIFC1;CENPE;KIF1B;KIFAP3"
"BP_social_behavior%0035176",0.268191268191268,0.784170153417015,-0.407630375257686,-1.16246300413588,128,23,"PTEN;DVL1;ANKRD11;EIF4EBP2;CIC;HTT;VPS13B"
"BP_response_to_insulin%0032868",0.270588235294118,0.784170153417015,0.338656276010658,1.11965939876664,137,43,"FOS;CD2AP;SLC2A1;RELA;CAT;MAX;STXBP3;ZBTB7B"
"BP_regulation_of_protein_phosphorylation%0001932",0.267068273092369,0.784170153417015,-0.346389188769096,-1.13188382003085,132,41,"PIK3CG;PHIP;AGRN;CCNYL1;DVL1;FNIP1;DICER1;AXIN1;TLR7;ATG14"
"BP_positive_regulation_of_insulin_receptor_signaling_pathway%0046628",0.271966527196653,0.784170153417015,-0.453660062722862,-1.15481825711599,129,15,"SORL1;C1QTNF12"
"BP_regulation_of_glucose_metabolic_process%0010906",0.269874476987448,0.784170153417015,-0.453955321889252,-1.15556985661514,128,15,"C1QTNF12;BCKDK;MLYCD"
"BP_brain-derived_neurotrophic_factor_receptor_signaling_pathway%0031547",0.267782426778243,0.784170153417015,-0.456387377372961,-1.16176079627611,127,15,"KIT;INSR;TIAM1;EPHA7;IGF1R;AXL;PDGFRB;MET;CSF1R"
"BP_protein_targeting%0006605",0.267206477732794,0.784170153417015,-0.385526719225731,-1.16208873461602,131,29,"SORL1;AP4M1;ERBIN;PAN3;TRAK1;SYNJ2BP;LAMP2"
"BP_regulation_of_protein_catabolic_process%0042176",0.266393442622951,0.784170153417015,-0.424700910212908,-1.16248974597652,129,19,"FURIN;SAMD9L;XPO1;TMEM9;ODC1;FAF1"
"BP_negative_regulation_of_peptidyl-serine_phosphorylation%0033137",0.271784232365145,0.784170153417015,-0.447328428552781,-1.16026501984604,130,16,"PTEN;INPP5F;RASSF2;PPM1F;INPP5K;HGF"
"BP_centrosome_cycle%0007098",0.270216962524655,0.784170153417015,0.353102025103356,1.13424986022965,136,37,"SLC16A1;CC2D1A;XRCC2;UXT;DNM2;BRCA1;NPM1;SSX2IP;PPP1R12A;NUP62;HAUS1;CEP68;CEP120"
"KEGG_Oxidative_phosphorylation%mmu00190",0.569387755102041,0.784395492123727,0.250168084881015,0.953066234093484,278,93,"NDUFA12;ATP5D;UQCR10;ATP6V1F;NDUFA8;NDUFA4;COX5A;ATP6V1E1;NDUFB7;NDUFA10;ATP6V1G1;ATP6V0A2;NDUFS7;ATP6V0B;NDUFB5;PPA1;ATP5L;NDUFA2;ATP5O;NDUFV2;NDUFV1;ATP6V1B2;NDUFB8;ATP5K;UQCRQ;ATP6V1H;UQCRH;COX4I1"
"KEGG_Ferroptosis%mmu04216",0.573440643863179,0.784395492123727,0.3029104744051,0.919264089858231,284,29,"ACSL3;GCLM;GCLC;MAP1LC3A;GSS;PCBP1;ACSL4;FTH1"
"KEGG_RIG-I-like_receptor_signaling_pathway%mmu04622",0.57319587628866,0.784395492123727,0.280093631243953,0.924770557028597,277,42,"NFKBIA;RELA;CASP8;FADD;TRAF2;MAVS;IRF3;TRAF6;TRIM25;RIPK1"
"KEGG_Glycerophospholipid_metabolism%mmu00564",0.589690721649485,0.784856206771023,0.266418397730354,0.916183133136567,285,53,"CHKA;CDS2;CDIPT;MBOAT1;SELENOI;AGPAT5;PTDSS1;MBOAT7;GPD1L;PLA2G6;PLD4;GPAT4;PTDSS2;ETNK1"
"KEGG_ErbB_signaling_pathway%mmu04012",0.596491228070175,0.784856206771023,-0.265180116163753,-0.925761313536446,305,54,"STAT5B;BRAF;MAP2K4;PRKCB;RAF1;PIK3R1;STAT5A;AKT2;PLCG1;NRG2;ARAF;CAMK2G;PAK1;SOS2;ABL1;RPS6KB2;PIK3CB"
"KEGG_p53_signaling_pathway%mmu04115",0.595092024539877,0.784856206771023,0.262844106255844,0.910946714827743,290,56,"BAX;CCND1;CDKN1A;SIVA1;CASP8;BID;SHISA5;PPM1D;SESN2"
"KEGG_Apelin_signaling_pathway%mmu04371",0.582834331337325,0.784856206771023,-0.251315606901067,-0.924573616670189,291,74,"PDE3B;RYR1;PIK3CG;HDAC5;BECN1;RAF1;GNB5;SLC9A1;HDAC4;AKT2;TFAM;PRKACB;PRKAB1;PIK3R5;EGR1;PLCB2;MYLK"
"KEGG_Hematopoietic_cell_lineage%mmu04640",0.596421471172962,0.784856206771023,-0.29277189140472,-0.89798162170621,299,32,"ITGA4;CD33;KIT;ITGA6;H2-DMA;CSF2RA;CSF1;IL4RA;ITGA2B;CD37;ITGB3;TFRC"
"KEGG_Amphetamine_addiction%mmu05031",0.577777777777778,0.784856206771023,-0.314292832181296,-0.923367310169796,285,27,"PPP3CA;PRKCB;CREB3;GRIA3;PPP3CB;PRKACB;CREB3L2;SLC18A1;CAMK2G"
"KEGG_Chemical_carcinogenesis%mmu05207",0.597560975609756,0.784856206771023,0.245972223885619,0.939555763691151,293,94,"FOS;CCND1;AKT3;RELA;HSP90B1;KPNB1;MYC;KPNA4;GSTM2;GSTT2;GNAI3;BIRC5;HSP90AB1;ATF2;HSP90AA1;CREB1;EIF4EBP1"
"KEGG_Prostate_cancer%mmu05215",0.596234309623431,0.784856206771023,0.262740318616546,0.928646308689259,284,64,"NFKBIA;CCND1;CDKN1A;AKT3;RELA;HSP90B1;HSP90AB1;HSP90AA1;CREB1;HRAS;PDPK1;ATF4;BAD;CREBBP;NRAS"
"RA_Complex_I_biogenesis%R-MMU-6799198",0.614754098360656,0.786832470083944,0.270957265071568,0.915930268511286,299,45,"NDUFA12;ECSIT;NDUFA8;NDUFAF5;NDUFB7;NDUFA10;NDUFS7;NDUFB5;NDUFA2;NDUFV2;NDUFV1;NDUFB8;NDUFS5;NDUFS6;NDUFA1;NDUFB10;NDUFA5;NDUFB9;NDUFS3;NDUFS8"
"RA_Neuronal_System%R-MMU-112316",0.614931237721022,0.786832470083944,-0.2588819482434,-0.913443970122417,312,61,"TSPOAP1;APBA1;KCNJ2;PRKCB;FLOT1;GRIA3;PPFIBP2;SLC1A3;RTN3;FLOT2;HOMER3;PRKAR2B;PRKACB;ABCC8;LIN7C;PLCB2;IL1RAP"
"BP_miRNA_processing%0035196",0.273858921161826,0.787439224836496,-0.445349257891188,-1.15513151537734,131,16,"ZC3H7A;AGO3;AGO4;DICER1;ZC3H7B"
"KEGG_Amino_sugar_and_nucleotide_sugar_metabolism%mmu00520",0.619834710743802,0.787616099071208,0.279514106203848,0.909960428070977,299,40,"NPL;NANS;GALK1;GNE;PMM2;GNPDA2;PGM1;GNPNAT1;UGDH;GMPPB;GFPT1;UXS1;GMDS;NANP"
"KEGG_Nicotinate_and_nicotinamide_metabolism%mmu00760",0.615230460921844,0.787616099071208,-0.330877039648408,-0.897271968315176,306,19,"NMNAT3;SIRT7;SIRT4;NT5E"
"KEGG_RNA_degradation%mmu03018",0.622350674373796,0.787616099071208,-0.251291128604508,-0.909058985881128,322,62,"TOB1;BTG1;PAN2;PFKM;PAN3;C1D;DDX6;DCP1B;XRN1"
"KEGG_Base_excision_repair%mmu03410",0.620967741935484,0.787616099071208,-0.299560214447162,-0.886886303545532,307,28,"MBD4;NEIL3;POLD4;POLE;POLL;PARP4"
"KEGG_Cytokine-cytokine_receptor_interaction%mmu04060",0.617021276595745,0.787616099071208,-0.262735723950725,-0.91347954589439,318,53,"IL18RAP;TNFRSF10B;IL31RA;CSF2RA;CCL6;TNFRSF18;IFNAR2;CSF1;IL4RA;IL1RAP;FAS;TNFRSF21;IL21R"
"KEGG_Cell_cycle%mmu04110",0.619433198380567,0.787616099071208,0.239484928170663,0.940381828225768,305,109,"CCND1;CDKN1A;YWHAH;TFDP2;ORC1;SMAD3;ANAPC10;CDC7;MYC;YWHAE;ORC2;ZBTB17;ANAPC16;YWHAQ;YWHAG;ANAPC11"
"KEGG_SNARE_interactions_in_vesicular_transport%mmu04130",0.603550295857988,0.787616099071208,0.299202161374361,0.897601661677016,305,27,"STX18;SEC22B;STX7;SNAP23;SNAP29;STX17;BET1;GOSR1;YKT6;STX4A;VAMP8"
"KEGG_Salivary_secretion%mmu04970",0.623529411764706,0.787616099071208,-0.281974637019584,-0.882050356851299,317,34,"ATP1B1;PRKCB;SLC9A1;PRKACB;PLCB2;ADRB2;PLCB1;CAMP;LYZ2"
"RA_DAP12_interactions%R-MMU-2172127",0.617234468937876,0.787988675764227,-0.328850259918506,-0.890930508920106,307,18,"PIK3R1;PLCG1;CLEC5A;CD300LB;PIK3CB;SIRPA;TREM1;BTK;PIK3R2"
"RA_PLC_beta_mediated_events%R-MMU-112043",0.621621621621622,0.790646528881823,0.314104370081331,0.877705167355028,298,20,"GNA11;CAMKK1;PLCB3"
"RA_Synthesis_of_very_long-chain_fatty_acyl-CoAs%R-MMU-75876",0.623015873015873,0.790646528881823,0.334064013778464,0.868838975795154,313,15,"ACSL3;HACD3;HACD1"
"RA_Cell_junction_organization%R-MMU-446728",0.623529411764706,0.790646528881823,-0.317461062935329,-0.887021795828426,317,21,"ACTN1;PVR;NECTIN2;JUP;LIMS1;FLNA"
"RA_Interferon_Signaling%R-MMU-913531",0.62680412371134,0.793012857639291,0.267565913890158,0.891737800089359,303,42,"PTPN6;IFNGR2;KPNB1;EIF4E2;IRF3;EIF2AK2;UBE2E1;FLNB;EIF4A1;PTPN11;TRIM25"
"KEGG_Autophagy%mmu04136",0.635108481262328,0.7957433198616,0.292097864373332,0.876288885178749,321,27,"ATG4D;MLST8;IGBP1;ATG4B;ATG16L1;ATG3;GABARAPL2;PIK3C3;WIPI2"
"KEGG_Renal_cell_carcinoma%mmu05211",0.6359918200409,0.7957433198616,0.259363723776336,0.89888464871862,310,56,"CDKN1A;SLC2A1;AKT3;TFE3;EGLN3;FLCN;HRAS;PTPN11;BAD;CREBBP;NRAS;ARNT;CRKL;EGLN1;RAP1B;VHL"
"BP_positive_regulation_of_glial_cell_proliferation%0060252",0.278625954198473,0.79893298469065,0.453621682154668,1.16787125589126,145,15,"SLC7A5;MYC;VIM;MECP2;ATXN1;GFAP;TSPO"
"BP_phospholipase_C-activating_G_protein-coupled_receptor_signaling_pathway%0007200",0.280808080808081,0.800765900765901,-0.35598068036318,-1.13799267229944,138,37,"DGKH;C5AR2;PIK3CG;RASGRP4;STIM1;ESR1;VEGFA;DGKE;DGKG"
"BP_T_cell_differentiation_in_thymus%0033077",0.280561122244489,0.800765900765901,-0.384946827410145,-1.1289719550713,139,26,"CDK6;STAT5B;BRAF;ADA;TCF3;STAT5A;BCL2;APC"
"BP_positive_regulation_of_lamellipodium_assembly%0010592",0.282520325203252,0.803441363180755,-0.40942828475172,-1.14016874405133,138,20,"ABI2;HDAC4;PIK3R1;CARMIL2"
"KEGG_Carbohydrate_digestion_and_absorption%mmu04973",0.646365422396857,0.804907884494199,-0.308482958989937,-0.881614958747619,328,23,"ATP1B1;PRKCB;PIK3R1;AKT2;PLCB2;PLCB1;MGAM;HK2;G6PC3;PIK3CB;HK3"
"RA_Opioid_Signalling%R-MMU-111885",0.640232108317215,0.80818537440043,-0.27976752095045,-0.876196981489508,330,33,"PDE4A;PDE4B;GNB5;PRKAR2B;PRKACB;PLCB2;PLA2G4A;PLCB1"
"BP_neuron_projection_morphogenesis%0048812",0.288888888888889,0.808271796560212,-0.34751909833971,-1.12396363834568,142,39,"SGK1;ALS2;TAOK2;PPP1R12B;DICER1;VPS54;LRRK2;WEE1;ZFP335;KIF20B;PAK1;MAP4K4;SRGAP2;MINK1;DTNBP1"
"BP_chromatin_looping%0140588",0.290060851926978,0.808271796560212,0.272119719593147,1.08002223009738,142,128,"MCM8;HSPA5;DDX19A;DDX31;DDX18;CHD2;DHX40;WRNIP1;RUVBL1;DDX21;G3BP1;ERCC3;DDX17;MORC2A;RTEL1;YME1L1;DHX30;UPF1;RUVBL2;EIF4A1;DDX24;SMARCAD1;DHX15;DHX33;DDX49;AK6"
"BP_nuclear-transcribed_mRNA_catabolic_process,_nonsense-mediated_decay%0000184",0.290448343079922,0.808271796560212,0.356334548388414,1.11093331307299,148,32,"PNRC2;NCBP1;RC3H1;CASC3;UPF1;DCP1A;UPF2;SMG6;GSPT1"
"BP_replication_fork_processing%0031297",0.285123966942149,0.808271796560212,-0.364907835763095,-1.14252818038733,137,35,"BRCA2;TONSL;ATR;FBH1;PRIMPOL;BLM"
"BP_positive_regulation_of_epithelial_cell_proliferation%0050679",0.288270377733598,0.808271796560212,0.381819483457697,1.13251632038255,144,26,"KIF3A;MYC;C5AR1;FOXP1;GLUL;ITGB3BP;HRAS;BAD;HLX;NME1"
"BP_positive_regulation_of_neutrophil_chemotaxis%0090023",0.288167938931298,0.808271796560212,0.446902715717807,1.15057294745583,150,15,"RIPOR2;DNM1L;CD74;C5AR1;C1QBP;MOSPD2;SELL"
"BP_positive_regulation_of_interleukin-8_production%0032757",0.286,0.808271796560212,0.381557774869749,1.14378508182338,142,28,"CD14;RELA;CD74;RAB1A;FADD;MAVS;HYAL2"
"BP_positive_regulation_of_protein_serine/threonine_kinase_activity%0071902",0.290196078431373,0.808271796560212,0.389078100439645,1.13282063578452,147,24,"IRGM1;CAB39"
"BP_lipid_catabolic_process%0016042",0.297087378640777,0.811517629024016,0.354603735333603,1.10139297359603,152,31,"LPL;CRTC3;PAFAH1B1;SIRT2;PLCB3;NAAA;PAFAH2;PAFAH1B2"
"BP_cell_morphogenesis%0000902",0.295719844357977,0.811517629024016,-0.314095972651859,-1.10339577251182,151,57,"CYFIP2;MED1;FRY;MAP7;FRYL;SSH1;ASXL1;CSNK1A1;POC1B;HGF;BCL2;P2RX7;MAPK14"
"BP_protein_dephosphorylation%0006470",0.295546558704453,0.811517629024016,-0.322355339948572,-1.10921391955272,145,53,"NCEH1;PTEN;PPP3CA;PTPRU;PTPN22;SSH1;EYA1;PPM1M;PPP3CB;PHPT1;BCL2"
"BP_defense_response%0006952",0.294117647058824,0.811517629024016,0.385079440794882,1.12117833529023,149,24,"STAT4;IRGM1;RELA;CD74"
"BP_protein_N-linked_glycosylation%0006487",0.295634920634921,0.811517629024016,0.336327097787858,1.10140569256501,148,41,"DOLK;ALG9;MGAT2;KRTCAP2;PMM2;ST3GAL1;GFPT1;DPAGT1;ALG14"
"BP_positive_regulation_of_superoxide_anion_generation%0032930",0.296680497925311,0.811517629024016,-0.434946603335331,-1.12814946947037,142,16,"ITGB2L;CD177"
"BP_regulation_of_endocytosis%0030100",0.296680497925311,0.811517629024016,-0.434359326079993,-1.12662621001976,142,16,"HIP1R;CD177"
"KEGG_Fructose_and_mannose_metabolism%mmu00051",0.658730158730159,0.812639074321317,-0.302624640534168,-0.881935416752258,331,25,"FCSK;PFKFB4;PFKM"
"KEGG_Cocaine_addiction%mmu05030",0.656,0.812639074321317,0.328876596315234,0.888604295452691,327,18,"RELA;GNAI3;ATF2;GPSM1;CREB1;ATF4;ATF6B"
"BP_positive_regulation_of_transcription_elongation_by_RNA_polymerase_II%0032968",0.307392996108949,0.812721175688832,0.323670301902482,1.09907961242705,157,47,"MED25;MED22;NCBP1;CDC73;MED7;MED15;MED11;MED28;GTF2F1;MED8;CCNT1;LDB1;MED17;ELL;PWWP2B;CTNNB1;CDK9"
"BP_exocytosis%0006887",0.299196787148594,0.812721175688832,-0.320469406790038,-1.10113173727524,148,51,"EXOC6;PIK3C2A;WASHC5;SNX19;SYTL1;EXOC8;RAB27A;STX2;RAB3D;LIN7C;PIP5K1C;TNFAIP2;SCAMP1"
"BP_membrane_protein_ectodomain_proteolysis%0006509",0.298780487804878,0.812721175688832,-0.403654316386182,-1.12408949768583,146,20,"BACE1"
"BP_regulation_of_G_protein-coupled_receptor_signaling_pathway%0008277",0.308943089430894,0.812721175688832,-0.381480627586711,-1.1012540398455,151,24,"ZDHHC7;RGS14;KCTD12;PDCL;ITGB3;PLCB1;RGS12"
"BP_intracellular_protein_transport%0006886",0.310838445807771,0.812721175688832,0.252546163083937,1.05476066254814,151,177,"MLPH;YWHAH;SCAMP3;SLU7;USO1;RAB18;STX18;ARF4;CLTA;SEC23B;COPG1;AP3M2;CD74;STXBP3;RAB5C;CLTB;STX7;TIMM23;RAB1A;SAR1A;ARFIP2;ARL4A;SNX9;TOMM20;SNX27;RAB7;ARF6;ARL1;SNX2;NAPA;RAB29;VPS11;SNX8;TMED7;SNX1;STX17;VPS33B;AP1S1;XPOT;CSE1L;TMED9;VPS29;AP2B1;SEC24A;RAB31;TMED1;IFT27;GFAP;STX12;AP2M1;VPS26A;COPB2;RAB10;APPBP2;STX4A;TMED2;COPA;RAB2A"
"BP_modulation_of_chemical_synaptic_transmission%0050804",0.310810810810811,0.812721175688832,-0.308990343311478,-1.09961450111822,160,60,"BACE1;PDE4A;PPP3CA;RGS14;JAK2;GRIA3;SLC4A8;DGKE;PLCG1;PRKAR2B;LRP8;EPHA7"
"BP_regulation_of_mitotic_cell_cycle%0007346",0.302970297029703,0.812721175688832,0.333926533955368,1.0918005093217,152,40,"CDKN1A;RCC1;TTLL12;MYC;BIRC5;YWHAE;FBXO5;THAP1;AATF;HDAC3;PIM3;INTS13;CKS2;SDCBP;RPA3;TRP53;RAD50;DAPK3;PTCH1;ASAH2"
"BP_positive_regulation_of_transcription_by_RNA_polymerase_III%0045945",0.307692307692308,0.812721175688832,0.43752417538376,1.14008354801753,159,16,"DDX21;MYO1C;ICE1;ELL;SMARCA5;MYBBP1A;DEK;ZC3H8;BAZ1B"
"BP_negative_regulation_of_Notch_signaling_pathway%0045746",0.309615384615385,0.812721175688832,0.437328216537852,1.13957292604764,160,16,"NFKBIA;GATA2;ZBTB7A;HIF1AN;CBFA2T2;METTL3;BCL6"
"BP_brain_morphogenesis%0048854",0.307251908396947,0.812721175688832,0.434607433956172,1.1189181418824,160,15,"PAFAH1B1;AKT3;FOXO3;AFDN;BBS2"
"BP_positive_regulation_of_dendritic_spine_morphogenesis%0061003",0.305447470817121,0.812721175688832,0.410069788072827,1.12283919944834,156,19,"PAFAH1B1;DNM1L;MFN1;BAIAP2;CASK;AFDN;SLC30A1"
"BP_positive_regulation_of_intrinsic_apoptotic_signaling_pathway%2001244",0.307101727447217,0.812721175688832,0.388879324236623,1.12461084767649,159,23,"BAX;DNM1L;BID;TAF6;FLCN;RACK1;BCL2L11;GSDME;TRP53;RIPK3"
"BP_positive_regulation_of_extrinsic_apoptotic_signaling_pathway%2001238",0.305882352941177,0.812721175688832,0.381991473503637,1.11218756180234,155,24,"CASP8;BID;FADD;TRAF2;HYAL2;PML;PDIA3;RIPK1;BCL10;DEDD2"
"BP_positive_regulation_of_mitochondrial_fission%0090141",0.303921568627451,0.812721175688832,0.402996097626949,1.11852393639457,154,20,"IRGM1;DNM1L;SPIRE1"
"BP_B_cell_proliferation%0042100",0.303462321792261,0.812721175688832,-0.425647624610562,-1.1354562773514,148,17,"PTEN;ADA;BCL2;PCYT1A;TLR4;SASH3;MEF2C;ABL1;PTPRC;TSC2;PRKCD"
"BP_positive_regulation_of_ubiquitin-dependent_protein_catabolic_process%2000060",0.310546875,0.812721175688832,0.423751260157961,1.13995532517107,158,18,"L3MBTL3;DISC1;PTK2B;SUMO3;FBXO22"
"BP_negative_regulation_of_intrinsic_apoptotic_signaling_pathway%2001243",0.305613305613306,0.812721175688832,-0.388703417358028,-1.10848790886659,146,23,"G2E3;MMP9;BCL2;URI1;IVNS1ABP;OPA1"
"BP_phospholipid_transport%0015914",0.312625250501002,0.81422064777328,-0.373597859489032,-1.09568770491098,155,26,"ATP9B;PITPNC1;PITPNM1;C2CD2L;ATP11B;ABCA3;PRELID1"
"BP_positive_regulation_of_JNK_cascade%0046330",0.313765182186235,0.81422064777328,-0.317717732739319,-1.09325606859625,154,53,"CRACR2A;MAP4K2;MAPKBP1;NAIP2;MAP2K4;RASSF2;TAOK2;NAIP6;CCDC88C;AXIN1"
"BP_neuromuscular_junction_development%0007528",0.313278008298755,0.81422064777328,-0.430428959472998,-1.11643176093451,150,16,"ALS2;AGRN;DVL1;PPFIBP2;LRRK2;DCTN1;SPG11;PAK1"
"BP_protein_localization_to_phagophore_assembly_site%0034497",0.314885496183206,0.815090137252289,0.43382407753679,1.1169013523829,164,15,"ATG4D;ARFIP2;ATG4B;LRBA;ATG16L1;STX17;PIK3C3;WIPI2"
"BP_epidermis_development%0008544",0.315686274509804,0.815130231196956,0.379694672911739,1.10550031031262,160,24,"CDKN1A;KIF3A;SATB1;IFT74"
"WP_Tryptophan_metabolism%WP79",0.49609375,0.816154233870968,0.366088339770886,0.984833301142964,253,18,"HAAO;CAT;UBE3A;WARS;PRMT1"
"KEGG_Other_types_of_O-glycan_biosynthesis%mmu00514",0.668674698795181,0.817269076305221,0.291377062357199,0.853823693075436,332,25,"GALNT7;POGLUT1;POMT2;POFUT2"
"KEGG_Neurotrophin_signaling_pathway%mmu04722",0.668662674650699,0.817269076305221,0.24000223633749,0.906635166337174,334,88,"NFKBIA;BAX;AKT3;RELA;FOXO3;IRAK4;MATK;MAP3K5;YWHAE;IRAK1;HRAS;PTPN11;TRAF6;PDPK1;ATF4;BAD"
"BP_protein_stabilization%0050821",0.317718940936864,0.818343078641351,0.260955133549612,1.05924259266785,155,146,"MCM8;IRGM1;GLMP;USP36;CCT6A;SYVN1;CCT5;AAK1;SOX4;STK3;CD74;SMAD3;IFT80;CCT8;HSPD1;NAA16;ATP1B3;DNAJA3;RPL23;HSP90AB1;HSP90AA1;CREB1;SAV1;BAG5;NPM1;CCT3;PML;UBE2B;CCT2;PHB2;BAG1;RPL11;CALR;CCT4;CCT7;TELO2;HPS4;TNIP2;TMC8;STK4;PPIB;STX12;TRIM44;P3H1;USP19;CDC37;TRP53;BAG6"
"BP_regulation_of_autophagy%0010506",0.319277108433735,0.820320887510438,-0.333757812491759,-1.0906087141771,158,41,"ULK3;DRAM1;ULK2;BECN1;UVRAG;LRRK2;BCL2;WDR41;MFSD8;WDR24"
"RA_Translesion_synthesis_by_Y_family_DNA_polymerases_bypasses_lesions_on_DNA_template%R-MMU-110313",0.65183752417795,0.820994465575359,-0.278022942373902,-0.870733178981092,336,33,"REV1;RCHY1;POLD4;POLE;UBE2L6;UBA7;ISG15;REV3L;PCLAF;RFC2;MAD2L2"
"RA_Metabolism_of_vitamins_and_cofactors%R-MMU-196854",0.653444676409186,0.821181591112437,0.24784542013606,0.916106231476395,312,82,"LPL;IDH1;MTHFD2;SLC2A1;AKR1B10;SHMT2;AASDHPPT;PANK1;SLC5A6;CYB5A;HSP90AA1;FASN;NMNAT1;APOE;LMBRD1;CD38;GPHN;PANK3;SLC46A1;SLC25A32;MTHFD1"
"KEGG_Growth_hormone_synthesis,_secretion_and_action%mmu04935",0.677165354330709,0.823832504807867,-0.240059367777778,-0.879605639455348,343,70,"STAT5B;MAP2K4;PRKCB;RAF1;CREB3;JAK2;PIK3R1;STAT5A;AKT2;PLCG1;MAP2K3;PRKACB;MAPK13;CREB3L2;MAPK14;PLCB2"
"BP_regulation_of_inflammatory_response%0050727",0.32172131147541,0.824559805707347,-0.32188852202002,-1.07844717550933,156,47,"NLRP12;SETD6;TBC1D23;JAK2;DICER1;AREL1;ESR1;BRD4;CASP4;DAGLB;PIK3AP1;TLR4;FANCA;ALOX5"
"BP_response_to_toxic_substance%0009636",0.323471400394477,0.824971286509748,0.340880442302663,1.09499115425249,163,37,"FOS;BAX;CDKN1A;ASNS;KDM5C;PON2;SRSF9;EIF2AK2"
"BP_cellular_respiration%0045333",0.323076923076923,0.824971286509748,0.431274424536642,1.12379818935419,167,16,"BAX;UQCR10;SDHAF4;SLC25A25;UQCRQ;UQCRH;SLC25A13;CYC1"
"KEGG_Various_types_of_N-glycan_biosynthesis%mmu00513",0.682092555331992,0.826020342236908,0.281690933943485,0.854867632165687,338,29,"ALG9;MAN1A2;MGAT2;MAN2A2;ALG14"
"RA_ISG15_antiviral_mechanism%R-MMU-1169408",0.661322645290581,0.829230844763023,0.291288029707451,0.85621880784415,329,24,"EIF4E2;IRF3;EIF2AK2;UBE2E1;FLNB;EIF4A1;TRIM25;EIF4G1"
"KEGG_Complement_and_coagulation_cascades%mmu04610",0.691235059760956,0.829482071713148,-0.312945058462016,-0.842454979379099,346,18,"ITGB2L;THBD;C3;TFPI"
"KEGG_Fluid_shear_stress_and_atherosclerosis%mmu05418",0.68986083499006,0.829482071713148,0.239107466245816,0.897055213336557,346,83,"FOS;AKT3;RELA;KLF2;HSP90B1;BMPR2;NFE2L2;SUMO3;GSTM2;GSTT2;MAP3K5;CTSL;PRKAA1;HSP90AB1;HSP90AA1"
"RA_Regulation_of_TP53_Degradation%R-MMU-6804757",0.664670658682635,0.829732995206925,0.298270184147272,0.859517804344685,332,22,"UBC;PHF20;MLST8;DAXX;PDPK1"
"RA_Regulation_of_TP53_Expression_and_Degradation%R-MMU-6806003",0.664670658682635,0.829732995206925,0.298270184147272,0.859517804344685,332,22,"UBC;PHF20;MLST8;DAXX;PDPK1"
"KEGG_Ras_signaling_pathway%mmu04014",0.694610778443114,0.829761291895846,-0.228465671763004,-0.892309305696238,347,106,"RALGAPA1;KIT;NF1;PRKCB;INSR;RASGRP4;RAF1;GNB5;RASGRF2;IKBKG;PIK3R1;VEGFA;AKT2;CSF1;PLCG1;TIAM1;PRKACB;HGF;RALGAPB;IGF1R;PLA2G4A;TBK1;PAK1;RGL2;SOS2;GNG12;PDGFRB;ABL1;PIK3CB;CHUK;ETS1;RAPGEF5;EXOC2"
"BP_negative_regulation_of_osteoblast_differentiation%0045668",0.326403326403326,0.830408462761404,-0.381888295650725,-1.08905283401866,156,23,"TOB1;CDK6;HDAC5;LRP5;HDAC4;SEMA4D"
"RA_G_alpha_(q)_signalling_events%R-MMU-416476",0.667976424361493,0.832014882556462,-0.265935444304349,-0.884002120069032,339,46,"DGKH;CCL6;PIK3R1;DGKE;DGKG;DAGLB;PLCB2;RGS19;PLCB1;GNG12;PTAFR;RPS6KA1;GNAQ;ITPR3;ITPR1;BTK;P2RY2;PRKCD;ABHD12;GRK2"
"RA_DNA_Double_Strand_Break_Response%R-MMU-5693606",0.671517671517672,0.834579357758166,0.276859305138807,0.844889146504794,322,28,"UBC;EYA3;BRCA1;UBXN1;UBE2V2;PPP5C;UBE2I;ATM;KDM4B;BAP1;RPS27A;UIMC1"
"BP_response_to_ischemia%0002931",0.329388560157791,0.835563482117035,0.334396830905571,1.07789068483863,166,38,"RELA;HYOU1;PER2;PTK2B;NFE2L2;REST;MAP3K5"
"BP_regulation_of_gene_expression%0010468",0.3300395256917,0.835563482117035,-0.254746541436453,-1.05243398809166,166,164,"HNRNPDL;PRDM9;TOB1;CDK6;ATP1B1;CEP128;IRF7;TRIM39;APBA1;KDM6B;KMT2A;NF1;AFF1;TRIM11;C1D;TRIM5;LBH;ALKBH1;MEFV;DICER1;PRDM4;KDM3A;SORT1;ADNP2;ATXN7L3B;PPP3CB;TRIM12C;SLC4A5;LRRK2;BCL2"
"BP_establishment_of_protein_localization%0045184",0.33206106870229,0.838635983729871,0.378889005269211,1.0908468828512,173,22,"PLEKHA1;CRIPT;RIPOR2;CORO1C;IST1"
"BP_negative_regulation_of_microtubule_depolymerization%0007026",0.343096234309623,0.840704779046085,-0.382567186194894,-1.07292968491548,163,22,"WDR47;DIAPH3;MID1;CCDC88C;KATNB1;APC;TAOK1;TPX2"
"BP_negative_regulation_of_NF-kappaB_transcription_factor_activity%0032088",0.340637450199203,0.840704779046085,0.315716837751978,1.07759135178701,170,49,"NFKBIA;NWD1;SIVA1;NLRC5;TNFAIP3;CAT;PSMD10"
"BP_endocytosis%0006897",0.346693386773547,0.840704779046085,-0.269280047417935,-1.04895783660715,172,111,"HIP1R;LY75;ATP9B;LRP10;PIK3C2A;PIK3CG;CSNK1E;LRP5;MYO1F;FLOT1;SORT1;RAB22A;SYNJ2BP;LRP8;LRRK2;ITSN2;MICALL1;SCAMP1;LDLR;RHOJ;HEATR5A;SYNRG;RAB11B;DENND1C;SH3GL1;OPA1;MIB1;PIK3CB;ESYT2;DENND1B;SNX33;RUFY1;MTMR9;LRP4"
"BP_liver_development%0001889",0.346153846153846,0.840704779046085,0.290511820653608,1.05102095160483,170,68,"CEBPA;CD2AP;ASNS;CEBPG;FPGS;RELA;SMAD3;LDHA;GFER;SOD2;HMBS;ATF2;ARF6;AACS;SEC63"
"BP_regulation_of_Rho_protein_signal_transduction%0035023",0.336065573770492,0.840704779046085,-0.40106653078245,-1.09779781082938,163,19,"DOCK8;ARHGEF18;FLOT1;MYO9B;AKAP13;EPS8L1;ARHGEF28;DOCK11;DOCK10"
"BP_mRNA_destabilization%0061157",0.346303501945525,0.840704779046085,0.39745954781699,1.08831026684821,177,19,"METTL16;YTHDF3;METTL3;ELAVL1;PUM1;ROCK1;HNRNPR;FXR1"
"BP_insulin_receptor_signaling_pathway%0008286",0.335341365461847,0.840704779046085,-0.314481575488863,-1.08055757030805,166,51,"PHIP;KIT;INSR;RAF1;PIK3R1;AKT2;EPHA7;APC;EIF4EBP2;IGF1R;AXL;C2CD5;PLCB1;SREBF1;SOS2;IRS2;PDGFRB"
"BP_platelet_activation%0030168",0.346232179226069,0.840704779046085,-0.414734615351573,-1.10634476785044,169,17,"EVL;ENTPD1;PPIA;P2RX1;AXL;ITGB3;PIK3CB;UBASH3B;ITPR3"
"BP_post-transcriptional_regulation_of_gene_expression%0010608",0.33976833976834,0.840704779046085,0.364532679382382,1.08423007216743,175,25,"LARP4;ACE;RC3H1;METTL16;RC3H2;NPM1;YTHDC1;SCO1;PUM1;TDRD7;SPOUT1;FXR1;CDC37;PER1"
"BP_regulation_of_blood_pressure%0008217",0.342685370741483,0.840704779046085,-0.364079993009959,-1.0677737085825,170,26,"COL1A2;NISCH;NPR1;LRP5;GCH1"
"BP_positive_regulation_of_erythrocyte_differentiation%0045648",0.347280334728034,0.840704779046085,-0.381437725917573,-1.06976205448819,165,22,"ABCB10;MED1;STAT5B"
"BP_hippocampus_development%0021766",0.341222879684418,0.840704779046085,0.33693568485339,1.0823196308191,172,37,"SEMA6B;PPP1R9B;PAFAH1B1;UBA6;MECP2;YWHAE;ATG16L1;NCOA1;ZEB2;BBS2;UQCRQ;CRKL"
"BP_negative_regulation_of_gene_expression,_epigenetic%0045814",0.335271317829457,0.840704779046085,0.337198713000052,1.07832010417456,172,36,"SUV39H2;MTA1;MPHOSPH8;PPM1D;MORC2A;DNMT3B;TASOR2;DNMT3L;SMYD5"
"BP_ossification%0001503",0.345167652859961,0.840704779046085,0.334975445103073,1.07602286244978,174,37,"CLEC11A;MEN1;SMAD1;RSAD2;RPL38;IFT80;MESD;PDLIM7;ECM1;TRAF6;CBFB"
"BP_protein_targeting_to_membrane%0006612",0.347560975609756,0.840704779046085,-0.369115771803352,-1.06555931146657,170,24,"ZDHHC7;OGA;VPS37C;ZDHHC18;RAB3IP"
"BP_mitochondrial_fusion%0008053",0.33921568627451,0.840704779046085,0.393768037676344,1.09291126668879,172,20,"BAX;MFN1"
"BP_response_to_bacterium%0009617",0.347305389221557,0.840704779046085,0.286869287549388,1.05026026044084,173,72,"LPL;CD14;IRGM1;NLRC5;RELA;FKBP5;ST13"
"BP_positive_regulation_of_ERAD_pathway%1904294",0.34826883910387,0.840704779046085,-0.411372193714195,-1.09737518236583,170,17,"EIF2A;ERN1;TMEM259;STUB1;RNF185"
"BP_blastocyst_hatching%0001835",0.344398340248963,0.840704779046085,-0.417970927120224,-1.0841185471247,165,16,"SUV39H1;BCOR;UBE2A;HCFC1"
"RA_Mitotic_Spindle_Checkpoint%R-MMU-69618",0.680412371134021,0.843116576321951,0.233950808609671,0.889010914091245,329,94,"DSN1;DYNLL1;PAFAH1B1;ZW10;ANAPC10;UBE2C;UBE2E1;NUDC;ANAPC16;CENPS;CLIP1;NDE1;ANAPC11;ITGB3BP;UBE2S;DYNC1I2;SEC13;NUP85;DYNC1LI2;ERCC6L;NUP98;NUP43;BUB1B;RCC2;AURKB;CDC27;NUP160;SPC25;MAD1L1;CENPT;NDEL1;PPP2R5A;NDC80"
"RA_Neurotransmitter_receptors_and_postsynaptic_signal_transmission%R-MMU-112314",0.681381957773513,0.843116576321951,-0.284457513730376,-0.859623199730187,354,28,"KCNJ2;PRKCB;GRIA3;PRKAR2B;PRKACB;PLCB2;CAMK2G;PLCB1;GNG12"
"BP_response_to_oxidative_stress%0006979",0.351738241308793,0.847109731968742,0.270639740958781,1.03714999107947,171,99,"CD2AP;IDH1;NDUFA12;AAAS;PRDX4;CAT;GCLM;PRDX1;GCLC;NFE2L2;OXSR1;TXNRD1;SOD1;STC2;ERCC3;SOD2;ATOX1;MSRB2"
"KEGG_Pyruvate_metabolism%mmu00620",0.714851485148515,0.84729292406993,-0.277132799156823,-0.833813573316496,360,29,"ACSS2"
"KEGG_Yersinia_infection%mmu05135",0.715705765407555,0.84729292406993,0.229078924917449,0.888959696323928,359,102,"FOS;NFKBIA;AKT3;RELA;IRAK4;PTK2B;BAIAP2;GIT2;TRAF2;IRAK1;IRF3;ARF6"
"KEGG_Notch_signaling_pathway%mmu04330",0.724271844660194,0.849812297734628,-0.262921503503027,-0.832569002602608,372,36,"MAML3;NOTCH2;DVL1;TLE4;LFNG;NOTCH1;CTBP2;MAML1;CIR1"
"KEGG_MicroRNAs_in_cancer%mmu05206",0.72244094488189,0.849812297734628,-0.22567151434084,-0.888927169237418,366,109,"PTEN;CDK6;NOTCH2;E2F1;HDAC5;PRKCB;RAF1;HDAC4;THBS1;DICER1;PIK3R1;VEGFA;MMP9;PLCG1;CDC25C;BCL2;KIF23;APC;MDM4"
"KEGG_Alanine,_aspartate_and_glutamate_metabolism%mmu00250",0.727634194831014,0.84997976741322,0.303628636971846,0.834918281982237,365,19,"ASNS;GOT2;NIT2;ADSL;GLUL;PPAT;GFPT1"
"KEGG_Cellular_senescence%mmu04218",0.731610337972167,0.850859600108599,0.222362668963013,0.892679013851833,367,122,"CCND1;CDKN1A;H2-Q6;AKT3;RELA;FOXO3;H2-Q7;SMAD3;MYC;SLC25A4;RAD1;H2-K1;LIN37;EIF4EBP1;RASSF5;MRE11A;CAPN2;H2-D1;RHEB;HRAS;H2-M3;PPID;RAD9A;NRAS;SMAD2"
"BP_positive_regulation_of_chemokine_production%0032722",0.360687022900763,0.852831730685632,0.372350098259694,1.07202093058184,188,22,"LPL;CD74;IL16;EIF2AK2"
"BP_endoderm_development%0007492",0.357740585774059,0.852831730685632,-0.424335794121994,-1.08017161409081,170,15,"TNRC6A;BPTF;TNRC6C;MED12;NOTCH1;PELO;KIF16B"
"BP_kidney_development%0001822",0.360160965794769,0.852831730685632,0.283151276700262,1.03738168143322,178,73,"HSPA8;BAX;CD2AP;KIF3A;NLE1;CAT;ACE;FADD"
"BP_endoplasmic_reticulum_organization%0007029",0.358,0.852831730685632,-0.347904917191285,-1.06570351807406,178,30,"RETREG1;TMCC1;TOR1AIP2;LRRK2;HTT;SMPD4;RETREG2;MIA3;RTN4;EIF2AK3;PEX5"
"BP_positive_regulation_of_blood_vessel_endothelial_cell_migration%0043536",0.358823529411765,0.852831730685632,0.370741772267497,1.07943348571246,182,24,"NUS1;AKT3;GATA2;NFE2L2"
"BP_negative_regulation_of_G1/S_transition_of_mitotic_cell_cycle%2000134",0.35700575815739,0.852831730685632,0.370765721777507,1.0722276209364,185,23,"CDKN1A;CDK2AP2;CDC73;JADE1;GPNMB"
"BP_cellular_response_to_transforming_growth_factor_beta_stimulus%0071560",0.356,0.852831730685632,-0.349196817667446,-1.06966087197857,177,30,"COL1A1;KMT2A;STK16;PENK;IGF1R;PPM1A;APAF1;MEF2C;KDM6A;ABL1;RUNX1"
"BP_establishment_or_maintenance_of_cell_polarity%0007163",0.359832635983264,0.852831730685632,-0.376765170686473,-1.05665762893168,171,22,"SPINT2;CARMIL2;APC;MACF1;LIMS1;RPGRIP1L;NPHP3;ACTR2;RAC2"
"RA_The_citric_acid_(TCA)_cycle_and_respiratory_electron_transport%R-MMU-1428517",0.696098562628337,0.85422502334267,0.231529537042415,0.89776129400372,338,109,"NDUFA12;ECSIT;UQCR10;ME2;NDUFA8;LDHA;FAHD1;LDHB;PDK1;PDHX;NDUFA4;PDP1;NDUFAF5;COX5A;NDUFB7;NDUFA10;IDH3A;NDUFS7;NDUFB5;SCO1;NDUFA2;NDUFV2;NDUFV1;PDHA1;NDUFB8;IDH2;LRPPRC;IDH3B;UQCRQ;UQCRH;COX4I1"
"RA_Fatty_acyl-CoA_biosynthesis%R-MMU-75105",0.694386694386694,0.85422502334267,0.298270778352458,0.833461194325862,333,20,"ACSL3;HACD3;HACD1"
"RA_TNFR1-induced_proapoptotic_signaling%R-MMU-5357786",0.696428571428571,0.85422502334267,-0.310337536616091,-0.834369600440788,350,17,"BIRC2;OTUD7B;RBCK1"
"RA_Sialic_acid_metabolism%R-MMU-4085001",0.695918367346939,0.85422502334267,0.317859546146501,0.839022842165102,340,16,"NPL;NANS;GNE;ST3GAL1;NANP;CTSA;ST6GALNAC6;ST3GAL4"
"BP_positive_regulation_of_type_II_interferon_production%0032729",0.362403100775194,0.854941860465116,0.330761069711994,1.05773331094734,186,36,"CD14;CEBPG;ABL2;SLC7A5;CCR2;HSPD1;FADD;HRAS;FLT3;H2-M3;SCRIB;NRAS;TICAM2"
"KEGG_GnRH_signaling_pathway%mmu04912",0.738372093023256,0.854957160342717,-0.24364354513119,-0.841862135035675,380,52,"MAP2K4;PRKCB;RAF1;MAP2K3;PRKACB;MAPK13;EGR1;MAPK14;PLCB2;CAMK2G;PLA2G4A;PLCB1;SOS2;CACNA1F;MAP3K4;MAP3K1;GNAQ;ITPR3;PLD1;ITPR1;PRKCD;MAP2K6;MAPK3;MAPK9;ADCY7"
"WP_Electron_Transport_Chain%WP295",0.544910179640719,0.855089820359281,0.259400842892518,0.949695239745607,272,72,"NDUFA12;ATP5D;UQCR10;NDUFA8;NDUFA4;SLC25A4;COX5A;NDUFB7;NDUFA10;NDUFS7;NDUFB5;SCO1;ATPIF1;ATP5L;NDUFA2;ATP5O;NDUFV2;NDUFV1;ATP5K;UQCRQ;UQCRH;COX4I1;SLC25A5;NDUFS5;NDUFS6;NDUFA1"
"WP_Glycogen_Metabolism%WP317",0.537848605577689,0.855089820359281,-0.309137154764481,-0.925905038841621,269,28,"PHKA2;PHKB;AGL;PPP2R5E;PHKA1;PHKG2"
"WP_Non-odorant_GPCRs%WP1396",0.535070140280561,0.855089820359281,-0.313315270081492,-0.91889094241246,266,26,"C5AR2;LTB4R1;ADGRE1;TSHR;ADGRE4;ADRB2;FPR1;PTAFR;ADGRL4;CXCR2"
"RA_Signaling_by_FGFR1%R-MMU-5654736",0.7,0.856739130434783,0.316157056172281,0.834528945429122,342,16,"SPRED1;PTPN11"
"BP_androgen_receptor_signaling_pathway%0030521",0.36399217221135,0.856743480170933,0.415315401157355,1.09660511338706,185,17,"DNAJA1;FKBP4;DDX17;UBE3A;DAXX"
"RA_Transmission_across_Chemical_Synapses%R-MMU-112315",0.702040816326531,0.857373057682943,0.253896873917976,0.856749184837902,343,44,"HSPA8;SLC38A2;CAMKK1;PLCB3;NAAA;GNAI3;CREB1;GLUL;CASK"
"KEGG_Aldosterone_synthesis_and_secretion%mmu04925",0.744274809160305,0.858028600953365,-0.250803492766994,-0.842100375525895,389,46,"ATP1B1;PRKCB;NPR1;CREB3;PRKACB;DAGLB;CREB3L2;PLCB2;CAMK2G;LDLR;PLCB1;CACNA1F;PRKD3"
"RA_Nucleotide_Excision_Repair%R-MMU-5696398",0.70440251572327,0.858395273489613,0.232323955680539,0.882376981065647,335,96,"HMGN1;POLR2F;UBC;POLR2I;GTF2H3;RUVBL1;RAD23B;SUMO3;TCEA1;ERCC3;POLR2E;POLR2H;COPS5;COPS7B;UBE2V2;RFC3;CUL4A;POLR2C;POLK"
"BP_positive_regulation_of_innate_immune_response%0045089",0.368525896414343,0.860397336827188,0.357623414571189,1.0679667343167,184,27,"CD74;SLC15A4;NMI;IFI35;FADD;AKIRIN2;ADAM8;POLR3C"
"BP_multicellular_organism_growth%0035264",0.370445344129555,0.860397336827188,0.271753322186654,1.02347964872767,182,86,"CCM2;STK40;PLEKHA1;ABL2;AAAS;KLF2;XRCC2"
"BP_heme_biosynthetic_process%0006783",0.367219917012448,0.860397336827188,-0.411142442083569,-1.06640705860561,176,16,"SLC11A2;ABCB10;PPOX;SRRD"
"BP_regulation_of_actin_filament_polymerization%0030833",0.37006237006237,0.860397336827188,-0.371201177399548,-1.05857576375626,177,23,"CYFIP2;PLEKHG2"
"BP_chemical_synaptic_transmission%0007268",0.370517928286853,0.860397336827188,-0.353068219227795,-1.0574841561407,185,28,"DMXL2;APBA1;AGRN;LRP8;PENK;CEP89;SLC12A4;SPG11;GIPC1;MINK1;STON2;MET;TPGS1;MYO5A"
"BP_regulation_of_mRNA_processing%0050684",0.367307692307692,0.860397336827188,0.412141549490207,1.07394248470065,190,16,"NCBP1;SRPK1;KAT8;SAFB;ADAM3;SAFB2;SLTM;MAGOHB;RBM8A;PTCD2"
"BP_camera-type_eye_development%0043010",0.373983739837398,0.861387974186258,-0.361090715190989,-1.04239266714635,183,24,"ABI2;MED1;GPD2;ARHGAP35;PCNT;FKBP8;RXRA;PKNOX1"
"BP_cellular_response_to_cAMP%0071320",0.376753507014028,0.861387974186258,-0.352130487075916,-1.03272820069442,187,26,"ASS1;RAPGEF3;CFTR;PIK3CG"
"BP_cellular_senescence%0090398",0.376494023904383,0.861387974186258,0.34149265652118,1.04645788497697,188,30,"CDKN1A;LMNA;DNAJA3;NPM1;PML;HRAS;NUP62;CALR"
"BP_aerobic_respiration%0009060",0.373015873015873,0.861387974186258,0.304908761765478,1.05280257750262,187,52,"NDUFA12;CAT;NDUFA8;ADSL;MTFR1;BLOC1S1;NDUFB7;NDUFA10;SIRT3;NDUFS7;NDUFB5;NDUFA2;NDUFV2;NDUFV1;NDUFB8;NDUFS5;MDH2;NDUFS6;NDUFA1;NDUFB10;NDUFA5;NDUFB9;NDUFS3;NDUFS8"
"BP_positive_regulation_of_interleukin-1_beta_production%0032731",0.372586872586873,0.861387974186258,0.323910663279633,1.03406784215543,192,35,"LPL;RELA;CASP8;SMAD3;MALT1"
"BP_sensory_perception_of_pain%0019233",0.374476987447699,0.861387974186258,-0.417287423167163,-1.06222957305526,178,15,"RETREG1;PENK;P2RX7;KCNIP3;NIPSNAP1;P2RX4;POMK;MAPK3;CDK5;FTO;NRG1"
"BP_Schwann_cell_development%0014044",0.37551867219917,0.861387974186258,-0.407736536691151,-1.05757293889515,180,16,"NF1;RAF1;MED12"
"BP_regulation_of_cell_growth%0001558",0.377906976744186,0.862126245847176,0.326808056740179,1.0450920605652,194,36,"MEAF6;JADE3;CDC73;JADE1;ING5;NPM1;CLSTN3;IGFBP4;XBP1;CRKL;BAP1;KAT7"
"RA_EPHB-mediated_forward_signaling%R-MMU-3928662",0.713717693836978,0.86786838365058,0.296778533406631,0.816978312630169,358,18,"HRAS;ARPC5;ROCK1;LYN;ARPC2;KALRN"
"BP_regulation_of_neurotransmitter_receptor_localization_to_postsynaptic_specialization_membrane%0098696",0.381679389312977,0.868822820409803,0.415864286078231,1.07066298893735,199,15,"TNIK;HRAS;TRAF6;GABARAP;KALRN;VPS26B;KIF2C;DAG1;IQSEC2;ADAM10"
"RA_Organelle_biogenesis_and_maintenance%R-MMU-1852241",0.719535783365571,0.873057426799173,-0.223311821065461,-0.900746029266352,371,133,"ACSS2;SFI1;INPP5E;ARL3;CEP135;DYNC2H1;CSNK1E;KIF17;CNGB1;PLK4;EXOC8;RAB3IP;MKS1;TNPO1;PRKAR2B;PCNT;CEP250;KIF3B;SIRT4;BBS9;OFD1;DCTN1;CEP89;CEP192;TUBG1;HAUS3;CEP97;UNC119B;CEP152"
"KEGG_Glyoxylate_and_dicarboxylate_metabolism%mmu00630",0.764112903225807,0.873271889400922,-0.290157011994301,-0.796337606426662,378,20,"ACSS2"
"KEGG_Salmonella_infection%mmu05132",0.761431411530815,0.873271889400922,0.211642927997819,0.895511462013529,382,183,"FOS;CD14;NFKBIA;BAX;DYNLL1;AKT3;RELA;IRAK4;HSP90B1;SNX18;RAB5C;CASP8;FBXO22;MYC;FADD;KPNA4;SNX9;KIF5B;TRAF2;IRAK1;HSP90AB1;HSP90AA1;DNM2;RAB7;ARF6;FLNB;DCTN5;VPS11"
"KEGG_mTOR_signaling_pathway%mmu04150",0.77,0.876206896551724,-0.221899878408183,-0.86098582224115,384,101,"PTEN;SGK1;BRAF;PRKCB;ULK2;INSR;LRP5;RAF1;LPIN2;DVL1;FNIP1;PIK3R1;AKT2"
"BP_lung_alveolus_development%0048286",0.386454183266932,0.877766832015483,0.350583160492301,1.04694250365662,193,27,"STK40;MAN1A2;NKIRAS1;BMPR2;ACE;MECP2;RC3H2"
"KEGG_Insulin_secretion%mmu04911",0.775100401606426,0.878225347742903,0.255109098471998,0.781872465180774,385,31,"GNA11;SLC2A1;PLCB3;ATP1B3;ATF2;CREB1;KCNN4;ATF4;ATF6B"
"KEGG_Cholinergic_synapse%mmu04725",0.782608695652174,0.879185938945421,-0.241201332642244,-0.82527328676355,413,49,"PIK3CG;KCNJ2;PRKCB;GNB5;CREB3;JAK2;PIK3R1;AKT2;PRKACB;BCL2;CREB3L2;PIK3R5;PLCB2"
"KEGG_Cushing_syndrome%mmu04934",0.78019801980198,0.879185938945421,-0.225388671874738,-0.830683279190356,393,73,"NCEH1;CDK6;BRAF;E2F1;KMT2A;DVL1;CREB3;AXIN1;PRKACB;ARMC5;CDKN2C;APC;CREB3L2;PLCB2;KMT2D;CAMK2G;LDLR;PLCB1"
"BP_mRNA_stabilization%0048255",0.388,0.879353711790393,-0.351528171983101,-1.03770181785843,193,27,"E2F1;SECISBP2;FUS;DICER1;VEGFA"
"KEGG_Vasopressin-regulated_water_reabsorption%mmu04962",0.786585365853659,0.879909053327821,0.254422488960714,0.776160547063953,386,30,"DYNLL1;RAB5C;RAB11A;CREB1;DCTN5;DYNC1I2;DYNC1LI2;STX4A;DYNC2LI1;DCTN4;DCTN2;NSF"
"BP_cell_motility%0048870",0.390781563126253,0.880484380484381,-0.350847181434618,-1.02896452224419,194,26,"PTEN;SH2B1"
"BP_positive_regulation_of_endothelial_cell_proliferation%0001938",0.390781563126253,0.880484380484381,-0.35112470534284,-1.02977844428987,194,26,"EGFL7;NF1;POLD4;STAT5A;VEGFA"
"BP_embryonic_limb_morphogenesis%0030326",0.391836734693878,0.880484380484381,-0.391177674171347,-1.05675721624993,191,18,"NOTCH2;DYNC2H1;ACD;DICER1"
"BP_protein_O-linked_glycosylation%0006493",0.391891891891892,0.880484380484381,0.35115172855674,1.04443109089658,202,25,"GALNT7;POGLUT1;B3GNT8"
"RA_MAP2K_and_MAPK_activation%R-MMU-5674135",0.729674796747967,0.883455721653991,0.285357261054112,0.808455093907672,358,21,"LAMTOR3;PEBP1;CSK"
"KEGG_Dopaminergic_synapse%mmu04728",0.79375,0.884177215189873,0.236258583098806,0.832743911618062,380,63,"FOS;AKT3;PPP2R3C;PLCB3;PPP2R2D;GNAI3;KIF5B;PPP2R5D;ATF2;CREB1"
"KEGG_Cardiac_muscle_contraction%mmu04260",0.799603174603175,0.886954781912765,-0.260133669660175,-0.794480033675667,402,31,"ATP1B1;COX8A;SLC9A1;ATP2A3"
"BP_heterochromatin_formation%0031507",0.400394477317554,0.887485110215534,0.324770135271658,1.04324091721314,202,37,"EED;UHRF1;LMNA;DNMT3B;EZH1;MECP2;SMARCAD1;BAHD1;CBX5;BCL6;SMARCA5;BAZ2A;BAP1;LMNB1"
"BP_regulation_of_cell_shape%0008360",0.396856581532417,0.887485110215534,-0.279258886646804,-1.03357642269817,201,78,"SEMA4A;PHIP;KIT;TAOK2;ARHGEF18;HEXB;ARHGAP15;MKLN1;SEMA4D;FGR;ARHGAP35;BRWD1;VEGFA;PALM"
"BP_positive_regulation_of_cilium_assembly%0045724",0.404564315352697,0.887485110215534,-0.39765549293138,-1.03142507595731,194,16,"RAB3IP;ARHGAP35;ENTR1;HTT;TAPT1;CCP110"
"BP_substrate_adhesion-dependent_cell_spreading%0034446",0.404809619238477,0.887485110215534,-0.348002836622131,-1.02062262851966,201,26,"ITGA4;ITGAV;MEGF9;BRAF"
"BP_rescue_of_stalled_ribosome%0072344",0.404858299595142,0.887485110215534,-0.341970335649043,-1.0307972309383,199,29,"ZFP598;RCHY1;RNF25;SAYSD1;GTPBP2;RNF14;TCF25;PELO;ASCC2;TRIP4"
"BP_DNA_damage_checkpoint_signaling%0000077",0.40495867768595,0.887485110215534,-0.328271160374153,-1.02781857438494,195,35,"E2F1;ATR;CLOCK;STK38;USP28;MAPK14;EIF2AK4;ERCC6;TOPBP1;TIPRL"
"BP_positive_regulation_of_protein_catabolic_process%0045732",0.406185567010309,0.887485110215534,0.292890484462296,1.02758029107343,196,59,"SGSM3;EZR;TNFAIP3;VGLL4;SEC22B;RNF41;DCAF1;FBXL5;HSP90AA1;RAB7;VPS11;ATG4B;SNX1;TRIM32;CUL4A;VCP;VPS28"
"BP_B_cell_differentiation%0030183",0.401606425702811,0.887485110215534,-0.297227967369755,-1.02127423442661,199,51,"IKZF3;STAT5B;KIT;HDAC5;FNIP1;JAK3;ADGRG3;TSHR;PIK3R1;STAT5A;POLM;BCL2"
"BP_tumor_necrosis_factor-mediated_signaling_pathway%0033209",0.408914728682171,0.887485110215534,0.321129816900718,1.02693374637491,210,36,"NFKBIA;RELA;FOXO3;EED;PTK2B;ACTN4;TRAF2;NSMAF"
"BP_negative_regulation_of_endoplasmic_reticulum_stress-induced_intrinsic_apoptotic_signaling_pathway%1902236",0.407949790794979,0.887485110215534,-0.404053218317538,-1.02854112958278,194,15,"GRINA;CREB3;IKBKG;LRRK2;TMBIM6"
"BP_negative_regulation_of_type_I_interferon_production%0032480",0.397312859884837,0.887485110215534,0.360282870364161,1.04191197369243,206,23,"IRGM1;NMI;KAT8;PTPN11;TRAF3IP1;NPLOC4;ILRUN;TRIM27;RBX1;UFD1"
"BP_positive_regulation_of_mitotic_cell_cycle%0045931",0.40702479338843,0.887485110215534,-0.356675513195406,-1.0257171524569,196,25,"DYNLT3;BRCA2;STAT5B;PKN2;CCDC57;STAT5A"
"BP_negative_regulation_of_cysteine-type_endopeptidase_activity%2000117",0.409542743538767,0.887485110215534,-0.308782440498193,-1.02864916838743,205,44,"NAIP2;MICAL1;RFFL;THBS1;NAIP6;FNIP1;VEGFA;MMP9;CFLAR;INTS1;NAIP5;USP47;PIH1D1;IFI209;RPS6KA1;MRTFA;IFI207;CD44;ARRB1;DDX3X;XIAP"
"BP_positive_regulation_of_cell-substrate_adhesion%0010811",0.400414937759336,0.887485110215534,-0.398280973373678,-1.03304742551409,192,16,"ITGA6;THBS1;JAK2;PPM1F"
"BP_positive_regulation_of_reactive_oxygen_species_metabolic_process%2000379",0.406909788867562,0.887485110215534,0.357746223207599,1.03457617378947,211,23,"CDKN1A;PTK2B;NFE2L2;RNF41;CBR1;ROMO1;TSPO;PID1;TRP53;RIPK3;EIF5A;PARK7"
"BP_positive_regulation_of_insulin_secretion%0032024",0.402892561983471,0.887485110215534,-0.328702975667088,-1.02917059013399,194,35,"TRPM2;OGA;PRKCB;PFKM;TM7SF3;STIM1;JAK2"
"BP_attachment_of_spindle_microtubules_to_kinetochore%0008608",0.398076923076923,0.887485110215534,0.401679786235608,1.04668162726492,206,16,"DSN1;ABRAXAS1"
"BP_positive_regulation_of_telomere_maintenance%0032206",0.411764705882353,0.888920298651413,0.355026378878423,1.03367732027807,209,24,"GNL3;MYC;RTEL1;PML;MRE11A;NEK2"
"BP_BMP_signaling_pathway%0030509",0.413725490196078,0.888920298651413,0.353815142566523,1.03015074428373,210,24,"SMAD1;ECSIT;BMPR2;HFE;ATF2"
"BP_negative_regulation_of_protein_catabolic_process%0042177",0.414,0.888920298651413,0.337976724935814,1.01314338599723,206,28,"RELA;SMAD3;SIRT2;BANP;ATRAID;SNX12"
"BP_intrinsic_apoptotic_signaling_pathway%0097193",0.413725490196078,0.888920298651413,0.354411387996794,1.0318867431144,210,24,"BAX;SIVA1;IFI27L2A;FLCN;HRAS;BAD"
"BP_lysosome_organization%0007040",0.414486921529175,0.888920298651413,-0.307013015805066,-1.02386923625239,205,45,"GNPTAB;WASHC5;BECN1;LYST;TPP1;HEXB;LRRK2;MBTPS1;MFSD8;SPG11;ZFYVE26;LAMTOR1"
"RA_Platelet_homeostasis%R-MMU-418346",0.744186046511628,0.890434614205251,-0.275403009790144,-0.814819312968618,383,26,"PECAM1;ATP2A3;FGR;PPP2R5E;P2RX7;SRI;P2RX1"
"RA_AURKA_Activation_by_TPX2%R-MMU-8854518",0.748091603053435,0.890434614205251,-0.242796421104375,-0.851420031599906,391,58,"SFI1;CEP135;CSNK1E;PLK4;PRKAR2B;PCNT;CEP250;OFD1;DCTN1;AURKA;CEP192;TUBG1;HAUS3;CEP152;TPX2;MAPRE1"
"RA_Translesion_Synthesis_by_POLH%R-MMU-110320",0.748015873015873,0.890434614205251,0.305347489325826,0.794152584370869,376,15,"SPRTN;RFC3;VCP;RPA3;NPLOC4;RPS27A"
"RA_PCNA-Dependent_Long_Patch_Base_Excision_Repair%R-MMU-5651801",0.743486973947896,0.890434614205251,-0.295837471686159,-0.801491320920055,370,18,"POLD4;POLE"
"RA_Gap-filling_DNA_repair_synthesis_and_ligation_in_GG-NER%R-MMU-5696397",0.748015873015873,0.890434614205251,-0.294409795415798,-0.791546475638928,376,17,"POLD4;POLE"
"RA_Interleukin-3,_Interleukin-5_and_GM-CSF_signaling%R-MMU-512988",0.74639175257732,0.890434614205251,0.261840599985157,0.822452426692972,361,31,"PTPN6;UBC"
"RA_ROS_and_RNS_production_in_phagocytes%R-MMU-1222556",0.743027888446215,0.890434614205251,0.288952416847072,0.804841088122655,372,19,"ATP6V1F;ATP6V1E1;ATP6V1G1;ATP6V0A2;ATP6V0B;ATP6V1B2;ATP6V1H;CYBA"
"RA_Signaling_by_ERBB2%R-MMU-1227986",0.74012474012474,0.890434614205251,0.290192190651659,0.810887111169724,355,20,"PTPN12;MATK;RNF41;HSP90AA1"
"WP_Primary_Focal_Segmental_Glomerulosclerosis_FSGS%WP2573",0.625246548323471,0.890683839982536,0.27880788441186,0.895598952831018,316,37,"CDKN1A;CD2AP;VIM;ACTN4;CTSL"
"WP_Apoptosis%WP1254",0.605316973415133,0.890683839982536,0.261924475847599,0.91513396669376,295,58,"NFKBIA;BAX;RELA;CASP8;BID;DFFB;MYC;FADD;TRAF2;BIRC5;IRF3"
"WP_Heart_Development%WP2067",0.631679389312977,0.890683839982536,0.340619649712229,0.876941984345064,330,15,"SMAD1;BMPR2;PTPN11;CTNNB1;NFATC1"
"WP_p53_signaling%WP2902",0.615841584158416,0.890683839982536,0.268188371068407,0.917011416696518,310,50,"BAX;CCND1;CDKN1A;CASP8;BID;SHISA5;PPM1D;SESN2"
"WP_Chemokine_signaling_pathway%WP2292",0.586,0.890683839982536,-0.248193160856926,-0.946020728723578,292,97,"STAT5B;BRAF;PIK3CG;PRKCB;GRK6;RAF1;GNB5;CCL6;JAK2;FGR;JAK3;IKBKG;PIK3R1;AKT2;TIAM1;TIAM2;PRKACB"
"WP_Metapathway_biotransformation%WP1251",0.615384615384615,0.890683839982536,-0.273305527893365,-0.914687676473788,303,46,"HNMT;MGST1;GSTK1;CYP4V3;NDST1;CYP27A1;FMO5;CYP51;NDST2"
"WP_Purine_metabolism%WP2185",0.637450199203187,0.890683839982536,-0.237883392504443,-0.928429417336487,319,112,"PDE1B;PDE3B;PDE4A;PDE4B;ENTPD6;NPR1;ENTPD1;POLD4;ADSSL1;ADA;XDH;ADK;POLE"
"WP_Sphingolipid_Metabolism_(general_overview)%WP4344",0.600418410041841,0.890683839982536,-0.357057160694064,-0.908909912696893,286,15,"SMPD1;SGPP1;KDSR;SPTLC1;CERS6;SPHK2;ASAH1;UGCG"
"RA_mRNA_3'-end_processing%R-MMU-72187",0.751028806584362,0.89204476393881,0.241402280939396,0.838149057847949,364,52,"THOC5;NCBP1;SLU7;SRSF11;SRSF9;CASC3;U2AF2;SRSF7;CSTF2;SRSF1;CPSF3;CPSF6;SYMPK;RNPS1;CSTF1;CPSF2;FIP1L1;MAGOHB;SRSF2;SRSF3"
"BP_response_to_xenobiotic_stimulus%0009410",0.417670682730924,0.892062075462343,0.250448072399642,1.005905163701,207,136,"HSPA8;FOS;CCND1;CDKN1A;SMAD1;RELA;FOXO3;SS18;CAT;GCLM;GCLC;PTK2B;TOP1;OXSR1;SOD1;ACE;SOD2;HMBS;PLIN2;HSP90AA1;CREB1"
"BP_positive_regulation_of_cysteine-type_endopeptidase_activity%2001056",0.417338709677419,0.892062075462343,0.278009342148355,1.01800290742648,206,71,"BAX;MEN1;GRAMD4;CASP8;BID;SMAD3;MYC;HSPD1;REST;MAP3K5;DNAJA3;MALT1;EGLN3;PML;RPS3;BAD;VCP;RACK1;PDCD5;TFAP4;BCL2L11"
"RA_O-linked_glycosylation%R-MMU-5173105",0.754352030947776,0.892970136261676,-0.265544287910726,-0.818899314748636,389,31,"THSD7B;GALNT4;GALNT10;CFP;GCNT1;ADAMTS10;POMGNT1;GALNT11;ADAMTSL4"
"RA_Citric_acid_cycle_(TCA_cycle)%R-MMU-71403",0.754980079681275,0.892970136261676,0.28562884683012,0.795583696410609,378,19,"ME2;FAHD1;IDH3A;IDH2;IDH3B;MDH2"
"KEGG_Pyrimidine_metabolism%mmu00240",0.810176125244618,0.894922581860164,-0.248891751900194,-0.789646804187379,413,37,"NT5C3B;ENTPD6;TK1;ENTPD1;TK2;ENTPD5;NT5E;DTYMK;NME6;NME7"
"BP_microtubule_cytoskeleton_organization%0000226",0.420841683366733,0.89585968261544,0.268806132786176,1.00035998726991,209,80,"PAFAH1B1;TTLL4;SS18;DISC1;PPP2R3C;ZPR1;TACC2;UXT;BIRC5;MAP7D1;RANBP10;CAMSAP1"
"BP_positive_regulation_of_cytokine_production%0001819",0.425357873210634,0.89585968261544,-0.331732092250518,-1.02044259505225,207,32,"PLA2R1;CCDC88B;PELI1;TLR2;FLOT1;FGR;OPTN;CLEC5A"
"BP_response_to_starvation%0042594",0.42156862745098,0.89585968261544,0.370033034438382,1.02703427828024,214,20,"HSPA8;FOXO3;ADSL;TBC1D5;TRIM32"
"BP_protein_secretion%0009306",0.423001949317739,0.89585968261544,0.324169636998024,1.01065375349271,216,32,"ARFGAP3;CD2AP;PAFAH1B1;COPG1;TVP23B;FILIP1L;HPS6;CLSTN3;MIA2"
"BP_positive_regulation_of_TOR_signaling%0032008",0.425490196078431,0.89585968261544,0.349196387552631,1.01670300465136,216,24,"LAMTOR3;AKT3;MLST8;FLCN;RHEB;HDAC3;SEC13;SMCR8;XBP1"
"BP_cholesterol_homeostasis%0042632",0.425101214574899,0.89585968261544,-0.303041304478063,-1.01420614798825,209,46,"CES1D;HSDL2;ABCA2;SREBF2;WASHC5;LRP5"
"BP_cristae_formation%0042407",0.425,0.89585968261544,0.390994121319855,1.01883733555374,220,16,"IMMT;LETM1;SAMM50;UQCC3;MICOS10;APOOL;CHCHD3;CHCHD6;MICOS13;SLC25A46;DNAJC11"
"BP_antimicrobial_humoral_immune_response_mediated_by_antimicrobial_peptide%0061844",0.426614481409002,0.896408566199482,0.395056294677426,1.04311265994894,217,17,"FAU;B2M;RPS19;LGALS3;RPL39;ROMO1;CCL9"
"WP_FAS_pathway_and_Stress_induction_of_HSP_regulation%WP571",0.69,0.896427896427897,-0.277190245830397,-0.84909009778338,344,30,"CASP7;MAP2K4;CASP9;BCL2;CFLAR;FAS;APAF1;MAPKAPK3;PAK1;FAF1"
"WP_GPCRs,_Class_A_Rhodopsin-like%WP189",0.757322175732218,0.896427896427897,-0.310872046606619,-0.791343000072828,361,15,"LTB4R1;TSHR;ADRB2;FPR1;PTAFR;CXCR2;P2RY2"
"WP_IL-3_Signaling_Pathway%WP373",0.672727272727273,0.896427896427897,0.238363455257187,0.890411070768242,332,81,"BAX;PTPN6;SLC2A1;GATA2;MATK;BIRC5;ATF2;CREB1;SPI1;HRAS;PTPN11;TEC;BAD;RACK1"
"WP_Fatty_Acid_Biosynthesis%WP336",0.661914460285132,0.896427896427897,-0.317899240872187,-0.848027024569499,324,17,"ACSS2"
"WP_DNA_Replication%WP150",0.740594059405941,0.896427896427897,0.257232507728795,0.841043027116661,373,40,"UBC;ORC1;POLA2;CDC7;ORC2;RFC3;POLD3;MCM10;RPA3;ORC5"
"WP_Microglia_Pathogen_Phagocytosis_Pathway%WP3626",0.773388773388773,0.896427896427897,-0.254660771948475,-0.794072768546139,371,34,"CYBB;PIK3C2A;PIK3CG"
"WP_Signaling_of_Hepatocyte_Growth_Factor_Receptor%WP193",0.668,0.896427896427897,0.286387056659584,0.858494478709962,333,28,"FOS;PTK2B;HRAS;PTPN11"
"WP_Delta-Notch_Signaling_Pathway%WP265",0.680555555555556,0.896427896427897,-0.253867389525791,-0.88064625597762,342,55,"FURIN;RING1;MAML3;NOTCH2;TCF3;JAK2;PIK3R1;ITCH"
"WP_Wnt_Signaling_Pathway_NetPath%WP539",0.711764705882353,0.896427896427897,-0.242587586418794,-0.862706854017693,362,62,"PRKCB;CSNK1E;LRP5;RAF1;NLK;DVL1;TCF3;DAAM1;AXIN1;CSNK1A1;CDC25C;APC;BCL9;JUP;CAMK2G;CTBP2"
"WP_Spinal_Cord_Injury%WP2432",0.753968253968254,0.896427896427897,0.257795260259423,0.84422923110734,379,41,"FOS;CCND1;CCR2;MYC;VIM;PLA2G6;PIRB;FKBP1A;CDK1;GFAP;ICAM1"
"WP_Wnt_Signaling_Pathway_and_Pluripotency%WP723",0.769539078156313,0.896427896427897,0.252107516004928,0.833062671188628,383,44,"CCND1;NFYA;PAFAH1B1;TCF4;MYC;PPP2R2D"
"WP_Endochondral_Ossification%WP1270",0.760617760617761,0.896427896427897,0.270084360542668,0.803312301708072,393,25,"KIF3A;SLC38A2;CAB39;CTSL"
"WP_TYROBP_Causal_Network%WP3625",0.731610337972167,0.896427896427897,-0.255150547474641,-0.849984856813521,367,44,"SH2B3;SFT2D2;C3;APBB1IP;STAT5A;CD84;CREB3L2;GAPT;CD37;TCIRG1;ABCC4;RUNX3"
"WP_Mitochondrial_Gene_Expression%WP1263",0.698473282442748,0.896427896427897,0.323270024181098,0.832274522988189,365,15,"PPRC1;TFB1M;CREB1;POLRMT"
"WP_ESC_Pluripotency_Pathways%WP339",0.730314960629921,0.896427896427897,0.251810988287068,0.847534584278768,370,46,"FOS;SMAD1;AKT3;BMPR2;MYC"
"WP_Signal_Transduction_of_S1P_Receptor%WP57",0.809623430962343,0.897625977806076,-0.292022417587402,-0.74336016552353,386,15,"PIK3C2G"
"WP_Apoptosis_Modulation_by_HSP70%WP166",0.792887029288703,0.897625977806076,-0.297972707382247,-0.75850697665999,378,15,"CASP7;CASP9;FAS;APAF1"
"WP_Wnt_Signaling_Pathway%WP403",0.788867562380038,0.897625977806076,0.27375535472496,0.791680663757495,410,23,"CCND1;PAFAH1B1;MYC"
"WP_Neural_Crest_Differentiation%WP2074",0.805725971370143,0.897625977806076,-0.25104531442717,-0.772241631467804,393,32,"NOTCH2;HDAC5;HDAC4;DVL1;AXIN1;HDAC10;NOTCH1;HDAC8;CTBP2;HDAC7"
"WP_Alpha6-Beta4_Integrin_Signaling_Pathway%WP488",0.818540433925049,0.897754024304893,0.24691995122731,0.795918772938024,414,38,"CDKN1A;YWHAH;SMAD3;VIM;YWHAE;EIF4EBP1;RPSA"
"BP_cellular_response_to_lipopolysaccharide%0071222",0.428571428571429,0.898701298701299,0.260826022382601,1.00235036712627,212,98,"CD14;IRGM1;CEBPB;PPM1E;GBP3;RELA;TNFAIP3;B2M;SLC7A5;CDC73;SELENOS;GFER;VIM;MALT1;UPF1;IRF3"
"WP_IL-2_Signaling_Pathway%WP450",0.835010060362173,0.899754130181599,0.223209950153091,0.795021032019219,414,63,"PTPN6;RELA;FOXO3;STAM2;PTK2B;STAM;NMI;HSP90AA1;CREB1;ETS2;PTPN11;RACK1;NR3C1;ICAM1;EIF3B;CRKL;STAT1"
"WP_Myometrial_Relaxation_and_Contraction_Pathways%WP385",0.85395537525355,0.899754130181599,0.222243028465554,0.801243748149208,420,67,"FOS;YWHAH;PRKAR2A;SLC8A1;PKIG;PLCB3;YWHAE;ATF2;CREB1;ETS2;YWHAQ;YWHAG;RGS10;ATF4;RGS18;IGFBP4;ATF6B;GSTO1;PRKAR1A;RGS3;GNB1;GRK5;ITPR2;SP1"
"WP_Calcium_Regulation_in_the_Cardiac_Cell%WP553",0.843373493975904,0.899754130181599,0.221256522561931,0.770779251168084,419,55,"GNA11;YWHAH;PRKAR2A;SLC8A1;PKIG;PLCB3;GNAI3;ATP1B3;YWHAE;YWHAQ;YWHAG;RGS10;RGS18;CALR;FKBP1A"
"WP_Factors_and_pathways_affecting_insulin-like_growth_factor_(IGF1)-Akt_signaling%WP3675",0.855648535564854,0.899754130181599,-0.276214767263566,-0.703120865889118,408,15,"PTEN;PRKAB1;IGF1R"
"BP_positive_regulation_of_nitric_oxide_biosynthetic_process%0045429",0.43,0.899879032258065,-0.329859601451327,-1.01042704591584,214,30,"ASS1;ITGB2L;INSR;TLR2;JAK2;ESR1;AKT2"
"BP_negative_regulation_of_cell_cycle%0045786",0.431102362204724,0.900370728306849,0.33590135512691,1.01588929562344,218,29,"CEBPA;MEN1;RRP8;TAF6"
"BP_ephrin_receptor_signaling_pathway%0048013",0.433054393305439,0.900586558044807,-0.357934359404856,-1.00384563369487,206,22,"KIT;INSR;CDK5R1;TIAM1;EPHA7;IGF1R;AXL;DIAPH2;PDGFRB;DIAPH1;MET;CSF1R;SIPA1L1"
"BP_positive_regulation_of_cell_adhesion%0045785",0.433537832310838,0.900586558044807,-0.329975942142512,-1.015040493732,211,32,"PPP3CA;ITGAV;CD63;APBB1IP;IBSP;TNFRSF18;VEGFA"
"BP_interleukin-6_production%0032635",0.433808553971487,0.900586558044807,-0.378975408497173,-1.01095361904963,212,17,"IL18RAP;TLR2;TLR7;P2RX7;TLR4"
"BP_intracellular_calcium_ion_homeostasis%0006874",0.44466800804829,0.902352033147825,-0.301557360587251,-1.00567496677989,220,45,"ATP1B1;RYR1;PRKCB;STIM1;HEXB;ATP2A3;VPS54;BCL2;SLC8B1;ATP13A3;ATP13A2;TCIRG1;XK"
"BP_response_to_nutrient_levels%0031667",0.447698744769875,0.902352033147825,-0.355321954391429,-0.99651900718566,213,22,"CHSY1;INSR;SZT2;MBD2"
"BP_regulation_of_neuron_projection_development%0010975",0.436475409836066,0.902352033147825,-0.371459762366893,-1.01675827484785,212,19,"CAMK1D;PTEN"
"BP_response_to_interleukin-1%0070555",0.443983402489627,0.902352033147825,-0.38536549708319,-0.99954770942632,213,16,"HNMT;SMPD1;HDAC4;TAF9;YTHDC2"
"BP_oligodendrocyte_differentiation%0048709",0.447204968944099,0.902352033147825,-0.358725393492397,-1.00184884674637,215,21,"TSPAN2;NF1;CDKN2C;PTPRJ;NOTCH1"
"BP_associative_learning%0008306",0.44560669456067,0.902352033147825,-0.398082721380056,-1.01334287998135,212,15,"RAPGEF3;ADRB2;HTT;ABL1;CLN8;LGMN;TSC1"
"BP_positive_regulation_of_peptidyl-tyrosine_phosphorylation%0050731",0.436363636363636,0.902352033147825,-0.311333076044858,-1.00692899630704,215,39,"PECAM1;AGRN;LRRK1;SEMA4D;VEGFA;NRP1;TLR4;PTPRJ;ITGB3"
"BP_negative_regulation_of_cellular_senescence%2000773",0.443991853360489,0.902352033147825,-0.376964848619587,-1.00559025578387,217,17,"PTEN;CDK6;GCH1"
"BP_positive_regulation_of_phagocytosis%0050766",0.442913385826772,0.902352033147825,0.321224797051031,1.00531844236908,224,33,"HSPA8;GATA2;PROS1;SOD1;DNM2;LYAR;CALR;FCER1G;ABR;FCGR3;LMAN2;CYBA"
"BP_response_to_cAMP%0051591",0.441634241245136,0.902352033147825,0.376455304722226,1.03079716008563,226,19,"FOS;CARM1;RELA;PTK2B"
"BP_natural_killer_cell_mediated_cytotoxicity%0042267",0.438931297709924,0.902352033147825,0.395401084056327,1.01797947228673,229,15,"PTPN6;CEBPG;PRDX1;KIF5B"
"BP_negative_regulation_of_cGAS/STING_signaling_pathway%0160049",0.440839694656489,0.902352033147825,0.392662874469652,1.01092981748695,230,15,"IRGM1;PARP1;SPSB3;CGAS"
"BP_reactive_oxygen_species_metabolic_process%0072593",0.446850393700787,0.902352033147825,0.333010009857588,1.00714480363428,226,29,"SH3PXD2A;PRDX4;NFE2L2;SOD1;SESN2"
"BP_intracellular_iron_ion_homeostasis%0006879",0.43960396039604,0.902352033147825,0.310102319376704,1.01390526301387,221,40,"TMEM199;B2M;HFE;SOD1;MYC;FBXL5;ISCU;MECR;ATP6V1G1;ATP6V0A2;FTH1;SCO1;GLRX3;NCOA4"
"BP_negative_regulation_of_vascular_associated_smooth_muscle_cell_proliferation%1904706",0.442748091603053,0.902352033147825,0.39063494813763,1.00570882174225,231,15,"CDKN1A;RBM10;SOD2"
"RA_Regulation_of_signaling_by_CBL%R-MMU-912631",0.769387755102041,0.902625088090204,0.296166162722591,0.781760933761957,376,16,"UBC;CRKL;RPS27A;LYN;CRK"
"RA_Signaling_by_Insulin_receptor%R-MMU-74752",0.769072164948454,0.902625088090204,0.256054231684315,0.804277198515844,372,31,"ATP6V1F;ATP6V1E1;ATP6V1G1;ATP6V0A2;PDPK1;ATP6V0B;PIK3C3;ATP6V1B2;ATP6V1H"
"RA_Iron_uptake_and_transport%R-MMU-917937",0.769547325102881,0.902625088090204,0.255263363538885,0.815026201717073,373,34,"ATP6V1F;HFE;FBXL5;ATP6V1E1;ATP6V1G1;ATP6V0A2;CAND1;ATP6V0B;FTH1;CUL1;SLC46A1;MCOLN1;ATP6V1B2;ATP6V1H;NEDD8;RPS27A"
"RA_EPH-Ephrin_signaling%R-MMU-2682334",0.769556025369979,0.902625088090204,0.262175562238929,0.802949793393064,363,29,"EPHA2;PSENEN;HRAS;ARPC5;ROCK1;SDCBP;LYN;ARPC2;KALRN;VAV3"
"RA_DNA_Double-Strand_Break_Repair%R-MMU-5693532",0.772200772200772,0.903010381776067,-0.222121779779355,-0.861838709926097,399,99,"RAD51B;RAD51D;BRCA2;TIMELESS;POLD4;BABAM2;POLE;BLM;EYA1;KAT5;PAXIP1;POLM;LIG4"
"RA_VxPx_cargo-targeting_to_cilium%R-MMU-5620916",0.773092369477912,0.903010381776067,-0.295484095209759,-0.764312103587661,384,15,"CNGB1;EXOC8;RAB3IP"
"RA_Chromosome_Maintenance%R-MMU-73886",0.776859504132231,0.90446533985495,0.22899317576443,0.827430007645772,375,67,"SHQ1;NHP2;RUVBL1;HIST1H2AB;HIST1H2AC;RSF1;POLA2;RTEL1;CHTF18;NPM1;CENPS;DAXX;ITGB3BP;RBBP7;RFC3"
"RA_NOD1/2_Signaling_Pathway%R-MMU-168638",0.777551020408163,0.90446533985495,0.275149485466317,0.798934719874813,380,23,"UBC;TNFAIP3;CASP8;AAMP"
"RA_Recruitment_and_ATM-mediated_phosphorylation_of_repair_and_signaling_proteins_at_DNA_double_strand_breaks%R-MMU-5693565",0.784679089026915,0.907134141934606,0.263127982023593,0.796213350032003,378,27,"UBC;EYA3;BRCA1;UBXN1;UBE2V2;PPP5C;UBE2I;KDM4B;BAP1;RPS27A;UIMC1"
"RA_RHOV_GTPase_cycle%R-MMU-9013424",0.783567134268537,0.907134141934606,0.271401904984652,0.797765070421794,390,24,"PEAK1;GIT2;EPHA2;TXNL1;MAP3K11;TPM4;MYO9A;DST"
"RA_TNFR1-induced_NFkappaB_signaling_pathway%R-MMU-5357956",0.784584980237154,0.907134141934606,-0.271049678903374,-0.790567510117133,396,25,"BIRC2;OTUD7B;RBCK1;IKBKG;OPTN"
"RA_Recruitment_of_mitotic_centrosome_proteins_and_complexes%R-MMU-380270",0.789980732177264,0.907919167667067,-0.231522936764056,-0.823715240703803,409,62,"SFI1;CEP135;CSNK1E;PLK4;PRKAR2B;PCNT;CEP250;OFD1;DCTN1;TUBGCP3;CEP192;TUBG1;HAUS3;TUBGCP6;CEP152;MAPRE1;CCP110;TUBGCP5;CDK11B;CEP78;CKAP5;PCM1;ACTR1A;HAUS8;HAUS7;HAUS4"
"RA_Centrosome_maturation%R-MMU-380287",0.789980732177264,0.907919167667067,-0.231522936764056,-0.823715240703803,409,62,"SFI1;CEP135;CSNK1E;PLK4;PRKAR2B;PCNT;CEP250;OFD1;DCTN1;TUBGCP3;CEP192;TUBG1;HAUS3;TUBGCP6;CEP152;MAPRE1;CCP110;TUBGCP5;CDK11B;CEP78;CKAP5;PCM1;ACTR1A;HAUS8;HAUS7;HAUS4"
"RA_Signaling_by_NTRKs%R-MMU-166520",0.790196078431373,0.907919167667067,-0.248620649802144,-0.816052957947488,402,41,"FURIN;PIK3R1;DNAL4;MAPKAPK3;FRS2;PIK3CB;PPP2R1B;CHD4;RPS6KA1;KIDINS220;RAPGEF1;MAPK3;PIK3R2;DUSP6;ATF1;SRF"
"BP_positive_regulation_of_interleukin-12_production%0032735",0.45136186770428,0.907972129219075,0.374472612796628,1.02536822023382,231,19,"RELA;IL16;HSPD1;FLT3;TRAF6;H2-M3"
"KEGG_Circadian_entrainment%mmu04713",0.825462012320329,0.908008213552361,0.246184237438965,0.777035581149015,401,36,"FOS;PER2;PLCB3;GNAI3;CREB1"
"RA_Recruitment_of_NuMA_to_mitotic_centrosomes%R-MMU-380320",0.791907514450867,0.908032445286839,-0.231321648918159,-0.822999096252841,410,62,"SFI1;CEP135;CSNK1E;PLK4;PRKAR2B;PCNT;CEP250;OFD1;DCTN1;TUBGCP3;CEP192;TUBG1;HAUS3;TUBGCP6;CEP152;MAPRE1"
"BP_intracellular_transport%0046907",0.452793834296725,0.909090909090909,0.351509458017265,0.996244822925329,234,21,"AP3M2;RAB7;HPS6;SPIRE1;MAP1B;RANBP3;HPS4;APPBP2;TMEM167;AP3B1;DST;HPS1;AP3D1"
"BP_tricarboxylic_acid_cycle%0006099",0.455268389662028,0.912294572334334,0.337537467245553,1.00117125227459,228,26,"IDH1;DLAT;IDH3A;SDHAF2;PDHA1;IDH2;IDH3B;MDH1;MDH2"
"RA_Resolution_of_AP_sites_via_the_multiple-nucleotide_patch_replacement_pathway%R-MMU-110373",0.798464491362764,0.913690058205764,-0.276818983802715,-0.767723820435775,415,20,"POLD4;POLE"
"BP_positive_regulation_of_stress_fiber_assembly%0051496",0.463562753036437,0.914353594795131,-0.326416814622548,-0.983914432244599,228,29,"EVL;RAPGEF3;BRAF;PPM1F;NRP1"
"BP_receptor-mediated_endocytosis%0006898",0.462962962962963,0.914353594795131,-0.315338803682288,-0.998410905265013,224,36,"SORL1;HIP1R;PLA2R1;INSR;MICALL1;HPSE;SNX17;MRC1;ADRB2"
"BP_positive_regulation_of_phosphatidylinositol_3-kinase/protein_kinase_B_signal_transduction%0051897",0.45940594059406,0.914353594795131,-0.272660014335421,-0.999286919592944,231,73,"C1QTNF12;PIK3CG;INSR;PPARD;LIN28A;THBS1;JAK2;SEMA4D;FGR;GCNT2;VEGFA;HGF;IGF1R;HPSE;PIK3AP1;PIK3R5;PTPRJ;AXL;AMBRA1"
"BP_positive_regulation_of_ERK1_and_ERK2_cascade%0070374",0.471057884231537,0.914353594795131,-0.270846482728678,-0.988911352629326,235,72,"PTEN;NOTCH2;BRAF;ABCA7;PTPN22;C3;TLR2;ESR1;GCNT2;VEGFA;NRP1;CFLAR;TLR4;DSTYK;GPR183;ITGB3;NOTCH1;PRXL2C"
"BP_vesicle-mediated_transport%0016192",0.479289940828402,0.914353594795131,-0.25506879511631,-1.00423510206154,242,117,"CRACR2A;AP4M1;TBC1D23;RAB44;YIPF1;SFT2D2;MON1A;KIF17;SYTL1;VPS41;STX8;RTN3;RAB27A;ZFYVE27;STX2;AP1S2;APOBR;SPAG9;ARFGAP2;KIF3B;MON1B"
"BP_negative_regulation_of_neuron_projection_development%0010977",0.473267326732673,0.914353594795131,0.293288379991227,0.979549908946316,238,45,"PAFAH1B1;B2M;FKBP4;LGALS1;VIM;H2-K1;BAG5;RAB29;APOE;H2-D1;DYNC1I2;CBFA2T2;CD38"
"BP_positive_regulation_of_protein-containing_complex_assembly%0031334",0.47953216374269,0.914353594795131,0.31355200076039,0.977551474031389,245,32,"BAX;BID;FNIP2;SH3GLB1;LGALS3;RPS3;VCP;RACK1;BCL2L11;ICE1;BRK1"
"BP_positive_regulation_of_cell_cycle%0045787",0.474409448818898,0.914353594795131,0.323901149187291,0.979596257285652,240,29,"ZPR1;MYC;BIRC5;ANKRD17;BRCA1;BC004004;FNTA;TRIM32;CALR;BCL2L11"
"BP_visual_perception%0007601",0.477272727272727,0.914353594795131,-0.340740383847569,-0.979891367131007,230,25,"COL1A1;PDCL;ATF6;GPR179;RPGR;CRYBG3;OPA1;RDH11;CLN8;CACNA1F"
"BP_blood_coagulation%0007596",0.4800796812749,0.914353594795131,-0.327183280312295,-0.979955476709628,240,28,"HPS5;THBD;NBEAL2;LYST;TFPI2;FGL2;TFPI;RAB27A"
"BP_cellular_response_to_glucose_stimulus%0071333",0.479289940828402,0.914353594795131,0.304857535107272,0.990681155709781,242,39,"TRA2B;FOXO3;GCLM;SOX4;GCLC;SMAD3;ACE;PRKAA1;AACS;USF2;RACK1;SMAD2;SLC29A1;TWNK;ICAM1;XBP1"
"BP_ATP_metabolic_process%0046034",0.4765625,0.914353594795131,0.373797094915834,1.00557102467126,243,18,"HSPA8;BAD;VCP;SLC25A25;ATP6V1B2"
"BP_regulation_of_insulin_secretion%0050796",0.469667318982387,0.914353594795131,0.380144446247448,1.00373918814222,239,17,"SLC16A1;SLC25A22;RFX3;PER2"
"BP_embryonic_organ_development%0048568",0.4800796812749,0.914353594795131,-0.326602549219902,-0.978216113335242,240,28,"SP2;ARID2;POLE;TNRC6C;MBD2;MED12;ERCC1;UTY;KDM6A;PDGFRB"
"BP_proton_motive_force-driven_mitochondrial_ATP_synthesis%0042776",0.477756286266925,0.914353594795131,0.300776772818205,0.994183253444634,246,42,"NDUFA12;NDUFA8;STOML2;NDUFB7;NDUFA10;NDUFS7;NDUFB5;NDUFA2;NDUFV2;NDUFV1;NDUFB8;NDUFS5;NDUFS6;NDUFA1;NDUFB10;NDUFA5;NDUFB9;NDUFS3;NDUFS8"
"BP_negative_regulation_of_non-canonical_NF-kappaB_signal_transduction%1901223",0.459183673469388,0.914353594795131,-0.368550829474822,-0.995631331536108,224,18,"NLRP12;RASSF2;MKRN2;ADGRG3;ADIPOR1;PPM1A"
"BP_lysosome_localization%0032418",0.461232604373758,0.914353594795131,0.335320481925096,0.994595443112813,231,26,"BLOC1S2;PIP4P1;KIF5B;HPS6;BLOC1S1;FLCN;VPS33B;FAM98A;TFEB;NDEL1;BORCS7"
"BP_post-translational_protein_modification%0043687",0.472049689440994,0.914353594795131,-0.354017283180098,-0.988700028814052,227,21,"PRKCB;RHBDD1;JAK2;PADI4"
"BP_regulation_of_synaptic_vesicle_exocytosis%2000300",0.477551020408163,0.914353594795131,-0.363381001992044,-0.981665165111181,233,18,"PRKCB;DVL1;SLC4A8;LRRK2;P2RX1"
"BP_vesicle_transport_along_microtubule%0047496",0.473282442748092,0.914353594795131,0.381871923284824,0.983147984721319,247,15,"PAFAH1B1;RAB1A;KIF5B;NDE1"
"BP_neutrophil_chemotaxis%0030593",0.476,0.914353594795131,-0.321588650240769,-0.985091440216241,237,30,"PDE4B;ITGB2L;ITGA9"
"BP_TOR_signaling%0031929",0.47265625,0.914353594795131,0.378897138079796,1.01929091629163,241,18,"DISC1;MLST8;EIF4EBP1;FLCN;RPS6;LIPA"
"BP_barbed-end_actin_filament_capping%0051016",0.47489539748954,0.914353594795131,-0.387581472009288,-0.986611334728938,226,15,"EVL"
"BP_negative_regulation_of_ubiquitin-dependent_protein_catabolic_process%2000059",0.469667318982387,0.914353594795131,0.380151718788342,1.00375839067001,239,17,"HFE;RPL23;PML;SUFU;RPL11;SGTA;USP14;ANKS1"
"BP_homeostasis_of_number_of_cells_within_a_tissue%0048873",0.469111969111969,0.914353594795131,0.333484757171062,0.991884192514441,242,25,"BAX;AKT3;GATA2;CCR2;FLT3;PTPN11"
"BP_sphingolipid_biosynthetic_process%0030148",0.476653696498055,0.914353594795131,0.365142908501823,0.999821940048926,244,19,"CERS2;ORMDL1;HACD3;CERS5;HACD1"
"BP_multicellular_organism_development%0007275",0.464730290456432,0.914353594795131,-0.379405021935941,-0.984087634962937,223,16,"MED1;KIT;INSR;IGF1R;AXL;APAF1"
"RA_Telomere_Extension_By_Telomerase%R-MMU-171319",0.801204819277108,0.914966152643026,-0.288531410127141,-0.746327983808536,398,15,"ANKRD28;ACD"
"BP_protein_K11-linked_ubiquitination%0070979",0.482,0.91632967032967,0.326161886894428,0.977726376081736,240,28,"UBE2D3;ANAPC10;UBE2C;RNF115;ANAPC16;UBE2T;UBE2B;ANAPC11;UBE2S"
"RA_Plasma_lipoprotein_clearance%R-MMU-8964043",0.804222648752399,0.916553342606479,-0.27444473776714,-0.761139137506713,418,20,"NCEH1;MYLIP;APOBR"
"RA_Metabolism_of_water-soluble_vitamins_and_cofactors%R-MMU-196849",0.807302231237322,0.918204355932551,0.224927676538018,0.813429610596302,397,65,"MTHFD2;SLC2A1;SHMT2;AASDHPPT;PANK1;SLC5A6;CYB5A;FASN;NMNAT1;LMBRD1;CD38;GPHN;PANK3;SLC46A1;SLC25A32;MTHFD1"
"WP_Sphingolipid_Metabolism_(integrated_pathway)%WP4690",0.882692307692308,0.918720565149137,0.267944957574319,0.698200591171437,458,16,"CERS2;CERS5"
"BP_multicellular_organismal-level_iron_ion_homeostasis%0060586",0.484725050916497,0.919825599362566,-0.367713283430554,-0.980910809307866,237,17,"SLC40A1;SLC11A2"
"RA_TBC/RABGAPs%R-MMU-8854214",0.815891472868217,0.92068330134357,-0.261770500681025,-0.774485579089693,420,26,"TBC1D2;RAB7B;OPTN"
"RA_Metabolism_of_nucleotides%R-MMU-15869",0.811475409836066,0.92068330134357,0.230745286139974,0.820290450994755,395,60,"DCTD;IMPDH2;DCK;DNPH1;PAICS;TXNRD1;GART;GUK1;ADSL"
"RA_Synthesis_of_PA%R-MMU-1483166",0.817658349328215,0.92068330134357,-0.270647958640656,-0.750609231875629,425,20,"PLA2R1;MIGA2;GPD2"
"RA_RAF_activation%R-MMU-5673000",0.817269076305221,0.92068330134357,-0.279317461050947,-0.722494779534796,406,15,"JAK2;PPP2R5E"
"RA_Processing_of_Intronless_Pre-mRNAs%R-MMU-77595",0.817047817047817,0.92068330134357,0.275222735704147,0.76905780469902,392,20,"NCBP1;CSTF2;CPSF3;CPSF6;SYMPK;CSTF1;CPSF2;FIP1L1"
"BP_positive_regulation_of_protein_localization_to_nucleus%1900182",0.486274509803922,0.921082009446114,0.334917849021927,0.975130315059863,247,24,"CD2AP;PARP1;SESN2;HNRNPM;CREBBP;CDK1;PARK7;TRIM8;IPO7;DTX3L"
"BP_post-embryonic_development%0009791",0.487603305785124,0.921916632795918,0.279302113289606,0.983935895243742,235,60,"BAX;PLEKHA1;ABL2;SLC8A1;SOD2;MECP2;RC3H2;DNMT3L;FLT3;AGO2;MMUT;LLGL2;GRCC10;BCL2L11;SMAD2;SGPL1;ZFX;ASL;ATM"
"BP_response_to_retinoic_acid%0032526",0.488565488565489,0.922056322056322,-0.341746772275892,-0.974578941283361,234,23,"IGF2R;CTSH;MAP7;ASXL1;TFRC;RXRA;SLC10A3;SREBF1;RUNX1;SUZ12"
"RA_Cyclin_A/B1/B2_associated_events_during_G2/M_transition%R-MMU-69273",0.821643286573146,0.923323693294773,-0.272697354186642,-0.738799454216271,409,18,"XPO1;PKMYT1;MNAT1"
"BP_nucleotide-excision_repair%0006289",0.491902834008097,0.924991198732617,-0.312318213552627,-0.972262383867828,242,33,"BRCA2;XPC;RAD23A;KAT5;GTF2H2;POLL;MNAT1;ERCC1"
"BP_response_to_zinc_ion%0010043",0.491701244813278,0.924991198732617,-0.371196613583288,-0.962796949032225,236,16,"ASS1;LTA4H;ABCC8;P2RX7;KHK;D2HGDH"
"BP_negative_regulation_of_stress_fiber_assembly%0051497",0.493775933609959,0.925161406294471,-0.370631025725677,-0.961329946791928,237,16,"ARHGEF18;PIK3R1;INPP5K;KANK3"
"BP_blood_vessel_remodeling%0001974",0.493150684931507,0.925161406294471,0.373836042363798,0.987082382406522,251,17,"BAX;BMPR2;CCR2"
"BP_neuron_migration%0001764",0.494908350305499,0.925476566761304,0.282662521067075,0.982652936786364,242,56,"CEP85;BAX;PAFAH1B1;GATA2;DISC1;ABI3;YWHAE;HSP90AA1"
"BP_spermatid_development%0007286",0.496907216494845,0.925476566761304,-0.300550412340484,-0.979802351022901,240,42,"KIT;IQCG;TTC21A;KAT5;TRIP13;YTHDC2;NECTIN2;H3F3B"
"BP_male_gonad_development%0008584",0.501960784313726,0.925476566761304,0.294098479325731,0.972343198298404,255,43,"BAX;CD2AP;HOXA10;PRDX4;ACE;MSH2;CTSL;PATZ1;NCOA1;ADAM3;BCL2L11;CTNNA1"
"BP_phosphorylation%0016310",0.5,0.925476566761304,-0.3570987201998,-0.964693729733299,244,18,"COQ8A;EPHA7;LRRK2;TAOK1;PAK1"
"BP_positive_regulation_of_protein_import_into_nucleus%0042307",0.501968503937008,0.925476566761304,0.308892610709622,0.966723120720298,254,33,"ZPR1;MAVS;HSP90AB1;HYAL2;HSP90AA1;BRCA1;IPO5;RAN;TPR;ECT2;HDAC3;CDK1;XBP1;TARDBP;HCLS1"
"BP_regulation_of_neuron_apoptotic_process%0043523",0.49609375,0.925476566761304,0.366075640132721,0.984799137185203,253,18,"BAX;SIGMAR1;EGLN3;NPM1;TRP53;EGLN1;PARK7;PINK1"
"BP_forebrain_development%0030900",0.5,0.925476566761304,0.296142286721967,0.96980826864724,251,41,"HSPA8;KIF3A;NUMBL;TTC21B;NDE1;KDM2B"
"BP_ubiquitin-dependent_protein_catabolic_process_via_the_multivesicular_body_sorting_pathway%0043162",0.499040307101727,0.925476566761304,0.335452832016184,0.970105300686162,259,23,"CHMP4B;CHMP7;RNF126;UBAP1;RNF115;CHMP5;VPS28"
"BP_canonical_glycolysis%0061621",0.501908396946565,0.925476566761304,0.377029788530119,0.970681671448305,262,15,"ENO3;PFKL;FOXK2;PFKP;ALDOA"
"BP_triglyceride_metabolic_process%0006641",0.50293542074364,0.925615189240954,0.367488179358235,0.970321388204085,256,17,"CAT;SLC37A4;GPAT4;APOE;PTPN11;LIPA;DBI"
"BP_regulation_of_postsynapse_assembly%0150052",0.50597609561753,0.927642202114371,-0.320856231302081,-0.961005161390791,253,28,"ARHGAP33;CYFIP2;ZDHHC8"
"BP_membrane_fission%0090148",0.506717850287908,0.927642202114371,0.333532717980043,0.964552469925465,263,23,"CHMP4B;CHMP7;CORO1C;EXOC3;SH3GLB1;CHMP5"
"BP_positive_regulation_of_protein_targeting_to_membrane%0090314",0.506122448979592,0.927642202114371,-0.35599357026055,-0.961708193363374,247,18,"CDK5R1;STOM;AKT2;TENT2;C2CD5;PAK1"
"BP_positive_regulation_of_DNA_binding%0043388",0.50880626223092,0.92819138874463,0.365853856082963,0.966006096125832,259,17,"EDF1;SKI;SIRT2"
"BP_neural_precursor_cell_proliferation%0061351",0.508637236084453,0.92819138874463,0.332809905235667,0.962462147806232,264,23,"KIF3A;GATA2;HDAC3;MELK;NFIX;RSU1;TARBP2;CIP2A;ADGRG1;ILK;ORC3"
"RA_CD28_co-stimulation%R-MMU-389356",0.828685258964143,0.929382073300424,0.271288897975693,0.755641548961022,415,19,"AKT3;MLST8;PDPK1;MAP3K8;LYN;AKT1;PAK2;PIK3CA;CDC42;RICTOR"
"KEGG_Pentose_phosphate_pathway%mmu00030",0.851851851851852,0.930284439486893,0.261757606528597,0.752247723434399,413,24,"PRPS1L3;PGM1;PFKL;PGLS;PFKP;ALDOA;IDNK;PRPS2;PRPS1L1;PGM2;FBP1;H6PD"
"KEGG_Gastric_cancer%mmu05226",0.852760736196319,0.930284439486893,0.223565018335565,0.802998354640869,416,68,"BAX;CCND1;CDKN1A;AKT3;SMAD3;MYC"
"RA_Mitochondrial_calcium_ion_transport%R-MMU-8949215",0.831349206349206,0.93051610969106,0.278280093936126,0.723755273921786,418,15,"YME1L1;STOML2;PHB2;PMPCA"
"BP_transforming_growth_factor_beta_receptor_signaling_pathway%0007179",0.51593625498008,0.933114982578397,0.285065065290893,0.972972018981715,258,49,"FOS;SMAD1;LPXN;SMAD3;PARP1;DUSP22;CREB1;SPI1;PML;FLCN;DCP1A;SMAD2;SMAD5;NRROS;USP15;TRP53"
"BP_interstrand_cross-link_repair%0036297",0.51593625498008,0.933114982578397,-0.316925013508333,-0.949230664835083,258,28,"RAD51D;FAAP100;FAAP24;NEIL3;FANCF;FANCA;ERCC1"
"BP_type_I_interferon-mediated_signaling_pathway%0060337",0.513358778625954,0.933114982578397,0.334809235062649,0.963938265134884,268,22,"IFITM3;IFITM6;OASL2;IRAK1;IRF3;OAS1G;OAS2;IFITM2;STAT1;MYD88"
"BP_vasculogenesis%0001570",0.516,0.933114982578397,-0.312011021541791,-0.955753215618235,257,30,"ITGAV;EGFL7;MYO18B;TIPARP;PAXIP1;NRP1;PTPRJ;HDAC7;AMOT;CUL7;FOXM1;TGFBR2"
"BP_positive_regulation_of_proteolysis%0045862",0.514450867052023,0.933114982578397,0.335010952071274,0.949484911464032,266,21,"HSPA8;CASP8;FADD;IST1;TRIM32;BAD"
"BP_chromatin_organization%0006325",0.524096385542169,0.933125297071648,0.239320146755966,0.959217924400271,260,132,"HMGN1;SATB1;SUV39H2;USP36;RELA;L3MBTL3;PHF20;EPC2;HIRIP3;ABRAXAS1;ZBTB7A;KANSL2;DNAJC2;RSF1;SAMD1;SIRT2;UBN2;LRWD1;FAM50A;BANP;BRD3;ARID4A;RCBTB1;RTF1;UBE2B"
"BP_protein_K63-linked_deubiquitination%0070536",0.523529411764706,0.933125297071648,0.344821305055708,0.957058606162123,266,20,"STAMBPL1;SHMT2;TNFAIP3;OTUD4"
"BP_positive_regulation_of_double-strand_break_repair_via_homologous_recombination%1905168",0.519114688128773,0.933125297071648,-0.293977204779201,-0.954779270380876,257,40,"MRGBP;TIMELESS;FUS;ARID2;PELI1;BLM;MBTD1;KAT5;TRRAP"
"BP_negative_regulation_of_MAP_kinase_activity%0043407",0.518828451882845,0.933125297071648,-0.339212524201923,-0.951339267571009,247,22,"SMPD1;RGS14;NF1;STK38;INPP5K"
"BP_positive_regulation_of_MAPK_cascade%0043410",0.519607843137255,0.933125297071648,-0.261592680473527,-0.973063867345431,264,82,"IQGAP3;KIT;INSR;RAF1;TAOK2;TRIM5;JAK2;NDST1;VEGFA;TRIM12C;SPAG9;MAP2K3;HGF;CD84;TIMP2;PPIA;P2RX7;IGF1R;ADRB2;PTPRJ"
"BP_TORC1_signaling%0038202",0.5234375,0.933125297071648,0.359169055864232,0.966219375292172,267,18,"LAMTOR3;MLST8"
"BP_regulation_of_translational_initiation%0006446",0.523992322456814,0.933125297071648,0.329322893781955,0.952377963169997,272,23,"PAIP1;EIF5B;NCBP1;EIF2AK2;EIF4EBP1;EIF3K;BZW2"
"BP_negative_regulation_of_cyclin-dependent_protein_serine/threonine_kinase_activity%0045736",0.520547945205479,0.933125297071648,0.363473912243871,0.959722056149831,265,17,"CDKN1A;MEN1;TNFAIP3"
"BP_regulation_of_protein_binding%0043393",0.522540983606557,0.933125297071648,-0.350239999001641,-0.958675617780346,254,19,"HDAC5;ATR;HDAC4;APLP2;HOPX"
"BP_clathrin-dependent_endocytosis%0072583",0.52510460251046,0.933319481859346,-0.337468236444505,-0.946447321315548,250,22,"SGIP1;INPP5F"
"RA_Respiratory_electron_transport%R-MMU-611105",0.836820083682008,0.934781164906688,0.22069760388656,0.80003188204172,399,70,"NDUFA12;ECSIT;UQCR10;NDUFA8;NDUFA4;NDUFAF5;COX5A;NDUFB7;NDUFA10;NDUFS7;NDUFB5;SCO1;NDUFA2;NDUFV2;NDUFV1;NDUFB8;LRPPRC;UQCRQ;UQCRH;COX4I1;NDUFS5;NDUFS6;MT-CO2;NDUFA1;CYC1;NDUFB10;NDUFA5"
"BP_fatty_acid_metabolic_process%0006631",0.52834008097166,0.935865194622155,-0.284880376778588,-0.953425903665776,260,46,"DECR2;CROT;ABHD5;AOAH;ACOT2;C3;PPARD;LPIN2"
"BP_adult_locomotory_behavior%0008344",0.528,0.935865194622155,0.316181237666803,0.94780766272996,263,28,"PAFAH1B1;TRMT1L;CSTB;ARCN1;MECP2;IDUA;ATXN1;NTAN1;PUM1"
"BP_regulation_of_apoptotic_process%0042981",0.536203522504892,0.937041766208089,-0.241691441710524,-0.970628623867349,273,130,"IGF2R;TRIM24;HIP1R;IKZF3;BIRC2;CIDEB;MRGBP;NAIP2;TNFRSF10B;LRP5;STK26;CREB3;NAIP6;JAK2;JAK3;MBTD1;KAT5;CASP4;TRRAP;LRP8;TRAF3;BCL2"
"BP_negative_regulation_of_canonical_NF-kappaB_signal_transduction%0043124",0.538934426229508,0.937041766208089,-0.28286863417041,-0.947715928629125,262,47,"OLFM4;NLRP12;OTUD7B;TRIM39;MAPKBP1"
"BP_cardiac_muscle_cell_differentiation%0055007",0.536885245901639,0.937041766208089,-0.347308303765368,-0.950650992523981,261,19,"SIK1;KDM6B;SLC9A1;AKAP13;RXRA;MEF2C"
"BP_negative_regulation_of_Rho_protein_signal_transduction%0035024",0.538167938931298,0.937041766208089,0.36773132435693,0.946742319651405,281,15,"ABL2;RIPOR2;FLCN;BCL6"
"BP_osteoclast_differentiation%0030316",0.533589251439539,0.937041766208089,0.300071511103194,0.951749033905087,277,34,"FOS;ASXL2;IFT80;FOXP1;EPHA2;CREB1"
"BP_roof_of_mouth_development%0060021",0.535433070866142,0.937041766208089,0.312050511275689,0.943755567699397,271,29,"MEN1;PLEKHA1;SKI"
"BP_positive_regulation_of_peptidyl-threonine_phosphorylation%0010800",0.532692307692308,0.937041766208089,0.36356188286943,0.947355471231177,276,16,"IRGM1;CAB39"
"BP_placenta_development%0001890",0.532224532224532,0.937041766208089,-0.329270579685425,-0.938999864749322,255,23,"BIRC2;NOTCH2;PPARD;ADA;ALKBH1"
"BP_positive_regulation_of_T_cell_receptor_signaling_pathway%0050862",0.534615384615385,0.937041766208089,0.362472601924193,0.944517065139114,277,16,"USP12;RELA;RAB29;TESPA1;RPS3;KCNN4;LIPA;BCL10"
"BP_response_to_cold%0009409",0.538461538461538,0.937041766208089,0.362076185720218,0.943484099150611,279,16,"RBM3;HSPD1;ACOT11;HSP90AA1"
"BP_programmed_cell_death%0012501",0.535641547861507,0.937041766208089,-0.352712162663062,-0.940893866282894,262,17,"KIT;CAPN3;P2RX7"
"BP_epidermal_growth_factor_receptor_signaling_pathway%0007173",0.540485829959514,0.938167711535077,-0.307353743140175,-0.926452836168102,266,29,"BRAF;KIT;INSR;PLCG1;EPHA7;NRG2;ADGRE4;IGF1R;AXL;CAML;KIF16B;PDGFRB;ABL1"
"BP_spermatogenesis%0007283",0.550098231827112,0.939147968152208,-0.229469126715468,-0.970688596991118,279,192,"IGF2R;BCKDK;ZSCAN2;PRDM9;CEP128;BTG1;BRCA2;DMXL2;TESK2;KIT;ZCWPW1;MAP7;NR2C2;CCNYL1;TESMIN;MKRN2;LGR4;SLCO4C1;CLOCK;HERC4;SPATA6;SYNE1;KDM3A;FANCF;TRIP13;POC1B;SCAPER;ACOX1;CDC25C;H3F3B;LRRK2;CIT;PIAS1;ALKBH5;ERCC1;ASPM;HTT;ZFP39;AXL;TLK2;NOTCH1;AU040320;HERPUD2"
"BP_B_cell_homeostasis%0001782",0.547709923664122,0.939147968152208,0.325602020455527,0.93743007615541,286,22,"BAX;PPP2R3C;RC3H1;RC3H2;PIRB;BCL2L11"
"BP_regulation_of_RNA_splicing%0043484",0.549180327868853,0.939147968152208,0.27022274181674,0.941584244314621,267,57,"TAF6L;CLK1;TRA2B;RRP1B;RBM12B1;RBM12B2;HNRNPF;FAM50A;HNRNPLL;MBNL2"
"BP_negative_regulation_of_Wnt_signaling_pathway%0030178",0.545643153526971,0.939147968152208,-0.357267372384199,-0.926667764556764,262,16,"RNF43;CSNK1E;NLK;AXIN1;APC"
"BP_oocyte_maturation%0001556",0.549792531120332,0.939147968152208,-0.35654361810569,-0.92479051571963,264,16,"TUT4;BRCA2;WASHC5;TRIP13"
"BP_nucleus_organization%0006997",0.547709923664122,0.939147968152208,0.324712310906158,0.934868542632203,286,22,"CHMP4B;CHMP7;LMNA;WDR73;CHMP5"
"BP_cellular_response_to_xenobiotic_stimulus%0071466",0.543388429752066,0.939147968152208,-0.299010728097186,-0.936204020872168,262,35,"PDE4A;PDE4B;BRAF;E2F1;BLM;PPM1F;MYLK;RNF149;ITGB3;TFRC;RECQL5;MEF2C"
"BP_positive_regulation_of_cell_growth%0030307",0.547619047619048,0.939147968152208,0.277562184388729,0.955214595768159,275,51,"NCBP1;DNPH1;PSMD10;PTK2B;MLST8;CDKN2AIP;KDM2B;TRIM32;ACSL4;DDX49;CD38;MTPN;SDCBP;ADAM17;EIF4G1"
"BP_glucose_homeostasis%0042593",0.545638945233266,0.939147968152208,0.263822722114388,0.951149325912928,268,67,"CEBPA;SLC16A1;ANKRD26;FOXO3;ALMS1;SLC37A4;SOX4"
"BP_peroxisome_organization%0007031",0.545643153526971,0.939147968152208,-0.357746342139529,-0.927910099756589,262,16,"PEX16;PEX6;ABCD2;PEX19;ABCD4"
"BP_protein_homotetramerization%0051289",0.551515151515152,0.940020898641588,-0.289135589850087,-0.935136776930326,272,39,"EVL;TRPM2;RYR1;KCNJ2;TK1;TRPM7"
"BP_T_cell_homeostasis%0043029",0.564049586776859,0.940186423372089,-0.322200877067346,-0.926575988308946,272,25,"STAT5B;JAK3;STAT5A;PPP3CB;BCL2;P2RX7;FAS;TCIRG1"
"BP_establishment_of_cell_polarity%0030010",0.564,0.940186423372089,-0.308711430361226,-0.911307934929664,281,27,"DIAPH3;MYO9B;IGF1R;WEE1;CORO7;TCIRG1;RHOJ;PAK1"
"BP_negative_regulation_of_double-strand_break_repair_via_homologous_recombination%2000042",0.558541266794626,0.940186423372089,0.320579095411033,0.92709153140318,290,23,"UBQLN4;C1QBP;KLHL15;RADX;CGAS;SENP3;TRP53BP1"
"BP_skeletal_system_development%0001501",0.567010309278351,0.940186423372089,-0.288481316934944,-0.940456778474922,274,42,"COL1A2;COL1A1;RASSF2;HEXB;HDAC4;ACD"
"BP_negative_regulation_of_cardiac_muscle_cell_apoptotic_process%0010667",0.55984555984556,0.940186423372089,0.312021544371717,0.928046127839948,289,25,"HSPA8;NFE2L2;TRIP10;SLC25A4;NPM1"
"BP_microtubule_nucleation%0007020",0.565217391304348,0.940186423372089,-0.332081764766817,-0.927438478269275,272,21,"CCDC57;PCNT;TUBGCP3;CEP192;TUBG1;TUBGCP6;TPX2;SLAIN2;GOLGA2;TUBGCP5"
"BP_negative_regulation_of_translation%0017148",0.566336633663366,0.940186423372089,-0.261029698561308,-0.937073859926564,285,65,"TOB1;PCIF1;EIF2A;INPP5E;ERN1;PRG3;LIN28A;DAPK1;DDX6;XRN1;MRPL13;EIF2AK4;ENC1"
"BP_positive_regulation_of_myoblast_differentiation%0045663",0.564,0.940186423372089,-0.299063712710591,-0.916092975451484,281,30,"BTG1;NR2C2;ARID2;SMARCD1;PIK3R1;KAT5"
"BP_double-strand_break_repair_via_homologous_recombination%0000724",0.564705882352941,0.940186423372089,-0.256545582265703,-0.95428983707789,287,82,"RAD51B;RAD51D;BRCA2;TONSL;FBH1;BLM;MBTD1;SMC5;KAT5;NABP2;INO80;ANKLE1;POLL;ZFYVE26;RECQL4;SLX1B;HTATSF1;RECQL5;TOPBP1;REV3L;SAMHD1;ZMYND8;RMI1;MCM9;CHD4;WRN;NSMCE1;NUCKS1;FAN1"
"BP_response_to_hypoxia%0001666",0.566801619433198,0.940186423372089,0.247960319936935,0.933870243445064,279,86,"ANGPTL4;SLC2A1;HYOU1;CAT;HSP90B1;SOX4;PTK2B;SMAD3;SLC8A1;ERCC3;CCR2;ACE;SOD2;REST;ADSL;MECP2"
"BP_response_to_UV%0009411",0.553191489361702,0.940186423372089,0.286296774686785,0.946321274219035,285,42,"CDKN1A;MEN1;SPRTN;ERCC3;PRKAA1;RAD18;PML;UBE2B;ZRANB3;TRIM32"
"BP_response_to_virus%0009615",0.565476190476191,0.940186423372089,0.275246828704921,0.947246429829275,284,51,"CD2AP;IFITM3;IFI27L2A;RSAD2;CCT5;DDX21;NMI;OASL2;HYAL2;EIF2AK2;EEF1G;GTF2F1;OAS1G;OAS2"
"BP_negative_regulation_of_extrinsic_apoptotic_signaling_pathway%2001237",0.560460652591171,0.940186423372089,0.3191365722274,0.922919858806488,291,23,"RELA;TNFAIP3;GCLM;LMNA;GCLC;LGALS3;ZMYND11;RIPK1;PSME3"
"BP_peptidyl-tyrosine_phosphorylation%0018108",0.553719008264463,0.940186423372089,-0.297240850228695,-0.930662524794489,267,35,"KIT;INSR;PTPN4;LRRK1;JAK2;FGR;JAK3;STAT5A;VEGFA;WEE1;DYRK2;FES"
"BP_regulation_of_protein-containing_complex_assembly%0043254",0.55859375,0.940186423372089,0.341307843185436,0.91816999722161,285,18,"IRGM1;AIDA;TRAF2;APOE;PTPN11"
"BP_positive_regulation_of_catalytic_activity%0043085",0.556016597510373,0.940186423372089,-0.355278380595289,-0.921508786387416,267,16,"BTG1;PIK3CG;BCAS3;BCL2;P2RX7;PHACTR4"
"BP_suppression_of_viral_release_by_host%0044790",0.559183673469388,0.940186423372089,-0.341749978343818,-0.923229467359365,273,18,"TRIM11;TRIM5;TRIM26;TRIM12C"
"BP_negative_regulation_of_TORC1_signaling%1904262",0.577777777777778,0.940396719435438,-0.28543166528895,-0.923157358976655,285,39,"PTEN;OTUD7B;PELI1;NLK;SZT2;SESN1;PRKACB"
"BP_protein_branched_polyubiquitination%0141198",0.572301425661915,0.940396719435438,-0.342092286669965,-0.9125643181688,280,17,"UBR5;HUWE1;ITCH;ANAPC5;ANAPC1"
"BP_protein_localization_to_membrane%0072657",0.581632653061225,0.940396719435438,-0.333768703232584,-0.901668241794692,284,18,"TM9SF1;CAPN3;TIAM1;TM9SF2;LAMTOR1"
"BP_circadian_rhythm%0007623",0.570281124497992,0.940396719435438,-0.284468689086376,-0.929548371952485,283,41,"ASS1;TIMELESS;AGRN;CSNK1E;LGR4;CLOCK;SUV39H1"
"BP_vesicle_docking_involved_in_exocytosis%0006904",0.576374745417515,0.940396719435438,-0.341006355897759,-0.909667492623965,282,17,"CFTR;EXOC6;EXOC8"
"BP_protein_deubiquitination%0016579",0.574509803921569,0.940396719435438,0.280782243772113,0.928317295487938,292,43,"USP36;USP12;JOSD1;TNFAIP3;OTULINL;USP21;UCHL3;USP39;UCHL5;USP10;USP15;OTUD5;USP19;BAP1;USP8;OTUD6B;USP48;USP4;USP3"
"BP_positive_regulation_of_DNA_replication%0045740",0.580392156862745,0.940396719435438,0.314668334227488,0.916172825039623,295,24,"CACYBP;NPM1;HRAS;CDK1;SMARCA5;DNA2;BAZ1A;KAT7;CST3"
"BP_regulation_of_mRNA_stability%0043488",0.580971659919028,0.940396719435438,-0.298711615218039,-0.900402969840824,286,29,"RBM33;RNASEL;CARHSP1;HNRNPD;SENP1;ALKBH5;YTHDF2"
"BP_microtubule_bundle_formation%0001578",0.56964656964657,0.940396719435438,-0.321089801555655,-0.915670268874899,273,23,"MAP7;PSRC1;CCDC88C;FES;CCDC66;NAV1;CCSER2;MAPRE1"
"BP_response_to_estradiol%0032355",0.570247933884298,0.940396719435438,-0.291281283739624,-0.912003093592043,275,35,"ASS1;COL1A1;STAT5B;CASP9;ESR1;MBD2"
"BP_release_of_sequestered_calcium_ion_into_cytosol%0051209",0.571138211382114,0.940396719435438,-0.320516689437989,-0.925264020127102,280,24,"TRPM2;ITGAV;RYR1;PLCG1;P2RX7;PLCB2;PLCL2;PLCB1;FLNA;IBTK;PTPRC"
"BP_cholesterol_transport%0030301",0.573221757322176,0.940396719435438,-0.361857609740248,-0.921129736870119,273,15,"CFTR;STARD3NL"
"BP_positive_regulation_of_peptidyl-serine_phosphorylation%0033138",0.579476861167002,0.940396719435438,-0.283649218585458,-0.921236033142561,287,40,"BRAF;PHIP;RAF1;FNIP1;AXIN1;AKT2;BCL2;LATS1;ARAF;SMYD3;TFRC;PAK1;IRGM2;MAD2L2;TXN1;MET;IP6K2;CD44;ARRB1;ARRB2"
"BP_mitotic_sister_chromatid_segregation%0000070",0.581108829568789,0.940396719435438,-0.294763394640756,-0.901833150863124,282,31,"KIF18A;KNSTRN;INO80;CIT;CENPK;TUBG1;NCAPG2;KNL1;KIF18B;KNTC1;NIPBL;WAPL;CENPI"
"BP_positive_regulation_of_receptor-mediated_endocytosis%0048260",0.580152671755725,0.940396719435438,0.355594357580571,0.915495103767699,303,15,"KIF3A;B2M;HFE"
"BP_bicellular_tight_junction_assembly%0070830",0.579497907949791,0.940396719435438,-0.361382860122442,-0.919921233915483,276,15,"PECAM1;MPP7"
"BP_T_cell_activation%0042110",0.582822085889571,0.940854315946149,-0.299296542933731,-0.920667454539847,284,32,"TREML2;ITGAV;PELI1;ADA;DPP4;CD84;CD48"
"KEGG_Tryptophan_metabolism%mmu00380",0.867961165048544,0.94297015462064,0.257527479519029,0.694722572795762,446,17,"HAAO;CAT;ALDH7A1;KYAT3"
"BP_cardiac_muscle_contraction%0060048",0.585062240663901,0.943004046287467,-0.34877946258337,-0.904652117428387,281,16,"ATP1B1;TNNI2;MAP2K3"
"BP_flagellated_sperm_motility%0030317",0.591633466135458,0.943341840013219,0.296370148381966,0.908186084601403,296,30,"DNAJA1;MST1;MNS1;SLIRP;ADAM3;INTS13"
"BP_methylation%0032259",0.590551181102362,0.943341840013219,-0.256970873870901,-0.932176136725839,299,68,"PRDM9;HNMT;PCIF1;ARMT1;KMT2A;KMT2B;KMT5B;NSD3;SUV39H1;PRDM4;METTL25;MTR;N6AMT1;THUMPD2;TRMT11;KMT2D;SMYD3;PRDM10;KMT5C;DNMT3A;ASH1L;PCMT1;SETDB2"
"BP_anaphase-promoting_complex-dependent_catabolic_process%0031145",0.58984375,0.943341840013219,0.333687805141696,0.897670936185829,301,18,"ANAPC10;UBE2C;ANAPC16;ANAPC11;UBE2S"
"BP_ERAD_pathway%0036503",0.590818363273453,0.943341840013219,0.254987543210705,0.933537660407577,295,72,"HSPA5;UBXN4;MAN1A2;SYVN1;HSP90B1;SDF2L1;SELENOS;UBQLN1;EDEM3;FBXO6"
"BP_fertilization%0009566",0.587786259541985,0.943341840013219,0.352908460875599,0.90858013104609,307,15,"BAX;AAAS;CLIC4;ADAM3;ZFX;TDRKH;EHMT2"
"BP_neural_tube_development%0021915",0.591170825335893,0.943341840013219,0.310649283458723,0.898375234235989,307,23,"PHGDH;KIF3A;EPHA2;ITPK1"
"BP_fibroblast_proliferation%0048144",0.586872586872587,0.943341840013219,0.287397941842256,0.917502889690821,303,35,"CDKN1A;MEN1;SKI;PRDX1;ING5;KDM8;BC004004;HRAS;CKS2;PES1;CDK1;BRK1"
"BP_fibroblast_growth_factor_receptor_signaling_pathway%0008543",0.59349593495935,0.943413140103836,-0.315999718930706,-0.912224479822065,291,24,"KIT;INSR;NDST1;EPHA7;IGF1R;AXL;KIF16B;FRS2;PDGFRB"
"BP_negative_regulation_of_proteasomal_ubiquitin-dependent_protein_catabolic_process%0032435",0.592592592592593,0.943413140103836,0.291448304003765,0.908639455311746,303,32,"RYBP;HFE;EIF3H;USP38;HSP90AB1;UBXN1;BAG5;UCHL5;RPL11;CSNK2B;BAG6;CSNK2A2;PARK7"
"RA_Extension_of_Telomeres%R-MMU-180786",0.848249027237354,0.943802771412313,-0.23431509908229,-0.763874329602168,435,39,"ANKRD28;POLD4;BLM;ACD"
"RA_G-protein_beta:gamma_signalling%R-MMU-397795",0.847389558232932,0.943802771412313,-0.269554364337372,-0.697241125928212,421,15,"PIK3CG;AKT2;PIK3R5;PLCB2;PLCB1;GNG12"
"RA_Cytoprotection_by_HMOX1%R-MMU-9707564",0.85361216730038,0.945632388762431,-0.236678659448761,-0.753307615848367,448,35,"MED1;CHD9;COX8A;HELZ2;COX11;BLVRB;NCOA2;SURF1;RXRA"
"RA_Death_Receptor_Signaling%R-MMU-73887",0.854932301740812,0.945632388762431,-0.212578704783522,-0.813205997890615,441,93,"ARHGEF39;BIRC2;PLEKHG2;OTUD7B;TAX1BP1;TNFRSF10B;ARHGEF18;RBCK1;PLEKHG5;ARHGEF3;RASGRF2;IKBKG;OPTN;STUB1;TIAM2"
"RA_Cell-Cell_communication%R-MMU-1500931",0.854442344045369,0.945632388762431,-0.241312674559711,-0.735466593794077,451,29,"ACTN1;PVR;NECTIN2;JUP;LIMS1;FLNA;SIRPA;ARHGEF6"
"BP_cytoskeleton_organization%0007010",0.596078431372549,0.946069436949092,-0.250013462821578,-0.928330091747876,303,79,"ELMOD3;ZRANB1;MAST3;PHIP;SIPA1L3;DIAPH3;ZMYM3;BRWD1;ZNRF1;PALM;ZMYM4;NECTIN2"
"BP_response_to_mechanical_stimulus%0009612",0.598360655737705,0.948241771993493,-0.331088406562358,-0.906253950450679,291,19,"COL1A1;ATR;THBS1;MBD2;P2RX7;CLCN6;SUN1"
"RA_RHO_GTPase_Effectors%R-MMU-195258",0.861598440545809,0.94872815468972,-0.203424984954158,-0.848158322671747,441,165,"ABI2;CYFIP2;EVL;CFTR;CYBB;IQGAP3;KIF18A;PKN2;SGO1;DIAPH3;CENPF;CENPH;CENPU;DAAM1;CENPO;CENPA;XPO1;PPP2R5E"
"RA_Loss_of_Nlp_from_mitotic_centrosomes%R-MMU-380259",0.866156787762906,0.94872815468972,-0.227783921271807,-0.789183349203451,452,55,"SFI1;CEP135;CSNK1E;PLK4;PRKAR2B;PCNT;CEP250;OFD1;DCTN1;CEP192;TUBG1;HAUS3;CEP152;MAPRE1"
"RA_Loss_of_proteins_required_for_interphase_microtubule_organization_from_the_centrosome%R-MMU-380284",0.866156787762906,0.94872815468972,-0.227783921271807,-0.789183349203451,452,55,"SFI1;CEP135;CSNK1E;PLK4;PRKAR2B;PCNT;CEP250;OFD1;DCTN1;CEP192;TUBG1;HAUS3;CEP152;MAPRE1"
"RA_G2/M_Transition%R-MMU-69275",0.865145228215768,0.94872815468972,0.209029984807641,0.823652705439309,416,123,"CDKN1A;DYNLL1;PAFAH1B1;AKAP9;ALMS1;PSMD10;PSMD7;PSMF1;PSMD13;PSMC5;PSMD12;HSP90AB1;HSP90AA1;PSMC2;PSMA7;PSMC1;NEK2;PSMC6;PSMB6;NDE1;DYNC1I2"
"RA_Mitochondrial_Fatty_Acid_Beta-Oxidation%R-MMU-77289",0.86046511627907,0.94872815468972,-0.250116319466343,-0.740005012091551,443,26,"ACOT2;MCEE;MMAA;PCCB;HADHA;ECI1;ECHS1;ACAD10;ACSF2;MCAT"
"BP_positive_regulation_of_transforming_growth_factor_beta_receptor_signaling_pathway%0030511",0.599593495934959,0.948747025580012,-0.325709021939637,-0.907028801628351,294,20,"FURIN;THBS1;AXIN1;RNF111"
"BP_regulation_of_immune_response%0050776",0.60248447204969,0.948981611513775,-0.32632703110265,-0.911366648983234,290,21,"CLEC12A"
"BP_tRNA_methylation%0030488",0.602316602316602,0.948981611513775,0.302037448626252,0.898350417515779,311,25,"METTL1;TRMT10A;TARBP1;TRMO;METTL6;TRMT44;TRMT12;NSUN2;GTPBP3;NSUN4;THADA"
"BP_telomere_maintenance_via_telomerase%0007004",0.600782778864971,0.948981611513775,0.341114215861327,0.900683173126106,306,17,"PINX1;NHP2;HSP90AB1;HSP90AA1;DKC1;RAD50;WRAP53;HMBOX1;PTGES3"
"BP_blastocyst_development%0001824",0.603658536585366,0.949390243902439,-0.323717622038423,-0.901483185927551,296,20,"G2E3;ATP1B1"
"KEGG_Fatty_acid_degradation%mmu00071",0.882113821138211,0.950463225562488,0.23814628890541,0.726507136350727,433,30,"ACSL3;ALDH7A1;ECI2;ACSL4;ADH5"
"KEGG_Nucleotide_excision_repair%mmu03420",0.885658914728682,0.950463225562488,-0.226485673044101,-0.744807007692239,456,43,"XPC;RAD23A;POLD4;POLE;GTF2H2;MNAT1;ERCC1;ERCC6"
"KEGG_GABAergic_synapse%mmu04727",0.882828282828283,0.950463225562488,0.24547766595126,0.697158753582619,436,22,"SLC38A2;GNAI3;GLUL;GABARAPL2;SLC38A1;GPHN;GABARAP;GNB1;NSF;GLS;GNB2"
"BP_endosome_organization%0007032",0.606177606177606,0.950662511596926,0.284553330817661,0.90842161785435,313,35,"HOOK2;CC2D1A;RAB5C;PLEKHA3;WASHC1;VPS11;WASHC4;VPS33B;PIK3C3;HOOK3;PLEKHJ1;USP8"
"BP_establishment_of_mitotic_spindle_orientation%0000132",0.606299212598425,0.950662511596926,0.2991186779185,0.90464494525076,307,29,"PAFAH1B1;ZW10;GPSM1;MCPH1;NDE1;BCCIP;HDAC3"
"BP_cellular_response_to_epidermal_growth_factor_stimulus%0071364",0.608445297504798,0.952588565324255,0.285457337004791,0.905396662670844,316,34,"FOS;PPP1R9B;PTPN12;ZPR1;BAIAP2;DUSP22;PTPN11;PDE8A;PDPK1;EEF1A1"
"BP_epithelial_cell_proliferation%0050673",0.61010101010101,0.953742241694049,-0.279551254343737,-0.893664450134566,301,37,"TRIM24;KIT;PPARD;LGR4;EYA1;VEGFA;HGF;APC;B4GALT1"
"BP_positive_regulation_of_G2/M_transition_of_mitotic_cell_cycle%0010971",0.612284069097889,0.954280576161574,0.307279695803694,0.88863063072311,318,23,"CCND1;RAB11A;CDC7;FBXO5"
"BP_negative_regulation_of_protein-containing_complex_assembly%0031333",0.611969111969112,0.954280576161574,0.299427888937667,0.890588800383747,316,25,"HSPA5;TFIP11;DNAJC15;AIDA;EIF4EBP1"
"KEGG_Galactose_metabolism%mmu00052",0.905325443786982,0.956023668639053,-0.241355363086809,-0.683790691206336,458,22,"PFKM;GLB1;GANC;B4GALT1;MGAM;GALM;HK2;G6PC3;HK3"
"KEGG_FoxO_signaling_pathway%mmu04068",0.895161290322581,0.956023668639053,-0.208214301895933,-0.786169906252732,443,86,"PTEN;SGK1;BRAF;INSR;CSNK1E;PLK4;RAF1;NLK;PIK3R1;AKT2;GADD45A;HOMER3;MAPK13;PRKAB1;IGF1R;MAPK14;ARAF"
"KEGG_Adherens_junction%mmu04520",0.900826446280992,0.956023668639053,0.224360953000439,0.730408892801277,435,40,"PTPN6;SMAD3;BAIAP2;ACTN4;SSX2IP;AFDN;CREBBP;CTNNA1;CTNNB1;CSNK2B;CSNK2A2;MAP3K7;WAS"
"KEGG_Insulin_resistance%mmu04931",0.903092783505155,0.956023668639053,0.222188629700054,0.77261623786459,437,59,"NFKBIA;SLC2A1;AKT3;RELA;PRKAA1;MLX;CREB1;PTPN11;PDPK1;GFPT1"
"BP_neuron_cellular_homeostasis%0070050",0.616570327552986,0.956607813324231,0.313932711701269,0.889745159471463,319,21,"HAAO;DISC1;IMMT;PRKAA1;TMEM175"
"BP_protein_localization_to_cell_surface%0034394",0.617463617463617,0.956607813324231,-0.311877124438514,-0.889397947262567,296,23,"CD177;PTPRU;GGA3;VPS54"
"BP_positive_regulation_of_protein_kinase_activity%0045860",0.617283950617284,0.956607813324231,-0.281651206940596,-0.891750819140749,299,36,"ALS2;RASSF2;CDK5R1;AXIN1;CSF1;MAP2K3;LRP8;LRRK2;WDR24"
"BP_negative_regulation_of_fat_cell_differentiation%0045599",0.615686274509804,0.956607813324231,0.323055164657794,0.896646236957177,313,20,"ANKRD26;SMAD3;SIRT2;SOD2;JDP2;GPS2"
"RA_Regulation_of_PTEN_gene_transcription%R-MMU-8943724",0.878151260504202,0.958137906325321,0.230886286465199,0.739025601167307,417,35,"LAMTOR3;EED;PHC2;MLST8;MAF1;RHEB;RBBP7;MTA2"
"RA_TGF-beta_receptor_signaling_activates_SMADs%R-MMU-2173789",0.878,0.958137906325321,-0.253211035660562,-0.692772514132618,438,19,"FURIN"
"RA_COPII-mediated_vesicle_transport%R-MMU-204005",0.881390593047035,0.95981219320209,0.22187129538145,0.768672696882141,430,51,"USO1;TFG;SEC22B;SEC24D;RAB1A;NAPA;STX17;BET1;MCFD2;SEC24A;SEC13;YKT6;PPP6R3;TMED2;LMAN2"
"BP_pyroptotic_inflammatory_response%0070269",0.62124248496994,0.961027867956479,-0.301015548828037,-0.882818323126912,309,26,"NAIP2;MEFV;NAIP6;CASP4;NAIP5;NLRC4;NINJ1;NLRP3;TRIM21;CASP3"
"BP_negative_regulation_of_insulin_receptor_signaling_pathway%0046627",0.622266401590457,0.961179352456688,0.296832987271533,0.880437528930246,312,26,"ANKRD26;RELA;PIP4K2B;PRKAA1;LONP1"
"RA_ABC-family_proteins_mediated_transport%R-MMU-382556",0.884381338742394,0.961209833420787,0.216647672036415,0.773386637451016,435,61,"ABCA9;PSMD10;ABCF1;PSMD7;PSMF1;PSMD13;PSMC5;PSMD12;PSMC2;PSMA7;PSMC1;PSMC6;PSMB6;PSMC3;VCP;PSME3;ERLIN1;PSMD2;ABCD3;PSMD8;RPS27A;PSMD6;PSMB1;PSMD1;EIF2S2;DERL2;PSME1;ABCC1;ERLEC1"
"KEGG_DNA_replication%mmu03030",0.914634146341463,0.962005635992615,0.223224058107924,0.695829578356137,449,34,"SSBP1;POLA2;RNASEH1;RFC3;POLD3;DNA2;RPA3"
"BP_lipid_metabolic_process%0006629",0.625498007968128,0.963305134058458,-0.251636736045625,-0.913342583734041,313,70,"ACSS2;LRP10;ABHD5;FABP5;PTPN22;SCAP;PPARD;LPIN2;FMO5;ACOX1;GPCPD1;ALDH3B1;MBTPS1;B4GALT1;PLAGL2;PLCL2;TMEM86A;OMA1;ABHD11;LDLR;RUBCNL;RIDA"
"BP_mitotic_G2_DNA_damage_checkpoint_signaling%0007095",0.627858627858628,0.963305134058458,-0.280480351090328,-0.874582320665204,301,34,"TRIM39;MBD4;TAOK2;BABAM2;BLM;TICRR;MBTPS1;FOXN3;TAOK1"
"BP_positive_regulation_of_non-canonical_NF-kappaB_signal_transduction%1901224",0.628282828282828,0.963305134058458,-0.276265864680323,-0.883161775217493,310,37,"NLRP12;AGO3;PTP4A3;TLR2;RBCK1;SASH1;TRIM26;TLR7"
"BP_positive_regulation_of_macrophage_cytokine_production%0060907",0.627049180327869,0.963305134058458,-0.324247061169598,-0.887527845381159,305,19,"TLR2;TLR7;CASP4;P2RX7;TLR4"
"BP_nuclear_membrane_reassembly%0031468",0.627862595419847,0.963305134058458,0.341930892094543,0.880317842131528,328,15,"CHMP4B;CHMP7;CHMP5;SPAST;NSFL1C;CHMP2B"
"BP_cilium_assembly%0060271",0.633136094674556,0.963366148606015,-0.23810589914429,-0.934522480589112,320,114,"ELMOD3;INPP5E;OCRL;ARL3;DYNC2H1;CCDC57;PLK4;NUDCD3;WDR90;RAB3IP;MKS1;POC1B;PCNT;CEP250;KIF3B;RPGR;BBS9;OFD1;CEP89;GALNT11;CCDC66;ALPK1;NOTCH1;CEP164;PTPDC1;UNC119B;TXNDC15;ABCC4;WDR11;FLNA;RPGRIP1L;B9D2;ATXN10;PTPN23;NPHP3;DTNBP1;ACTR2;ASAP1;BLOC1S6;TOGARAM1;FAM149B;DNMBP"
"BP_apoptotic_signaling_pathway%0097190",0.633136094674556,0.963366148606015,0.276626994182843,0.89894169813172,320,39,"TMBIM1;BAX;CASP8;FADD;ING5;DAXX;BAD;SGPL1;DIDO1;CTNNB1;BCL10;TICAM1;TRP53;BMI1"
"BP_positive_regulation_of_mitochondrial_translation%0070131",0.629707112970711,0.963366148606015,-0.349992909801341,-0.890927448349468,300,15,"CDK5RAP1;NGRN;FASTKD3;UQCC2;COA3"
"BP_animal_organ_regeneration%0031100",0.633540372670808,0.963366148606015,-0.317974868671585,-0.888040716525712,305,21,"IGF2R;MED1;PTPRU"
"BP_positive_regulation_of_focal_adhesion_assembly%0051894",0.630612244897959,0.963366148606015,-0.324806937519016,-0.87745824410447,308,18,"PPM1F;VEGFA;NRP1;PTPRJ;LIMS1;POLDIP2;MAP4K4;ABL1"
"BP_inner_cell_mass_cell_proliferation%0001833",0.633891213389121,0.963366148606015,-0.34752437824806,-0.88464365671728,302,15,"BRCA2;BRD4;GINS1;INTS1;PELO;NCAPG2;COPS2"
"RA_FLT3_Signaling%R-MMU-9607240",0.889558232931727,0.96497357445195,-0.253968681155034,-0.656926515118156,442,15,"SH2B3;PIK3R1"
"BP_homophilic_cell_adhesion_via_plasma_membrane_adhesion_molecules%0007156",0.637474541751528,0.965060489887744,-0.326835471851531,-0.871865286490121,312,17,"PECAM1;PVR;NECTIN2"
"BP_heart_looping%0001947",0.637795275590551,0.965060489887744,0.294121387211313,0.889531299357215,323,29,"FOLR1;KIF3A;SMAD3;ARL13B;SUFU;DVL2;CLUAP1;IFT172;IFT57;TMED2"
"BP_anterior/posterior_pattern_specification%0009952",0.6359918200409,0.965060489887744,-0.286107386802002,-0.880096231483601,310,32,"RING1;KMT2A;LRP5;BPTF;APC;HIPK1;MLLT3;HTT;SF3B1;ZBTB16"
"RA_Nuclear_Events_(kinase_and_transcription_factor_activation)%R-MMU-198725",0.891566265060241,0.965291936978684,0.254106835152211,0.681916876001016,443,17,"CREB1;RPS6KA3;PPP2R1A;MAPK1;PPP2CB;RPS6KA5;MAPK7;PPP2CA;RPS6KA2;VRK3;SRF;ATF1;DUSP6;MAPK3;RPS6KA1;CHD4;PPP2R1B"
"BP_positive_regulation_of_G1/S_transition_of_mitotic_cell_cycle%1900087",0.638996138996139,0.965457220786678,0.27911737170877,0.891067602864965,330,35,"CCND1;RPL17;ANKRD17;APEX1;CUL4A;CREBBP;CPSF3;ADAM17;EIF4G1;PLRG1;CUL4B;CCNE2"
"BP_thymus_development%0048538",0.639917695473251,0.965457220786678,-0.279692050947721,-0.885547831479348,310,36,"BRAF;RAF1;ASXL1;CARMIL2;BCL2;APC"
"KEGG_Terpenoid_backbone_biosynthesis%mmu00900",0.922,0.965904761904762,0.235306922686105,0.635784803757231,460,18,"NUS1;GGPS1;FNTA"
"BP_melanosome_organization%0032438",0.641221374045801,0.966020009084967,0.338078334081299,0.870399242685509,335,15,"BLOC1S2;BLOC1S5;RAB29;BLOC1S1;APOE"
"BP_regulation_of_MAPK_cascade%0043408",0.647637795275591,0.967078826267882,0.290956618607696,0.879959874596737,328,29,"STK40;TNIK;STK3;RNF41;PHLPP1;ATP6AP2;VRK2;PTPN11;TAOK3;STK4"
"BP_response_to_lipopolysaccharide%0032496",0.643584521384929,0.967078826267882,0.241460427485783,0.90754534634604,315,85,"FOS;NFKBIA;NFKB2;CEBPB;ACE;AKAP12;SOD2;FOXP1;IRAK1;IRF3;EIF2AK2;AKIRIN2"
"BP_mRNA_export_from_nucleus%0006406",0.648915187376726,0.967078826267882,0.273845611231714,0.889903169116762,328,39,"THOC5;NCBP1;NXT1;CASC3;NUP88;TPR;NUP155;YTHDC1;NUP85;NUP160;NUP214;MAGOHB;SRSF3;RBM8A;NXF1;CHTOP;MCM3AP;EIF4E;NCBP2"
"BP_positive_regulation_of_dendritic_spine_development%0060999",0.647058823529412,0.967078826267882,0.315061723534767,0.874460277135446,329,20,"MECP2;LLPH;APOE;CREBBP;NR3C1;ARF1;CFL1;PBRM1"
"BP_calcium_ion_homeostasis%0055074",0.649377593360996,0.967078826267882,-0.335681607629738,-0.870679353866539,312,16,"TRIM24;SELENON;NT5E;ASPH;ZNHIT1"
"BP_sodium_ion_transport%0006814",0.647859922178988,0.967078826267882,0.31673150100128,0.8672634643379,332,19,"CPOX;SLC5A6;SLC8A1;ATP1B3;SLC38A7;FXYD5;COMMD3;COMMD9"
"BP_JNK_cascade%0007254",0.646123260437376,0.967078826267882,0.265572648738819,0.901778271217408,324,48,"PAFAH1B1;IRAK4;HACD3;STK3;MAP1LC3A;SMAD3;MAP3K5;IRAK1;ATF2;DUSP19;DAXX;TRAF6"
"BP_COPII-coated_vesicle_cargo_loading%0090110",0.648076923076923,0.967078826267882,0.337655477963563,0.879849564853424,336,16,"SEC23B;SEC24D;RAB1A;SAR1A;SEC24A;SEC13;SURF4;SAR1B"
"RA_Anchoring_of_the_basal_body_to_the_plasma_membrane%R-MMU-5620912",0.895238095238095,0.967407001188191,-0.210244688114947,-0.771923157686582,469,75,"SFI1;CEP135;CSNK1E;PLK4;RAB3IP;MKS1;PRKAR2B;PCNT;CEP250;OFD1;DCTN1;CEP89;CEP192;TUBG1;HAUS3;CEP97;CEP152;MAPRE1"
"BP_adipose_tissue_development%0060612",0.652439024390244,0.967818974918212,-0.303970845537729,-0.87749966167702,320,24,"LRP5;PPARD;SELENOM;PAXIP1;BSCL2;AP1S2"
"BP_negative_regulation_of_MAPK_cascade%0043409",0.652,0.967818974918212,0.29107094759741,0.872535247716443,325,28,"SPRED1;PTPN6;PSMD10;PRDM15;PEBP1"
"BP_vascular_endothelial_growth_factor_signaling_pathway%0038084",0.652671755725191,0.967818974918212,0.334288741540605,0.860642750934952,341,15,"NUS1;RELA;MYO1C;EPHA2;FLT3"
"BP_response_to_wounding%0009611",0.679282868525896,0.968433223245511,0.285828350869811,0.853565952384792,340,27,"BAX;CD2AP;TNFAIP3;FGFR1OP2;NMNAT1"
"BP_endocytic_recycling%0032456",0.670020120724346,0.968433223245511,-0.258065325678222,-0.883191217043526,332,50,"EPG5;RAB11FIP4;CMTM6;GGA3;ENTR1;VPS39;STX16;MICALL1;SNX17;RAB11B;LMTK2;DENND1C;SNX7;DENND1B;VPS51;VTI1A;PTPN23"
"BP_retina_development_in_camera-type_eye%0060041",0.656370656370656,0.968433223245511,0.276864386387195,0.883875065125393,339,35,"BAX;ALMS1;SKI;MAX;UCHL3"
"BP_protein_localization_to_organelle%0033365",0.661825726141079,0.968433223245511,-0.330866779424482,-0.858190818851672,318,16,"CNGB1;RAB3IP;CEP250;TCIRG1"
"BP_activation_of_protein_kinase_activity%0032147",0.680933852140078,0.968433223245511,0.308183334183811,0.843857163592886,349,19,"PPP2R3C;CAB39;SESN2;TRAF6;ECT2;STRADA;RIPK3"
"BP_negative_regulation_of_angiogenesis%0016525",0.680555555555556,0.968433223245511,0.268295681330741,0.878616063504575,342,41,"SPRED1;PTPN6;RELA;TCF4;EMILIN1;CCR2;MECP2;EPHA2;ATF2"
"BP_regulation_of_mitotic_metaphase/anaphase_transition%0030071",0.664015904572565,0.968433223245511,0.290795582752897,0.862529958870732,333,26,"PHF10;UBE2C;DPF2;BCL7A;SMARCE1;BCL7C;RIOK2"
"BP_negative_regulation_of_cilium_assembly%1902018",0.663900414937759,0.968433223245511,-0.328969490676276,-0.853269696860358,319,16,"EVI5L;CEP97;CDK10;CCP110;LIMA1;MPHOSPH9;WDR44;KIF24"
"BP_synapse_organization%0050808",0.67704280155642,0.968433223245511,0.309224193930628,0.846707210484529,347,19,"CD2AP;CTNNB1;NPTN;CAPRIN1;APP;PPFIA1"
"BP_regulation_of_ERK1_and_ERK2_cascade%0070372",0.678227360308285,0.968433223245511,0.298895088889435,0.847125669344805,351,21,"PTPN6;PRMT5;EPHA2"
"BP_mismatch_repair%0006298",0.677551020408163,0.968433223245511,-0.313883804607666,-0.847949659411903,331,18,"XPC;PMS1"
"BP_negative_regulation_of_interleukin-6_production%0032715",0.67843137254902,0.968433223245511,0.292474709231533,0.851554959500875,345,24,"PTPN6;KLF2;TNFAIP3;SELENOS;CSK;FLT3;TRIM30A;BANK1;RABGEF1;ELF4"
"BP_cardiac_muscle_cell_development%0055013",0.665271966527197,0.968433223245511,-0.337705368976936,-0.859648793592174,317,15,"DICER1;MYO18B;VEGFA;SGCB;CTCF;MET;NAGLU"
"BP_cellular_response_to_mechanical_stimulus%0071260",0.664634146341463,0.968433223245511,-0.26774151536111,-0.883905778017139,326,43,"COL1A1;KCNJ2;TMEM87A;MAP2K4;PIEZO1;TLR7;GADD45A"
"BP_skeletal_muscle_tissue_development%0007519",0.67004048582996,0.968433223245511,-0.277339509165868,-0.863371909230338,330,33,"COL19A1;NF1;VPS54;GPCPD1;SELENON;CCNT2;CFLAR;MAPK14"
"BP_positive_regulation_of_vascular_associated_smooth_muscle_cell_proliferation%1904707",0.67287784679089,0.968433223245511,-0.31074567321194,-0.867851008003438,324,21,"NF1;ERN1;JAK2;MMP9;MFN2;PAK1;MEF2D;FRS2"
"BP_positive_regulation_of_osteoclast_differentiation%0045672",0.657692307692308,0.968433223245511,0.334638190271947,0.871987233466066,341,16,"FOS;ASXL2;CREB1;TRAF6"
"BP_T_cell_proliferation%0042098",0.674846625766871,0.968433223245511,-0.279077689148968,-0.858472146617922,329,32,"PTEN;SLFN1;PELI1;STAT5A;ARMC5;P2RX7;SASH3;CD37"
"BP_negative_regulation_of_smooth_muscle_cell_proliferation%0048662",0.669456066945607,0.968433223245511,-0.336495028468933,-0.856567800948518,319,15,"NPR1;PPARD;ESR1;PIK3R1"
"BP_positive_regulation_of_Wnt_signaling_pathway%0030177",0.669456066945607,0.968433223245511,-0.311862505766087,-0.874634710249554,319,22,"ZRANB1;CSNK1E;TLR2;MBD2;WLS;PBXIP1;MACF1"
"BP_limb_development%0060173",0.681467181467181,0.968433223245511,0.286216987738027,0.851295597959892,352,25,"BMPR2;IFT80;RC3H2;CTNNB1;IFT172;GALNT3"
"BP_behavioral_fear_response%0001662",0.661825726141079,0.968433223245511,-0.329820173235425,-0.855476167885612,318,16,"ALS2;DPP4;BCL2;PENK"
"BP_microglial_cell_activation%0001774",0.669456066945607,0.968433223245511,-0.335868364727291,-0.854972591695191,319,15,"TLR2;TLR1;JAK2;TLR4"
"BP_chondrocyte_differentiation%0002062",0.679089026915114,0.968433223245511,-0.307474967852751,-0.858716576899332,327,21,"SNX19;CREB3L2;MAPK14;MEF2C;MEF2D;RUNX3;RUNX1;EXT2"
"BP_intrinsic_apoptotic_signaling_pathway_in_response_to_DNA_damage%0008630",0.668627450980392,0.968433223245511,0.2660115320187,0.879482629153095,340,43,"BAX;FNIP2;MYC;SOD2;MSH2;EPHA2;BRCA1;PML;CRIP1;BAD;RAD9A;MLH1;BCL2L11;MSH6"
"BP_coronary_vasculature_development%0060976",0.682008368200837,0.968433223245511,-0.333641299632074,-0.849303467072877,325,15,"DYNC2H1;NDST1;SNX17;PLXND1"
"BP_regulation_of_protein_localization_to_plasma_membrane%1903076",0.676229508196721,0.968433223245511,-0.312138013938732,-0.854383006505325,329,19,"ZDHHC7;STX8;PIK3R1;CAMK2G;SPTBN1;VTI1B"
"BP_gastrulation%0007369",0.676300578034682,0.968433223245511,0.299736795380738,0.849511226021185,350,21,"POGLUT1;SMAD3;TXNRD1;LMBRD1;RPS6;RACK1;SMAD2"
"BP_glycogen_metabolic_process%0005977",0.658959537572254,0.968433223245511,0.303440100054698,0.860007097540428,341,21,"STK40;SLC37A4"
"BP_ventricular_septum_development%0003281",0.662109375,0.968433223245511,0.317524055745338,0.854187992460209,338,18,"DNM2;DCTN5;SUFU;AP2B1;MATR3;LMO4"
"BP_membrane_organization%0061024",0.676829268292683,0.968433223245511,-0.304459957228433,-0.847854776954579,332,20,"HIP1R;LPCAT2;TOR1AIP2;SELENON"
"BP_spleen_development%0048536",0.683495145631068,0.968759350097859,0.276474061363501,0.858723578534347,351,31,"NFKB2;PPP2R3C;RC3H1;FADD;RC3H2;FLT3;SCO1;BCL2L11;LIPA;RBM15;ADAM17;RIPK3;PKN1"
"BP_positive_regulation_of_fibroblast_proliferation%0048146",0.6841046277666,0.968759350097859,-0.265244040913712,-0.861459690545323,339,40,"CDK6;E2F1;PHIP;ESR1;LIG4;ITGB3;TGIF1;CDC6;RNASEH2B;PDGFRB;ABL1;FN1"
"BP_cartilage_development%0051216",0.685258964143426,0.96907194111836,0.284336544477837,0.849110987928454,343,27,"SMAD1;ZBTB7A;IFT80;HYAL2;BBS2;SMAD5"
"BP_response_to_cytokine%0034097",0.691119691119691,0.971116793804117,0.270029629692135,0.862055462041756,357,35,"NFKB2;RELA;FNTA;PML;SELL"
"BP_positive_regulation_of_cell-matrix_adhesion%0001954",0.690376569037657,0.971116793804117,-0.331167238617055,-0.843005599872017,329,15,"CDK6;CSF1;PTPRJ;JUP;ITGB3;PLEKHA2"
"BP_regulation_of_synaptic_plasticity%0048167",0.687872763419483,0.971116793804117,0.28464909795212,0.844298845343402,345,26,"CD2AP;ACE;BAIAP2;MECP2;UBE3A;YWHAG;SLC38A1;ATF4"
"BP_regulation_of_innate_immune_response%0045088",0.691056910569106,0.971116793804117,-0.301116798367663,-0.838544806487444,339,20,"IRF7;PTPN22;MYO1F;FGR;LRP8;DHX58;TKFC;SAMHD1;APPL2"
"BP_lung_development%0030324",0.691382765531062,0.971116793804117,0.263654776283567,0.87121937371409,344,44,"CEBPA;STK40;HIKESHI;FOXP1"
"RA_Telomere_Maintenance%R-MMU-157579",0.903921568627451,0.971198173926059,-0.221659112432147,-0.727556518335141,460,41,"ANKRD28;POLD4;BLM;ACD"
"RA_p75_NTR_receptor-mediated_signalling%R-MMU-193704",0.903688524590164,0.971198173926059,0.212698723256148,0.733577570914919,440,50,"NFKBIA;ARHGEF10L;RELA"
"RA_Negative_regulation_of_the_PI3K/AKT_network%R-MMU-199418",0.903921568627451,0.971198173926059,-0.22711798020183,-0.727350344471563,460,37,"PTEN;ESR1;PIK3R1;AKT2;PPP2R5E;HGF;PIP5K1C;IL1RAP"
"RA_Cargo_recognition_for_clathrin-mediated_endocytosis%R-MMU-8856825",0.907756813417191,0.971610429570111,0.215987178629786,0.738069390188433,432,49,"AAK1;STAM2;CLTB;STAM;UBQLN1;COPS5;COPS7B;AP2B1;HGS;AP2M1;NECAP1;TOR1B;NEDD8;VAMP8;RPS27A"
"RA_Dual_Incision_in_GG-NER%R-MMU-5696400",0.90715667311412,0.971610429570111,-0.224632720010964,-0.703521661659377,468,33,"CHD1L;POLD4;POLE;GTF2H2"
"RA_Respiratory_electron_transport,_ATP_synthesis_by_chemiosmotic_coupling,_and_heat_production_by_uncoupling_proteins.%R-MMU-163200",0.914583333333333,0.972947823197075,0.206178869576263,0.752185830184919,438,74,"NDUFA12;ECSIT;UQCR10;NDUFA8;NDUFA4;NDUFAF5;COX5A;NDUFB7;NDUFA10;NDUFS7;NDUFB5;SCO1;NDUFA2;NDUFV2;NDUFV1;NDUFB8;LRPPRC;UQCRQ;UQCRH;COX4I1;NDUFS5;NDUFS6;MT-CO2;NDUFA1;CYC1;NDUFB10;NDUFA5"
"RA_Telomere_C-strand_(Lagging_Strand)_Synthesis%R-MMU-174417",0.915547024952015,0.972947823197075,-0.223730575519462,-0.676107973677259,476,28,"POLD4;BLM;ACD"
"RA_Transcriptional_activity_of_SMAD2/SMAD3:SMAD4_heterotrimer%R-MMU-2173793",0.913827655310621,0.972947823197075,0.240882072341128,0.708054364671591,455,24,"MEN1;UBE2D3;SMAD3;CCNT1;SMAD2;TRIM33;CDK9;SP1;RPS27A;E2F4;HDAC1;NCOR2;SNW1"
"RA_RAB_geranylgeranylation%R-MMU-8873719",0.916827852998066,0.972947823197075,-0.227658816466877,-0.702066123387625,473,31,"RAB44;RAB7B;RAB22A;RAB27A;RAB3D"
"RA_Formation_of_Incision_Complex_in_GG-NER%R-MMU-5696395",0.917647058823529,0.972947823197075,-0.221452700692335,-0.709207161800173,467,37,"CHD1L;XPC;RAD23A;RNF111;GTF2H2;PIAS1;MNAT1;ERCC1"
"BP_protein_K48-linked_ubiquitination%0070936",0.734279918864097,0.974870265623839,0.232978828300612,0.858079088378853,361,78,"TNFAIP3;SYVN1;TTC3;UBE2D3;ANAPC10;UBE2C;NMI;RNF126;CDC34;RNF115;UBE2G1;UBE2E1;SPSB3;UBE3A;ANAPC16;UBE2T;UBE2B;ANAPC11"
"BP_T_cell_receptor_signaling_pathway%0050852",0.700201207243461,0.974870265623839,-0.254144268192982,-0.869771965451377,347,50,"PDE4B;BRAF;LCP2;THEMIS2;PTPN22;ADA;RBCK1;PLCG1;CARMIL2;ICOSL;FCHO1;SPPL3"
"BP_endosomal_transport%0016197",0.733606557377049,0.974870265623839,-0.250853099195802,-0.840451888740065,357,47,"CRACR2A;TMCC1;ALS2;WASHC5;DIAPH3;ARHGAP1"
"BP_DNA_recombination%0006310",0.703406813627255,0.974870265623839,-0.253296783588419,-0.859879255147576,350,48,"RAD51D;BRCA2;ACTR5;PAXIP1;POLM;TFPT;ERCC1;SUPV3L1;RECQL4;SLX1B;MCRS1;INO80C;WRN;NSMCE1;ACTR8;TOP3B"
"BP_positive_regulation_of_neuron_projection_development%0010976",0.717948717948718,0.974870265623839,-0.238152164325748,-0.883944399363479,363,81,"CAMK1D;ARSB;WASHC5;NF1;NEU1;ITGA6;DVL1;ARHGAP35;KATNB1;RRN3;TIAM1;CREB3L2;CFLAR;TMEM30A;FES;S100A9;FBXO38;ENC1"
"BP_transcription_initiation-coupled_chromatin_remodeling%0045815",0.696911196911197,0.974870265623839,0.26951907216905,0.860425533866974,360,35,"MEN1;WDR5;USP21;ATF2;SPI1;KAT8;PADI2;PHF2;NR3C1"
"BP_Wnt_signaling_pathway%0016055",0.710891089108911,0.974870265623839,-0.233674879414454,-0.882733020391442,358,90,"ZRANB1;RNF43;LRP5;GRK6;NLK;LGR4;DVL1;DAAM1;AXIN1;CSNK1A1;MBD2;TMEM131L;WLS;AMOTL2;TLE4;APC;MACF1;TNKS2;TNKS;FAM53B;AMFR;RNF146;CUL3;CYLD;AMER1"
"BP_MAPK_cascade%0000165",0.727091633466135,0.974870265623839,-0.237394294266768,-0.861648110274391,364,70,"MAP3K15;MAP4K2;BRAF;MAP2K4;NF1;RAF1;TAOK2;TLR7;SPAG9;STUB1;MAP2K3;LRRK2;AKAP13;APC;P2RX7;IGF1R;MAPK14;ARAF"
"BP_protein_localization_to_cilium%0061512",0.71516393442623,0.974870265623839,-0.30283754641741,-0.828925801525698,348,19,"ARL3;DYNC2H1;TTC21A"
"BP_regulation_of_GTPase_activity%0043087",0.706,0.974870265623839,-0.274666489231887,-0.841359318041867,352,30,"ALS2;NF1;AGRN;ARHGAP1;TIAM1"
"BP_negative_regulation_of_protein_phosphorylation%0001933",0.706827309236948,0.974870265623839,-0.250953170820991,-0.862996113631402,351,52,"PTEN;MICAL1;SLFN1;INSR;DVL1;XDH;INPP5K;ATG14;SPAG9;PPIA"
"BP_positive_regulation_of_T_cell_differentiation%0045582",0.722,0.974870265623839,-0.281382326169451,-0.830633145935481,360,27,"H2-DMA;ARID2;SMARCD1;ADA"
"BP_protein_targeting_to_mitochondrion%0006626",0.730916030534351,0.974870265623839,0.314928539383504,0.810798961502036,382,15,"BID;TOMM20;TOMM5;TOMM70A;TOMM22;MFF;BCAP31;YWHAZ;TOMM40"
"BP_positive_regulation_of_endocytosis%0045807",0.713725490196079,0.974870265623839,0.296450228897405,0.822803691956203,363,20,"CD14;ALMS1;DNM2;APOE"
"BP_activation_of_innate_immune_response%0002218",0.728712871287129,0.974870265623839,0.260763183452001,0.852586864340931,367,40,"GBP3;SFPQ;MAVS;HEXIM1;HSP90AA1;CGAS;ZCCHC3;GBP5;TOMM70A;TRIM30A;PSPC1"
"BP_synaptic_vesicle_endocytosis%0048488",0.732038834951456,0.974870265623839,0.26727276631554,0.830144517729265,376,31,"DNM1L;AP3M2;CLTB;DNM2;ARF6;CAPN2;PIK3C3;AP2B1;SCRIB"
"BP_non-motile_cilium_assembly%1905515",0.695736434108527,0.974870265623839,0.26918108051817,0.860808062414314,358,36,"KIF3A;DISC1;IFT80;PIBF1;IFT74;ARL13B"
"BP_regulation_of_cell_adhesion%0030155",0.717255717255717,0.974870265623839,-0.293134259449525,-0.835947840342934,344,23,"STAT5B;STAT5A;FES;PTPRJ;YTHDF2;PLAU;FAF1"
"BP_ribosome_disassembly%0032790",0.727087576374745,0.974870265623839,-0.30403836781592,-0.81105180278667,356,17,"EIF2D;GFM2;PELO;ASCC2;TRIP4"
"BP_regulation_of_Notch_signaling_pathway%0008593",0.708015267175573,0.974870265623839,0.321219463098896,0.826995252969661,370,15,"CC2D1A;NLE1;POGLUT1;LLGL1;LLGL2"
"BP_positive_regulation_of_protein_ubiquitination%0031398",0.709016393442623,0.974870265623839,0.246649024157056,0.859442227032696,345,57,"HSPA5;SPRTN;PSMD10;PHF23;UBQLN1;BIRC5;DNAJA3;NPM1;RASSF5;UBE3A"
"BP_SCF-dependent_proteasomal_ubiquitin-dependent_protein_catabolic_process%0031146",0.734,0.974870265623839,-0.279908500125026,-0.82628245063593,366,27,"FBXO9;FBXW5;FBXO31;CCNF;FBXO38;FBXO48;FBXL4;CUL5;DMAC2"
"BP_negative_regulation_of_release_of_cytochrome_c_from_mitochondria%0090201",0.706457925636008,0.974870265623839,0.314313088890964,0.829917069104116,360,17,"PSMD10;LMNA"
"BP_intrinsic_apoptotic_signaling_pathway_in_response_to_endoplasmic_reticulum_stress%0070059",0.698,0.974870265623839,0.281624416637824,0.844217645774652,348,28,"BAX;CEBPB;SYVN1;MAP3K5;PML;ATF4;UBE2K;XBP1;BAG6"
"BP_immune_response%0006955",0.707269155206287,0.974870265623839,-0.24302811106246,-0.878311533058339,359,67,"OLFM4;PECAM1;CTSH;SCAP;PRG3;CCL6;JAK2;PLSCR1;PGLYRP1;TYK2;CD244A;PRG2;CD84;CD48;IGF1R"
"BP_regulation_of_circadian_rhythm%0042752",0.730693069306931,0.974870265623839,0.252417400373316,0.843045474762905,368,45,"SFPQ;KDM5C;PER2;PRKAA1;UBE3A;PML;HDAC3;CDK1;CRY1;PSPC1;TARDBP;CRY2;PER1;KDM2A;NOCT;KDM5B;CCAR2;BHLHE40;BTRC;CSNK1D;KLF10"
"BP_positive_regulation_of_cytosolic_calcium_ion_concentration%0007204",0.725252525252525,0.974870265623839,-0.260884343551895,-0.839291637501857,358,38,"ITGAV;C5AR2;PIK3CG;JAK2;JAK3;ESR1;SELENOT"
"BP_B_cell_activation%0042113",0.734439834024896,0.974870265623839,-0.312775605298204,-0.811266556571778,353,16,"HDAC5;PRKCB;C3"
"BP_G1/S_transition_of_mitotic_cell_cycle%0000082",0.728744939271255,0.974870265623839,-0.249288536511303,-0.857793498092441,359,53,"CDK6;PPP3CA;IQGAP3;LATS2;POLE;BCL2;LATS1;CCNF;USP37;PIAS1;CCNI;MNAT1;CCNG2;CAMK2G"
"BP_mitotic_G2/M_transition_checkpoint%0044818",0.722448979591837,0.974870265623839,-0.302706636191551,-0.817754803823606,353,18,"ATR;BABAM2;NABP2;ETAA1"
"BP_endothelial_cell_proliferation%0001935",0.703319502074689,0.974870265623839,-0.317799749520966,-0.824298008239608,338,16,"NF1;ERN1;VEGFA;APC"
"BP_regulation_of_canonical_Wnt_signaling_pathway%0060828",0.715384615384615,0.974870265623839,0.317579854782297,0.827537283628995,371,16,"FOLR1;EMD"
"BP_positive_regulation_of_viral_genome_replication%0045070",0.729411764705882,0.974870265623839,0.294290564796983,0.816809499940155,371,20,"HACD3;STAU1;SRPK1;TMEM39A"
"BP_positive_regulation_of_autophagosome_assembly%2000786",0.716796875,0.974870265623839,0.303901946516757,0.817542447266092,366,18,"SNX30;SNX18;PIP4K2B;SH3GLB1;TRIM32"
"BP_autophagosome_maturation%0097352",0.700197238658777,0.974870265623839,0.268865698460711,0.866658428127476,354,38,"IRGM1;CHMP4B;CHMP7;MAP1LC3A;UBQLN1;SNAP29;CHMP5;STX17;GABARAPL2;VCP;PIK3C3;MCOLN1"
"BP_negative_regulation_of_miRNA_transcription%1902894",0.718367346938775,0.974870265623839,-0.304614144975712,-0.822907893597946,351,18,"PPARD;HDAC4;ESR1;ZFP512B"
"BP_platelet-derived_growth_factor_receptor_signaling_pathway%0048008",0.700623700623701,0.974870265623839,-0.294903303456928,-0.84099272496419,336,23,"PTEN;RGS14;JAK2;TIPARP;NRP1;PTPRJ;ITGB3;PDGFRB;ABL1"
"BP_heart_morphogenesis%0003007",0.728952772073922,0.974870265623839,-0.267972482255048,-0.819865941329705,354,31,"COL5A1;INSR;ARID2;ASXL1;VEGFA;RXRA;UTY;KDM6A;FLNA;NIPBL;FKRP;CHD7"
"BP_positive_regulation_of_apoptotic_signaling_pathway%2001235",0.732217573221757,0.974870265623839,-0.293768080359519,-0.823887947718006,349,22,"PTEN;TRIM39;CTSH"
"BP_extrinsic_apoptotic_signaling_pathway_in_absence_of_ligand%0097192",0.725941422594142,0.974870265623839,-0.295231640793787,-0.827992579511475,346,22,"ITGAV;NF1;MKNK1;EYA1;MKNK2;BCL2"
"BP_microtubule-based_process%0007017",0.719512195121951,0.974870265623839,-0.297476503253505,-0.82840737616603,353,20,"TUBE1;KIF17;LYST;KIFC3;DNAL4"
"BP_protein_methylation%0006479",0.731517509727626,0.974870265623839,0.295233754020704,0.808399061956407,375,19,"CARM1;SNRPB;PRMT1;GSPT1;METTL22;FAM98A"
"BP_piecemeal_microautophagy_of_the_nucleus%0034727",0.709205020920502,0.974870265623839,-0.322825975567039,-0.821772426293214,338,15,"ULK3;ULK2"
"BP_centrosome_duplication%0051298",0.738549618320611,0.979073440379047,0.312693826890993,0.805045584651114,386,15,"SAC3D1;CHORDC1;BRCA1;NDE1"
"BP_protein_export_from_nucleus%0006611",0.739562624254473,0.979165821398142,0.277913595785194,0.824320645014446,371,26,"NXT1;CCHCR1;RAN;HSPA9;TPR;CALR;CSE1L;RANBP3;STRADA;XPO5;NUP214;XPO4"
"RA_activated_TAK1_mediates_p38_MAPK_activation%R-MMU-450302",0.92570281124498,0.979644140471661,-0.244526175332072,-0.632502115951886,460,15,"IKBKG;MAP2K3;MAPK14;TAB3;MAPKAPK3"
"KEGG_Glycolysis_/_Gluconeogenesis%mmu00010",0.941972920696325,0.98009846528858,-0.210069619670124,-0.682089813085431,486,41,"ACSS2;PFKM"
"KEGG_Diabetic_cardiomyopathy%mmu05415",0.942973523421589,0.98009846528858,-0.190595763363275,-0.771774721352197,462,135,"COL1A2;COL1A1;PTEN;CYBB;SDHD;PRKCB;COX8A;INSR;ATP2A3;NDUFB2;ATP5G1;PIK3R1;AKT2;MMP9"
"BP_protein_polyubiquitination%0000209",0.742454728370221,0.980493648916399,0.226495166519324,0.877180137894922,368,102,"PEX10;FBXO28;SHPRH;IRF2BP1;UBE2D3;UBE2C;DDA1;FBXO22;RC3H1;RNF41;CDC34;NFE2L1;UBE2G1;RC3H2;UBE2E1;UBE3A;UBE2T;UBE2B;RNF114;UBE2S;UBE2J1;TRIM32;TRAF6;CBFB"
"BP_negative_regulation_of_extrinsic_apoptotic_signaling_pathway_via_death_domain_receptors%1902042",0.7421875,0.980493648916399,0.296298139159723,0.797087049245576,379,18,"TMBIM1;TNFAIP3;BRCA1"
"RA_Deadenylation-dependent_mRNA_decay%R-MMU-429914",0.92827868852459,0.980527019961246,0.206738482254631,0.713021269264274,452,50,"PAIP1;CNOT3;CNOT10;EIF4A1;DCP1A;CNOT9;LSM2;EIF4G1;EXOSC5;CNOT6;EDC3;EXOSC2;LSM7;TNKS1BP1;EXOSC8;CNOT7;EXOSC7;LSM6;CNOT8"
"RA_Mitotic_G2-G2/M_phases%R-MMU-453274",0.930327868852459,0.980851292441825,0.198006542510462,0.785840093439394,453,125,"CDKN1A;DYNLL1;PAFAH1B1;AKAP9;ALMS1;PSMD10;PSMD7;PSMF1;PSMD13;PSMC5;PSMD12;HSP90AB1;HSP90AA1;PSMC2;PSMA7;PSMC1;NEK2;PSMC6;PSMB6;NDE1;DYNC1I2"
"BP_positive_regulation_of_type_I_interferon_production%0032481",0.744094488188976,0.981384108237102,0.264719447650818,0.828476958255642,377,33,"CD14;G3BP1;MAVS;IRAK1;IRF3;CGAS;ZCCHC3;DHX33;TRAF6;TICAM2;TICAM1;TANK;MYD88;UAP1"
"BP_regulation_of_DNA_repair%0006282",0.745019920318725,0.981384108237102,0.246868305008444,0.842600452993261,373,49,"TAF6L;RUVBL1;ABRAXAS1;BRCA1;TAF2;RUVBL2;RADX;TAF7;TAF6;UCHL5;PHF13;YY1"
"RA_Antiviral_mechanism_by_IFN-stimulated_genes%R-MMU-1169410",0.933747412008282,0.981420068027211,0.220930993628772,0.668527175294079,450,27,"EIF4E2;IRF3;EIF2AK2;UBE2E1;FLNB;EIF4A1;TRIM25;EIF4G1"
"RA_DNA_Damage_Bypass%R-MMU-73893",0.938104448742747,0.981420068027211,-0.210411520219233,-0.695733165495053,484,42,"REV1;RCHY1;POLD4;POLE;UBE2L6"
"RA_Processing_of_DNA_double-strand_break_ends%R-MMU-5693607",0.939571150097466,0.981420068027211,-0.213579381091283,-0.68941204804808,481,38,"TIMELESS;BABAM2;BLM;KAT5"
"RA_SUMOylation_of_DNA_damage_response_and_repair_proteins%R-MMU-3108214",0.939583333333333,0.981420068027211,0.20503192009222,0.732867092145319,450,63,"AAAS;PHC2;SUMO3;NSMCE4A;BRCA1;NUP35;NUP54;NUP88;PML;NUP62;TPR;NUP155;NUP153;SEC13;NUP50;NUP85;UBE2I;NUP98;NUP43;BMI1;NUP160;CBX4;SP100;NUP214"
"RA_DNA_strand_elongation%R-MMU-69190",0.934959349593496,0.981420068027211,0.23136388874159,0.655484685087292,459,21,"GINS2;POLA2;RFC3;DNA2;RPA3;GINS4;PRIM1"
"BP_protein_autoubiquitination%0051865",0.746,0.981429657794677,-0.247590945452226,-0.844610118259954,372,49,"RNF141;JADE2;LRSAM1;TRIM11;RCHY1;ITCH;STUB1;BFAR;RNF185;RNF181;WWP2"
"RA_Cilium_Assembly%R-MMU-5617833",0.941972920696325,0.982093989540798,-0.194903069650041,-0.777865306464174,486,124,"SFI1;INPP5E;ARL3;CEP135;DYNC2H1;CSNK1E;KIF17;CNGB1;PLK4;EXOC8;RAB3IP;MKS1;TNPO1;PRKAR2B;PCNT;CEP250;KIF3B;BBS9;OFD1;DCTN1;CEP89;CEP192;TUBG1;HAUS3;CEP97;UNC119B;CEP152"
"BP_regulation_of_chromosome_organization%0033044",0.747553816046967,0.982228938046521,0.300959910034007,0.794659132187485,381,17,"INO80E;RUVBL1;RUVBL2;UCHL5;YY1;INO80B"
"KEGG_Cortisol_synthesis_and_secretion%mmu04927",0.949019607843137,0.982514417531719,-0.219196797136932,-0.665816985571833,483,30,"NCEH1;CREB3;PRKACB;CREB3L2;PLCB2;LDLR;PLCB1"
"BP_centrosome_localization%0051642",0.74896265560166,0.982835950081571,-0.308223185415659,-0.799458647196428,360,16,"NIN;SYNE1;AURKA;SUN2;SUN1;RANBP2"
"BP_meiotic_cell_cycle%0051321",0.785858585858586,0.984081676113095,-0.249948930253803,-0.799032269919028,388,37,"NR2C2;YTHDC2;KLHDC3;PKMYT1;XRN1;AURKA;SUN2;TUBGCP3;TUBGCP6"
"BP_positive_regulation_of_interferon-beta_production%0032728",0.882828282828283,0.984081676113095,-0.228496272005543,-0.739014064144252,436,39,"IRF7;PTPN22;TLR2;FLOT1;TLR7;TLR4;ISG15;TBK1;RIOK3;TRIM56;POLR3B"
"BP_protein_K63-linked_ubiquitination%0070534",0.764,0.984081676113095,-0.24296296648622,-0.828822635181186,381,49,"RNF5;ZFP598;PELI1;TRIM5;TRIM12C;ITCH;STUB1;BFAR;WWP2;PNKP;RNF167"
"BP_defense_response_to_protozoan%0042832",0.881873727087576,0.984081676113095,-0.251356299520991,-0.670517281528478,432,17,"CCDC88B;LYST;IL4RA;CD37"
"BP_negative_regulation_of_cold-induced_thermogenesis%0120163",0.781312127236581,0.984081676113095,0.267876283008018,0.794548930826384,392,26,"TFE3;ACOT11;TLE3;FLCN;RHEB;ATF4;ADAM17"
"BP_oogenesis%0048477",0.764591439688716,0.984081676113095,0.285775130490813,0.782499779490127,392,19,"TAF4B;LSM14B;MARF1;KAT8;METTL3;MLH1;H3F3A"
"BP_cellular_response_to_retinoic_acid%0071300",0.828793774319066,0.984081676113095,0.269627645101205,0.738285282115959,425,19,"ABL2;PTK2B;CREB1;PHB2;ATM;ABCA1;TWF2;LYN"
"BP_neuron_projection_development%0031175",0.855445544554456,0.984081676113095,-0.21500497976057,-0.812205384073944,431,90,"CYFIP2;PTEN;TBC1D23;FRY;UHMK1;FRYL;PTPRU;WDR47;CDK5R1;BLOC1S4;ALKBH1"
"BP_defense_response_to_bacterium%0042742",0.845849802371541,0.984081676113095,-0.219488359795453,-0.80934072489519,427,77,"CASP7;NOTCH2;NAIP2;SLC9A9;LYST;NAIP6;RBCK1;MPEG1;IKBKG;PGLYRP1;CASP4;PRG2"
"BP_defense_response_to_Gram-negative_bacterium%0050829",0.856,0.984081676113095,0.251013214539296,0.752455300455052,427,28,"IRGM1;B2M;RPS19;ROMO1;ADGRB1;TNFRSF14;CTSG;TFEB"
"BP_cellular_response_to_UV%0034644",0.777777777777778,0.984081676113095,0.237372659323343,0.816904613001624,391,51,"BAX;AGAP3;PARP1;RPL26;RUVBL2;NPM1;ZBTB1;TMEM161A;CUL4A;METTL3;POLK;NOC2L;CREBBP;YY1"
"BP_hemopoiesis%0030097",0.776061776061776,0.984081676113095,-0.23535582757366,-0.837568831922333,401,60,"SH2B3;CDK6;BRCA2;KIT;ASXL1;TIPARP;MKNK2;BCL2;ARMC5;WBP1L;PBXIP1;PKNOX1;RUNX3;KLF11;ZBTB16;PDGFRB;RUNX1;ROGDI;EBP;TTC7"
"BP_positive_regulation_of_tumor_necrosis_factor_production%0032760",0.824242424242424,0.984081676113095,0.227170517043333,0.816548269932209,407,66,"LPL;CD14;CCR2;HSPD1;FADD;AKAP12;MAVS"
"BP_acrosome_assembly%0001675",0.842307692307692,0.984081676113095,0.281201525072909,0.732744041244955,437,16,"PAFAH1B1;RAB1A;AGFG1"
"BP_negative_regulation_of_cell_migration%0030336",0.83921568627451,0.984081676113095,-0.225090156881306,-0.807334855429979,427,64,"PTEN;NISCH;NF1;MCTP1;PTPRU;NEDD9;STK26;ARID2"
"BP_DNA_duplex_unwinding%0032508",0.874226804123711,0.984081676113095,0.219180914725526,0.768976802250436,423,59,"MCM8;CHD2;RUVBL1;G3BP1;RTEL1;UPF1;RUVBL2;CHTF18;MRE11A;SMARCAD1;RFC3"
"BP_bone_development%0060348",0.874747474747475,0.984081676113095,-0.232391826169781,-0.747628292570513,432,38,"LRP5;MIGA2;SPARC;ASXL1;ANKRD11;DYM;AKAP13;MAPK14"
"BP_nervous_system_development%0007399",0.787878787878788,0.984081676113095,0.219488119646783,0.863947286930641,389,114,"FOS;BAX;UTP11;DISC1;TNIK;PHF10;SOX4;TBCB;TCF4;SIGMAR1;DPF2;GPSM1;NUMBL;ARF6"
"BP_positive_regulation_of_filopodium_assembly%0051491",0.819105691056911,0.984081676113095,-0.270449427869396,-0.753142848179728,402,20,"AGRN;PIK3R1;PALM;NRP1"
"BP_autophagosome_assembly%0000045",0.881147540983607,0.984081676113095,0.219269517166299,0.764039033999142,429,57,"IRGM1;ATG4D;MAP1LC3A;VMP1;UBQLN1;RAB1A;ATG4B;ATG16L1;ATG3;GABARAPL2;TRIM32;TRAF6;PIK3C3;ATG16L2"
"BP_cellular_response_to_starvation%0009267",0.883268482490272,0.984081676113095,-0.217770876626754,-0.765012880036146,453,57,"SREBF2;TNRC6A;PIK3C2A;STK26;FNIP1;VPS41;ATG14;LAMP2;LRRK2;JMY;WIPI1;RNASE4;EIF2AK4;AMBRA1;CLEC16A;PAK1;SREBF1"
"BP_immunoglobulin_mediated_immune_response%0016064",0.864503816793893,0.984081676113095,0.27654149080636,0.711969623321368,452,15,"C4B;CD74;FCER1G;BCL10;MYD88"
"BP_positive_regulation_of_interleukin-6_production%0032755",0.882936507936508,0.984081676113095,-0.218391644243297,-0.757583651050687,444,55,"PTEN;TBC1D23;TUT4;RAB7B;TLR2;TLR1;TLR7;MAPK13;P2RX7;TLR4;LBP;IL1RAP"
"BP_carbohydrate_metabolic_process%0005975",0.82051282051282,0.984081676113095,0.245367302572328,0.797358552414365,415,39,"MAN1A2;EDEM3;GPD1L;HYAL2;GNPDA2;PGM1;GGTA1;IDUA;PGLS"
"BP_proton_transmembrane_transport%1902600",0.863366336633663,0.984081676113095,0.225612272168864,0.771431768280956,435,50,"SLC16A1;SLC25A22;SLC15A4;SLC25A4;LETM1;ATP6V1E1;NDUFB7;NDUFA10;ATP6V0A2;SLC25A3;TMEM175;NDUFS7;ATP6V0B;SLC46A1;NDUFA2;NDUFV2;NDUFV1"
"BP_muscle_organ_development%0007517",0.874,0.984081676113095,0.24745418508329,0.741786497286411,436,28,"RIPOR2;CHD2;LMNA;ZFHX3;FXR1;XBP1;ADGRB1;MRTFB"
"BP_osteoblast_differentiation%0001649",0.753086419753086,0.984081676113095,-0.25588992731299,-0.810186665876256,365,36,"COL1A1;HDAC5;NF1;HDAC4;LGR4;SIRT7;H3F3B;PENK;MAPK14"
"BP_negative_regulation_of_cytokine_production%0001818",0.874476987447699,0.984081676113095,-0.253508111621256,-0.710976759482833,417,22,"NLRP12;LGR4"
"BP_circadian_regulation_of_gene_expression%0032922",0.883168316831683,0.984081676113095,0.230009039807005,0.752033639960604,445,40,"MTA1;PER2;PRMT5;TOP1;KDM8;PML;GFPT1;ATF4;HDAC3;CRY1;ZFHX3;MYBBP1A;CRY2;PER1;KDM2A;HDAC1;NOCT"
"BP_positive_regulation_of_canonical_Wnt_signaling_pathway%0090263",0.87279843444227,0.984081676113095,-0.221087282054583,-0.77208825450103,445,56,"COL1A1;CSNK1E;UBR5;LGR4;LRRK1;WLS;LRRK2;PPM1A;ASPM;TMEM9;TNKS2;TNKS;FAM53B;RNF146;USP47;AMER1;RNF220"
"BP_positive_regulation_of_neurogenesis%0050769",0.805439330543933,0.984081676113095,-0.270739300367443,-0.75930252964637,384,22,"JADE2;RGS14;MAN2A1"
"BP_tRNA_modification%0006400",0.825,0.984081676113095,0.289543437047977,0.754481072332307,428,16,"METTL1;TRMT1;TRUB1;METTL6;THG1L;TRMT12;WDR4;ELP5;GTPBP3"
"BP_positive_regulation_of_protein_binding%0032092",0.858585858585859,0.984081676113095,-0.236032851914816,-0.763389247597417,424,39,"HIP1R;AGRN;FLOT1;IDE;TIAM1;LRRK2;PLXND1;LFNG"
"BP_positive_regulation_of_intracellular_protein_transport%0090316",0.826335877862596,0.984081676113095,0.265777803764541,0.765192140008363,432,22,"KIF3A;KIF5B;RAB29;TPR;ICE1;ERGIC3;ZFAND1"
"BP_regulation_of_cell_population_proliferation%0042127",0.776,0.984081676113095,0.229490908424314,0.867271630365178,387,89,"CEBPA;NFKBIA;STAT4;GNL3;BMPR2;EMILIN1;RNF126"
"BP_regulation_of_G0_to_G1_transition%0070316",0.803501945525292,0.984081676113095,0.277848480803342,0.76079529589182,412,19,"PHF10;DPF2;BCL7A;SMARCE1;BCL7C"
"BP_positive_regulation_of_double-strand_break_repair%2000781",0.781376518218624,0.984081676113095,-0.250302582659968,-0.779204590526537,385,33,"ZCWPW1;TIMELESS;ARID2;SMARCD1"
"BP_regulation_of_nucleotide-excision_repair%2000819",0.752399232245681,0.984081676113095,0.2792957438587,0.807703067963182,391,23,"PHF10;DPF2;BCL7A;CUL4A;SMARCE1;BCL7C;KAT7"
"BP_cellular_oxidant_detoxification%0098869",0.872,0.984081676113095,-0.238615795365703,-0.73092871075879,435,30,"GSTK1;KDM3B;SELENOT;SESN1;PRDX5;TRP53INP1;S100A9;EPX;PTGS1;TXNRD3;MGST2;S100A8"
"BP_Golgi_organization%0007030",0.813861386138614,0.984081676113095,-0.220105558851791,-0.831473392677268,410,90,"ATP8B4;TANGO2;DYNC2H1;HUWE1;TMED3;CSNK1A1;SYNE1;DYM;OPTN;KIFC3;LRRK2;MYO18A;CIT;YIPF5;BLZF1;CORO7;HTT;VPS13B;VCPIP1;TJAP1;GOLPH3;PLEKHM2;TRAPPC12;COG5;GOLGA2;VPS51;CUL7"
"BP_activation_of_GTPase_activity%0090630",0.764940239043825,0.984081676113095,-0.26600568400276,-0.796720806226966,383,28,"RALGAPA1;NEDD9;CCDC125;AKT2;TIAM1;RALGAPB"
"BP_protein_localization_to_plasma_membrane%0072659",0.876712328767123,0.984081676113095,-0.212185968500214,-0.792591508449793,447,84,"ZDHHC7;ATP1B1;PACS2;MAP7;RAPGEF6;FLOT1;FCHO2;AKT2;PALM;ZFYVE27;FLOT2;INPP5K"
"BP_determination_of_adult_lifespan%0008340",0.839835728952772,0.984081676113095,-0.246626516541758,-0.754557630096237,408,31,"POLG;SUV39H1;LRRK2;ANKLE1;MFSD8;ERCC1;HTT;COQ7"
"BP_cerebellum_development%0021549",0.761811023622047,0.984081676113095,0.26777728957766,0.809857054581467,386,29,"HSPA8;GART;MECP2;TTC21B;NCOA1;LDB1"
"BP_lactation%0007595",0.854126679462572,0.984081676113095,0.256360394397989,0.741375698028047,444,23,"CCND1;ZBTB7B;CREB1;GPAT4;USF2;RPLP0;NCOA1;SLC29A1;NME1;UMPS;CAD"
"BP_DNA_repair-dependent_chromatin_remodeling%0140861",0.84016393442623,0.984081676113095,-0.270501970212165,-0.740416983049195,409,19,"UBR5;SIRT7;KAT5"
"BP_adenylate_cyclase-activating_G_protein-coupled_receptor_signaling_pathway%0007189",0.878486055776892,0.984081676113095,-0.24024318289835,-0.719558843589673,440,28,"ADGRE1;ADGRG3;TSHR;PRKAR2B;ADGRE4;ADRB2"
"BP_regulation_of_mitochondrion_organization%0010821",0.836099585062241,0.984081676113095,-0.279811493399334,-0.725765382254981,402,16,"RAP1GDS1;SIRT7;ATP13A2;GOLPH3"
"BP_negative_regulation_of_autophagy%0010507",0.861570247933884,0.984081676113095,-0.238738272798817,-0.747490674841883,416,35,"RNF5;BECN1;PTPN22;STK38L;BCL2;WDR6"
"BP_intrinsic_apoptotic_signaling_pathway_in_response_to_DNA_damage_by_p53_class_mediator%0042771",0.797595190380762,0.984081676113095,-0.269629240585948,-0.79076856649705,397,26,"BRCA2;IFI204;TMEM109;USP28;HIPK1;URI1;DYRK2;ATAD5"
"BP_face_morphogenesis%0060325",0.819607843137255,0.984081676113095,0.276074618772033,0.766250768049309,417,20,"PLEKHA1;SKI;PTPN11;CREBBP;SGPL1;KAT6A"
"BP_neuroblast_proliferation%0007405",0.856870229007634,0.984081676113095,0.258324057863126,0.743732305151593,448,22,"PAFAH1B1;GATA2;NUMBL;NDE1;CTNNA1;CTNNB1;PLXNB2;TRP53;NFIX"
"BP_phospholipid_biosynthetic_process%0008654",0.775510204081633,0.984081676113095,-0.289125125211172,-0.781064673778488,379,18,"PPARD;HEXB;SERINC5;LPGAT1"
"BP_positive_regulation_of_epithelial_cell_migration%0010634",0.828516377649326,0.984081676113095,0.260367219298227,0.737930341187525,429,21,"BMPR2;RAB11A;GLIPR2;VIM"
"BP_neurogenesis%0022008",0.841269841269841,0.984081676113095,0.239764747355561,0.785182815630267,423,41,"PHGDH;XRCC2;TACC2"
"BP_regulation_of_myelination%0031641",0.838461538461539,0.984081676113095,0.281603800158634,0.73379227408057,435,16,"ZPR1;SIRT2;CTNNB1;NSUN5;CYFIP1;AKT1;RARG"
"BP_response_to_ionizing_radiation%0010212",0.843326885880077,0.984081676113095,0.237949805857533,0.786515893256644,435,42,"BAX;MTA1;ABRAXAS1;MECP2;EYA3;BRCA1"
"BP_cytoplasmic_microtubule_organization%0031122",0.823886639676113,0.984081676113095,-0.24108118258066,-0.750497906014855,406,33,"CCDC88B;DVL1;CCDC88C;AXIN1;CLIP2;SLK;APC;DCTN1;TUBGCP3;TUBG1;TUBGCP6"
"BP_synapse_assembly%0007416",0.879098360655738,0.984081676113095,-0.256007205416361,-0.700741966960776,428,19,"PTEN;AGRN"
"BP_neuromuscular_process_controlling_balance%0050885",0.880566801619433,0.984081676113095,-0.239203697322706,-0.721028940602317,434,29,"BLOC1S4;TPP1;HEXB;SLC1A3;AP1S2;APLP2;HERC1;HEXA;ABL1;CLN8;EI24;MYO5A;PSAP;GIGYF2;NBN;BCR"
"BP_positive_regulation_of_bone_mineralization%0030501",0.875510204081633,0.984081676113095,-0.259266065463972,-0.700401131501609,428,18,"P2RX7;ALOX5;ADRB2;SLC20A2;RXRA;ISG15;MEF2C;ANO6;MIA3;TENT5A;CSF1R"
"BP_cell_chemotaxis%0060326",0.813627254509018,0.984081676113095,-0.2642430103796,-0.774971831952084,405,26,"KIT;CCL6;VEGFA;HGF;GPR183;PLXNB3;PDGFRB;ELMO2"
"BP_regulation_of_postsynaptic_neurotransmitter_receptor_internalization%0099149",0.756238003838772,0.984081676113095,0.2778577371977,0.803544456822909,393,23,"NCDN;SIRT2;ATAD1;SCRIB"
"BP_chromosome_segregation%0007059",0.826771653543307,0.984081676113095,-0.222813369570974,-0.837680615923259,419,86,"RGS14;KNSTRN;SGO1;DIAPH3;CENPF;CENPH;MIS18A;CENPU;SMC5;CENPO;CENPC1;BRD4;UVRAG;PTTG1;BEX6;TLK1;MMS19"
"BP_regulation_of_cilium_assembly%1902017",0.844230769230769,0.984081676113095,0.280598068127549,0.731171576512605,438,16,"ARF4;RAB11A;ATG3;DYNC2LI1;ODF2;SYNE2"
"BP_regulation_of_centrosome_duplication%0010824",0.87279843444227,0.984081676113095,0.263133564559241,0.69478187323494,445,17,"CHMP4B;CHORDC1;NPM1;CHMP5;PDCD6IP;GEN1;NAT10;CEP131;CHMP2B"
"BP_phosphatidylinositol_phosphate_biosynthetic_process%0046854",0.880081300813008,0.984081676113095,-0.2429116873508,-0.70123476180963,432,24,"PIK3CG;PI4KA;PIK3R1;PIP5K1C;IP6K1;INPP1;PIK3CB;TTC7;TTC7B;IP6K2;ITPKB"
"BP_positive_regulation_of_interferon-alpha_production%0032727",0.880081300813008,0.984081676113095,-0.254665717547684,-0.709188647055373,432,20,"IRF7;PTPN22;TLR7;TLR4;TBK1;CHUK;DHX36;TRAF3IP3;DDX3X"
"BP_stem_cell_differentiation%0048863",0.836,0.984081676113095,-0.246334909324421,-0.754573926723634,417,30,"SETD6;KIT;LIN28A;SLC9A1;ESR1;PHF19"
"BP_regulation_of_synapse_organization%0050807",0.864503816793893,0.984081676113095,0.278119652628546,0.716032678289377,452,15,"ARF4;MECP2;APOE;VCP"
"BP_positive_regulation_of_microtubule_polymerization%0031116",0.813664596273292,0.984081676113095,-0.270866718713268,-0.756477000758,392,21,"PSRC1;APC;DCTN1;FES;MAPRE1;PAK1;SLAIN2;MET;TOGARAM1;GDA"
"BP_protein_localization_to_nucleus%0034504",0.793522267206478,0.984081676113095,-0.247852288128285,-0.771576699807475,391,33,"COL1A1;RAP1GDS1;ABCA7;DVL1;XPO1;DCP1B"
"BP_negative_regulation_of_DNA-binding_transcription_factor_activity%0043433",0.872586872586873,0.984081676113095,0.237387758939481,0.757847997825077,451,35,"MEN1;CEBPG;PURA;PHB2;HDAC3;PEX14;KAT6A;EGLN1;SP100;PTCH1;RNF2;SUMO1;RLIM;BHLHE40;DDIT3;MED13;PIM1;IRAK2;SIRT1"
"BP_positive_regulation_of_protein_export_from_nucleus%0046827",0.810176125244618,0.984081676113095,0.283394660871479,0.748279580656605,413,17,"EMD;YWHAE;PRPF4B;TPR"
"BP_base-excision_repair%0006284",0.84297520661157,0.984081676113095,-0.261403889907131,-0.751737766337229,407,25,"NEIL3;HUWE1;POLG"
"BP_intracellular_glucose_homeostasis%0001678",0.780082987551867,0.984081676113095,-0.29847012394338,-0.774161493381939,375,16,"LRRC8D;RAF1;PIK3R1;ABCC8"
"BP_positive_regulation_of_cardiac_muscle_cell_apoptotic_process%0010666",0.775933609958506,0.984081676113095,-0.302455859562408,-0.78449955669724,373,16,"PTEN"
"BP_positive_regulation_of_smooth_muscle_cell_proliferation%0048661",0.805168986083499,0.984081676113095,-0.241542868017809,-0.804653496214229,404,44,"STAT5B;HDAC4;THBS1;PIK3R1;VEGFA;IGF1R;TLR4;EGR1;MNAT1;ITGB3;ABCC4;PDGFRB;HMGCR;PTAFR;TGFBR2"
"BP_positive_regulation_of_interleukin-10_production%0032733",0.780040733197556,0.984081676113095,-0.288825251378357,-0.770469340772669,382,17,"TLR2;HGF;TLR4;SASH3;ISG15;RAD21;LGALS9"
"BP_positive_regulation_of_JUN_kinase_activity%0043507",0.772908366533865,0.984081676113095,-0.26494106822622,-0.793532146770357,387,28,"MAP4K2;MAP2K4;ERN1;SASH1;AXIN1"
"BP_positive_regulation_of_p38MAPK_cascade%1900745",0.813278008298755,0.984081676113095,-0.287211397116611,-0.744958996801596,391,16,"XDH;SASH1;VEGFA;GADD45A;RELL1"
"BP_vasodilation%0042311",0.776422764227642,0.984081676113095,-0.281662608651159,-0.784369118383596,381,20,"CFTR;PPARD;GCH1;VEGFA"
"BP_muscle_cell_cellular_homeostasis%0046716",0.883587786259542,0.984081676113095,0.270111470251347,0.695415220222027,462,15,"ANK;SOD1;TRIM32;CFL2;ALDOA"
"BP_intrinsic_apoptotic_signaling_pathway_by_p53_class_mediator%0072332",0.851351351351351,0.984081676113095,0.251280107881866,0.747382785994915,440,25,"BAX;SHISA5;RRP8;PML;HINT1;MYBBP1A;TRP53"
"BP_hepatocyte_apoptotic_process%0097284",0.785992217898833,0.984081676113095,0.281230732361734,0.770056462509351,403,19,"STK3;CASP8;BID;ATF2;ARF6;KCNN4"
"BP_peptidyl-serine_phosphorylation%0018105",0.797642436149312,0.984081676113095,-0.225859405699116,-0.830022110401835,405,74,"PHIP;ATR;UHMK1;CDK5R1;MKNK1;HIPK3;CSNK1A1;LRRK2;BCL2;SRPK2;MAPK13;MAPK14;AURKA;TLK2;MAPKAPK3;TNKS;TBK1;LMTK2"
"BP_necroptotic_process%0070266",0.859470468431772,0.984081676113095,-0.259955889502569,-0.69345752097223,421,17,"BIRC2;TRPM7"
"BP_melanosome_assembly%1903232",0.827800829875519,0.984081676113095,-0.280812789168773,-0.728362508620409,398,16,"HPS5;AP1S2"
"BP_positive_regulation_of_epithelial_to_mesenchymal_transition%0010718",0.819875776397516,0.984081676113095,-0.270272430506498,-0.754817271713475,395,21,"COL1A1;GCNT2;OLFM1;BCL9L;NOTCH1"
"BP_stress-activated_MAPK_cascade%0051403",0.759541984732825,0.984081676113095,0.308343042089382,0.793844275916852,397,15,"CD2AP;MAP3K5"
"BP_isotype_switching%0045190",0.880753138075314,0.984081676113095,-0.265535644220654,-0.675936532787535,420,15,"LIG4;PCYT1A;ERCC1;ATAD5"
"BP_DNA_unwinding_involved_in_DNA_replication%0006268",0.856870229007634,0.984081676113095,0.25811238244628,0.743122877415683,448,22,"SSBP1;GINS2;PURA;RAD51;TWNK"
"BP_protein_complex_oligomerization%0051259",0.826923076923077,0.984081676113095,0.28873954001959,0.752386308595973,429,16,"DNM1L;ZNHIT6;STOML2;OAS1G"
"BP_negative_regulation_of_epithelial_to_mesenchymal_transition%0010719",0.828846153846154,0.984081676113095,0.288102733909299,0.750726943901478,430,16,"SPRED1;SPSB3;KAT8"
"BP_negative_regulation_of_epithelial_cell_proliferation%0050680",0.816872427983539,0.984081676113095,-0.245220946117716,-0.776407038855912,396,36,"TRIM24;PTEN;CDK6"
"BP_response_to_glucose%0009749",0.864173228346457,0.984081676113095,0.242154744343945,0.757857527286303,438,33,"EIF2B3;SELENOS;PTK2B;CTSL;SESN2;GLUL;PFKL;EIF2B4;EIF2B2;SMAD2;NCF2"
"BP_DNA-templated_DNA_replication%0006261",0.861788617886179,0.984081676113095,-0.250804062387281,-0.724018382429854,423,24,"POLD4;POLG;POLE;HELB"
"BP_positive_regulation_of_Notch_signaling_pathway%0045747",0.751908396946565,0.984081676113095,0.310416713040716,0.799183043426237,393,15,"POGLUT1;AAK1"
"BP_regulation_of_cytokine_production%0001817",0.779324055666004,0.984081676113095,0.269610311103692,0.799692238602532,391,26,"ZFP131;CASP8;MYNN;UBASH3A;PATZ1;ZBTB1;ZBTB45;TICAM2;BCL6"
"BP_cellular_response_to_type_II_interferon%0071346",0.781443298969072,0.984081676113095,0.235434729292271,0.831793498733979,378,61,"IRGM1;MST1;GBP3;H2-Q7;STXBP3;MYO1C;VIM;KIF5B;FLNB"
"BP_regulation_of_protein_localization%0032880",0.870656370656371,0.984081676113095,-0.218669737121146,-0.778187471223759,450,60,"SGK1;BORA;CSNK1E;TRIM5;DVL1;PPM1F;TRIM12C;BCL2;RALGAPB;TBC1D1;ITGB3"
"BP_positive_regulation_of_proteasomal_ubiquitin-dependent_protein_catabolic_process%0032436",0.85,0.984081676113095,-0.228000163466026,-0.777779836320739,424,49,"RAD23A;CSNK1E;RCHY1;DVL1;AXIN1;CSNK1A1;STUB1;LRRK2;PIAS1;AURKA"
"BP_regulation_of_neurogenesis%0050767",0.810975609756098,0.984081676113095,-0.27300926884391,-0.760271448663819,398,20,"JADE2;DICER1;ZFP335;NOTCH1;YTHDF2"
"BP_receptor_internalization%0031623",0.805725971370143,0.984081676113095,-0.250505252623005,-0.770580344900105,393,32,"GRK3;INSR"
"BP_regulation_of_reactive_oxygen_species_metabolic_process%2000377",0.857976653696498,0.984081676113095,0.259375191346057,0.710212360623954,440,19,"FOXO3;ARF4;RNF41;PDK3;RIPK1;PID1;RIPK3;MAP3K7;PINK1"
"BP_positive_regulation_of_macroautophagy%0016239",0.872549019607843,0.984081676113095,0.26049208147087,0.723001116095493,444,20,"GNAI3;SESN2;PAFAH1B2;GPSM1;SUPT5;MAP3K7;PINK1;SESN3"
"BP_regulation_of_synaptic_vesicle_endocytosis%1900242",0.851464435146444,0.984081676113095,-0.277830378813201,-0.707233499702922,406,15,"PPP3CB;LRRK2;PIP5K1C;SH3GL1"
"BP_ovarian_follicle_development%0001541",0.807086614173228,0.984081676113095,0.258401645452671,0.781501656900645,409,29,"BAX;CEBPB;LSM14B;SOD1;UBE3A;EIF2B4;EIF2B2;CTNNA1;ZFX;ATM"
"BP_mRNA_catabolic_process%0006402",0.833976833976834,0.984081676113095,0.255019302328725,0.758504277411912,431,25,"CNOT10;METTL16;ZHX2;METTL3;DXO;CNOT9;LSM2;DIS3L2;EXOSC5;LSM7;KHSRP;LSM6"
"BP_macroautophagy%0016236",0.791919191919192,0.984081676113095,-0.248170971947881,-0.793348524605298,391,37,"PIK3C2A;BECN1;VPS41;ATG14;HDAC10;TCIRG1;YOD1;RAB3GAP2;VTI1B;VTI1A;EI24;TECPR1;UBXN6"
"BP_negative_regulation_of_viral_entry_into_host_cell%0046597",0.821946169772257,0.984081676113095,-0.269868269952372,-0.753688531478195,396,21,"LY6E;TRIM11;TRIM5;TRIM26;TRIM12C"
"BP_dorsal/ventral_pattern_formation%0009953",0.882692307692308,0.984081676113095,0.269702029325401,0.702779100677425,458,16,"KIF3A;AIDA;ARL13B;CTNNB1;IFT172;DISP1"
"BP_cellular_response_to_cytokine_stimulus%0071345",0.883575883575884,0.984081676113095,-0.244361959722033,-0.696861065899307,424,23,"NLRP12;JAK3;STAT5A;PLSCR1"
"BP_DNA_replication_initiation%0006270",0.788867562380038,0.984081676113095,0.273580063648282,0.791173734656238,410,23,"ORC1;POLA2;ORC2;NOC3L;MCM10;ORC5;CCNE2;PRIM1;MCM5"
"BP_regulation_of_DNA-binding_transcription_factor_activity%0051090",0.842307692307692,0.984081676113095,0.281358003770032,0.733151787372465,437,16,"ZBTB7A;KDM8;SPI1"
"BP_glucose_metabolic_process%0006006",0.760824742268041,0.984081676113095,-0.252106855773084,-0.821875066055887,368,42,"FABP5;NISCH;PIK3R1;AKT2;GANC;MAPK14;PGM2L1;OMA1;GALM;HECTD4;HK2"
"BP_positive_regulation_of_B_cell_proliferation%0030890",0.755511022044088,0.984081676113095,-0.281338481340204,-0.825109424728486,376,26,"PELI1;ADA;TCF3;BCL2;TLR4;SASH3;ATAD5;GPR183;TFRC;MEF2C;CD81;IRS2"
"BP_somatic_stem_cell_population_maintenance%0035019",0.788954635108481,0.984081676113095,0.250969557795282,0.815563937027556,399,39,"GATA2;SKI;SOX4;MED7;REST;SPI1;MED15;MED28;ZHX2;CUL4A;LDB1;MED17;RIF1;KAT6A"
"BP_regulation_of_immune_system_process%0002682",0.772994129158513,0.984081676113095,0.292886517260948,0.773342022895012,394,17,"ZFP131;MYNN;PATZ1;ZBTB1;ZBTB45;BCL6"
"BP_multivesicular_body_sorting_pathway%0071985",0.790076335877863,0.984081676113095,0.299609964538842,0.771360539693531,413,15,"CHMP4B;CHMP7;CHMP5"
"BP_late_endosome_to_lysosome_transport%1902774",0.851464435146444,0.984081676113095,-0.280249109189285,-0.713390519522073,406,15,"CHMP1B;VPS41;VPS39"
"BP_negative_regulation_of_DNA_binding%0043392",0.836538461538462,0.984081676113095,0.284448328289083,0.741204435295555,434,16,"SUMO3;RSF1;ZFP90;NEK2;TFAP4;SP100;ILRUN;SUMO1;IFI203;GZMA"
"BP_positive_regulation_of_telomere_maintenance_via_telomerase%0032212",0.879611650485437,0.984081676113095,0.23585708631843,0.732567967451231,452,31,"CCT6A;CCT5;CCT8;CCT3;NEK2;CCT2;CCT4;CCT7;DKC1;CTNNB1;ATM;AURKB;WRAP53;HMBOX1"
"BP_response_to_X-ray%0010165",0.803846153846154,0.984081676113095,0.296104508850853,0.77157765908265,417,16,"CDKN1A;XRCC2;MSH2"
"BP_stem_cell_proliferation%0072089",0.813819577735125,0.984081676113095,0.265637273264542,0.768203759988881,423,23,"MEN1;TIAL1;IFT80"
"BP_mammary_gland_development%0030879",0.794979079497908,0.984081676113095,-0.296597753297909,-0.755006950517597,379,15,"BRCA2;LBH;ARHGAP35;STAT5A;IGF1R"
"BP_cellular_response_to_nerve_growth_factor_stimulus%1990090",0.809619238476954,0.984081676113095,-0.265938925861786,-0.779945612436107,403,26,"BRAF;E2F1;CSNK1E"
"BP_extrinsic_apoptotic_signaling_pathway_via_death_domain_receptors%0008625",0.853305785123967,0.984081676113095,-0.23990841777364,-0.751154404358895,412,35,"TNFRSF10B;NF1;RAF1;PIK3R1;SORT1;PIDD1;DAPK1;BCL2;CFLAR;FAS"
"BP_regulation_of_cell_size%0008361",0.810204081632653,0.984081676113095,-0.277567988215163,-0.749843342076486,396,18,"IQGAP3;ARHGAP35"
"BP_regulatory_ncRNA-mediated_gene_silencing%0031047",0.763358778625954,0.984081676113095,0.307856429936228,0.792591469076278,399,15,"CNOT3;CNOT10;DDX17;AGO2;CNOT9;ERI1"
"BP_vasculature_development%0001944",0.780534351145038,0.984081676113095,0.304050756442661,0.782793576124307,408,15,"CCM2;SPI1;CTNNB1;ZFAND5"
"BP_antigen_processing_and_presentation%0019882",0.780346820809249,0.984081676113095,0.276702213355629,0.784226828781333,404,21,"CD74;H2-AB1;H2-AA;FLT3;PSMB8;RAB35;RAB10"
"BP_positive_regulation_of_dendrite_morphogenesis%0050775",0.836820083682008,0.984081676113095,-0.2628673775892,-0.737225310452155,399,22,"SGK1;FBXO31;WLS;CUX1"
"BP_regulation_of_DNA_strand_elongation%0060382",0.767307692307692,0.984081676113095,0.303386440152218,0.790552633590512,398,16,"INO80E;RUVBL1;RUVBL2;UCHL5;YY1;INO80B"
"BP_regulation_of_double-strand_break_repair%2000779",0.846613545816733,0.984081676113095,0.251826066660693,0.752025317888975,424,27,"MEAF6;EPC2;RUVBL1;RUVBL2;PML"
"BP_regulation_of_cell_division%0051302",0.811068702290076,0.984081676113095,0.294853976371331,0.759116015031895,424,15,"WDR5;MBIP;RACK1;TADA3;YEATS2;KAT14"
"BP_limb_morphogenesis%0035108",0.755725190839695,0.984081676113095,0.309594061498082,0.797065086705797,395,15,"BAX;IDUA"
"BP_nuclear-transcribed_mRNA_catabolic_process%0000956",0.877862595419847,0.984081676113095,0.249937933474899,0.71958809003614,459,22,"MRTO4;RC3H1;UPF1;PTBP1;DXO;DIS3L2;POLR2G;EXOSC2;LSM7"
"BP_adult_walking_behavior%0007628",0.83739837398374,0.984081676113095,-0.266488789852377,-0.742113332531473,411,20,"OXR1;AXIN1;AGTPBP1;CTNS;HEXA;CLN8;FKRP;CHD7;ARRB2;FXN;ABHD12"
"BP_cytokine_production%0001816",0.810204081632653,0.984081676113095,-0.276591218701054,-0.747204622382593,396,18,"TUT4;LCP2"
"BP_embryo_development%0009790",0.850505050505051,0.984081676113095,-0.238023238963011,-0.769826656876773,420,39,"THBD;TIMELESS;SLC9A1;ANKRD11;NDST1;E4F1;SLC4A8;APLP2;GTF2IRD1;HTT;AMBRA1"
"BP_iron-sulfur_cluster_assembly%0016226",0.886274509803922,0.984960322458748,0.255816264309687,0.710023289640633,451,20,"ISCU;CIAO2B;NUBP2;HSPA9;CIAO1;GLRX3"
"BP_platelet_dense_granule_organization%0060155",0.885947046843177,0.984960322458748,-0.249405285550148,-0.665312762738034,434,17,"HPS5;AP1S2"
"KEGG_GnRH_secretion%mmu04929",0.955823293172691,0.985692771084337,0.209218016325446,0.641222940163241,475,31,"GNA11;AKT3;PLCB3;HRAS;KCNN4;NRAS"
"WP_Type_II_interferon_signaling_(IFNG)%WP1253",0.966666666666667,0.986,0.221837958388365,0.615715804493924,492,20,"IFNGR2;EIF2AK2;SPI1;PTPN11;ICAM1;STAT1"
"WP_Mecp2_and_Associated_Rett_Syndrome%WP2910",0.958677685950413,0.986,-0.217506498527185,-0.62549891443753,463,25,"E2F1;NF1"
"BP_early_endosome_to_late_endosome_transport%0045022",0.889344262295082,0.986259983186213,-0.250711907192266,-0.686247696429752,433,19,"BECN1;STX8;ATG14;KIF16B;LMTK2;FLNA;PIK3R4;PTPN23"
"BP_bone_resorption%0045453",0.888671875,0.986259983186213,0.2541662588537,0.683745884675547,454,18,"NCDN;PTK2B;CTSS;RAB7;TRAF6"
"BP_odontogenesis_of_dentin-containing_tooth%0042475",0.891050583657588,0.987097658310113,0.251607796685475,0.688943943744292,457,19,"BAX;TRAF6;BCL2L11;CTNNA1;CTNNB1;BSG;HDAC1"
"WP_Splicing_factor_NOVA_regulated_synaptic_proteins%WP1983",0.977459016393443,0.987136828436942,-0.187165374175431,-0.512308363482722,476,19,"AGRN;STX2;APLP2;CAMK2G"
"BP_spindle_assembly%0051225",0.892712550607287,0.987884464318086,-0.226404590219986,-0.704808932216853,440,33,"DICER1;INO80;STARD9;TUBGCP3;HAUS3;MAPRE2;TUBGCP6;TPX2;MAPRE1;GOLGA2;PPP2R1B;TUBGCP5;BCAS2;HAUS8;HAUS7;HAUS4"
"KEGG_Autophagy%mmu04140",0.964497041420118,0.988931709572992,0.187832323496907,0.749724129550725,488,116,"AKT3;ATG4D;MTMR4;MAP1LC3A;VMP1;RAB1A;MLST8;IGBP1;CTSL;PRKAA1;SH3GLB1;RAB7;SNAP29;ATG4B;ATG16L1;STX17;RHEB;HRAS;ATG3;GABARAPL2;TRAF6;PDPK1;BAD;PIK3C3;ATG16L2;NRAS;SMCR8;WIPI2"
"KEGG_AMPK_signaling_pathway%mmu04152",0.973947895791583,0.988931709572992,0.186687130537959,0.69705212726381,485,82,"CCND1;AKT3;FOXO3;PPP2R3C;CAB39;PPP2R2D;PRKAA1;PPP2R5D;FASN;CREB1;EIF4EBP1;PFKL;RHEB;PDPK1;EEF2;ELAVL1"
"KEGG_Tight_junction%mmu04530",0.970178926441352,0.988931709572992,0.188698832663337,0.707938042458055,487,83,"CCND1;EZR;HSPA4;PPP2R2D;MAP3K5;ACTN4;PRKAA1;LLGL1;AFDN;ARPC5;LLGL2;SCRIB;ARPC5L;ROCK1;SYMPK;VASP"
"KEGG_Signaling_pathways_regulating_pluripotency_of_stem_cells%mmu04550",0.973523421588595,0.988931709572992,0.202228991624443,0.70245324477569,477,57,"SMAD1;AKT3;BMPR2;SMAD3;MYC;REST;SMARCAD1;HRAS;DVL2;NRAS;SMAD2;SMAD5;RIF1;CTNNB1;ZFHX3;KAT6A;BMI1"
"RA_Signaling_by_TGF-beta_Receptor_Complex%R-MMU-170834",0.950819672131147,0.989485167116148,0.207316772995051,0.681902908851315,463,39,"MEN1;MTMR4;UBE2D3;SMAD3;CCNT1;FKBP1A;SMAD2;TRIM33;CDK9;NEDD8;SP1;RPS27A;E2F4;HDAC1;UBE2M;NCOR2;SNW1"
"BP_actin_filament_organization%0007015",0.896551724137931,0.99002201027146,0.213398920192296,0.769358444430893,441,67,"CD2AP;ABL2;PPP1R9B;PTK2B;MYO1C;CORO1C"
"BP_positive_regulation_of_interleukin-2_production%0032743",0.895752895752896,0.99002201027146,0.238283268918343,0.708726269187578,463,25,"ABL2;CCR2;TRAF2;MALT1;STOML2;RPS3;TRAF6"
"WP_G13_Signaling_Pathway%WP298",0.990291262135922,0.990291262135922,0.183269810864457,0.569232813547462,509,31,"APBB3;ROCK1;CFL2;PKN1;WAS;PIP4K2A;CFL1;SRA1;CALM1;RPS6KB1;GNA13;PIK3CA;CDC42;RAC1;PFN1;RHOA;WASL;LIMK1"
"BP_negative_regulation_of_hippo_signaling%0035331",0.89816700610998,0.990353740064221,-0.243012485898476,-0.648259350303317,440,17,"MOB4;MAP2K3;CIT;MAPK14"
"BP_cellular_response_to_growth_factor_stimulus%0071363",0.898760330578512,0.990353740064221,-0.229618293147427,-0.718935974901055,434,35,"STAT5B;INSR;SPARC;IBSP;LRP8;CPNE3;URI1;DTYMK"
"BP_defense_response_to_Gram-positive_bacterium%0050830",0.900990099009901,0.990574348132488,0.225267281861373,0.752367159730272,454,45,"GBP3;FAU;B2M;TNFAIP8;C5AR1;PPP1R11;EPHA2"
"BP_positive_regulation_of_canonical_NF-kappaB_signal_transduction%0043123",0.901408450704225,0.990574348132488,0.206546962141698,0.793756778715329,447,98,"ABL2;RELA;IRAK4;TRAF5;DDX21;CD74;CASP8;PARP1;FADD;TRAF2;ANKRD17;IRAK1;MALT1;IRF3;DHX15;TRIM32;TRAF6;NUP62;CUL1;TRIM25;RIPK1;TICAM2;TNIP2;TRIM30A;UBE2I;BCL10;TICAM1"
"BP_negative_regulation_of_canonical_Wnt_signaling_pathway%0090090",0.902777777777778,0.990574348132488,-0.21317191863489,-0.739476828339583,454,55,"LATS2;PTPRU;CCDC88C;AXIN1;CSNK1A1;TMEM131L;LATS1;TLE4;APC;EGR1;MAPK14;MLLT3;NOTCH1;SCYL2;PTPRO;AMFR;CYLD;AMER1;TLE6;LRP4;NPHP3;MAD2L2"
"BP_mitochondrial_calcium_ion_homeostasis%0051560",0.902671755725191,0.990574348132488,0.264929721958832,0.682074555249074,472,15,"DISC1;IMMT;LETM1;1600014C10RIK"
"RA_MHC_class_II_antigen_presentation%R-MMU-2132295",0.953878406708595,0.990836795160405,0.193599693673167,0.704115594860046,454,72,"KIF3A;DYNLL1;CD74;SEC24D;CTSS;KIF5B;CTSL;DNM2;DCTN5;KIF20A;DYNC1I2;AP1S1;AP2B1;SEC24A;SEC13;CTSA;DYNC1LI2;AP2M1;ACTR10"
"BP_skeletal_system_morphogenesis%0048705",0.906374501992032,0.991066246056782,0.235931790384377,0.704560421471334,454,27,"PLEKHA1;NLE1;MYC;HYAL2;IDUA"
"BP_skeletal_muscle_tissue_regeneration%0043403",0.906639004149378,0.991066246056782,-0.25204188715228,-0.653737537193591,436,16,"SELENON;CFLAR;KLF5;PLAU"
"BP_negative_regulation_of_B_cell_proliferation%0030889",0.905857740585774,0.991066246056782,-0.260998382987837,-0.664386668606164,432,15,"PTEN"
"BP_gluconeogenesis%0006094",0.908,0.991066246056782,-0.228337743166713,-0.699444946528489,453,30,"C1QTNF12;GPD2"
"BP_protein_monoubiquitination%0006513",0.907297830374753,0.991066246056782,0.226020207996962,0.728550794352506,459,38,"UBE2O;UBE2D3;RNF126;CDC34;RAD18;KLHL12;UBE2T;CUL1;TRIM25"
"BP_epithelial_to_mesenchymal_transition%0001837",0.909266409266409,0.991406021868207,0.233437250759108,0.694312750412212,470,25,"TRIP10;SLC39A6;DDX17;ROCK1;SDHAF2;NFATC1;TRIM28;FAM83D;HNRNPAB"
"BP_epigenetic_regulation_of_gene_expression%0040029",0.910358565737052,0.991555289858405,-0.23204250579614,-0.694996774185127,456,28,"HDAC5;KMT2A;HDAC4;PHF19;HDAC10;ZFP335;HDAC7;KMT2E;CTCF"
"RA_Amplification_of_signal_from_the_kinetochores%R-MMU-141424",0.960334029227557,0.993875107454255,0.188935774974187,0.699200878880431,459,80,"DSN1;DYNLL1;PAFAH1B1;ZW10;NUDC;CENPS;CLIP1;NDE1;ITGB3BP;DYNC1I2;SEC13;NUP85;DYNC1LI2;ERCC6L;NUP98;NUP43;BUB1B;RCC2;AURKB;NUP160;SPC25;MAD1L1;CENPT;NDEL1;PPP2R5A;NDC80"
"RA_Amplification__of_signal_from_unattached__kinetochores_via_a_MAD2__inhibitory_signal%R-MMU-141444",0.960334029227557,0.993875107454255,0.188935774974187,0.699200878880431,459,80,"DSN1;DYNLL1;PAFAH1B1;ZW10;NUDC;CENPS;CLIP1;NDE1;ITGB3BP;DYNC1I2;SEC13;NUP85;DYNC1LI2;ERCC6L;NUP98;NUP43;BUB1B;RCC2;AURKB;NUP160;SPC25;MAD1L1;CENPT;NDEL1;PPP2R5A;NDC80"
"RA_Negative_regulation_of_MAPK_pathway%R-MMU-5675221",0.962151394422311,0.993928871669286,0.206136832229473,0.574168557453292,482,19,"PEBP1;PTPN7;PPP5C;RPS27A;PPP2R5A;MARK3;KSR1;MAPK1"
"BP_ubiquitin-dependent_protein_catabolic_process%0006511",0.921810699588477,0.994107367297395,0.196802680015767,0.813007779762929,447,170,"UBQLN4;DISC1;SYVN1;FBXL14;UBA6;UHRF1;TTC3;UBE2D3;PSMF1;RNF128;UBE2C;UBQLN1;FBXO22;RNF126;RC3H1;FBXO6;USP38;PSMD13;CDC34;PPP1R11;UCHL3;KLHL15;PSMC2;RC3H2;PSMA7;UBE3A;TRPC4AP;UBE2B;RNF114;ANAPC11;UCHL5;UBE2S;TRIM32;CUL4A;CUL1;PSMA4;NTAN1;VCP"
"BP_smoothened_signaling_pathway%0007224",0.921487603305785,0.994107367297395,-0.223398978385196,-0.699463270612073,445,35,"ULK3;ARL3;MGRN1;PTTG1;HIPK1;DYRK2;STIL;FKBP8;PTPDC1"
"BP_developmental_growth%0048589",0.923236514522822,0.994107367297395,-0.246221152097256,-0.638639915752482,444,16,"ALKBH1;BCL2;ASPM;NIPBL;PSAP;SMAD4;TYMS;SRF;TBCE"
"BP_heart_development%0007507",0.922764227642276,0.994107367297395,0.197853182547049,0.795005556155304,453,138,"CDKN1A;CCM2;KIF3A;GNA11;CACYBP;ASXL2;TXNRD2;CALCRL;SOX4;CASP8;IFT74;SOD2;FOXP1;HEXIM1;ATF2;SMYD2;TTN;FOXP4"
"BP_double-strand_break_repair%0006302",0.919517102615694,0.994107367297395,0.211089990074396,0.751852601744551,456,63,"MTA1;CDCA5;ABRAXAS1;PARP1;MSH2;ESCO2;EYA3;MARF1;LIG3;BRCA1;MRE11A;APLF;MPND;VCP;EME1"
"BP_cellular_response_to_oxidative_stress%0034599",0.915151515151515,0.994107367297395,0.209734964751947,0.753877417023389,452,66,"FOXO3;SELENOS;NFE2L2;PARP1;SIRT2;SOD2;PRKAA1;SESN2;ATF2;NFE2L1;CHCHD4;LONP1;TMEM161A;VRK2;ATF4;ARNT;RWDD1;GSR;PYROXD1;XBP1;STX4A;CST3;PARK7"
"BP_cell_surface_receptor_signaling_pathway%0007166",0.922619047619048,0.994107367297395,-0.208528073950468,-0.723367691824188,464,55,"PECAM1;NPR1;MS4A6C;ADGRE1;ADGRG3;TSHR;TRAF3;NRG2;P2RX7"
"BP_in_utero_embryonic_development%0001701",0.922924901185771,0.994107367297395,-0.194908863658378,-0.823937385851517,466,189,"RAD51B;OTUD7B;NOTCH2;MED1;OCRL;APBA1;UBR3;LY6E;MAN2A1;SP2;DIAPH3;SMG9;ADA;ALKBH1;UNK;MYO18B;VPS54;AXIN1;RRN3;ANKRD11;VEGFA;INPP5K;PLCG1;PCNT;LIG4;ARMC5;UBE2A;SLC25A20;KMT2D;ZFP335;STIL;NOTCH1;RXRA;CMIP;COQ7;RNASEH2B;ATP11A;SMPD4;CIR1;UTY;KDM6A;PDGFRB;CUL3;MIB1;SP3;GATAD2A;RPGRIP1L;NRBP1;RUNX1;AMOT;MTSS1;CTCF"
"BP_cellular_response_to_ionizing_radiation%0071479",0.923232323232323,0.994107367297395,-0.219516544923389,-0.706207194878493,456,38,"BRCA2;BABAM2;BLM;CLOCK;GADD45A;INO80;LIG4;MAPK14"
"BP_neuromuscular_process%0050905",0.922764227642276,0.994107367297395,-0.232025312049442,-0.66980809446944,453,24,"HEXB;AGTPBP1;ABCC8;MFSD8;DCTN1"
"BP_cellular_response_to_gamma_radiation%0071480",0.917148362235067,0.994107367297395,0.238162211334986,0.674997115005862,475,21,"CDKN1A;RPL26;HRAS;RAD51;ATM;TRP53"
"BP_regulation_of_protein_stability%0031647",0.925553319919517,0.994538660534636,0.204678203801547,0.772450919379891,459,88,"HSPA8;PINX1;USP36;USP12;SOX4;LMNA;RNF128;USP38;QRSL1;DDI2;NPM1;CDKN2AIP"
"BP_ceramide_biosynthetic_process%0046513",0.925490196078431,0.994538660534636,0.241775968388783,0.671054160276678,471,20,"CERS2;CERS5;MECR;SAMD8"
"BP_blastocyst_formation%0001825",0.929606625258799,0.997861093090624,-0.234574333696404,-0.655119570438276,448,21,"FURIN"
"RA_G2/M_DNA_damage_checkpoint%R-MMU-69473",0.969052224371373,0.998016291731735,-0.195554817630169,-0.612453298156909,500,33,"BABAM2;BLM;KAT5;CDC25C"
"RA_Resolution_of_Sister_Chromatid_Cohesion%R-MMU-2500257",0.975103734439834,0.998016291731735,0.18595729206809,0.700488647708741,469,91,"DSN1;DYNLL1;PAFAH1B1;CDCA5;ZW10;NUDC;CENPS;CLIP1;NDE1;ITGB3BP;DYNC1I2;SEC13;NUP85;DYNC1LI2;ERCC6L;NUP98;NUP43;BUB1B;RCC2;AURKB;NUP160;SPC25;MAD1L1;CENPT;NDEL1;PPP2R5A;NDC80"
"RA_EML4_and_NUDC_in_mitotic_spindle_formation%R-MMU-9648025",0.974947807933194,0.998016291731735,0.184662519151975,0.682564496944845,466,82,"DSN1;DYNLL1;PAFAH1B1;ZW10;NUDC;CENPS;CLIP1;NDE1;ITGB3BP;DYNC1I2;SEC13;NUP85;DYNC1LI2;ERCC6L;NUP98;NUP43;BUB1B;RCC2;AURKB;NUP160;SPC25;MAD1L1;CENPT;NDEL1;PPP2R5A;NDC80"
"RA_Retrograde_transport_at_the_Trans-Golgi-Network%R-MMU-6811440",0.976744186046512,0.998016291731735,-0.192280229357236,-0.606787348446767,503,34,"IGF2R;VPS54;STX16;GCC2"
"RA_SUMOylation_of_transcription_cofactors%R-MMU-3899300",0.974854932301741,0.998016291731735,-0.191553859788582,-0.599922797218288,503,33,"RING1;PHC3"
"RA_Lagging_Strand_Synthesis%R-MMU-69186",0.975903614457831,0.998016291731735,0.200836663946862,0.538961930650444,485,17,"POLA2;RFC3;DNA2;RPA3"
"RA_Regulation_of_TP53_Activity_through_Phosphorylation%R-MMU-6804756",0.978557504873294,0.998057745006639,-0.19764217058714,-0.668301398903564,501,51,"TAF11;TAF13;BLM;KAT5;TAF9;TRP53INP1;HIPK1;MDM4;PRKAB1;DYRK2"
"RA_PI5P,_PP2A_and_IER3_Regulate_PI3K/AKT_Signaling%R-MMU-6811558",0.98046875,0.998198745479204,-0.187953430446452,-0.579681909382234,501,32,"ESR1;PIK3R1;PPP2R5E;HGF;PIP5K1C;IL1RAP"
"BP_actin_cytoskeleton_organization%0030036",0.967181467181467,0.999001645016734,-0.185932667770582,-0.746562177608522,500,127,"THSD7B;NISCH;TESK2;KIT;NF1;ACTN1;DIAPH3;TAOK2;ARHGEF18;PI4KA;SSH1;MKLN1"
"BP_negative_regulation_of_neuron_differentiation%0045665",0.971370143149284,0.999001645016734,-0.202555647524825,-0.623082346963967,474,32,"MED1;SPAG9;DDX6;CIT;ASPM;EIF2AK4;NOTCH1"
"BP_defense_response_to_virus%0051607",0.943434343434343,0.999001645016734,0.191573179146181,0.768557298944923,466,135,"NLRC5;IFITM3;IFITM6;NCBP1;RSAD2;IFNGR2;DDX21;G3BP1;TAGAP;DDX17;FADD;OASL2;MAVS;HYAL2;IRF3;CGAS;ZCCHC3;POLR3C;ATG16L1;DHX15;RTP4;OAS1G;OAS2;POLR3E;TRAF3IP1;ZMYND11;MOV10;SLFN8;TICAM2;IL10RB;GBP5;SETD2;IFITM2;TICAM1;STAT1;RIPK3;EXOSC5;MYD88;VAMP8;SERINC3;LSM14A;GBP2"
"BP_immune_system_process%0002376",0.946611909650924,0.999001645016734,-0.217070402933263,-0.664130244785033,460,31,"IRF7;PIK3CG"
"BP_phagocytosis%0006909",0.994047619047619,0.999001645016734,0.163582342788532,0.56482441214381,500,52,"ABL2;GATA2;CORO1C;DNM2;PLD4;MESD;CD302;SLC48A1;CDC42SE1;TICAM2;NCF2;ABR;MYD88;NFIX;NCF4;ELMO1;ELANE;CNN2"
"BP_determination_of_left/right_symmetry%0007368",0.968810916179337,0.999001645016734,0.202818226865516,0.632320177042428,496,32,"KIF3A;RFX3;IFT74;ARL13B;SUFU;TBC1D32;IFT172;DISP1;DYNC2LI1;CC2D2A"
"BP_positive_regulation_of_autophagy%0010508",0.990215264187867,0.999001645016734,-0.179777448821841,-0.627824700586959,505,56,"PIK3C2A;BECN1;MEFV;KAT5;ATF6;DAPK1;LRRK2;TRP53INP1;TPCN1;AMBRA1"
"BP_mitochondrial_respiratory_chain_complex_I_assembly%0032981",0.992125984251969,0.999001645016734,0.171778039442204,0.595502435655691,503,53,"NDUFA12;BCS1L;NDUFA8;NDUFAF5;NDUFB7;NDUFA10;NDUFS7;TMEM126A;NDUFB5;NDUFA2;NDUFB8;TIMM21;NDUFS5;NDUFS6;NDUFA1;NDUFB10;NDUFA5;NDUFB9;NDUFS3;NDUFS8"
"BP_positive_regulation_of_NF-kappaB_transcription_factor_activity%0051092",0.960474308300395,0.999001645016734,-0.197237250820489,-0.726305893645202,485,75,"IL18RAP;CAPN3;RAB7B;TRIM5;TLR2;CLOCK;RBCK1;SLCO3A1;IKBKG;RNF25;TRIM12C;CD84;PPIA;CFLAR;TLR4;IL1RAP"
"BP_protein_homooligomerization%0051260",0.950396825396825,0.999001645016734,-0.202680513201715,-0.703082957776187,478,55,"KCTD3;ALS2;KCTD12;FUS;BLM;BEND3"
"BP_regulation_of_cytokinesis%0032465",0.976699029126214,0.999001645016734,0.202590343935748,0.629242049916139,502,31,"KLHL21;RAB11A;KLHL9;SH3GLB1;KIF20A"
"BP_negative_regulation_of_mitotic_cell_cycle%0045930",0.975190839694656,0.999001645016734,0.196075020478566,0.504804751235698,510,15,"NLE1;PML;SCRIB;TRP53"
"BP_protein_modification_process%0036211",0.975206611570248,0.999001645016734,-0.200105386194872,-0.626530921970554,471,35,"KMT2A;KAT5;STK38;UEVLD;POMGNT1;UBA7;PARP4;PCMT1;KDM6A;KDM5A;SUZ12"
"BP_neural_tube_closure%0001843",0.991820040899795,0.999001645016734,0.169593654815304,0.592540706839193,484,58,"ABL2;SKI;SUFU;TRAF6;DVL2;ZEB2;SCRIB;MTHFD1;CLUAP1;VASP;SETD2;IFT172;BCL10;PLXNB2;IFT57;TMED2;WDR83;CC2D2A;KDM2A;PTCH1;DEAF1;LMO4"
"BP_glycolytic_process%0006096",0.984555984555985,0.999001645016734,0.194625713209563,0.578875538501421,509,25,"ENO3;PFKL;LIPA;PFKP;ALDOA"
"BP_positive_regulation_of_cell_differentiation%0045597",0.942,0.999001645016734,0.226488146141656,0.678937188097113,470,28,"SMAD1;PHF10;HSP90AB1;PA2G4;SMARCE1;CTNNB1"
"BP_mitotic_cytokinesis%0000281",0.973843058350101,0.999001645016734,-0.193335284014974,-0.661662020412419,483,50,"EXOC6;ARL3;CEP55;EXOC8;CENPA;STAMBP;STX2;KIF23;APC;CIT"
"BP_negative_regulation_of_gene_expression%0010629",0.98635477582846,0.999001645016734,-0.179050245706274,-0.746978517286137,505,172,"ABCC2;PPP3CA;NOTCH2;IQGAP3;ZFP410;HDAC5;INSR;PTPN22;DDX3Y;XDH;DICER1;AXIN1;PRDM4;ESR1;TIPARP;VEGFA;FLOT2;HNRNPD;ZFP281;TRP53INP1;OLFM1;WWP2;AURKA;PARP10;NOTCH1;TGIF1;RXRA;PCX;HDAC8;LDLR;PIAS3;RAD21;RNASEH2B;TBK1;MEF2C;SETDB2;MBD1;NDFIP2;RCOR1;RBL2"
"BP_cellular_response_to_nutrient_levels%0031669",0.998,0.999001645016734,-0.169068460065168,-0.499085599206494,498,27,"PPARD;ABCC8;PRKAB1;WDR24;LAMTOR1"
"BP_protein_K48-linked_deubiquitination%0071108",0.996078431372549,0.999001645016734,0.191522785463244,0.531575420127032,507,20,"TNFAIP3;OTUD4;OTUD5;USP19;BAP1;USP8;USP14"
"BP_COPII_vesicle_coating%0048208",0.958015267175572,0.999001645016734,0.232720985786959,0.599151585198252,501,15,"SAR1A;KLHL12;SAR1B;PREB;TRAPPC2;TRAPPC5"
"BP_actin_filament_polymerization%0030041",0.954901960784314,0.999001645016734,0.217694609458687,0.633828903798989,486,24,"CD2AP;MSRB2;SPIRE1;GAS7"
"BP_hair_follicle_development%0001942",0.979591836734694,0.999001645016734,-0.195129479078588,-0.527137663355155,479,18,"LGR4;DICER1;APC"
"BP_intraciliary_transport%0042073",0.956066945606695,0.999001645016734,-0.222195999972409,-0.623160304497275,456,22,"ARL3;KIF17;KIF3B;RPGR"
"BP_erythrocyte_differentiation%0030218",0.947470817120623,0.999001645016734,0.205721859284187,0.698564866905704,486,47,"ACIN1;UBA5;RPS14;TCEA1;TMEM14C;RPS19;NFE2L1;SPI1;CHMP5;SLC48A1;HSPA9;DYRK3;SLC1A5;SMAD5;BAP1;HCLS1;SFXN1;SLC25A5;LYN;EHBP1L1"
"BP_protein_localization_to_centrosome%0071539",0.944337811900192,0.999001645016734,0.223370783489879,0.645972131997079,491,23,"DISC1;STK3;PIBF1;MCPH1;SPAG5;HOOK3;CEP83;DCTN2;CEP131"
"BP_negative_regulation_of_Ras_protein_signal_transduction%0046580",0.976653696498054,0.999001645016734,0.215554320133906,0.590223535838253,501,19,"RASA2;RASA4;RASAL3;NUP62"
"BP_protein_sumoylation%0016925",0.98997995991984,0.999001645016734,-0.184562969729947,-0.541286229507686,493,26,"EYA1;SENP6;SENP1;PIAS1;PIAS3;RANBP2"
"BP_mitotic_spindle_assembly_checkpoint_signaling%0007094",0.97808764940239,0.999001645016734,0.200151036447636,0.613335678754051,490,30,"ZW10;BIRC5;TPR;IK;ATM;BUB1B;SPC25;MAD1L1;NDC80"
"BP_DNA_methylation-dependent_constitutive_heterochromatin_formation%0006346",0.981171548117155,0.999001645016734,-0.201277727813876,-0.564493916040745,468,22,"KMT2B;BEND3;MBD2;DNMT3A;ATF7IP;MBD1;CTCF"
"BP_negative_regulation_of_GTPase_activity%0034260",0.974559686888454,0.999001645016734,0.217693150841522,0.574800312477953,497,17,"RRP1B;GPSM1;HRAS;TMED2;RCC2"
"BP_regulation_of_embryonic_development%0045995",0.984496124031008,0.999001645016734,0.1898806372369,0.607214976309814,507,36,"RUVBL1;WDR5;NFE2L2;RUVBL2;UCHL5;MBIP;YY1;BAG6;INO80B;TADA3;CCSAP;NOCT;EHMT1;RACGAP1;YEATS2"
"BP_mRNA_transport%0051028",0.970817120622568,0.999001645016734,0.190754083601426,0.647739143941288,498,47,"AAAS;NUP35;SRSF7;NUP54;NUP88;NUP62;SRSF1;SEC13;NUP50;NUP85;LRPPRC;FXR1;NUP98;NUP43;G3BP2"
"BP_negative_regulation_of_TOR_signaling%0032007",0.942622950819672,0.999001645016734,-0.223429660939602,-0.61157083383478,459,19,"FNIP1;TMEM127"
"BP_negative_regulation_of_tumor_necrosis_factor_production%0032720",0.952015355086372,0.999001645016734,0.210007458785051,0.666089210790819,495,34,"PTPN6;TNFAIP3;SELENOS;GPNMB;FLT3;HDAC3;TRIM30A;TSPO;FXR1;ELF4"
"BP_G2/M_transition_of_mitotic_cell_cycle%0000086",0.991786447638604,0.999001645016734,-0.175306605032908,-0.536353261152481,482,31,"CCDC57;CDC25C;LATS1;UBE2A;CIT;MASTL;PLCB1"
"BP_retrograde_transport,_endosome_to_Golgi%0042147",0.993963782696177,0.999001645016734,0.167460963633084,0.596456331983389,493,63,"UBE2O;PLEKHA3;RNF126;VPS50;RAB7;WASHC1;ARL1;SNX2;RAB29;TBC1D5;SNX1;AP1S1;VPS29;GOSR1"
"BP_motor_behavior%0061744",0.93469387755102,0.999001645016734,-0.230583338432591,-0.622915424178595,457,18,"WDR47;VPS54;MFSD8;DCTN1;SPG11"
"BP_dendrite_development%0016358",0.951830443159923,0.999001645016734,0.225116508823196,0.638023106789683,493,21,"PPP1R9B;BAIAP2;MECP2;MAP1B;CRKL;STRN;CRK;APP;LST1"
"BP_positive_regulation_of_neuron_differentiation%0045666",0.938579654510557,0.999001645016734,0.213688773530136,0.677765386710532,488,34,"GATA2;TCF4;DNMT3B;REST;TRIM32;NCOA1;ECT2;MAP1B;BCL6;EIF4G1"
"BP_embryonic_digit_morphogenesis%0042733",0.998,0.999001645016734,0.139797863247954,0.419068149006736,498,28,"LNPK;TRAF3IP1;TBC1D32;CTNNB1;LMBR1"
"BP_regulation_of_stem_cell_differentiation%2000736",0.963035019455253,0.999001645016734,0.224858792826772,0.615700727705631,494,19,"MTA1;SMYD5;RBBP7;OCIAD1;MTA2"
"BP_telomere_maintenance%0000723",0.969879518072289,0.999001645016734,-0.191906618265028,-0.659390455024726,482,51,"RAD51D;ATR;BLM;ACD;ACTR5;INO80;XRN1;TFPT;TNKS2;RECQL4"
"BP_negative_regulation_of_telomere_maintenance_via_telomerase%0032211",0.962745098039216,0.999001645016734,0.227803815113054,0.632274162222345,490,20,"PINX1;PML;TRP53;NAT10;STN1;HNRNPU;TEN1;EXOSC10"
"BP_intra-Golgi_vesicle-mediated_transport%0006891",0.988549618320611,0.999001645016734,0.18945399859179,0.545450780923846,517,22,"COPG1;COG6;GABARAPL2;COPE;COPB2;COPA"
"BP_aorta_development%0035904",0.949119373776908,0.999001645016734,0.238970220230601,0.630980610692114,484,17,"DNM2;DCTN5;SUFU;AP2B1"
"BP_peptidyl-threonine_phosphorylation%0018107",0.948717948717949,0.999001645016734,0.213917293149774,0.687154540631182,480,37,"AKT3;CLK1;OXSR1"
"BP_double-strand_break_repair_via_nonhomologous_end_joining%0006303",0.984,0.999001645016734,-0.18217756145253,-0.558046921904723,491,30,"IFFO1;POLM;LIG4;POLL;PNKP;ERCC1;CYREN;XRCC6"
"BP_mitotic_spindle_organization%0007052",0.963249516441006,0.999001645016734,0.199060631950473,0.657972172687954,497,42,"RCC1;TACC2;SBDS;BIRC5;NUDC;BCCIP;INTS13;PTPA;AURKB;SPC25;NDC80;DCTN2;POC1A"
"BP_central_nervous_system_development%0007417",0.976331360946746,0.999001645016734,0.188023563338308,0.611011307177046,494,39,"SEMA6B;SLC2A1;STK3;DHX30;SCIN;EIF2B2;ZEB2;STK4;TRP53;CAPG;MARCKSL1"
"BP_positive_regulation_of_gluconeogenesis%0045722",0.995901639344262,0.999001645016734,-0.137603333967494,-0.376647332046458,485,19,"SIRT7;SUPT20;PPP4R3B;PRKAG1"
"BP_mitotic_cell_cycle%0000278",0.947162426614481,0.999001645016734,-0.195913359245146,-0.73370273486315,483,85,"STAT5B;RGS14;TUBE1;CENPF;POLE;CENPH;STAT5A;CENPC1;NEK9;BCL2;CEP250;OFD1;CIT;WEE1;AURKA;TUBGCP3;TUBG1;MASTL;TUBGCP6;TUBA1B;RECQL5;NUDT15;SETDB2;CUL3;KIF18B;TADA2A;NEK4;TUBGCP5"
"BP_phagocytosis,_engulfment%0006911",0.959266802443992,0.999001645016734,-0.215967834577829,-0.576115122695083,470,17,"CLCN3;SIRPA;ITGB2;AIF1;ARHGAP25;FCGR2B;MYH9;GSN;MSR1;RAC1;BIN2;CDC42;ELMO1;ABCA1;FCGR3;ADGRB1;FCER1G"
"BP_fibroblast_migration%0010761",0.95,0.999001645016734,0.240035060157744,0.625474061617762,493,16,"TNS1;PML;SGPL1;ZFAND5;PIP5K1A;ILK;LAMTOR2"
"BP_response_to_hormone%0009725",0.984313725490196,0.999001645016734,0.202468979508804,0.589498709474106,501,24,"GCLC;PTK2B;POR;LONP1;CD38;NCOA4;HCLS1;LYN;TXN2;ATP1A3"
"BP_regulation_of_DNA_damage_checkpoint%2000001",0.946058091286307,0.999001645016734,-0.235378106728615,-0.610515599373709,455,16,"BRCA2;BABAM2"
"BP_single_fertilization%0007338",0.958250497017893,0.999001645016734,0.209650464678403,0.621845094634579,481,26,"HOXA10;SLIRP;SNU13;ADAM3;H3F3A;CRKL;CD9;CNTLN;PARK7;AP3B1;KDM5B;HPS1;WDR48;TARBP2"
"BP_mitochondrial_electron_transport,_NADH_to_ubiquinone%0006120",0.971209213051823,0.999001645016734,0.211187790215222,0.610739797594255,505,23,"NDUFA8;DNAJC15;NDUFA10;NDUFS7;NDUFV2;NDUFV1;NDUFB8"
"BP_positive_regulation_of_protein_localization_to_cell_surface%2000010",0.965384615384615,0.999001645016734,0.226415634090043,0.589985088740758,501,16,"GPD1L;HSP90AB1;WASHC1;FCER1G;STX4A"
"BP_positive_regulation_of_defense_response_to_virus_by_host%0002230",0.93359375,0.999001645016734,0.236895617445769,0.637285233125504,477,18,"MAVS;HSP90AA1;CGAS;PML;TOMM70A;TRIM44;STAT1;DTX3L;IL12RB1"
"BP_positive_regulation_of_axon_extension%0045773",0.966135458167331,0.999001645016734,0.204961723587465,0.612074863336593,484,27,"PAFAH1B1;DISC1;APOE;GOLGA4;MAP1B;EIF2B2;RPL4;NDEL1;TWF2;CYFIP1"
"BP_nuclear_envelope_organization%0006998",0.952282157676349,0.999001645016734,-0.230448177802766,-0.597728520087254,458,16,"REEP4;SUN2;LEMD3;SUN1"
"BP_regulation_of_multicellular_organism_growth%0040014",0.939330543933054,0.999001645016734,-0.236963721317783,-0.664577151476775,448,22,"STAT5B;SUV39H1;STAT5A"
"BP_stress_granule_assembly%0034063",0.938579654510557,0.999001645016734,0.227122732594789,0.656822497136945,488,23,"G3BP1;ATXN2;YTHDF3;UBAP2L;TIA1;G3BP2;LSM14A"
"BP_gene_expression%0010467",0.953667953667954,0.999001645016734,-0.191094981494324,-0.767290047655816,493,127,"ELMOD3;DCAF11;PTEN;FANCE;IQGAP3;EPG5;FUS;LRP5;DIAPH3;TCF3;DICER1;VPS54;ANKRD11;MFSD8;POMGNT1;P2RX7;TLR4;PBXIP1;FAS;MLLT3;HTT;SGCB;NOTCH1;TCIRG1;RXRA"
"BP_vesicle_fusion%0006906",0.988439306358381,0.999001645016734,0.194289059210356,0.550652237015604,512,21,"STX7;GNAI3;STX17;GOSR1;STX12;STX4A;VAMP8"
"BP_P-body_assembly%0033962",0.97907949790795,0.999001645016734,-0.209512511352015,-0.533326367217237,467,15,"TNRC6A;DDX6"
"BP_RNA_processing%0006396",0.98582995951417,0.999001645016734,-0.190557596333655,-0.574395560545281,486,29,"RNASEL;DICER1;THUMPD2;XRN1"
"BP_RNA_catabolic_process%0006401",0.996146435452794,0.999001645016734,0.183726902526539,0.520717071189534,516,21,"NCBP1;OAS2;EXOSC5;EXOSC2;EXOSC8;EXOSC7;EXOSC10;RNASEH2C;RNASEH2A"
"BP_autophagy_of_mitochondrion%0000422",0.998039215686275,0.999001645016734,0.180353004998232,0.500573465299287,508,20,"MAP1LC3A;ATG3;WIPI2;PINK1;ATG2A"
"RA_Signaling_by_WNT%R-MMU-195721",0.983367983367983,0.999343275516561,0.180235969541644,0.702069052522892,472,112,"MEN1;PSMD10;CDC73;SOX4;PSMD7;PSMF1;CLTB;PLCB3;TLE1;TLE3;PSMD13;PSMC5;PSMD12;PSMC2;PSMA7;KLHL12;PSMC1;PSMC6;PSMB6;CUL1;PSMC3;DVL2;VPS29;AP2B1;PSME3;CTNNB1;AP2M1;VPS26A;CSNK2B;PSMD2;PSMD8;USP8;CSNK2A2;MAP3K7;RPS27A;PPP2R5A;PSMD6;PSMB1;HDAC1;PSMD1"
"KEGG_Gap_junction%mmu04540",1,1,0.156905537679693,0.518046843252006,484,42,"GNA11;PLCB3;GNAI3;MAP3K2;HRAS;NRAS;CDK1"
"KEGG_Fc_gamma_R-mediated_phagocytosis%mmu04666",1,1,0.127255219977983,0.45722017713455,487,69,"AKT3;PLA2G6;DNM2;ARF6;SCIN;FCGR4;ARPC5;ARPC5L;CFL2;VASP;CRKL;FCGR3;MARCKSL1;PIP5K1A;WAS;LYN;ARPC2;GAB2;CFL1;VAV3;RPS6KB1;CRK;NCF1;AKT1;ASAP2"
"KEGG_Thermogenesis%mmu04714",0.998003992015968,1,0.158883040146645,0.654116143141134,499,152,"ACSL3;NDUFA12;ATP5D;UQCR10;NDUFA8;MLST8;NDUFA4;MAP3K5;PRKAA1;ATF2;NDUFAF5;CREB1;COX5A;NDUFB7;NDUFA10;ZFP516;RHEB;HRAS;RPS6;ACSL4;NDUFS7;NDUFB5;SMARCE1;NRAS;ATP5L;NDUFA2;ATP5O;NDUFV2;NDUFV1;NDUFB8;ATP5K;UQCRQ;COA4;UQCRH"
"KEGG_Retrograde_endocannabinoid_signaling%mmu04723",1,1,0.129406202871023,0.459706975719271,479,66,"NDUFA12;NDUFA8;PLCB3;NDUFA4;GNAI3;NDUFB7;NDUFA10;NDUFS7;NDUFB5;NDUFA2;NDUFV2;NDUFV1;NDUFB8;GNB1;ITPR2;NDUFS5;NDUFS6;NDUFA1;NDUFB10;NDUFA5;GNB2;NDUFB9;NDUFS3;NDUFS8"
"RA_RHO_GTPases_Activate_Formins%R-MMU-5663220",0.992233009708738,1,-0.176939872279176,-0.683053575987257,510,98,"EVL;KIF18A;SGO1;DIAPH3;CENPF;CENPH;CENPU;DAAM1;CENPO;CENPA;XPO1;PPP2R5E"
"RA_Mitotic_Prometaphase%R-MMU-68877",0.998073217726397,1,-0.169061479589723,-0.696503109821269,517,152,"SFI1;KIF18A;CEP135;CSNK1E;SGO1;PLK4;CENPF;CENPH;CENPU;CENPO;CENPA;XPO1;PPP2R5E;PRKAR2B;PCNT;CEP250;OFD1;DCTN1;TAOK1;TUBGCP3;CENPK;CEP192;TUBG1;HAUS3;TUBGCP6;CEP152;RAD21;MAPRE1;RANBP2;SMC4;CCP110;PPP2R1B;KNTC1;TUBGCP5;B9D2;CDC20;WAPL;CEP78;CENPI;SMC1A;CENPE;CKAP5;PCM1;ACTR1A;HAUS8;HAUS7;CENPQ;HAUS4;SEH1L"
"RA_Polymerase_switching_on_the_C-strand_of_the_telomere%R-MMU-174411",0.988023952095808,1,-0.187482488426376,-0.529619605532842,494,22,"POLD4;ACD"
"RA_Signaling_by_NTRK1_(TRKA)%R-MMU-187037",1,1,-0.156874352800199,-0.511415148005215,513,39,"PIK3R1;DNAL4;MAPKAPK3;FRS2;PIK3CB;PPP2R1B;CHD4;RPS6KA1;KIDINS220;RAPGEF1;MAPK3;PIK3R2;DUSP6;ATF1;SRF"
"RA_L1CAM_interactions%R-MMU-373760",0.994186046511628,1,-0.179561369383882,-0.5312580706673,512,26,"ITGA9;NRP1;ITGB3;SPTBN1;NCAM1"
"RA_Recognition_of_DNA_damage_by_PCNA-containing_replication_complex%R-MMU-110314",0.996047430830039,1,-0.167328412466992,-0.488044874102361,503,25,"POLD4;POLE"
"RA_HDR_through_Single_Strand_Annealing_(SSA)%R-MMU-5685938",0.992047713717694,1,-0.188901991455352,-0.547241443985064,498,24,"BLM;KAT5;ERCC1;TOPBP1;RFC2;RMI1;WRN;RFC5;ERCC4"
"RA_Global_Genome_Nucleotide_Excision_Repair_(GG-NER)%R-MMU-5696399",0.992380952380952,1,-0.182365187975172,-0.663682155569826,520,72,"CHD1L;XPC;RAD23A;POLD4;POLE;RNF111;INO80;GTF2H2;TFPT;PIAS1;MNAT1;ERCC1"
"RA_DNA_Damage_Recognition_in_GG-NER%R-MMU-5696394",1,1,-0.156354641520834,-0.482174592443973,516,31,"XPC;RAD23A;INO80;TFPT"
"BP_respiratory_electron_transport_chain%0022904",1,1,-0.131339606349218,-0.365752244269574,491,20,"VPS54;COQ7;MT-CO1;UQCRFS1;AIFM2"
