"pathway","pval","padj","ES","NES","nMoreExtreme","size","leadingEdge"
"RA_mRNA_Splicing_-_Major_Pathway%R-MMU-72163",0.001085776330076,0.0252579632122028,-0.649783531051591,-1.8917349636741,0,176,"SNRPF;POLR2F;SNRPD1;POLR2L;LSM4;SNRPE;POLR2H;RBM8A;MAGOHB;LUC7L3;SNRPD3;ZMAT2;UPF3B;LSM5;UBL5;LSM7;SNRPG;LSM8;CCDC12;MAGOH;SNRPD2;DDX23;GTF2F2;SF3B6;POLR2I;BUD31;LSM3;SRSF9;SNRNP27;LSM6;PRKRIP1;BCAS2;CWC15;PPIG;SNRNP70;POLR2G;RBMX2;RBM25;SYF2;PHF5A;WBP4;LSM2;HNRNPH1;NSRP1;ACIN1;RBM17;FAM32A;ALYREF;SRSF7;SMNDC1;NKAP;PPIL3;SNRPA1;SNRPC;SRSF11;ISY1;POLR2E;U2AF1;SRSF3"
"RA_mRNA_Splicing%R-MMU-72172",0.00109051254089422,0.0252579632122028,-0.656076014055391,-1.90894537274049,0,182,"SNRPF;POLR2F;SNRPD1;POLR2L;LSM4;SNRPE;POLR2H;RBM8A;MAGOHB;LUC7L3;SNRPD3;ZMAT2;UPF3B;LSM5;UBL5;LSM7;SNRPG;LSM8;CCDC12;MAGOH;SNRPD2;DDX23;GTF2F2;ZCRB1;SF3B6;POLR2I;BUD31;LSM3;SRSF9;SNRNP27;LSM6;PRKRIP1;BCAS2;CWC15;PPIG;SNRNP48;SNRNP70;POLR2G;RBMX2;RBM25;SYF2;PHF5A;WBP4;LSM2;HNRNPH1;NSRP1;ACIN1;RBM17;FAM32A;SNRNP25;ALYREF;SRSF7;SMNDC1;NKAP;PPIL3;SNRNP35;SNRPA1;SNRPC;SRSF11;ISY1;POLR2E;U2AF1;SRSF3"
"RA_The_citric_acid_(TCA)_cycle_and_respiratory_electron_transport%R-MMU-1428517",0.00115207373271889,0.0252579632122028,-0.795158275435428,-2.22279779711797,0,109,"UQCRH;COX5A;NDUFB3;NDUFA5;UQCRQ;NDUFA1;NDUFS6;NDUFB7;NDUFB10;NDUFA2;NDUFC2;NDUFA3;NDUFB11;COX4I1;ETFB;NDUFA4;NDUFAF2;NDUFA13;NDUFS5;COX16;COX20;NDUFS4;NDUFB8;NDUFB5;UQCR10;NDUFB9;COX6B1;NDUFA12;NDUFC1;COX6A1;COX8A;NDUFAF3;NDUFA6;NDUFS7;NDUFAB1;COX7B;MT-CO2;NDUFB6;GLO1;NDUFB2;NDUFV2;NDUFS3;FAHD1;PDHB"
"RA_Respiratory_electron_transport,_ATP_synthesis_by_chemiosmotic_coupling,_and_heat_production_by_uncoupling_proteins.%R-MMU-163200",0.00120048019207683,0.0252579632122028,-0.839679015223378,-2.23443188157101,0,74,"UQCRH;COX5A;NDUFB3;NDUFA5;UQCRQ;NDUFA1;NDUFS6;NDUFB7;NDUFB10;NDUFA2;NDUFC2;NDUFA3;NDUFB11;COX4I1;ETFB;NDUFA4;NDUFAF2;NDUFA13;NDUFS5;COX16;COX20;NDUFS4;NDUFB8;NDUFB5;UQCR10;NDUFB9;COX6B1;NDUFA12;NDUFC1;COX6A1;COX8A;NDUFAF3;NDUFA6;NDUFS7;NDUFAB1;COX7B;MT-CO2;NDUFB6;NDUFB2"
"RA_Respiratory_electron_transport%R-MMU-611105",0.00121359223300971,0.0252579632122028,-0.850352859675568,-2.25180729952572,0,70,"UQCRH;COX5A;NDUFB3;NDUFA5;UQCRQ;NDUFA1;NDUFS6;NDUFB7;NDUFB10;NDUFA2;NDUFC2;NDUFA3;NDUFB11;COX4I1;ETFB;NDUFA4;NDUFAF2;NDUFA13;NDUFS5;COX16;COX20;NDUFS4;NDUFB8;NDUFB5;UQCR10;NDUFB9;COX6B1;NDUFA12;NDUFC1;COX6A1;COX8A;NDUFAF3;NDUFA6;NDUFS7;NDUFAB1;COX7B;MT-CO2;NDUFB6;NDUFB2"
"RA_Complex_I_biogenesis%R-MMU-6799198",0.00128040973111396,0.0252579632122028,-0.846446311234807,-2.12323909591616,0,45,"NDUFB3;NDUFA5;NDUFA1;NDUFS6;NDUFB7;NDUFB10;NDUFA2;NDUFC2;NDUFA3;NDUFB11;NDUFAF2;NDUFA13;NDUFS5;NDUFS4;NDUFB8;NDUFB5;NDUFB9;NDUFA12;NDUFC1;NDUFAF3;NDUFA6;NDUFS7;NDUFAB1;NDUFB6;NDUFB2;NDUFV2;NDUFS3"
"RA_L13a-mediated_translational_silencing_of_Ceruloplasmin_expression%R-MMU-156827",0.00118203309692671,0.0252579632122028,-0.872461386605339,-2.36515853960711,0,83,"RPS21;RPL22;RPS12;RPL23;RPL38;RPS15A;RPL34;RPS28;RPS24;RPLP2;RPLP1;RPS27L;RPL35A;RPS20;RPL30;RPS13;RPL36A;RPS9;RPS10;RPS16;RPL27A;RPS29;RPS17;RPS23;RPS15;RPS14;RPL28;RPL39;RPL37A;RPL8;RPL27;RPSA;RPS5;RPL31;RPL26;RPS4X;RPL11;RPL9;RPL18A;RPL32;RPS25;RPL18;RPS19;EIF3K;RPL14;RPL7;RPS6;RPS8;EIF3F;RPL19;RPL13;RPL6;RPL23A;EIF1AX;RPL24;EIF4A2;RPS3;RPS11;PABPC1;EIF2S3X;RPL15;RPLP0;EIF4B;RPS18;EIF2S2"
"RA_Eukaryotic_Translation_Initiation%R-MMU-72613",0.00117096018735363,0.0252579632122028,-0.868931145651079,-2.38056090963543,0,91,"RPS21;RPL22;RPS12;RPL23;RPL38;RPS15A;RPL34;RPS28;RPS24;RPLP2;RPLP1;RPS27L;RPL35A;RPS20;RPL30;RPS13;RPL36A;RPS9;RPS10;RPS16;RPL27A;RPS29;RPS17;RPS23;RPS15;RPS14;RPL28;RPL39;RPL37A;RPL8;RPL27;RPSA;RPS5;RPL31;RPL26;RPS4X;RPL11;RPL9;RPL18A;EIF5B;RPL32;RPS25;RPL18;RPS19;EIF3K;RPL14;RPL7;RPS6;RPS8;EIF3F;RPL19;RPL13;RPL6;RPL23A;EIF1AX;RPL24;EIF4A2;RPS3;RPS11;PABPC1;EIF2S3X;RPL15;RPLP0;EIF4B;RPS18;EIF2S2"
"RA_Translation_initiation_complex_formation%R-MMU-72649",0.00126903553299492,0.0252579632122028,-0.85934377359842,-2.16740610608125,0,49,"RPS21;RPS12;RPS15A;RPS28;RPS24;RPS27L;RPS20;RPS13;RPS9;RPS10;RPS16;RPS29;RPS17;RPS23;RPS15;RPS14;RPSA;RPS5;RPS4X;RPS25;RPS19;EIF3K;RPS6;RPS8;EIF3F;EIF1AX;EIF4A2;RPS3;RPS11;PABPC1;EIF2S3X;EIF4B;RPS18;EIF2S2"
"RA_Activation_of_the_mRNA_upon_binding_of_the_cap-binding_complex_and_eIFs,_and_subsequent_binding_to_43S%R-MMU-72662",0.00126582278481013,0.0252579632122028,-0.858037353575276,-2.17480135384201,0,50,"RPS21;RPS12;RPS15A;RPS28;RPS24;RPS27L;RPS20;RPS13;RPS9;RPS10;RPS16;RPS29;RPS17;RPS23;RPS15;RPS14;RPSA;RPS5;RPS4X;RPS25;RPS19;EIF3K;RPS6;RPS8;EIF3F;EIF1AX;EIF4A2;RPS3;RPS11;PABPC1;EIF2S3X;EIF4B;RPS18;EIF2S2"
"RA_Formation_of_a_pool_of_free_40S_subunits%R-MMU-72689",0.00120481927710843,0.0252579632122028,-0.879043382720603,-2.33618258906573,0,73,"RPS21;RPL22;RPS12;RPL23;RPL38;RPS15A;RPL34;RPS28;RPS24;RPLP2;RPLP1;RPS27L;RPL35A;RPS20;RPL30;RPS13;RPL36A;RPS9;RPS10;RPS16;RPL27A;RPS29;RPS17;RPS23;RPS15;RPS14;RPL28;RPL39;RPL37A;RPL8;RPL27;RPSA;RPS5;RPL31;RPL26;RPS4X;RPL11;RPL9;RPL18A;RPL32;RPS25;RPL18;RPS19;EIF3K;RPL14;RPL7;RPS6;RPS8;EIF3F;RPL19;RPL13;RPL6;RPL23A;EIF1AX;RPL24;RPS3;RPS11;RPL15;RPLP0;RPS18"
"RA_Formation_of_the_ternary_complex,_and_subsequently,_the_43S_complex%R-MMU-72695",0.00130718954248366,0.0252579632122028,-0.863230566934014,-2.143493925179,0,42,"RPS21;RPS12;RPS15A;RPS28;RPS24;RPS27L;RPS20;RPS13;RPS9;RPS10;RPS16;RPS29;RPS17;RPS23;RPS15;RPS14;RPSA;RPS5;RPS4X;RPS25;RPS19;EIF3K;RPS6;RPS8;EIF3F;EIF1AX;RPS3;RPS11;EIF2S3X;RPS18;EIF2S2"
"RA_Ribosomal_scanning_and_start_codon_recognition%R-MMU-72702",0.00126903553299492,0.0252579632122028,-0.857893719488698,-2.16374883150951,0,49,"RPS21;RPS12;RPS15A;RPS28;RPS24;RPS27L;RPS20;RPS13;RPS9;RPS10;RPS16;RPS29;RPS17;RPS23;RPS15;RPS14;RPSA;RPS5;RPS4X;RPS25;RPS19;EIF3K;RPS6;RPS8;EIF3F;EIF1AX;EIF4A2;RPS3;RPS11;EIF2S3X;EIF4B;RPS18;EIF2S2"
"RA_GTP_hydrolysis_and_joining_of_the_60S_ribosomal_subunit%R-MMU-72706",0.00118343195266272,0.0252579632122028,-0.872135592760374,-2.36743955147966,0,84,"RPS21;RPL22;RPS12;RPL23;RPL38;RPS15A;RPL34;RPS28;RPS24;RPLP2;RPLP1;RPS27L;RPL35A;RPS20;RPL30;RPS13;RPL36A;RPS9;RPS10;RPS16;RPL27A;RPS29;RPS17;RPS23;RPS15;RPS14;RPL28;RPL39;RPL37A;RPL8;RPL27;RPSA;RPS5;RPL31;RPL26;RPS4X;RPL11;RPL9;RPL18A;EIF5B;RPL32;RPS25;RPL18;RPS19;EIF3K;RPL14;RPL7;RPS6;RPS8;EIF3F;RPL19;RPL13;RPL6;RPL23A;EIF1AX;RPL24;EIF4A2;RPS3;RPS11;EIF2S3X;RPL15;RPLP0;EIF4B;RPS18;EIF2S2"
"RA_Cap-dependent_Translation_Initiation%R-MMU-72737",0.00117096018735363,0.0252579632122028,-0.868931145651079,-2.38056090963543,0,91,"RPS21;RPL22;RPS12;RPL23;RPL38;RPS15A;RPL34;RPS28;RPS24;RPLP2;RPLP1;RPS27L;RPL35A;RPS20;RPL30;RPS13;RPL36A;RPS9;RPS10;RPS16;RPL27A;RPS29;RPS17;RPS23;RPS15;RPS14;RPL28;RPL39;RPL37A;RPL8;RPL27;RPSA;RPS5;RPL31;RPL26;RPS4X;RPL11;RPL9;RPL18A;EIF5B;RPL32;RPS25;RPL18;RPS19;EIF3K;RPL14;RPL7;RPS6;RPS8;EIF3F;RPL19;RPL13;RPL6;RPL23A;EIF1AX;RPL24;EIF4A2;RPS3;RPS11;PABPC1;EIF2S3X;RPL15;RPLP0;EIF4B;RPS18;EIF2S2"
"RA_Translation%R-MMU-72766",0.00108225108225108,0.0252579632122028,-0.811058192126858,-2.36812664856543,0,187,"RPS21;RPL22;RPS12;RPL23;RPL38;RPS15A;RPL34;RPS28;RPS24;RPLP2;RPLP1;RPS27L;RPL35A;RPS20;RPL30;RPS13;RPL36A;MRPL52;MRPL23;RPS9;RPS10;RPS16;RPL27A;RPS29;SRP14;SRP9;RPS17;RPS23;RPS15;RPS14;MRPS33;MRPS18C;RPL28;RPL39;MRPL51;GADD45GIP1;RPL37A;MRPS21;MRPS25;RPL8;RPL27;RPSA;RPS5;RPL31;MRPL20;RPL26;RPS4X;MRPL24;RPL11;RPL9;MRPL12;RPL18A;EIF5B;MRPS28;RPL32;RPS25;RPL18;RPS19;EEF1D;MRPS14;TRMT112;EIF3K;RPL14;MRPL41;MRPL14;MRPS26;RPL7;RPS6;RPS8;EIF3F;EEF1G;RPL19;MRPL16;MRPS12;MRPL21;RPL13;RPL6;MRPS15;AURKAIP1;CHCHD1;RPL23A;EIF1AX;MRPL2;RPL24;MRPL47;MRPL48;EIF4A2;RPS3;MRPS36;MRPS24;MRPS23;RPS11;MRPL11;PABPC1;EIF2S3X;RPL15;MRPL57;MRPL34;RPLP0;EIF4B;RPS18;EIF2S2;MRPL28;MRPS16;MRPL13;MRPS17;EEF1A1;MRPL55;EIF3I;RPL3;MRPL58;DAP3;MRPL10;MRPS30;EIF3G;MRPL22;MRPL42;RPL5;MRPS34;MRPL1"
"RA_SRP-dependent_cotranslational_protein_targeting_to_membrane%R-MMU-1799339",0.00121802679658952,0.0252579632122028,-0.891688551139037,-2.34251060442355,0,64,"RPS21;RPL22;RPS12;RPL23;RPL38;RPS15A;RPL34;RPS28;RPS24;RPLP2;RPLP1;RPS27L;RPL35A;RPS20;RPL30;RPS13;RPL36A;RPS9;RPS10;RPS16;RPL27A;RPS29;SRP14;SRP9;RPS17;RPS23;RPS15;RPS14;RPL28;RPL39;RPL37A;RPL8;RPL27;RPSA;RPS5;RPL31;RPL26;RPS4X;RPL11;RPL9;RPL18A;RPL32;RPS25;RPL18;RPS19;RPL14;RPL7;RPS6;RPS8;RPL19;RPL13;RPL6;RPL23A;RPL24;RPS3;RPS11;RPL15;RPLP0;RPS18"
"RA_Major_pathway_of_rRNA_processing_in_the_nucleolus_and_cytosol%R-MMU-6791226",0.00110619469026549,0.0252579632122028,-0.76637758779178,-2.19981259890788,0,144,"RPS21;RPL22;RPS12;RPL23;RPL38;RPS15A;RPL34;RPS28;RPS24;RPLP2;RPLP1;RPS27L;RPL35A;RPS20;RPL30;RPS13;RPL36A;RPS9;RPS10;RPS16;RPL27A;RPS29;RPS17;RPS23;RPS15;RPS14;FCF1;RPL28;RPL39;RPL37A;RPL8;RPL27;RPSA;RPS5;RPL31;RPL26;RPS4X;RPL11;RPL9;RPL18A;RPL32;RPS25;RPL18;FBL;RPS19;C1D;EMG1;EXOSC3;RPL14;UTP3;RPL7;RPS6;RPS8;RPL19;RPL13;RPL6;MPHOSPH6;RPL23A;RPL24;RPS3;RPS11;EXOSC2;EXOSC7;RPL15;RPLP0;RPS18"
"RA_rRNA_processing%R-MMU-72312",0.00110619469026549,0.0252579632122028,-0.76637758779178,-2.19981259890788,0,144,"RPS21;RPL22;RPS12;RPL23;RPL38;RPS15A;RPL34;RPS28;RPS24;RPLP2;RPLP1;RPS27L;RPL35A;RPS20;RPL30;RPS13;RPL36A;RPS9;RPS10;RPS16;RPL27A;RPS29;RPS17;RPS23;RPS15;RPS14;FCF1;RPL28;RPL39;RPL37A;RPL8;RPL27;RPSA;RPS5;RPL31;RPL26;RPS4X;RPL11;RPL9;RPL18A;RPL32;RPS25;RPL18;FBL;RPS19;C1D;EMG1;EXOSC3;RPL14;UTP3;RPL7;RPS6;RPS8;RPL19;RPL13;RPL6;MPHOSPH6;RPL23A;RPL24;RPS3;RPS11;EXOSC2;EXOSC7;RPL15;RPLP0;RPS18"
"RA_rRNA_processing_in_the_nucleus_and_cytosol%R-MMU-8868773",0.00110619469026549,0.0252579632122028,-0.76637758779178,-2.19981259890788,0,144,"RPS21;RPL22;RPS12;RPL23;RPL38;RPS15A;RPL34;RPS28;RPS24;RPLP2;RPLP1;RPS27L;RPL35A;RPS20;RPL30;RPS13;RPL36A;RPS9;RPS10;RPS16;RPL27A;RPS29;RPS17;RPS23;RPS15;RPS14;FCF1;RPL28;RPL39;RPL37A;RPL8;RPL27;RPSA;RPS5;RPL31;RPL26;RPS4X;RPL11;RPL9;RPL18A;RPL32;RPS25;RPL18;FBL;RPS19;C1D;EMG1;EXOSC3;RPL14;UTP3;RPL7;RPS6;RPS8;RPL19;RPL13;RPL6;MPHOSPH6;RPL23A;RPL24;RPS3;RPS11;EXOSC2;EXOSC7;RPL15;RPLP0;RPS18"
"RA_Nonsense-Mediated_Decay_(NMD)%R-MMU-927802",0.00117096018735363,0.0252579632122028,-0.85368952362137,-2.33360623744058,0,87,"RPS21;RPL22;RPS12;RPL23;RPL38;RPS15A;RPL34;RPS28;RPS24;RPLP2;RPLP1;RPS27L;RPL35A;RPS20;RPL30;RPS13;RPL36A;RBM8A;MAGOHB;RPS9;RPS10;RPS16;RPL27A;RPS29;RPS17;RPS23;UPF3B;RPS15;RPS14;MAGOH;RPL28;RPL39;RPL37A;RPL8;RPL27;RPSA;RPS5;RPL31;RPL26;RPS4X;RPL11;RPL9;RPL18A;RPL32;RPS25;RPL18;RPS19;RPL14;RPL7;RPS6;RPS8;RPL19;RPL13;RPL6;RPL23A;RPL24;RPS3;RPS11;PABPC1;RPL15;RPLP0;RPS18"
"RA_Nonsense_Mediated_Decay_(NMD)_independent_of_the_Exon_Junction_Complex_(EJC)%R-MMU-975956",0.00121359223300971,0.0252579632122028,-0.884863356257374,-2.33600421020892,0,68,"RPS21;RPL22;RPS12;RPL23;RPL38;RPS15A;RPL34;RPS28;RPS24;RPLP2;RPLP1;RPS27L;RPL35A;RPS20;RPL30;RPS13;RPL36A;RPS9;RPS10;RPS16;RPL27A;RPS29;RPS17;RPS23;RPS15;RPS14;RPL28;RPL39;RPL37A;RPL8;RPL27;RPSA;RPS5;RPL31;RPL26;RPS4X;RPL11;RPL9;RPL18A;RPL32;RPS25;RPL18;RPS19;RPL14;RPL7;RPS6;RPS8;RPL19;RPL13;RPL6;RPL23A;RPL24;RPS3;RPS11;PABPC1;RPL15;RPLP0;RPS18"
"RA_Nonsense_Mediated_Decay_(NMD)_enhanced_by_the_Exon_Junction_Complex_(EJC)%R-MMU-975957",0.00117096018735363,0.0252579632122028,-0.85368952362137,-2.33360623744058,0,87,"RPS21;RPL22;RPS12;RPL23;RPL38;RPS15A;RPL34;RPS28;RPS24;RPLP2;RPLP1;RPS27L;RPL35A;RPS20;RPL30;RPS13;RPL36A;RBM8A;MAGOHB;RPS9;RPS10;RPS16;RPL27A;RPS29;RPS17;RPS23;UPF3B;RPS15;RPS14;MAGOH;RPL28;RPL39;RPL37A;RPL8;RPL27;RPSA;RPS5;RPL31;RPL26;RPS4X;RPL11;RPL9;RPL18A;RPL32;RPS25;RPL18;RPS19;RPL14;RPL7;RPS6;RPS8;RPL19;RPL13;RPL6;RPL23A;RPL24;RPS3;RPS11;PABPC1;RPL15;RPLP0;RPS18"
"RA_TP53_Regulates_Metabolic_Genes%R-MMU-5628897",0.00130378096479791,0.0252579632122028,-0.781236200346588,-1.93130658196914,0,40,"COX5A;LAMTOR4;COX4I1;NDUFA4;LAMTOR2;COX16;COX20;COX6B1;COX6A1;COX8A;PRDX5;COX7B;MT-CO2;PRDX1;PRDX2;LAMTOR5"
"RA_Cellular_response_to_chemical_stress%R-MMU-9711123",0.00114942528735632,0.0252579632122028,-0.572448428910059,-1.59490798738889,0,105,"COX5A;SOD1;RPS27A;COX4I1;NDUFA4;COX16;COX20;COX6B1;RBX1;CYBA;COX6A1;COX8A;PRDX5;PSMA7;COX7B;MT-CO2;BACH1;PRDX1;PSMC5;GSTP1;BLVRA;PRDX2;PSMB6;PSMD9;PSMD7;PSMB1;CCS;SOD2;PSMD13;PSMB5;MT-CO1;MAP1LC3B;PSME1;PSMD10"
"RA_mRNA_Splicing_-_Minor_Pathway%R-MMU-72165",0.00131926121372032,0.0252579632122028,-0.740821281585486,-1.83190225775309,0,41,"SNRPF;POLR2F;SNRPD1;POLR2L;SNRPE;POLR2H;SNRPD3;SNRPG;SNRPD2;DDX23;GTF2F2;ZCRB1;SF3B6;POLR2I;SNRNP48;POLR2G"
"RA_Mitochondrial_translation%R-MMU-5368287",0.00117647058823529,0.0252579632122028,-0.746760014162147,-2.01774404807918,0,80,"MRPL52;MRPL23;MRPS33;MRPS18C;MRPL51;GADD45GIP1;MRPS21;MRPS25;MRPL20;MRPL24;MRPL12;MRPS28;MRPS14;MRPL41;MRPL14;MRPS26;MRPL16;MRPS12;MRPL21;MRPS15;AURKAIP1;CHCHD1;MRPL2;MRPL47;MRPL48;MRPS36;MRPS24;MRPS23;MRPL11;MRPL57;MRPL34;MRPL28;MRPS16;MRPL13;MRPS17;MRPL55;MRPL58;DAP3;MRPL10;MRPS30;MRPL22;MRPL42;MRPS34;MRPL1;MRPL40;MRPS35;MRPS18A;MRPL15"
"RA_Mitochondrial_translation_elongation%R-MMU-5389840",0.00119617224880383,0.0252579632122028,-0.754188233908148,-2.01915436452251,0,77,"MRPL52;MRPL23;MRPS33;MRPS18C;MRPL51;GADD45GIP1;MRPS21;MRPS25;MRPL20;MRPL24;MRPL12;MRPS28;MRPS14;MRPL41;MRPL14;MRPS26;MRPL16;MRPS12;MRPL21;MRPS15;AURKAIP1;CHCHD1;MRPL2;MRPL47;MRPL48;MRPS36;MRPS24;MRPS23;MRPL11;MRPL57;MRPL34;MRPL28;MRPS16;MRPL13;MRPS17;MRPL55;MRPL58;DAP3;MRPL10;MRPS30;MRPL22;MRPL42;MRPS34;MRPL1;MRPL40;MRPS35;MRPS18A;MRPL15"
"RA_Mitochondrial_translation_termination%R-MMU-5419276",0.00118343195266272,0.0252579632122028,-0.747201995732384,-2.00737356176114,0,79,"MRPL52;MRPL23;MRPS33;MRPS18C;MRPL51;GADD45GIP1;MRPS21;MRPS25;MRPL20;MRPL24;MRPL12;MRPS28;MRPS14;MRPL41;MRPL14;MRPS26;MRPL16;MRPS12;MRPL21;MRPS15;AURKAIP1;CHCHD1;MRPL2;MRPL47;MRPL48;MRPS36;MRPS24;MRPS23;MRPL11;MRPL57;MRPL34;MRPL28;MRPS16;MRPL13;MRPS17;MRPL55;MRPL58;DAP3;MRPL10;MRPS30;MRPL22;MRPL42;MRPS34;MRPL1;MRPL40;MRPS35;MRPS18A;MRPL15"
"RA_Signaling_by_FGFR%R-MMU-190236",0.00134589502018843,0.0252579632122028,-0.698334001675076,-1.67125885670702,0,33,"POLR2F;POLR2L;POLR2H;RPS27A;GTF2F2;POLR2I;SPRY2;POLR2G"
"RA_RNA_Polymerase_III_Transcription_Initiation_From_Type_1_Promoter%R-MMU-76061",0.00141643059490085,0.02572420725578,-0.769705368926441,-1.74731026448763,0,24,"POLR2F;POLR2L;POLR2H;POLR3GL;GTF3C6;POLR1C"
"KEGG_Oxidative_phosphorylation%mmu00190",0.00116686114352392,0.0293040293040293,-0.85011409868105,-2.34092801559666,0,93,"UQCRH;ATP5K;COX5A;NDUFB3;NDUFA5;UQCRQ;ATP5G3;NDUFA1;NDUFS6;NDUFB7;NDUFB10;NDUFA2;ATP6V1G1;NDUFC2;ATP5L;NDUFA3;COX6C;NDUFB11;ATP5E;COX4I1;NDUFA4;ATP5H;COX7A2;NDUFA13;UQCRB;NDUFS5;NDUFS4;NDUFB8;NDUFB5;ATP6V1F;UQCR10;COX5B;NDUFB9;ATP5J2;COX6B1;NDUFA12;NDUFC1;ATP6V0B;COX6A1;COX8A;NDUFA11;NDUFA6;NDUFS7;NDUFAB1;COX7B;COX6B2;NDUFB6;NDUFB2;ATP5D;ATP6V1D;ATP5O;NDUFV2;ATP5J;NDUFS3"
"KEGG_Ribosome%mmu03010",0.00114025085518814,0.0293040293040293,-0.85614525446324,-2.402963915848,0,109,"RPL17;RPS21;RPL22;RPS12;RPL23;RPL38;FAU;RPS15A;RPL34;RPS28;RPS24;RPLP2;RPLP1;RPS27L;RPL35A;RPS20;RPL30;RPS13;RPL36A;RPL36AL;RPS27A;MRPL23;RPS9;RPS10;RPS16;RPL27A;RPS29;RPS17;RPS23;RPS3A1;RPS15;RPL21;RPS14;MRPS18C;RPL28;RPL39;RPL37A;RPL7A;MRPS21;RPL8;RPL27;RPSA;RPS5;RPL31;MRPL20;RPL36;RPL26;RPL10A;RPS4X;MRPL24;RPL11;RPL9;MRPL12;RPL18A;RPL32;RPS25;RPL18;RPS19;MRPS14;RSL24D1;RPL14;MRPL14;RPL7;RPS6;RPS8;RPL19;MRPL16;MRPS12;MRPL21;RPL13;RPL6;MRPS15;RPL23A;MRPL2;RPL24;RPS3;RPS11;MRPL11;RPL15;MRPL34;RPLP0;RPS18;MRPL28"
"KEGG_Spliceosome%mmu03040",0.00113378684807256,0.0293040293040293,-0.680908854384644,-1.92912756559067,0,119,"SNRPF;SNRPD1;RP9;LSM4;SNRPE;RBM8A;MAGOHB;SNRPD3;ZMAT2;LSM5;TRA2A;LSM7;SNRPG;LSM8;CCDC12;MAGOH;SNRPD2;DDX23;SNRPB2;SF3B6;BUD31;LSM3;SRSF9;SNRNP27;LSM6;BCAS2;CWC15;SNRNP70;RBM25;SYF2;PHF5A;PRPF38B;LSM2;ACIN1;RBM17;ALYREF;SRSF7"
"KEGG_Thermogenesis%mmu04714",0.00110987791342952,0.0293040293040293,-0.750351711765795,-2.16985434242766,0,152,"UQCRH;ATP5K;COX5A;NDUFB3;NDUFA5;UQCRQ;ATP5G3;NDUFA1;NDUFS6;NDUFB7;NDUFB10;NDUFA2;NDUFC2;ATP5L;NDUFA3;COX6C;NDUFB11;ATP5E;COX4I1;NDUFA4;NDUFAF2;ATP5H;COX7A2;NDUFA13;UQCRB;NDUFS5;COX16;COX20;NDUFS4;NDUFB8;NDUFB5;UQCR10;COX5B;NDUFB9;ATP5J2;COX6B1;NDUFA12;NDUFC1;COA3;ACTB;COX6A1;COX8A;NDUFAF3;NDUFA11;NDUFA6;RPS6;NDUFS7;NDUFAB1;COX7B;COX6B2;NDUFB6;NDUFB2;ATP5D;ATP5O;NDUFV2;ATP5J;NDUFS3"
"KEGG_Retrograde_endocannabinoid_signaling%mmu04723",0.00122100122100122,0.0293040293040293,-0.749689694569362,-1.98180194763622,0,66,"NDUFB3;NDUFA5;NDUFA1;NDUFS6;NDUFB7;NDUFB10;NDUFA2;NDUFC2;NDUFA3;NDUFB11;NDUFA4;NDUFA13;NDUFS5;NDUFS4;NDUFB8;NDUFB5;NDUFB9;NDUFA12;NDUFC1;NDUFA11;NDUFA6;NDUFS7;NDUFAB1;NDUFB6;NDUFB2;NDUFV2;NDUFS3"
"KEGG_Non-alcoholic_fatty_liver_disease%mmu04932",0.00113765642775882,0.0293040293040293,-0.755471570476573,-2.12350448638569,0,111,"UQCRH;COX5A;NDUFB3;NDUFA5;UQCRQ;NDUFA1;NDUFS6;NDUFB7;NDUFB10;NDUFA2;NDUFC2;NDUFA3;COX6C;NDUFB11;COX4I1;NDUFA4;COX7A2;NDUFA13;UQCRB;NDUFS5;NDUFS4;NDUFB8;NDUFB5;UQCR10;COX5B;NDUFB9;COX6B1;NDUFA12;NDUFC1;BAX;COX6A1;COX8A;NDUFA11;NDUFA6;NDUFS7;NDUFAB1;COX7B;COX6B2;NDUFB6;NDUFB2;FOS;NDUFV2;NDUFS3"
"KEGG_Parkinson_disease%mmu05012",0.00107991360691145,0.0293040293040293,-0.735550815861536,-2.14864137635101,0,182,"UQCRH;SEM1;COX5A;NDUFB3;NDUFA5;UQCRQ;ATP5G3;SOD1;NDUFA1;NDUFS6;NDUFB7;NDUFB10;NDUFA2;RPS27A;TXN1;NDUFC2;NDUFA3;COX6C;NDUFB11;ATP5E;COX4I1;NDUFA4;ATP5H;COX7A2;NDUFA13;UQCRB;NDUFS5;NDUFS4;NDUFB8;NDUFB5;UQCR10;COX5B;NDUFB9;COX6B1;NDUFA12;NDUFC1;BAX;PSMB4;COX6A1;COX8A;NDUFA11;NDUFA6;NDUFS7;PSMA7;NDUFAB1;COX7B;COX6B2;NDUFB6;PARK7;SLC39A1;SLC25A4;NDUFB2;PSMA3;ATP5D;PSMC5;ATP5O;CALM3;PSMB6;NDUFV2;ATP5J;NDUFS3;CALML4;PSMD9;PSMD7;PSMB1;NDUFV3;NDUFA8;PSMA6;PSMA2"
"KEGG_Prion_disease%mmu05020",0.00108108108108108,0.0293040293040293,-0.73921878159868,-2.15855393872123,0,178,"UQCRH;SEM1;COX5A;NDUFB3;NDUFA5;UQCRQ;ATP5G3;SOD1;NDUFA1;NDUFS6;NDUFB7;NDUFB10;NDUFA2;NDUFC2;NDUFA3;COX6C;NDUFB11;ATP5E;COX4I1;NDUFA4;ATP5H;COX7A2;NDUFA13;UQCRB;NDUFS5;NDUFS4;NDUFB8;NDUFB5;UQCR10;COX5B;NDUFB9;COX6B1;NDUFA12;NDUFC1;BAX;PSMB4;CYBA;COX6A1;COX8A;NDUFA11;NDUFA6;NDUFS7;PSMA7;NDUFAB1;COX7B;COX6B2;NDUFB6;SLC25A4;NDUFB2;PSMA3;ATP5D;PSMC5;ATP5O;PSMB6;NDUFV2;ATP5J;NDUFS3;C1QB;PSMD9;PSMD7;PSMB1;NDUFV3;CSNK2B;NDUFA8;PSMA6;PSMA2;BAD;PSMA4;CSNK2A2"
"KEGG_Coronavirus_disease%mmu05171",0.00112107623318386,0.0293040293040293,-0.802203617524829,-2.3052588310595,0,140,"RPL17;RPS21;RPL22;RPS12;RPL23;RPL38;FAU;RPS15A;RPL34;RPS28;RPS24;RPLP2;RPLP1;RPS27L;RPL35A;RPS20;RPL30;RPS13;RPL36A;RPL36AL;RPS27A;RPS9;RPS10;RPS16;RPL27A;RPS29;RPS17;RPS23;RPS3A1;RPS15;RPL21;RPS14;RPL28;RPL39;RPL37A;RPL7A;RPL8;RPL27;RPSA;RPS5;RPL31;RPL36;RPL26;RPL10A;RPS4X;RPL11;RPL9;RPL18A;RPL32;RPS25;RPL18;RPS19;TAB2;RSL24D1;RPL14;RPL7;RPS6;RPS8;ISG15;RPL19;RPL13;RPL6;RPL23A;RPL24;FOS;RPS3;NFKBIA;C1QB;RPS11;RPL15;RPLP0;RPS18"
"KEGG_Chemical_carcinogenesis%mmu05208",0.00110864745011086,0.0293040293040293,-0.717985526029069,-2.07643376778963,0,151,"UQCRH;COX5A;NDUFB3;NDUFA5;UQCRQ;ATP5G3;SOD1;NDUFA1;NDUFS6;NDUFB7;NDUFB10;NDUFA2;NDUFC2;NDUFA3;COX6C;NDUFB11;ATP5E;COX4I1;NDUFA4;ATP5H;COX7A2;NDUFA13;UQCRB;NDUFS5;NDUFS4;NDUFB8;NDUFB5;UQCR10;COX5B;NDUFB9;COX6B1;NDUFA12;NDUFC1;CYBA;COX6A1;FOXO3;COX8A;NDUFA11;NDUFA6;NDUFS7;NDUFAB1;COX7B;COX6B2;NDUFB6;SLC25A4;NDUFB2;ATP5D;ATP5O;FOS;NFKBIA;MGST1;NDUFV2;ATP5J;NDUFS3"
"KEGG_Diabetic_cardiomyopathy%mmu05415",0.00112233445566779,0.0293040293040293,-0.751548480106153,-2.15659178432027,0,135,"UQCRH;COX5A;NDUFB3;NDUFA5;UQCRQ;ATP5G3;NDUFA1;NDUFS6;NDUFB7;NDUFB10;NDUFA2;NDUFC2;NDUFA3;COX6C;NDUFB11;ATP5E;COX4I1;NDUFA4;ATP5H;COX7A2;NDUFA13;UQCRB;NDUFS5;NDUFS4;NDUFB8;NDUFB5;UQCR10;COX5B;NDUFB9;COX6B1;NDUFA12;NDUFC1;CYBA;COX6A1;COX8A;NDUFA11;NDUFA6;NDUFS7;NDUFAB1;COX7B;MPC2;COX6B2;NDUFB6;SLC25A4;NDUFB2;ATP5D;ATP5O;NDUFV2;ATP5J;NDUFS3"
"KEGG_Cardiac_muscle_contraction%mmu04260",0.00137741046831956,0.0303030303030303,-0.839965835664387,-1.9772523014797,0,31,"UQCRH;COX5A;UQCRQ;COX6C;COX4I1;COX7A2;UQCRB;UQCR10;COX5B;COX6B1;COX6A1;COX8A;COX7B;COX6B2"
"WP_Electron_Transport_Chain%WP295",0.00121359223300971,0.0453333333333333,-0.857482567597302,-2.29662833545722,0,72,"UQCRH;ATP5K;COX5A;NDUFB3;NDUFA5;UQCRQ;ATP5G3;NDUFA1;NDUFS6;NDUFB7;NDUFB10;NDUFA2;NDUFC2;ATP5L;NDUFA3;COX6C;ATP5E;COX4I1;NDUFA4;ATP5H;COX7A2;UQCRB;NDUFS5;ATPIF1;NDUFS4;NDUFB5;UQCR10;COX5B;NDUFB9;ATP5J2;COX6B1;NDUFA12;NDUFC1;COX6A1;COX8A;NDUFA6;NDUFS7;NDUFAB1;COX7B;NDUFB6;SLC25A4;NDUFB2;ATP5D;ATP5O;NDUFV2;ATP5J;NDUFS3"
"WP_Cytoplasmic_Ribosomal_Proteins%WP163",0.00122399020807834,0.0453333333333333,-0.891077020631863,-2.36095864256612,0,67,"RPL17;RPS21;RPL22;RPS12;RPL38;FAU;RPS15A;RPL34;RPS28;RPS24;RPLP2;RPLP1;RPL35A;RPS20;RPL30;RPS13;RPL36A;RPS27A;RPS10;RPS16;RPL27A;RPS29;RPS17;RPS23;RPS3A1;RPS15;RPL21;RPS14;RPL28;RPL39;RPL37A;RPL7A;RPL8;RPL27;RPSA;RPS5;RPL31;RPL36;RPL26;RPL10A;RPS4X;RPL11;RPL9;RPL18A;RPL32;RPS25;RPL18;RPS19;RPL7;RPS6;RPS8;RPL19;RPL13;RPL6"
"WP_Oxidative_phosphorylation%WP1248",0.00133333333333333,0.0453333333333333,-0.852718272111055,-2.14466641334119,0,45,"ATP5K;NDUFA5;ATP5G3;NDUFS6;NDUFB7;NDUFB10;NDUFA2;NDUFC2;ATP5L;NDUFA3;ATP5E;NDUFA4;ATP5H;NDUFS5;NDUFS4;NDUFB8;NDUFB5;NDUFB9;ATP5J2;NDUFC1;NDUFA11;NDUFA6;NDUFS7;NDUFB6;NDUFB2;ATP5D;ATP5O;NDUFV2;ATP5J;NDUFS3"
"WP_MAPK_Cascade%WP251",0.00306748466257669,0.0454545454545455,0.695484680728711,1.74643547962019,0,20,"RAF1;MAP3K3;MAPK14;RASA3;MAP2K3;SIPA1;ARAF;MAP2K1;MAPK1;MAP2K4;MAP2K6"
"WP_Integrin-mediated_Cell_Adhesion%WP6",0.0053475935828877,0.0454545454545455,0.621565480289341,2.00003292217243,0,68,"VCL;RAF1;ZYX;AKT1;GIT2;ILK;TLN1;PXN;ITGB5;SHC1;PIK3R2;VAV3;ITGB1;ITGB2;MAP2K3;RAC1;CAPN1;ITGA5;ARAF;MAP2K1;MAPK1;SELENOP;MAPK6;ACTN1"
"WP_IL-9_Signaling_Pathway%WP10",0.00306748466257669,0.0454545454545455,0.704035257938793,1.76790688197412,0,20,"JAK3;AKT1;TYK2;JAK1;SHC1;STAT1;KAT5;MAP2K1;MAPK1;STAT5B;IRS2;STAT3"
"WP_EPO_Receptor_Signaling%WP1249",0.00306748466257669,0.0454545454545455,0.701335570018935,1.76112768050817,0,20,"RAF1;PIK3CG;AKT1;JAK2;SHC1;STAT1;MAP2K1;MAPK1;STAT5B;IRS2;STAT3"
"WP_G_Protein_Signaling_Pathways%WP232",0.0040650406504065,0.0454545454545455,0.510540410105512,1.54458167006648,0,47,"PRKCB;PDE4D;AKAP10;GNAS;PRKD3;PRKACA;PDE4B;ARHGEF1;GNG12;PRKAR2B;PRKACB;ADCY3;GNA15;GNB5;GNA12;GNAI3"
"WP_MicroRNAs_in_Cardiomyocyte_Hypertrophy%WP1560",0.00476190476190476,0.0454545454545455,0.576889403696397,1.81539444913799,0,59,"RAF1;PIK3CG;PRKCB;AKT1;LRP5;MAPK14;HDAC5;PIK3R2;PIK3CB;MTOR;HDAC9;MAP2K3;RAC1;IKBKG;MAP2K1;DVL1;MAPK1;IKBKE;MAP2K4;IL6ST;MAP2K6;STAT3;RCAN1"
"WP_Translation_Factors%WP307",0.00532623169107856,0.0454545454545455,-0.656633502407101,-1.64602493008149,3,44,"EEF1B2;EIF1;EEF1D;PAIP1;EIF3F;EEF1G;EIF4A2;PABPC1;EIF2S3X;EIF4B;EIF2S2;EIF4EBP2;EEF1A1;EIF3I;EIF3G;EEF2"
"WP_Kit_Receptor_Signaling_Pathway%WP407",0.00434782608695652,0.0454545454545455,0.560770994107983,1.72642337340238,0,53,"RAF1;PIK3CG;PRKCB;SH2B2;AKT1;JAK2;SH3KBP1;RPS6KA1;SHC1;PIK3R2;STAT1;HCK;SOCS6;SPRED2;MAP2K1;PLCG1;MAPK1;STAT5B;KIT;CLTC;TEC;PTPN6;STAT3;CBLB;ABL1"
"WP_ESC_Pluripotency_Pathways%WP339",0.004,0.0454545454545455,0.583161447815378,1.7664993221069,0,46,"MYC;RAF1;AKT1;LRP5;DVL3;JAK1;PIK3R2;MTOR;MAP2K3;ARAF;AXIN1;DVL2;MAP2K1;DVL1;MAPK1;SELENOP;PDGFRB;MAPK6;IL6ST;SMAD4;MAP2K6;STAT3"
"RA_TP53_Regulates_Transcription_of_DNA_Repair_Genes%R-MMU-6796648",0.00267737617135208,0.046934267016798,-0.676648529731815,-1.645069156742,1,37,"POLR2F;POLR2L;POLR2H;GTF2F2;POLR2I;GTF2H5;POLR2G;ELOC;ELOB;CCNH;MNAT1;POLR2E"
"RA_Signaling_by_FGFR2%R-MMU-5654738",0.00275103163686382,0.046934267016798,-0.71493153931604,-1.67468602995435,1,30,"POLR2F;POLR2L;POLR2H;RPS27A;GTF2F2;POLR2I;SPRY2;POLR2G"
"RA_RNA_Polymerase_III_Transcription_Initiation_From_Type_2_Promoter%R-MMU-76066",0.00288600288600289,0.0477888124946948,-0.783391893917435,-1.75049057132424,1,23,"POLR2F;POLR2L;POLR2H;POLR3GL;GTF3C6;POLR1C"
"RA_Synthesis_of_PIPs_at_the_Golgi_membrane%R-MMU-1660514",0.0029940119760479,0.0481608212147134,0.784838805023905,1.89878658956461,0,16,"SACM1L;PIK3R4;FIG4;VAC14;PIK3C2G;PI4KA;INPP5E;PIK3C2A;PI4K2B"
"RA_Kinesins%R-MMU-983189",0.00323624595469256,0.050611290902553,0.723958520275562,1.92657624065428,0,23,"KIF20A;KIF1B;KIF11;KIF2C;KIF13B;KIF18A;KIF18B;KIF16B"
"KEGG_Proteasome%mmu03050",0.0026246719160105,0.0533010296789824,-0.677450558551689,-1.66362188722608,1,41,"SEM1;PSMB9;POMP;PSMB4;PSMA7;PSMA3;PSMC5;PSMB6;PSMB10;PSMD9;PSMD7;PSMB1;PSMA6;PSMA2;PSMA4;PSMD13;PSMB5;PSME1;PSMA5;PSMD4"
"WP_Chemokine_signaling_pathway%WP2292",0.00746268656716418,0.0551948051948052,0.497193476118725,1.65585939577125,0,97,"GRK6;JAK3;RAF1;PIK3CG;DOCK2;PRKCB;ARRB1;AKT1;JAK2;TIAM2;PXN;SHC1;PIK3R2;VAV3;ELMO1;PIK3CB;PRKACA;STAT1;HCK;PRKX;RAC1;STAT2;GNG12;IKBKG;PRKACB;ADCY3;MAP2K1;MAPK1;STAT5B;SOS2"
"WP_Focal_Adhesion%WP85",0.00757575757575758,0.0551948051948052,0.506286952306386,1.71279442331024,0,102,"PIP5K1C;VCL;RAF1;PIK3CG;ZYX;PIK3R4;AKT1;ILK;TLN1;FLNA;PXN;ITGB5;SHC1;PIK3R2;PIK3CB;HGF;HCK;ITGB1;ITGB2;VEGFA;MAP2K3;RAC1;CAPN1;ITGA5;ARAF;COL11A2;MAP2K1;MAPK1;SELENOP;PDGFRB;MAPK6;ACTN1;MAP2K6;PIK3R5;CCND3"
"RA_NRAGE_signals_death_through_JNK%R-MMU-193648",0.00363636363636364,0.0553316953316953,0.694695761127863,1.98072878982387,0,30,"ARHGEF11;NET1;KALRN;TIAM2;RASGRF2;ABR;ARHGEF6;VAV3;ARHGEF3;ECT2;ARHGEF1;PLEKHG2;FGD2;ARHGEF18;SOS2"
"KEGG_Inositol_phosphate_metabolism%mmu00562",0.00512820512820513,0.0565189466923571,0.686760204467489,2.1343562469255,0,57,"SACM1L;PIP5K1C;INPP5B;PIK3CG;PLCG2;FIG4;MTMR2;PIK3C2G;PI4KA;MTMR3;MTMR14;PIK3CB;INPP5E;MTMR4;IPMK;CDIPT;PIK3C2A;MTMR6;PI4K2B;INPP5J;PLCG1;INPP5F;INPP5A;PLCB4;INPP5K;PIK3C3;MTMR1;SYNJ2;PI4K2A;ISYNA1"
"KEGG_Phosphatidylinositol_signaling_system%mmu04070",0.00578034682080925,0.0565189466923571,0.651056805716247,2.12327230087733,0,72,"PPIP5K2;SACM1L;PIP5K1C;INPP5B;DGKQ;PRKCB;PLCG2;DGKZ;MTMR2;PIK3C2G;PI4KA;MTMR3;DGKH;MTMR14;PIK3R2;PIK3CB;INPP5E;MTMR4;IPMK;CDIPT;PIK3C2A;MTMR6;DGKG;PI4K2B"
"KEGG_VEGF_signaling_pathway%mmu04370",0.00377358490566038,0.0565189466923571,0.663790723432287,1.9189694299332,0,36,"RAF1;PRKCB;PLCG2;AKT1;MAPK14;MAPKAPK3;PXN;PIK3R2;PIK3CB;PLA2G4A;VEGFA;RAC1;MAP2K1;PLCG1;MAPK1"
"KEGG_Signaling_pathways_regulating_pluripotency_of_stem_cells%mmu04550",0.00512820512820513,0.0565189466923571,0.530445938517882,1.64855301044966,0,57,"JAK3;MYC;RAF1;AKT1;DVL3;MAPK14;JAK1;JAK2;PIK3R2;PIK3CB;AXIN1;DVL2;MAP2K1;DVL1;MAPK1;IL6ST;SMAD4"
"KEGG_B_cell_receptor_signaling_pathway%mmu04662",0.00510204081632653,0.0565189466923571,0.544350519735284,1.70950048890285,0,58,"RAF1;PIK3AP1;PRKCB;PLCG2;NFATC1;AKT1;NFATC3;PIK3R2;VAV3;PIK3CB;DAPP1;RAC1;IKBKG;SYK;MAP2K1;MAPK1;SOS2"
"KEGG_Fc_gamma_R-mediated_phagocytosis%mmu04666",0.00574712643678161,0.0565189466923571,0.517995785759467,1.68423584708827,0,69,"PIP5K1C;RAF1;PRKCB;PLCG2;AKT1;PLD1;PIK3R2;VAV3;PIK3CB;HCK;PLA2G4A;LIMK1;RAC1;DNM2;SYK;MAP2K1;PLCG1;MAPK1"
"KEGG_Relaxin_signaling_pathway%mmu04926",0.00526315789473684,0.0565189466923571,0.493356725885127,1.58736962608769,0,64,"RAF1;ARRB1;AKT1;TGFBR2;MAPK14;GNAS;SHC1;PIK3R2;PIK3CB;PRKACA;CREB1;VEGFA;GNG12;PRKACB;ADCY3;MAP2K1;MAPK1;SOS2;GNA15;MAP2K4;MMP9;PLCB4;GNB5;GNAI3;ATF6B;ADCY7"
"KEGG_Parathyroid_hormone_synthesis,_secretion_and_action%mmu04928",0.00512820512820513,0.0565189466923571,0.55228278990919,1.7164189407657,0,57,"ARHGEF11;RAF1;PRKCB;MEF2D;ARRB1;LRP5;PLD1;PDE4D;GNAS;MEF2A;PRKACA;PDE4B;CREB1;ARHGEF1;ARAF;PRKACB;ADCY3;MAP2K1;MAPK1"
"KEGG_Growth_hormone_synthesis,_secretion_and_action%mmu04935",0.00568181818181818,0.0565189466923571,0.528042259401187,1.72455548270831,0,70,"RAF1;PRKCB;PLCG2;AKT1;MAPK14;JAK2;GNAS;SHC1;PIK3R2;PIK3CB;PRKACA;STAT1;MTOR;CREB1;MAP2K3;PRKACB;ADCY3;MAP2K1;PLCG1;MAPK1;STAT5B;SOS2;MAP2K4;PLCB4;IRS2;MAP2K6;STAT3;GNAI3;ATF6B;ADCY7;CRKL;STAT5A;MAPK9"
"KEGG_Carbohydrate_digestion_and_absorption%mmu04973",0.00307692307692308,0.0565189466923571,0.704903217020263,1.86473750507016,0,23,"HK1;PRKCB;MGAM;AKT1;HK3;PIK3R2;PIK3CB;ATP1A3"
"KEGG_Morphine_addiction%mmu05032",0.00333333333333333,0.0565189466923571,0.72809324958982,1.9587875712982,0,26,"GRK6;PRKCB;ARRB1;PDE4D;GNAS;PDE3B;PRKACA;PDE4B;GNG12;PRKACB;ADCY3"
"KEGG_Amoebiasis%mmu05146",0.00429184549356223,0.0565189466923571,0.572011717667019,1.7098561857648,0,43,"VCL;PRKCB;ACTN4;GNAS;PIK3R2;PIK3CB;ITGB2L;PRKACA;ITGB2;PRKACB;RAB7B;GNA15;ACTN1;PLCB4"
"KEGG_Central_carbon_metabolism_in_cancer%mmu05230",0.00476190476190476,0.0565189466923571,0.552744570410411,1.67278951864475,0,49,"MYC;RAF1;HK1;AKT1;G6PDX;PFKP;HK3;PIK3R2;PIK3CB;MTOR;MAP2K1;MAPK1;KIT;PDGFRB;IDH1;GLS;PKM"
"KEGG_Choline_metabolism_in_cancer%mmu05231",0.005,0.0565189466923571,0.643473675338071,2.04899062251945,0,59,"PIP5K1C;RAF1;TSC2;DGKQ;PRKCB;DGKZ;AKT1;PCYT1A;PLD1;SLC22A3;DGKH;PIK3R2;PIK3CB;PLA2G4A;MTOR;RAC1;DGKG;CHPT1;MAP2K1;PLCG1;MAPK1;SOS2;PDGFRB"
"KEGG_Phospholipase_D_signaling_pathway%mmu04072",0.00602409638554217,0.0567986230636833,0.555941161889036,1.85865913358647,0,76,"PIP5K1C;RAF1;PIK3CG;TSC2;DGKQ;PLCG2;DGKZ;AKT1;PLD1;DGKH;GNAS;SHC1;PIK3R2;PIK3CB;PLA2G4A;MTOR;DNM2;DGKG;SYK;ADCY3;MAP2K1;PLCG1;MAPK1;SOS2;RALB;CYTH1;KIT;PDGFRB"
"WP_Insulin_Signaling%WP65",0.00900900900900901,0.0574324324324324,0.512848150433139,1.72866163131326,0,112,"RAF1;PIK3CG;TSC2;PRKCB;PIK3R4;SH2B2;AKT1;MAP3K3;PIK3C2G;XBP1;MYO1C;MAPK14;RPS6KA1;MAP3K9;SHC1;PIK3R2;PIK3CB;MAP3K4;MTOR;MAP2K3;MAP3K7;RAC1;CAP1;ARHGAP33;MAP4K5;PIK3C2A;RPS6KA4;MINK1;FLOT2;MAP3K11;MAP3K6;MAP2K1;PRKAA1;MAPK1;SOS2;MAP2K4;MAPK6;GYS1;SGK1;PIK3C3;MAP2K6"
"WP_Focal_Adhesion-PI3K-Akt-mTOR-signaling_pathway%WP2841",0.00854700854700855,0.0574324324324324,0.436811847356996,1.58791429345871,0,146,"PPP2R1B;JAK3;RAF1;PIK3CG;TSC2;STRADA;PIK3R4;AKT1;SLC2A3;CSF3R;PIK3C2G;JAK1;JAK2;PFKFB4;ITGB5;PIK3R2;PPP2R5C;PIK3CB;HGF;MTOR;CREB1;ITGB1;ITGB2;VEGFA;PIK3C2A;GNG12;IKBKG;TBC1D1;RPTOR;ITGA5;CSF1R;COL11A2;MAP2K1;PRKAA1;MAPK1;PPP2CB;OSMR;KIT;PPP2R5B;PDGFRB;GYS1"
"RA_Formation_of_the_Early_Elongation_Complex%R-MMU-113418",0.00418410041841004,0.0598087818696884,-0.721560761651124,-1.67302334494864,2,28,"POLR2F;POLR2L;POLR2H;GTF2F2;POLR2I;GTF2H5;POLR2G;CCNH;MNAT1;POLR2E;POLR2C;NCBP2"
"RA_mRNA_Capping%R-MMU-72086",0.00424328147100424,0.0598087818696884,-0.734136019687965,-1.67243682462914,2,25,"POLR2F;POLR2L;POLR2H;GTF2F2;POLR2I;GTF2H5;POLR2G;CCNH;MNAT1;POLR2E;POLR2C;NCBP2"
"RA_RNA_Polymerase_I_Transcription_Termination%R-MMU-73863",0.00424929178470255,0.0598087818696884,-0.73873696439204,-1.67700880460144,2,24,"POLR2F;POLR2L;POLR2H;GTF2H5;POLR1C;TAF1D;CCNH;MNAT1;ZNRD1;POLR2E"
"WP_Wnt_Signaling_Pathway_NetPath%WP539",0.01,0.06,0.482512984835766,1.52634918575564,1,62,"RAF1;PRKCB;ARRB1;AKT1;CUL1;LRP5;CDC25C;DVL3;HIPK2;JUP;MARK2;MAP3K7;RAC1;AXIN1;DVL2;CTBP2;DVL1;MAPK1;BTRC;CTBP1;SMAD4"
"KEGG_Chemokine_signaling_pathway%mmu04062",0.00689655172413793,0.0606896551724138,0.494572372435933,1.7391215249983,0,99,"GRK6;JAK3;RAF1;PIK3CG;DOCK2;PRKCB;PLCG2;ARRB1;AKT1;JAK2;PXN;SHC1;PIK3R2;VAV3;ELMO1;PIK3CB;PRKACA;STAT1;HCK;RAC1;STAT2;GNG12;IKBKG;PRKACB;ADCY3;MAP2K1;PLCG1;MAPK1;STAT5B;SOS2"
"KEGG_Focal_adhesion%mmu04510",0.00675675675675676,0.0606896551724138,0.524758272032798,1.84857557765484,0,100,"PIP5K1C;VCL;RAF1;ZYX;PRKCB;AKT1;ACTN4;ILK;TLN1;FLNA;PXN;FLNB;ITGB5;SHC1;PIK3R2;COL6A4;VAV3;PIK3CB;HGF;ITGB1;VEGFA;RAC1;PARVG"
"KEGG_Serotonergic_synapse%mmu04726",0.00754716981132076,0.0622641509433962,0.593710766584645,1.71637350610604,1,36,"RAF1;PRKCB;ALOX5;GNAS;PRKACA;PLA2G4A;GNG12;ARAF;PRKACB;MAP2K1;MAPK1;PLCB4;GNB5;GNAI3"
"KEGG_Long-term_depression%mmu04730",0.00732600732600733,0.0622641509433962,0.621447410030963,1.76212760174333,1,34,"PPP2R1B;RAF1;PRKCB;GNAS;PLA2G4A;ARAF;MAP2K1;MAPK1;PPP2CB;PLCB4;GNA12;GNAI3"
"RA_RHOB_GTPase_cycle%R-MMU-9013026",0.00469483568075117,0.0629331544824503,0.639137280584942,1.96608340370517,0,47,"ARHGEF11;ERBIN;ARHGAP1;IQGAP3;NET1;ANLN;ABR;PIK3R2;JUP;ARHGEF3;ECT2;ARHGEF1;SLK;ARHGAP39;PKN1;FLOT2;DEPDC1B;ARHGEF28"
"RA_RHOC_GTPase_cycle%R-MMU-9013106",0.00469483568075117,0.0629331544824503,0.612476575285714,1.886635696851,0,48,"ARHGEF11;ERBIN;FMNL3;ARHGAP1;IQGAP3;ANLN;ABR;IQGAP1;JUP;ARHGEF1;SLK;ARHGAP39;PKN1;FLOT2;DEPDC1B;ARHGEF28"
"RA_COPI-dependent_Golgi-to-ER_retrograde_traffic%R-MMU-6811434",0.00529100529100529,0.0640938069216758,0.579955987075159,1.8339464230277,0,60,"KIF20A;COPB1;COPG2;KIF1B;COPG1;COPA;TMED7;ARCN1;KIF11;GBF1;KIF2C;ARFGAP2;NBAS;KIF13B;KIF18A;KIF18B;KIF16B"
"RA_Factors_involved_in_megakaryocyte_development_and_platelet_production%R-MMU-983231",0.00529100529100529,0.0640938069216758,0.645934086230648,2.04258346039084,0,60,"KIF20A;DOCK2;KIF1B;SH2B2;DOCK8;KIF11;SH2B3;KIF2C;AKAP10;MFN2;KIF13B;KIF18A;DOCK11;KIF18B;PRKACA;DOCK5;KIF16B;RAC1;PRKAR2B;PRKACB;DOCK10;KIF23"
"RA_PI_Metabolism%R-MMU-1483255",0.00529100529100529,0.0640938069216758,0.690007127481429,2.18195196102734,0,60,"SACM1L;PIP5K1C;PIK3CG;PIK3R4;FIG4;MTMR2;VAC14;PIK3C2G;RUFY1;PI4KA;PLEKHA1;MTMR3;MTMR14;PITPNB;PIK3R2;PIK3CB;INPP5E;MTMR4;PLEKHA3;PIK3C2A;MTMR6;PI4K2B;INPP5J;MTMR9;SBF1;INPP5F;INPP5K;PIK3C3;PIK3R5;MTMR1;SYNJ2;PI4K2A"
"RA_CDC42_GTPase_cycle%R-MMU-9013148",0.0050251256281407,0.0640938069216758,0.664801894718179,2.06373263751524,0,53,"ARHGEF11;FAM13B;ARHGAP1;DOCK8;ARHGAP31;RASGRF2;ABR;ARHGEF6;DOCK11;PIK3R2;VAV3;ECT2;ARHGAP45;PLEKHG2;ARHGAP33;ARHGAP39;DEPDC1B;FGD2;DNMBP;DOCK10;SRGAP2"
"RA_RNA_Polymerase_III_Transcription%R-MMU-74158",0.00546448087431694,0.0640938069216758,-0.683395814965433,-1.61587759221423,3,31,"POLR2F;POLR2L;POLR2H;POLR3GL;GTF3C6;SNAPC5;POLR1C"
"RA_RNA_Polymerase_III_Transcription_Initiation%R-MMU-76046",0.00546448087431694,0.0640938069216758,-0.683395814965433,-1.61587759221423,3,31,"POLR2F;POLR2L;POLR2H;POLR3GL;GTF3C6;SNAPC5;POLR1C"
"RA_Phospholipid_metabolism%R-MMU-1483257",0.00793650793650794,0.0677008177008177,0.567744226264868,1.97989842728735,0,121,"SACM1L;PIP5K1C;OSBPL8;PIK3CG;PIK3R4;FIG4;MTMR2;PCYT1A;GNPAT;VAC14;PIK3C2G;RUFY1;PI4KA;PLEKHA1;MTMR3;MTMR14;PITPNB;PIK3R2;PIK3CB;INPP5E;MTMR4;PITPNM1;PLA2G4A;CDIPT;PLEKHA3;PNPLA8;OSBPL5;PIK3C2A;MTMR6;PI4K2B;INPP5J;MTMR9;CHPT1;ABHD4"
"RA_RAC1_GTPase_cycle%R-MMU-9013149",0.00746268656716418,0.0677008177008177,0.616481524143646,2.09465819583754,0,107,"ARHGEF11;ERBIN;DOCK2;FAM13B;ARHGAP1;IQGAP3;KALRN;NISCH;GIT2;DOCK8;CYFIP1;ALS2;ESYT1;ARHGAP31;TIAM2;RASGRF2;ABR;IQGAP1;ARHGEF6;CYFIP2;MPP7;DOCK11;PIK3R2;VAV3;NCKAP1L;ECT2;ABI2;DOCK5;ITGB1;ARHGAP45;GIT1;PLEKHG2;RAC1;ARHGAP33;ARHGAP15;ARHGAP39;PKN1;FMNL1;DEPDC1B;ARHGEF18;DOCK10;SOS2;SRGAP2"
"RA_G_alpha_(12/13)_signalling_events%R-MMU-416482",0.00775193798449612,0.0677008177008177,0.670424657820284,1.95499983095621,1,34,"ARHGEF11;NET1;KALRN;TIAM2;RASGRF2;ABR;ARHGEF6;VAV3;ARHGEF3;ECT2;ARHGEF1;PLEKHG2;GNG12;FGD2;ARHGEF18;SOS2;PREX1;GNA12"
"RA_RHOA_GTPase_cycle%R-MMU-8980692",0.00719424460431655,0.0677008177008177,0.515738227080111,1.72330441890877,0,94,"ARHGEF11;ERBIN;DOCK2;FMNL3;ARHGAP1;IQGAP3;NET1;KALRN;ANLN;ARHGAP31;RASGRF2;ABR;IQGAP1;PIK3R2;VAV3;JUP;ARHGEF3;ECT2;ARHGEF1;ARHGAP45;SLK;SCFD1;ARHGAP39;PKN1;FLOT2;DEPDC1B;ARHGAP19;ARHGEF28;ARHGEF18"
"RA_Opioid_Signalling%R-MMU-111885",0.00772200772200772,0.0677008177008177,0.627124950969401,1.82111097856937,1,33,"PPP2R1B;PDE4D;PRKACA;PLA2G4A;PDE4B;GNG12;PRKAR2B;PRKACB;ADCY3;GNA15;PPP2CB;PLCB4;CAMKK1;GNB5;GNAI3;ADCY7;PPP1CA"
"RA_RNA_Polymerase_I_Transcription_Initiation%R-MMU-73762",0.00792602377807133,0.0677008177008177,-0.643008878417878,-1.58178573255252,5,39,"POLR2F;POLR2L;POLR2H;GTF2H5;POLR1C;TAF1D;CHD3;CCNH;MNAT1;ZNRD1;POLR2E"
"RA_RNA_Polymerase_I_Promoter_Clearance%R-MMU-73854",0.00792602377807133,0.0677008177008177,-0.643008878417878,-1.58178573255252,5,39,"POLR2F;POLR2L;POLR2H;GTF2H5;POLR1C;TAF1D;CHD3;CCNH;MNAT1;ZNRD1;POLR2E"
"RA_RNA_Polymerase_I_Transcription%R-MMU-73864",0.00792602377807133,0.0677008177008177,-0.643008878417878,-1.58178573255252,5,39,"POLR2F;POLR2L;POLR2H;GTF2H5;POLR1C;TAF1D;CHD3;CCNH;MNAT1;ZNRD1;POLR2E"
"RA_Formation_of_RNA_Pol_II_elongation_complex%R-MMU-112382",0.00633713561470215,0.0677008177008177,-0.632434249777322,-1.59748393461741,4,47,"POLR2F;POLR2L;POLR2H;GTF2F2;POLR2I;GTF2H5;POLR2G;ELOC;ELOB;CCNH;MNAT1;POLR2E;POLR2C;IWS1;NCBP2;CDK9"
"RA_RNA_Polymerase_II_Transcription_Elongation%R-MMU-75955",0.00633713561470215,0.0677008177008177,-0.632434249777322,-1.59748393461741,4,47,"POLR2F;POLR2L;POLR2H;GTF2F2;POLR2I;GTF2H5;POLR2G;ELOC;ELOB;CCNH;MNAT1;POLR2E;POLR2C;IWS1;NCBP2;CDK9"
"RA_RNA_Polymerase_II_Transcription_Termination%R-MMU-73856",0.00738007380073801,0.0677008177008177,-0.605953721599511,-1.57701893832818,5,60,"SNRPF;SNRPE;RBM8A;MAGOHB;SNRPD3;UPF3B;SNRPG;MAGOH;SRSF9;SARNP;NUDT21;ALYREF;SRSF7;CHTOP;SRSF11;U2AF1;SRSF3"
"RA_PI5P,_PP2A_and_IER3_Regulate_PI3K/AKT_Signaling%R-MMU-6811558",0.00749063670411985,0.0677008177008177,0.654974333693907,1.90390746174006,1,32,"PIP5K1C;PPP2R1B;AKT1;PIK3R2;PPP2R5C;PIK3CB;TRAF6;HGF;RAC1"
"RA_RNA_Polymerase_II_Promoter_Escape%R-MMU-73776",0.00659630606860158,0.0677008177008177,-0.640350879616503,-1.58345913013338,4,41,"POLR2F;POLR2L;POLR2H;GTF2F2;POLR2I;GTF2H5;TAF15;POLR2G;TAF10;CCNH;MNAT1;GTF2A2;TAF4;TAF3;POLR2E"
"RA_RNA_Polymerase_II_Transcription_Pre-Initiation_And_Promoter_Opening%R-MMU-73779",0.00659630606860158,0.0677008177008177,-0.640350879616503,-1.58345913013338,4,41,"POLR2F;POLR2L;POLR2H;GTF2F2;POLR2I;GTF2H5;TAF15;POLR2G;TAF10;CCNH;MNAT1;GTF2A2;TAF4;TAF3;POLR2E"
"RA_RNA_Polymerase_II_Transcription_Initiation%R-MMU-75953",0.00659630606860158,0.0677008177008177,-0.640350879616503,-1.58345913013338,4,41,"POLR2F;POLR2L;POLR2H;GTF2F2;POLR2I;GTF2H5;TAF15;POLR2G;TAF10;CCNH;MNAT1;GTF2A2;TAF4;TAF3;POLR2E"
"RA_RNA_Polymerase_II_Transcription_Initiation_And_Promoter_Clearance%R-MMU-76042",0.00659630606860158,0.0677008177008177,-0.640350879616503,-1.58345913013338,4,41,"POLR2F;POLR2L;POLR2H;GTF2F2;POLR2I;GTF2H5;TAF15;POLR2G;TAF10;CCNH;MNAT1;GTF2A2;TAF4;TAF3;POLR2E"
"RA_ROS_and_RNS_production_in_phagocytes%R-MMU-1222556",0.00740740740740741,0.0677008177008177,-0.764508988977465,-1.6670803163642,4,19,"ATP6V1G1;ATP6V1F;ATP6V0B;CYBA;ATP6V1D"
"RA_RNA_Pol_II_CTD_phosphorylation_and_interaction_with_CE%R-MMU-77075",0.00708215297450425,0.0677008177008177,-0.733631479575766,-1.66541882954761,4,24,"POLR2F;POLR2L;POLR2H;GTF2F2;POLR2I;GTF2H5;POLR2G;CCNH;MNAT1;POLR2E;POLR2C"
"RA_Synthesis_of_PIPs_at_the_plasma_membrane%R-MMU-1660499",0.00816326530612245,0.0685957965275663,0.668919902825582,2.00537654387278,1,39,"PIP5K1C;PIK3CG;PIK3C2G;RUFY1;PLEKHA1;MTMR3;MTMR14;PIK3R2;PIK3CB;PLEKHA3;PIK3C2A;MTMR6;PI4K2B;INPP5J;MTMR9;INPP5K;PIK3R5;MTMR1;SYNJ2;PI4K2A;PLEKHA2;INPPL1"
"KEGG_Glycerophospholipid_metabolism%mmu00564",0.01,0.0694736842105263,0.517132861297334,1.58912271500066,1,53,"DGKQ;DGKZ;PCYT1A;GNPAT;PNPLA7;PLD1;DGKH;PLA2G4A;CDIPT;DGKG;CHPT1"
"KEGG_MAPK_signaling_pathway%mmu04010",0.00970873786407767,0.0694736842105263,0.446094409871863,1.65574440623662,0,149,"MYC;RAF1;PRKCB;ARRB1;NFATC1;AKT1;MAP3K3;TGFBR2;MAPK14;MAPKAPK3;FLNA;RASGRF2;NFATC3;FLNB;RPS6KA1;TRAF6;MAP3K4;PRKACA;HGF;PLA2G4A;MKNK1;PPM1A;VEGFA;MAP2K3;MAP3K7;RAC1;ERBB3;GNG12;IKBKG;RPS6KA4;MAP3K20;ARAF;CSF1R;PRKACB;MAP3K11;MAP3K6;MAP2K1;MAPK1;SOS2;MAP2K4;KIT;TAOK2;PDGFRB"
"KEGG_ErbB_signaling_pathway%mmu04012",0.0099009900990099,0.0694736842105263,0.497609650427472,1.54085979101053,1,54,"MYC;RAF1;PRKCB;PLCG2;AKT1;SHC1;PIK3R2;PIK3CB;MTOR;ERBB3;ARAF;MAP2K1;PLCG1;MAPK1;NRG2;STAT5B;SOS2;MAP2K4;NCK2;CBLB;ABL2;ABL1;PAK1;CRKL;STAT5A;MAPK9"
"KEGG_Fc_epsilon_RI_signaling_pathway%mmu04664",0.00881057268722467,0.0694736842105263,0.544754758240741,1.63149870081258,1,44,"RAF1;PLCG2;AKT1;ALOX5;MAPK14;PIK3R2;VAV3;PIK3CB;PLA2G4A;MAP2K3;RAC1;SYK;MAP2K1;PLCG1;MAPK1;SOS2;MAP2K4"
"KEGG_Regulation_of_actin_cytoskeleton%mmu04810",0.0091743119266055,0.0694736842105263,0.428621199099796,1.54458488913895,0,123,"PIP5K1C;VCL;RAF1;IQGAP3;AKT1;ACTN4;CYFIP1;MYH9;IQGAP1;PXN;ARHGEF6;CYFIP2;ITGB5;PIK3R2;VAV3;NCKAP1L;PIK3CB;MSN;ITGB2L;ABI2;LIMK1;ARHGEF1;ITGB1;ITGB2;SSH1;GIT1;RAC1;GNG12;ITGA5;ARAF"
"KEGG_Acute_myeloid_leukemia%mmu05221",0.0099009900990099,0.0694736842105263,0.501457149552698,1.55277366103479,1,54,"MYC;RAF1;AKT1;PIK3R2;PIK3CB;JUP;MPO;MTOR;PML;IKBKG;ARAF;CSF1R;MAP2K1;MAPK1;STAT5B;SOS2;KIT"
"WP_Regulation_of_Actin_Cytoskeleton%WP523",0.0125786163522013,0.0712788259958071,0.471407137991169,1.55625187382796,1,84,"PIP5K1C;VCL;RAF1;PIK3CG;PIK3R4;PIK3C2G;IQGAP1;PXN;ARHGEF6;CYFIP2;PIK3R2;PIK3CB;MSN;ABI2;LIMK1;ARHGEF1;SSH1;GIT1;RAC1;PIK3C2A;GNG12;MAP2K1;MAPK1;SOS2;PDGFRB;MAPK6;ACTN1;RDX;PIK3C3;PIK3R5"
"RA_GPCR_downstream_signalling%R-MMU-388396",0.00934579439252336,0.0730789200415369,0.496653664982106,1.74141227905466,0,138,"GRK6;PPP2R1B;ARHGEF11;PIK3CG;DGKQ;ARRB1;DAGLB;DGKZ;NET1;KALRN;AKT1;CNR2;TIAM2;RASGRF2;PDE4D;ABR;ARHGEF6;DGKH;RPS6KA1;PIK3R2;PDE3B;VAV3;ARHGEF3;ECT2;PRKACA;P2RY2;RGS14;PLA2G4A;PDE4B;CREB1;ARHGEF1;ITGB1;PLEKHG2;GNG12;PRKAR2B;DGKG;PRKACB;ADCY3"
"RA_HDMs_demethylate_histones%R-MMU-3214842",0.00923076923076923,0.0730789200415369,0.691819426717314,1.79033897528339,2,20,"KDM2B;PHF8;KDM4A;KDM3A;RIOX2;KDM4B;KDM3B;KDM4C;KDM5C;KDM7A;KDM5B"
"RA_Intra-Golgi_and_retrograde_Golgi-to-ER_traffic%R-MMU-6811442",0.00909090909090909,0.0730789200415369,0.464185757158055,1.60275040802255,0,125,"KIF20A;COPB1;COPG2;KIF1B;COPG1;COG1;COPA;DCTN1;TMED7;RAB3GAP2;ARCN1;KIF11;GBF1;COG2;COG5;KIF2C;ARFGAP2;NBAS;KIF13B;GOSR2;VPS52;KIF18A;KIF18B;PLA2G4A;KIF16B"
"RA_ER-Phagosome_pathway%R-MMU-1236974",0.00898203592814371,0.0730789200415369,-0.75466279987403,-1.59734319055306,5,16,"VAMP8;SEC22B;H2-K1;H2-T22;H2-Q6;H2-T23;H2-Q4;H2-Q7;TAP1;H2-M3;TAP2"
"RA_FGFR2_alternative_splicing%R-MMU-6803529",0.00898203592814371,0.0730789200415369,-0.765587881905397,-1.62046756529626,5,16,"POLR2F;POLR2L;POLR2H;GTF2F2;POLR2I;POLR2G"
"KEGG_GnRH_secretion%mmu04929",0.0108695652173913,0.0735785953177258,0.619034909895537,1.7028631185115,2,31,"RAF1;PRKCB;ARRB1;AKT1;PIK3R2;PIK3CB;MAP2K1;MAPK1;PLCB4"
"KEGG_PI3K-Akt_signaling_pathway%mmu04151",0.0113636363636364,0.075,0.416709066613129,1.54605271072502,0,162,"PPP2R1B;JAK3;MYC;RAF1;PIK3CG;TSC2;PIK3AP1;AKT1;CSF3R;RBL2;JAK1;JAK2;ITGB5;PIK3R2;COL6A4;PPP2R5C;PIK3CB;HGF;MTOR;CREB1;ITGB1;VEGFA;BRCA1;RAC1;ERBB3;GNG12;IKBKG;RPTOR;PKN1;ITGA5;CSF1R;SYK;MAP2K1;PRKAA1;YWHAZ;MAPK1;SOS2;PPP2CB;OSMR;RXRA;KIT;PPP2R5B;PDGFRB;GYS1;SGK1"
"RA_Signaling_by_GPCR%R-MMU-372790",0.0101010101010101,0.0768495768495769,0.489943239282849,1.71856389140146,0,145,"GRK6;PPP2R1B;ARHGEF11;PIK3CG;DGKQ;ARRB1;DAGLB;DGKZ;NET1;KALRN;AKT1;CNR2;TIAM2;RASGRF2;PDE4D;ABR;ARHGEF6;DGKH;RPS6KA1;PIK3R2;PDE3B;VAV3;ARHGEF3;ECT2;ADGRE5;PRKACA;P2RY2;RGS14;PLA2G4A;PDE4B;CREB1;ARHGEF1;ITGB1;PLEKHG2;GNG12;PRKAR2B;DGKG;PRKACB;ADCY3;FGD2;ARHGEF18;ADGRE1;SOS2;GNA15;PPP2CB;TSHR;RGS19"
"RA_RAC2_GTPase_cycle%R-MMU-9013404",0.0100502512562814,0.0768495768495769,0.526268118311502,1.66762844035859,1,58,"ERBIN;DOCK2;ARHGAP1;GIT2;CYFIP1;ESYT1;ABR;IQGAP1;MPP7;PIK3R2;VAV3;NCKAP1L;ABI2;ITGB1;GIT1;ARHGAP39;ANKLE2;DEPDC1B;DOCK10"
"RA_Regulation_of_Glucokinase_by_Glucokinase_Regulatory_Protein%R-MMU-170822",0.0102389078498294,0.0768600682593857,0.634990346177284,1.7398108560731,2,26,"NUP160;NUP188;NUP107;POM121;NUP214;NUP133;NUP93;NUP98;NUP155;NUP88"
"RA_Cytoprotection_by_HMOX1%R-MMU-9707564",0.010752688172043,0.0786203044267561,-0.647582286736069,-1.55915278299023,7,35,"COX5A;COX4I1;NDUFA4;COX16;COX20;COX6B1;COX6A1;COX8A;COX7B;MT-CO2;BLVRA"
"RA_Selective_autophagy%R-MMU-9663891",0.010752688172043,0.0786203044267561,-0.645864644344697,-1.56700287372374,7,36,"RPS27A;TOMM7;TOMM22;TOMM5;TOMM20;PARK7;DYNLL1;CSNK2B;CSNK2A2;CSNK2A1;MAP1LC3B"
"RA_RNA_Polymerase_I_Promoter_Escape%R-MMU-73772",0.0113314447592068,0.0807544734105497,-0.723457820769412,-1.64232357884859,7,24,"POLR2F;POLR2L;POLR2H;GTF2H5;POLR1C;TAF1D;CCNH;MNAT1;ZNRD1;POLR2E"
"RA_Costimulation_by_the_CD28_family%R-MMU-388841",0.0112359550561798,0.0807544734105497,0.630883338681012,1.83387872503046,2,32,"PPP2R1B;BTLA;AKT1;PIK3R2;PPP2R5C;MTOR;RAC1;MAPKAP1;PPP2CB;PPP2R5B;TNFRSF14;PTPN6"
"RA_RHO_GTPase_Effectors%R-MMU-195258",0.0116279069767442,0.0813730803974706,0.396495466137552,1.42970818998255,0,165,"PPP2R1B;CLASP2;NCOA2;FMNL3;IQGAP3;PIK3R4;NUP160;CKAP5;NUP107;BUB1B;CYFIP1;CDC25C;CTNNA1;PRC1;FLNA;MYH9;KNTC1;KIF2C;CLASP1;NF2;IQGAP1;CYFIP2;KIF18A;BUB1;PPP2R5C;NCKAP1L;ABI2;CENPO;ERCC6L;LIMK1;PLK1;NDEL1;RAC1;ZW10;XPO1;AURKB;PKN1;MEN1;ZWILCH;FMNL1;YWHAZ;MRTFA;NUP133;SRGAP2;DIAPH2;PPP2CB;PPP2R5B;CENPI"
"RA_Negative_regulation_of_the_PI3K/AKT_network%R-MMU-199418",0.0117647058823529,0.0813730803974706,0.620530650012263,1.84852824560218,2,37,"PIP5K1C;PPP2R1B;AKT1;PIK3R2;PPP2R5C;PIK3CB;TRAF6;HGF;RAC1"
"RA_Insulin_receptor_recycling%R-MMU-77387",0.0118518518518519,0.0813730803974706,-0.753396885934653,-1.6191314911876,7,17,"ATP6V1G1;ATP6V1F;ATP6V0B;ATP6V1D"
"RA_Golgi-to-ER_retrograde_transport%R-MMU-8856688",0.0130718954248366,0.0817719680464779,0.518213101900438,1.71401578648056,1,85,"KIF20A;COPB1;COPG2;KIF1B;COPG1;COPA;DCTN1;TMED7;RAB3GAP2;ARCN1;KIF11;GBF1;KIF2C;ARFGAP2;NBAS;KIF13B;KIF18A;KIF18B;PLA2G4A;KIF16B"
"RA_Antigen_processing-Cross_presentation%R-MMU-1236975",0.0126903553299492,0.0817719680464779,-0.612156502834748,-1.54395921967941,9,49,"VAMP8;CYBA;PSMA7;PSMC5;PSMB6;SEC22B;H2-K1;PSMD9;PSMD7;H2-T22;LNPEP;H2-Q6;PSMB1;H2-T23;PSMD13;PSMB5;H2-Q4;PSME1;PSMD10;PSMD4;H2-Q7;TAP1;H2-M3;TAP2;PSMC1"
"RA_RNA_Polymerase_III_Transcription_Initiation_From_Type_3_Promoter%R-MMU-76071",0.0127298444130127,0.0817719680464779,-0.702013768221122,-1.59925905538418,8,25,"POLR2F;POLR2L;POLR2H;POLR3GL;SNAPC5;POLR1C"
"RA_RHOQ_GTPase_cycle%R-MMU-9013406",0.0127659574468085,0.0817719680464779,0.591650342880624,1.77688605316197,2,40,"ARHGAP1;IQGAP3;WWP2;GIT2;IQGAP1;MPP7;JUP;GIT1;ARHGAP33;CDC42BPB;DEPDC1B;SRGAP2;PREX1"
"RA_RNA_Polymerase_II_Pre-transcription_Events%R-MMU-674695",0.0121951219512195,0.0817719680464779,-0.571040231880155,-1.50259144224582,9,67,"POLR2F;POLR2L;POLR2H;GTF2F2;POLR2I;GTF2H5;TAF15;POLR2G;ELOC;ELOB;TAF10;CCNH;MNAT1;GTF2A2;TAF4;TAF3;POLR2E;POLR2C;IWS1;NCBP2;TAF12;CDK9"
"RA_Detoxification_of_Reactive_Oxygen_Species%R-MMU-3299685",0.012987012987013,0.0817719680464779,-0.723698794863192,-1.61710623600128,8,23,"SOD1;CYBA;PRDX5;PRDX1;GSTP1;PRDX2;CCS;SOD2"
"RA_DAP12_interactions%R-MMU-2172127",0.0123076923076923,0.0817719680464779,0.672959764348722,1.67422279064393,3,18,"PLCG2;PIK3R2;VAV3;PIK3CB;RAC1;SYK;PLCG1;CD300LB"
"RA_Interleukin-2_family_signaling%R-MMU-451927",0.0129449838187702,0.0817719680464779,0.661285722809527,1.75979331158889,3,23,"JAK3;JAK2;SHC1;PIK3R2;PIK3CB;SYK;STAT5B;SOS2;PTPN6;STAT3;INPPL1;PTK2B;STAT5A"
"KEGG_Thyroid_hormone_signaling_pathway%mmu04919",0.0127388535031847,0.0820257884107503,0.483757482937468,1.64250799466679,1,86,"NCOA2;MYC;RAF1;TSC2;PRKCB;PLCG2;MED12;AKT1;MED16;PFKP;KAT2A;MED1;PIK3R2;PIK3CB;PRKACA;STAT1;MTOR;ATP2A3;PRKACB;ATP1A3;MAP2K1;ATP2A2;PLCG1;MAPK1"
"RA_Glycolysis%R-MMU-70171",0.0136363636363636,0.0843656343656344,0.540124494483224,1.65909044401619,2,46,"NUP160;NUP188;NUP107;POM121;NUP214;PFKP;HK3;GNPDA1;PFKFB4;ENO1"
"KEGG_Insulin_signaling_pathway%mmu04910",0.0135135135135135,0.0846832397754611,0.443261424217589,1.53343821873026,1,92,"RAF1;TSC2;HK1;SH2B2;AKT1;FASN;PYGB;HK3;SHC1;PIK3R2;PDE3B;PIK3CB;PRKACA;MTOR;MKNK1;EXOC7;PRKAR2B;RPTOR;ARAF;PRKACB;FLOT2;PHKB;PHKG2;MAP2K1;PRKAA1;MAPK1;SOS2;GYS1;PHKA2;INPP5A;IRS2;PRKAG1;CBLB;INPPL1;MKNK2;PPP1CA;CRKL;MAPK9;PYGL;PRKAB1"
"KEGG_Hepatitis_C%mmu05160",0.0137931034482759,0.0846832397754611,0.454779639516443,1.60305051141856,1,101,"PPP2R1B;MYC;RAF1;AKT1;TYK2;JAK1;CASP8;TBK1;PIAS1;PIK3R2;PSME3;PIK3CB;EIF2AK1;TRAF6;STAT1;SCARB1;RB1;STAT2;IKBKG;ARAF;MAP2K1;EIF2S1;RIPK1;YWHAZ;MAPK1;SOS2;IKBKE;PPP2CB;RXRA"
"RA_Nuclear_Pore_Complex_(NPC)_Disassembly%R-MMU-3301854",0.0140350877192982,0.0858886346300534,0.660747048511578,1.83921039153979,3,28,"NUP160;NUP188;NUP107;POM121;NUP214;CCNB1;NUP133;NUP93;NUP98;NUP155;NUP88"
"WP_EGFR1_Signaling_Pathway%WP572",0.0163934426229508,0.088006902502157,0.428120080243425,1.49902122989481,1,129,"MYC;RAF1;PIK3CG;PRKCB;PLCG2;CEACAM1;AKT1;EPS15L1;AP2A1;MAP3K3;MAPK14;JAK1;PLD1;JAK2;SH2D3C;PXN;SH3KBP1;RPS6KA1;TNIP1;SHC1;PIK3R2;VAV3;PIK3CB;MAP3K4;STAT1;CREB1;MAP2K3;GIT1;RAC1;APPL2;STAT2;SHOC2;ARAF;MAP2K1;RIPK1;PLCG1;MAPK1;USP6NL;REPS1;STAT5B;SOS2;RALB"
"KEGG_Protein_export%mmu03060",0.0148588410104012,0.0884422110552764,-0.727686261029354,-1.58221968638733,9,20,"SRP19;SRP14;SRP9;SPCS1;SEC62;SEC11C;SEC11A"
"KEGG_PD-L1_expression_and_PD-1_checkpoint_pathway_in_cancer%mmu05235",0.0150753768844221,0.0884422110552764,0.468536138044176,1.51551871333435,2,62,"RAF1;NFATC1;AKT1;MAP3K3;MAPK14;JAK1;JAK2;NFATC3;PIK3R2;PIK3CB;TRAF6;STAT1;MTOR;MAP2K3;IKBKG;MAP2K1;PLCG1;MAPK1;MAP2K6;MYD88;PTPN6;STAT3;NFKBIE"
"KEGG_RNA_polymerase%mmu03020",0.0156918687589158,0.0900576815729083,-0.677009476592685,-1.54892113292061,10,28,"POLR2F;POLR2L;POLR2H;POLR2I;POLR3GL;POLR2G;POLR1C;POLR1D;POLR2E;POLR2C"
"KEGG_Progesterone-mediated_oocyte_maturation%mmu04914",0.0163934426229508,0.0901639344262295,0.461326834614869,1.48997987060332,2,65,"RAF1;CDC23;AKT1;ANAPC1;CDC25C;MAPK14;CCNB1;RPS6KA1;BUB1;PIK3R2;PDE3B;PIK3CB;PRKACA;PLK1;ANAPC2;CDC16;ANAPC5;ARAF;PRKACB;ADCY3;MAP2K1;MAPK1"
"KEGG_Hepatitis_B%mmu05161",0.0163934426229508,0.0901639344262295,0.424748275279234,1.52979283770339,1,117,"JAK3;MYC;RAF1;PRKCB;STAT6;NFATC1;AKT1;TGFBR2;TYK2;MAPK14;JAK1;CASP8;JAK2;NFATC3;TBK1;PIK3R2;PIK3CB;TRAF6;STAT1;DDB1;CREB1;MAP2K3;MAP3K7;RB1;DDB2;STAT2;IKBKG;ARAF;MAP2K1;IFIH1;YWHAZ;MAPK1;STAT5B;SOS2;IKBKE;MAP2K4;MMP9;SMAD4;MAP2K6;MYD88;MAVS;STAT3;IRF7;NFATC2;TRP53;ATF6B;PTK2B;STAT5A;YWHAQ;IFNAR1;MAPK9"
"KEGG_Gastric_cancer%mmu05226",0.0167597765363129,0.0902975715425835,0.474194012569518,1.53809074759062,2,68,"MYC;RAF1;AKT1;LRP5;CTNNA1;DVL3;TGFBR2;SHC1;PIK3R2;PIK3CB;JUP;HGF;MTOR;MLH1;RB1;DDB2;ARAF;AXIN1;DVL2;MAP2K1;DVL1;MAPK1;SOS2;RXRA;SMAD4"
"RA_Formation_of_TC-NER_Pre-Incision_Complex%R-MMU-6781823",0.0153452685421995,0.0928966256909496,-0.606161746759543,-1.52344414033706,11,46,"POLR2F;POLR2L;POLR2H;RPS27A;POLR2I;XPA;GTF2H5;RBX1;POLR2G;HMGN1;CCNH;MNAT1;ISY1;POLR2E"
"KEGG_Apelin_signaling_pathway%mmu04371",0.0179640718562874,0.0941176470588235,0.456127417002045,1.50509248800716,2,74,"RAF1;PIK3CG;MEF2D;PIK3R4;AKT1;BECN1;NRF1;HDAC5;PDE3B;MEF2A;PRKACA;MTOR;GNG12;PRKACB;ADCY3;MAP2K1;PRKAA1;MAPK1;SMAD4;PLCB4;PIK3C3;PIK3R5;PRKAG1;GNB5;GNAI3"
"KEGG_JAK-STAT_signaling_pathway%mmu04630",0.0181818181818182,0.0941176470588235,0.4627229927375,1.53400414464872,2,75,"JAK3;MYC;RAF1;STAT6;AKT1;CSF3R;TYK2;JAK1;JAK2;PIAS1;PIK3R2;PIK3CB;CSF2RA;STAT1;MTOR;STAT2;SOCS6;STAT5B;SOS2;OSMR;PDGFRB;IL6ST;CCND3;PTPN6;STAT3;STAM2;CSF2RB2;PIAS3"
"KEGG_AMPK_signaling_pathway%mmu04152",0.0186335403726708,0.0946010511227903,0.450920215889632,1.53177592946398,2,82,"PPP2R1B;TSC2;STRADA;AKT1;STRADB;FASN;PFKP;PFKFB4;PIK3R2;PPP2R5C;PIK3CB;MTOR;CREB1;MAP3K7;TBC1D1;RPTOR;PRKAA1;ADIPOR1;PPP2CB;PPP2R5B;GYS1;IRS2;PRKAG1;EEF2K"
"WP_Proteasome_Degradation%WP519",0.018641810918775,0.0950732356857523,-0.619607604864975,-1.55320975968649,13,44,"PSMB9;PSMB4;PSMA7;PSMA3;H2AFZ;PSMC5;PSMB6;PSMB10;PSMD9;PSMD7;UBE2B;PSMB1;PSMA6;PSMA2;PSMA4;PSMD13;PSMB5;PSME1;PSMA5;PSMD4"
"BP_RNA_splicing%0008380",0.00112739571589628,0.0969187675070028,-0.627305262646563,-1.78923178890528,0,133,"SREK1IP1;SNRPF;RP9;RBM8A;MAGOHB;LUC7L3;FRG1;TRA2A;ARGLU1;MAGOH;SRSF9;TAF15;SNRNP27;PRKRIP1;SNRNP48;SFPQ;RBM25;PRPF38B;WTAP;CIR1;WBP4;HNRNPH1;NSRP1;ACIN1;SRPK1;ALYREF;LGALS3;SRSF7;ARL6IP4;TARDBP;PABPC1;SMNDC1;PPIL3;LARP7;CD2BP2;SNRNP35;SON;CRIPT;SRSF3;ZRANB2;ZC3H13;RSRC1;SRSF5;IWS1;C1QBP;HNRNPA3;NCBP2"
"BP_defense_response_to_Gram-negative_bacterium%0050829",0.00140056022408964,0.0969187675070028,-0.723067370512042,-1.68629675898044,0,28,"ROMO1;RPL30;CAMP;RPS19;HMGB2;PYCARD"
"BP_mRNA_splicing,_via_spliceosome%0000398",0.00113507377979569,0.0969187675070028,-0.633750396256607,-1.79423825238228,0,126,"SNRPF;SNRPD1;LSM4;SNRPE;RBM8A;MAGOHB;SNRPD3;ZMAT2;LSM5;TRA2A;UBL5;LSM7;SNRPG;LSM8;SNRPD2;DDX23;ZCRB1;SNRPB2;SF3B6;BUD31;LSM3;LSM6;BCAS2;CWC15;ZRSR2;SNRNP70;RBMX2;SYF2;PHF5A;WBP4;LSM2;SNRNP25;YTHDC1;SNRNP35;SNRPA1;FRA10AC1;SNRPC;ISY1;U2AF1;BC005624;RSRC1;SRSF5;HNRNPA3;NCBP2;PPIE;SNRPB;CDC5L;SNIP1"
"BP_mitochondrial_respiratory_chain_complex_I_assembly%0032981",0.00129533678756477,0.0969187675070028,-0.840657503076212,-2.16795360623817,0,53,"NDUFB3;NDUFA5;NDUFA1;NDUFS6;NDUFB7;NDUFB10;NDUFA2;NDUFC2;NDUFA3;NDUFB11;NDUFAF2;NDUFA13;NDUFS5;NDUFS4;NDUFB8;NDUFB5;NDUFB9;NDUFA12;NDUFC1;NDUFAF3;NDUFA11;NDUFA6;NDUFS7;NDUFAB1;MT-ND6;NDUFB6;NDUFB2;LYRM2;NDUFS3;DMAC1"
"BP_rRNA_processing%0006364",0.00113378684807256,0.0969187675070028,-0.681744211142677,-1.90500077337366,0,109,"PIN4;RPS28;RPS24;RPL35A;RPS16;RPS17;NPM3;FRG1;RPS15;RPL27;RPL26;MRTO4;RPL11;NSA2;RPS25;RPS19;LSM6;EXOSC3;RPL14;DDX17;RPL7;RPS6;GAR1;CDKN2A;POP5;ESF1;EXOSC2;EXOSC7;LYAR;RRP36;NOP53;EXOSC8;UTP25;RPP38;AK6;RRP15;EXOSC5;RPL5;MPHOSPH10;WDR74;UTP11"
"BP_protein_folding%0006457",0.00116144018583043,0.0969187675070028,-0.627367588943665,-1.72883558327879,0,94,"HSPE1;TBCA;PFDN5;PFDN2;WDR83OS;DNAJC1;PFDN4;PDRG1;PFDN6;PPIG;HSP90AA1;PFDN1;HSP90AB1;DNAJC25;PPIA;STUB1;PPIL3;TBCC;QSOX2;PPIB;NUDC;TTC4;PPID;PPIE;NKTR;DNAJA1;HSP90B1;CALR3;DNLZ"
"BP_translation%0006412",0.00118203309692671,0.0969187675070028,-0.759138820533094,-2.0569467478708,0,81,"RPL23;RPS24;RPS27L;MRPL52;MRPL23;RPS9;RPL27A;RPS29;RPS17;RPS23;RPS3A1;RPS14;MRPS18C;MRPL51;RPS5;MRPL20;RACK1;RPL10A;RPS4X;MRPL24;AIMP1;RPL11;RPL9;MRPL12;RPL32;MRPS14;RSL24D1;MRPL41;EEF1E1;RPL7;RPL19;MRPL16;MRPS12;MRPL43;MRPL2;RPL24;MRPL11;MRPL57;MRPL34;MRPL13;EEF1A1;MRPL55;RPL3"
"BP_cytoplasmic_translation%0002181",0.00121359223300971,0.0969187675070028,-0.887617506054433,-2.37733989294326,0,72,"RPL17;RPS21;RPL22;RPS12;RPL23;RPL38;FAU;RPS15A;RPL34;RPS28;RPS24;RPLP2;RPLP1;RPL35A;RPS20;RPL30;RPS13;RPL36A;RPS27A;RPS9;RPS10;RPS16;RPL27A;RPS29;RPS17;RPS23;RPS15;RPL21;RPS14;RPL28;RPL39;RPL37A;RPL7A;RPL8;RPL27;RPSA;RPS5;RPL31;RPL36;RPL26;RPL10A;RPS4X;RPL11;RPL9;RPL18A;RPL32;RPS25;RPL18;RPS19;RPL14;RPL7;RPS6;RPS8;RPL19;RWDD1;RPL13;ZC3H15;RPL6"
"BP_aerobic_respiration%0009060",0.00130718954248366,0.0969187675070028,-0.80681587206689,-2.07147072287977,0,52,"NDUFB3;NDUFA5;NDUFA1;NDUFS6;NDUFB7;NDUFB10;NDUFA2;NDUFC2;NDUFA3;NDUFB11;NDUFA13;NDUFS5;NDUFS4;BLOC1S1;NDUFB8;NDUFB5;NDUFB9;NDUFA12;NDUFC1;NDUFA11;NDUFA6;NDUFS7;NDUFAB1;NDUFB6;NDUFB2;NDUFV2;NDUFS3"
"BP_proton_motive_force-driven_mitochondrial_ATP_synthesis%0042776",0.00134408602150538,0.0969187675070028,-0.842905148822608,-2.09815228319255,0,42,"NDUFB3;NDUFA5;NDUFA1;NDUFS6;NDUFB7;NDUFB10;NDUFA2;NDUFC2;NDUFA3;NDUFB11;NDUFA13;NDUFS5;NDUFS4;NDUFB8;NDUFB5;NDUFB9;NDUFA12;NDUFC1;NDUFA11;NDUFA6;NDUFS7;NDUFAB1;NDUFB6;NDUFB2;NDUFV2;NDUFS3;NDUFV3;NDUFA8"
"BP_ribosomal_small_subunit_biogenesis%0042274",0.00121212121212121,0.0969187675070028,-0.765257085658974,-2.04286475079029,0,70,"RPS12;RPS15A;RPS28;RPS24;RPS13;RPS27A;RPS9;RPS16;RPS17;RPS23;RPS3A1;RPS15;RPS14;FCF1;RPS5;NPM1;RPS4X;RPS25;FBL;RPS19;EMG1;UTP3;RPS6;RPS8;NGDN;NOL7"
"BP_mitochondrial_translation%0032543",0.00118063754427391,0.0969187675070028,-0.730677633118868,-1.98885006986306,0,86,"MRPL52;MRPL23;MRPS33;MRPS18C;MRPL51;GADD45GIP1;MRPS21;MRPS25;MRPL20;MRPL24;MRPL12;MRPS28;MRPS14;MRPL41;MRPL14;MRPS26;MRPL16;MRPS12;MRPL21;MRPS15;AURKAIP1;MRPL43;CHCHD1;MRPL2;MRPL47;MRPL48;MRPS24;MRPS23;MRPL11;MRPL57;MRPL34;MRPL28;MRPS16;MRPL13;MRPS10;MRPS17;MRPL55;MRPL58;DAP3;MRPL10;MRPS30;MRPL22;MRPL42;MRPS34;MRPL1;MRPL40;MRPS35;MRPS18A;MRPL15"
"BP_reactive_oxygen_species_metabolic_process%0072593",0.00140056022408964,0.0969187675070028,-0.719745595503827,-1.68830652781872,0,29,"SOD1;NDUFS6;NDUFA13;NDUFS4;PRDX4;CYBA;NDUFS3"
"BP_translation_at_presynapse%0140236",0.00135685210312076,0.0969187675070028,-0.901072038079226,-2.21576420476364,0,38,"RPL17;RPL22;RPS12;RPL23;RPL38;RPS15A;RPL34;RPS28;RPS24;RPLP2;RPL35A;RPL36A;RPS27A;RPS10;RPS16;RPL27A;RPS14;RPL28;RPL37A;RPL7A;RPL8;RPL27;RPS5;RPL36;RPL26;RPL10A;RPL9;RPL32;RPL14;RPL7;RPL13;RPL6;RPL23A;RPL24"
"BP_translation_at_postsynapse%0140242",0.00136425648021828,0.0969187675070028,-0.896417525988652,-2.20748098540849,0,39,"RPL17;RPL22;RPS12;RPL23;RPL38;RPS15A;RPL34;RPS28;RPS24;RPLP2;RPL35A;RPL36A;RPS27A;RPS10;RPS16;RPL27A;RPS14;RPL28;RPL37A;RPL7A;RPL8;RPL27;RPS5;RPL36;RPL26;RPL10A;RPL9;RPL32;RPL14;RPL7;RPL13;RPL6;RPL23A;RPL24"
"BP_antimicrobial_humoral_immune_response_mediated_by_antimicrobial_peptide%0061844",0.00155763239875389,0.0970728513981109,-0.85434512000766,-1.80650475331028,0,17,"ROMO1;FAU;RPL30;CAMP;RPL39;RPS19;S100A9;LGALS3;PGLYRP1"
"BP_cellular_respiration%0045333",0.00158982511923688,0.0970728513981109,-0.872452725712128,-1.80518115913006,0,16,"UQCRH;UQCRQ;MTLN;UQCRB;NDUFS4;UQCR10;BAX;SDHAF4"
"RA_COPI-mediated_anterograde_transport%R-MMU-6807878",0.0162162162162162,0.0971247843588269,0.521020292013104,1.6650785175057,2,63,"COPB1;COPG2;COPG1;COG1;COPA;DCTN1;SPTBN1;TMED7;ARCN1;GBF1;COG2;COG5;ARFGAP2;GOSR2"
"RA_Cargo_trafficking_to_the_periciliary_membrane%R-MMU-5620920",0.0169491525423729,0.0993997175141243,0.597105166135822,1.61710398323327,4,25,"EXOC1;PKD1;EXOC2;GBF1;BBS9;UNC119B;EXOC4;INPP5E;EXOC7;EXOC3;EXOC8;ASAP1;EXOC5"
"RA_Platelet_activation,_signaling_and_aggregation%R-MMU-76002",0.0168067226890756,0.0993997175141243,0.436815281725221,1.48925076693287,1,118,"VCL;RAF1;PIK3CG;DGKQ;PRKCB;PLCG2;ARRB1;DAGLB;DGKZ;ACTN4;FERMT3;TLN1;FLNA;DGKH;ABCC4;SHC1;PIK3R2;VAV3;PIK3CB;TOR4A;HGF;PLA2G4A;VEGFA;RAC1;GNG12;DGKG;SYK"
"RA_MHC_class_II_antigen_presentation%R-MMU-2132295",0.0171428571428571,0.099499263622975,0.498270263608305,1.60229044182299,2,72,"KIF20A;AP1M1;KIF1B;DCTN1;AP2A1;OSBPL1A;KIF11;SEC31A;SEC24D;KIF2C;SEC24C;KIF13B;AP1B1;KIF18A;CTSE;KIF18B;KIF16B;ACTR1B;AP2M1"
"KEGG_T_cell_receptor_signaling_pathway%mmu04660",0.0204081632653061,0.0997732426303855,0.449415311083728,1.4487266936117,3,63,"RAF1;NFATC1;AKT1;MAPK14;NFATC3;PIK3R2;VAV3;PIK3CB;MAP3K7;IKBKG;MAP2K1;PLCG1;MAPK1;SOS2;TEC;NCK2;PTPN6;CBLB;NFKBIE;NFATC2;PAK1;MAPK9;LCP2"
"KEGG_Chagas_disease%mmu05142",0.0201005025125628,0.0997732426303855,0.455543115570714,1.47349171242146,3,62,"PPP2R1B;AKT1;TGFBR2;MAPK14;CASP8;GNAS;PIK3R2;PIK3CB;TRAF6;IKBKG;MAPK1;GNA15;MAP2K4;PPP2CB;PLCB4;MYD88;GNAI3;CFLAR;MAPK9;IFNGR1;IRAK1;TLR4;TGFB1;TGFBR1;C3;TNFRSF1A;PLCB1;PIK3CD"
"KEGG_Yersinia_infection%mmu05135",0.0212765957446809,0.102127659574468,0.427870506343227,1.50506460619982,2,102,"PIP5K1C;ELMO2;NFATC1;AKT1;GIT2;MAPK14;PXN;NFATC3;TBK1;RPS6KA1;PIK3R2;VAV3;ELMO1;PIK3CB;TRAF6;LIMK1;ARHGEF1;ITGB1;MAP2K3;MAP3K7;RAC1;IKBKG;PKN1;ITGA5;MAP2K1;ARHGEF28;PLCG1;MAPK1"
"WP_Oxidative_Stress_and_Redox_Pathway%WP4466",0.0217948717948718,0.105860805860806,-0.574015549974067,-1.48567263166405,16,54,"SOD1;TXN1;GGCT;PRDX4;CYBA;S100A9;PRDX5;PRDX1;GSTP1;PRDX2;MGST1;SOD2;CD44;S100A8;GSTM5;GSS;GSTT2;MGST2;GGT5;GSTK1"
"KEGG_Ras_signaling_pathway%mmu04014",0.0225563909774436,0.106337271750806,0.428567771756674,1.52193958955709,2,106,"RAF1;PRKCB;PLCG2;AKT1;RALGAPB;EXOC2;PLD1;RASAL3;RASGRF2;TBK1;SHC1;PIK3R2;PIK3CB;PRKACA;RASA3;HGF;PLA2G4A;VEGFA;RAC1;GNG12;IKBKG;SHOC2;RASSF5;CSF1R;PRKACB;RALGAPA1;MAP2K1;PLCG1;MAPK1;SOS2;RALB;KIT;PDGFRB"
"RA_UCH_proteinases%R-MMU-5689603",0.0186799501867995,0.107314407705797,-0.566917186610713,-1.46538689392128,14,58,"RPS27A;NEDD8;UCHL3;INO80D;PSMA7;HIST1H2AC;PSMC5;BARD1;PSMB6;PSMD9;PSMD7;HIST1H2AB;PSMB1;TFPT;PSMD13;PSMB5;PSME1;PSMD10;PSMD4;ACTG1"
"KEGG_Hedgehog_signaling_pathway%mmu04340",0.0241379310344828,0.111796733212341,0.583534190712346,1.61215791149309,6,29,"MGRN1;ARRB1;CUL1;CSNK1G2;CSNK1G3;PRKACA;CUL3;PRKACB;BTRC;IQCE;DISP1;SMURF2"
"KEGG_Aminoacyl-tRNA_biosynthesis%mmu00970",0.025531914893617,0.112340425531915,0.504949020242517,1.50573720369706,5,42,"IARS;LARS;FARSB;AARS;VARS;TARSL2;GARS;DARS;TARS;RARS2;EPRS;NARS2;GATC;SEPSECS;DARS2;KARS;FARS2;PARS2"
"KEGG_Sphingolipid_signaling_pathway%mmu04071",0.0251572327044025,0.112340425531915,0.422272141790887,1.428754495998,3,81,"PPP2R1B;RAF1;PRKCB;AKT1;MAPK14;PLD1;PIK3R2;PPP2R5C;PIK3CB;SGMS2;RAC1;MAP2K1;MAPK1;PPP2CB;PPP2R5B;PLCB4;ASAH1;NSMAF;GNA12;GNAI3"
"KEGG_Autophagy%mmu04140",0.0252100840336134,0.112340425531915,0.402210997629641,1.4438117580121,2,116,"SUPT20;RAF1;TSC2;PIK3R4;AKT1;BECN1;MTMR3;TBK1;MTMR14;PIK3R2;ATG7;WIPI2;PIK3CB;MTMR4;TRAF6;PRKACA;MTOR;RRAGC;MAP3K7;STX17;RPTOR;ATG2A;PRKACB;VMP1;DAPK1;MAP2K1;EIF2S1;PRKAA1;RAB7B;MAPK1;ATG13;AMBRA1;PPP2CB;SNAP29;RUBCN;IRS2;PIK3C3;WDR41;ATG9A;ULK2;LAMP1;UVRAG;ULK1;CFLAR;ATG4D;ATG14;MAPK9;EIF2AK4;SQSTM1"
"WP_p38_MAPK_Signaling_Pathway%WP350",0.0243055555555556,0.112689393939394,0.559597820021714,1.53686178780692,6,29,"MYC;MEF2D;MAPK14;MAP3K9;SHC1;STAT1;PLA2G4A;CREB1;MKNK1;MAP3K7;RAC1;RIPK1;MAP2K4;MAP2K6"
"WP_MAPK_signaling_pathway%WP493",0.0256410256410256,0.11371237458194,0.435034422850412,1.47385697002717,2,110,"MYC;RAF1;PRKCB;ARRB1;AKT1;TGFBR2;MAPK14;CASP8;FLNA;TRAF6;MAP3K4;PRKACA;CASP2;PPM1A;CASP7;MAP3K7;RAC1;IKBKG;MAP3K20;MINK1;MAP3K11;MAP3K6;MAP2K1;MAPK1;SOS2;MAP2K4;TAOK2;PDGFRB;MAPK6"
"KEGG_Bile_secretion%mmu04976",0.0266666666666667,0.115409836065574,0.584170249464506,1.5715918597211,7,26,"UGT1A7C;GNAS;ABCC4;PRKACA;SCARB1;PRKACB;ADCY3;ATP1A3;ABCC2;RXRA;SLC4A5;ADCY7;ABCG2;ATP1A1;SLC9A1"
"RA_G-protein_beta:gamma_signalling%R-MMU-397795",0.0203488372093023,0.11572116513977,0.677820965135224,1.60641872776832,6,15,"PIK3CG;AKT1;ARHGEF6;GNG12;PIK3R5"
"BP_meiotic_cell_cycle%0051321",0.003690036900369,0.117687074829932,0.593283739466366,1.7383097973735,0,37,"CLASP2;TUBGCP4;PMS2;XRN1;TUBGCP6;TUBGCP2;MLH1;KLHDC3;NBN;EXO1;STAG2;NR2C2;SMC1A;RPA1"
"BP_cell-matrix_adhesion%0007160",0.00395256916996047,0.117687074829932,0.549565255562786,1.63900094375643,0,43,"ZYX;ILK;FERMT3;EMILIN1;ITGB5;MKLN1;HPSE;ITGB2L;ITGB1;ITGB2;ITGA5;LIMS1"
"BP_cell_projection_organization%0030030",0.0036231884057971,0.117687074829932,0.649704677695987,1.88718430819835,0,35,"MYO7A;TSC2;AKT1;ILK;KIF17;MTOR;CUL3;ITGB1"
"BP_microtubule_nucleation%0007020",0.00311526479750779,0.117687074829932,0.754230683116426,1.91837885173749,0,21,"CLASP2;TUBGCP4;CCDC57;TUBG1;TUBGCP6;CLASP1;TUBGCP2;NEDD1;SLAIN2;NDEL1"
"BP_phosphatidylinositol_3-kinase/protein_kinase_B_signal_transduction%0043491",0.00396825396825397,0.117687074829932,0.585863817401489,1.77440592930724,0,45,"PIK3CG;PIK3R4;AKT1;KBTBD2;ILK;PIK3C2G;XBP1;PLEKHA1;PIK3R2;PIK3CB;MKRN2;ERBB3;PIK3C2A;ATP1A3;INPP5F;PIK3C3;PIK3R5;STAT3;INPPL1"
"BP_microtubule-based_movement%0007018",0.00377358490566038,0.117687074829932,0.626934831692117,1.83161867842696,0,38,"KIF20A;KIF4;KIF11;KIF24;KIF2C;KIF13B;KIF18A;KIF18B;KIF16B;KIFC3"
"BP_regulation_of_Rho_protein_signal_transduction%0035023",0.00301204819277108,0.117687074829932,0.737219062417353,1.82033402419898,0,19,"DOCK7;DOCK8;CDC42SE2;DOCK11;ARHGEF28;ARHGEF18;DOCK10"
"BP_regulation_of_postsynaptic_neurotransmitter_receptor_internalization%0099149",0.00307692307692308,0.117687074829932,0.682224819126149,1.79222661552826,0,23,"PIP5K1C;NUMB;VAC14;RNF216;NEDD4L;NEDD4"
"BP_lamellipodium_assembly%0030032",0.0031055900621118,0.117687074829932,0.735352416372715,1.91889354145956,0,22,"VCL;CYFIP1;PXN;ARHGEF6;VAV3;ITGB1;RAC1;KIT;NCK2"
"BP_microtubule_bundle_formation%0001578",0.00307692307692308,0.117687074829932,0.664777716895297,1.74639251494243,0,23,"KIF20A;PRC1;CLASP1;MAP1S;PLK1;CDK5RAP2"
"BP_phosphatidylinositol_dephosphorylation%0046856",0.00307692307692308,0.117687074829932,0.734934183715535,1.9306958172581,0,23,"SACM1L;INPP5B;FIG4;MTMR2;MTMR3;INPP5E;MTMR4;MTMR6;INPP5J;MTMR9;INPP5F;INPP5A;INPP5K;MTMR1;SYNJ2"
"BP_protein_import_into_mitochondrial_matrix%0030150",0.00311526479750779,0.117687074829932,-0.806237837823246,-1.70478235576887,1,17,"ROMO1;TOMM7;DNAJC15;TOMM20;DNAJC19;TIMM17A;TIMM17B"
"BP_post-translational_protein_modification%0043687",0.00311526479750779,0.117687074829932,0.664952804264713,1.69130138253478,0,21,"DCAF1;PRKCB;PADI4;STT3B;JAK2;STT3A;AURKB;RPS6KA4;PKN1;VIPAS39"
"BP_regulation_of_mRNA_processing%0050684",0.00317965023847377,0.117687074829932,-0.788359461264068,-1.6311848242943,1,16,"RBM8A;MAGOHB;MAGOH;SRPK1"
"BP_regulation_of_synaptic_vesicle_exocytosis%2000300",0.00289017341040462,0.117687074829932,0.692435983003265,1.69180138185601,0,18,"PRKCB;GIT2;PREPL;P2RY2;STXBP5;GIT1;LRRK2;DVL1;P2RX1;SNAP29;SNAPIN;VPS18;FBXO45"
"BP_peptidyl-tyrosine_phosphorylation%0018108",0.0036231884057971,0.117687074829932,0.586307489908735,1.7030357525803,0,35,"JAK3;JAK1;JAK2;LRRK1;PXN;HCK;VEGFA;FER;CSF1R;SYK;CLK3;KIT;PDGFRB;WEE1;PTPN6;ABL2;ABL1;DYRK3;PTK2B;STAT5A;IL12RB1;TTK;FES;DYRK1A"
"BP_glucose_metabolic_process%0006006",0.00387596899224806,0.117687074829932,0.568521184807195,1.6914233817198,0,42,"MYC;HK1;AKT1;NISCH;KBTBD2;G6PDX;MAPK14;PGM1;HK3"
"BP_phosphatidylinositol-mediated_signaling%0048015",0.00277777777777778,0.117687074829932,0.722680948393414,1.74892083556293,0,17,"PIK3CG;PLCG2;PIK3C2G;PI4KA;PIK3CB;PLCL2;PIK3C2A;PLCG1;PLCB4;PIK3C3"
"KEGG_Rap1_signaling_pathway%mmu04015",0.0283687943262411,0.119727891156463,0.396053597672113,1.39314639167075,3,102,"RAF1;PRKCB;AKT1;MAPK14;TLN1;SIPA1L1;GNAS;PIK3R2;VAV3;PRKD3;PIK3CB;ITGB2L;HGF;RGS14;ITGB1;ITGB2;VEGFA;MAP2K3;RAC1;SIPA1;RASSF5;CSF1R;ADCY3;MAP2K1;PLCG1;MAPK1;RALB;KIT;PDGFRB;RAPGEF6;PLCB4"
"KEGG_Cholinergic_synapse%mmu04725",0.0285714285714286,0.119727891156463,0.493184504618041,1.4925408846088,5,49,"PIK3CG;PRKCB;AKT1;JAK2;PIK3R2;PIK3CB;PRKACA;CREB1;GNG12;PRKACB;ADCY3;MAP2K1;MAPK1;PLCB4;PIK3R5;GNB5;GNAI3"
"RA_PINK1-PRKN_Mediated_Mitophagy%R-MMU-5205685",0.0212765957446809,0.119787234042553,-0.736927531997529,-1.54200852523803,13,15,"RPS27A;TOMM7;TOMM22;TOMM5;TOMM20"
"BP_phagocytosis%0006909",0.00421940928270042,0.121659634317862,0.676319079649356,2.09480823414778,0,52,"MYO7A;PIP5K1C;ELMO2;WASHC5;CDC42SE2;UNC13D;ABR;ELMO1;EIF2AK1;TM9SF4;HCK;ITGB1;DNM2;MYO1G"
"KEGG_Starch_and_sucrose_metabolism%mmu00500",0.0298507462686567,0.121846153846154,0.6482152592173,1.59917750712495,9,18,"HK1;MGAM;PYGB;PGM1;HK3;AGL;PGM2;GYS1;GBE1;GPI1"
"KEGG_Leukocyte_transendothelial_migration%mmu04670",0.03,0.121846153846154,0.449168660288577,1.43027198801472,5,59,"VCL;PRKCB;PLCG2;ACTN4;CTNNA1;MAPK14;PXN;PIK3R2;VAV3;PIK3CB;MSN;ITGB2L;ITGB1;ITGB2;RAC1;SIPA1;RASSF5;PLCG1;PECAM1"
"KEGG_Oocyte_meiosis%mmu04114",0.0308641975308642,0.123456790123457,0.404517629091676,1.37735967105708,4,83,"PPP2R1B;CDC23;ANAPC1;CUL1;CDC25C;ESPL1;MAPK14;CCNB1;STAG3;RPS6KA1;BUB1;PPP2R5C;PRKACA;PLK1;ANAPC2;SLK;CDC16;ANAPC5;PRKACB;ADCY3;MAP2K1;YWHAZ;MAPK1;BTRC"
"BP_cell_morphogenesis%0000902",0.00454545454545455,0.124162679425837,0.503602925007629,1.57048468880582,0,57,"ILK;CYFIP1;AP3B1;STRADB;MAPK14;MYH9;ADD1;CYFIP2;MED1;NCKAP1L;ECT2;HGF;CUL3;IDUA;SSH1;CAP1;SCFD1;HPS1;SART3;ARHGEF28;POC1B"
"BP_mitochondrial_electron_transport,_NADH_to_ubiquinone%0006120",0.00443131462333826,0.124162679425837,-0.762397311111549,-1.7167072018744,2,23,"NDUFS6;NDUFC2;NDUFB8;NDUFB9;DNAJC15;NDUFS7;MT-ND6;NDUFB6;NDUFV2;NDUFS3;NDUFA8"
"WP_Factors_and_pathways_affecting_insulin-like_growth_factor_(IGF1)-Akt_signaling%WP3675",0.0293333333333333,0.124666666666667,0.660326751037784,1.56995624037343,10,15,"AKT1;ILK;PLD1;MTOR;ITGB1"
"RA_Deposition_of_new_CENPA-containing_nucleosomes_at_the_centromere%R-MMU-606279",0.0239774330042313,0.126161633470862,-0.667770727985308,-1.52639152131357,16,26,"CENPX;NPM1;CENPW;CENPS;ITGB3BP;HIST1H2AC;CENPK;HIST1H2AB;CENPA;CENPH;RSF1;MIS18A"
"RA_Nucleosome_assembly%R-MMU-774815",0.0239774330042313,0.126161633470862,-0.667770727985308,-1.52639152131357,16,26,"CENPX;NPM1;CENPW;CENPS;ITGB3BP;HIST1H2AC;CENPK;HIST1H2AB;CENPA;CENPH;RSF1;MIS18A"
"RA_Macroautophagy%R-MMU-1632852",0.0235849056603774,0.126161633470862,-0.528497520618693,-1.4313602541742,19,82,"LAMTOR4;RPS27A;CHMP4B;LAMTOR2;TOMM7;TOMM22;TOMM5;GABARAPL2;TOMM20;PARK7;CHMP2A;LAMTOR5;ATG101;DYNLL1;CSNK2B;CSNK2A2;GABARAP;CHMP3;CSNK2A1;MAP1LC3B;LAMTOR3"
"RA_Autophagy%R-MMU-9612973",0.0235849056603774,0.126161633470862,-0.528497520618693,-1.4313602541742,19,82,"LAMTOR4;RPS27A;CHMP4B;LAMTOR2;TOMM7;TOMM22;TOMM5;GABARAPL2;TOMM20;PARK7;CHMP2A;LAMTOR5;ATG101;DYNLL1;CSNK2B;CSNK2A2;GABARAP;CHMP3;CSNK2A1;MAP1LC3B;LAMTOR3"
"RA_RAB_GEFs_exchange_GTP_for_GDP_on_RABs%R-MMU-8876198",0.0234741784037559,0.126161633470862,0.512786151584923,1.57740812953091,4,47,"TRAPPC8;DENND4C;RAB3GAP2;ALS2;TRAPPC11;TRAPPC9;TRAPPC12;RIN3;DENND5A;TRAPPC10;DENND1C;MON1B"
"RA_Regulation_of_mRNA_stability_by_proteins_that_bind_AU-rich_elements%R-MMU-450531",0.0236612702366127,0.126161633470862,-0.579000096663728,-1.48123538663064,18,53,"RPS27A;ANP32A;EXOSC3;PSMA7;PSMC5;DCP2;PSMB6;EXOSC2;PABPC1;EXOSC7;PSMD9;PSMD7;PSMB1;EXOSC8;PSMD13;PSMB5;EXOSC5;PSME1;PSMD10;EXOSC9;PSMD4"
"RA_RAF_activation%R-MMU-5673000",0.0232558139534884,0.126161633470862,0.670023235459836,1.58793830354285,7,15,"PPP2R1B;JAK2;PPP2R5C;SHOC2;MAP3K11;PPP2CB;PPP2R5B;BRAP"
"RA_G_alpha_(s)_signalling_events%R-MMU-418555",0.0246913580246914,0.128715134887974,0.635226284684343,1.6544678284033,7,21,"GRK6;ARRB1;PDE4D;PDE3B;PRKACA;ITGB1;GNG12;PRKAR2B;PRKACB"
"RA_Glucose_metabolism%R-MMU-70326",0.0251256281407035,0.129777327001982,0.518730542232826,1.64374351211993,4,58,"SLC25A12;NUP160;NUP188;NUP107;POM121;NUP214;PFKP;HK3;GNPDA1;PFKFB4;ENO1;SLC25A13;NUP133"
"BP_small_GTPase-mediated_signal_transduction%0007264",0.00487804878048781,0.129831144465291,0.590250267328215,1.86859405491406,0,61,"DOCK7;DOCK2;ARHGAP1;RHOBTB2;DOCK8;RUFY1;ARHGAP31;TIAM2;RASGRF2;SH2D3C;DOCK11;VAV3;RABIF;G3BP2;RAC1;ARHGAP33;ARHGAP15;ARHGEF18;DOCK10;SOS2"
"WP_Wnt_Signaling_Pathway_and_Pluripotency%WP723",0.0318725099601594,0.13003984063745,0.475838281187964,1.43117839805779,7,44,"PPP2R1B;MYC;PRKCB;LRP5;DVL3;PPP2R5C;MAP3K7;AXIN1;DVL2;CTBP2;DVL1;PPP2CB;CTBP1;FBXW2;CCND3"
"RA_Formation_of_Incision_Complex_in_GG-NER%R-MMU-5696395",0.0254350736278447,0.130181331386151,-0.61316120557523,-1.49071865685179,18,37,"RPS27A;RPA3;XPA;GTF2H5;RBX1;CETN2;UBE2V2;SUMO2;CCNH;MNAT1;SUMO1"
"WP_Primary_Focal_Segmental_Glomerulosclerosis_FSGS%WP2573",0.033210332103321,0.130286687482259,0.49379360832254,1.44680565154128,8,37,"VCL;AKT1;ACTN4;ILK;LRP5;TLN1;MYH9;AGRN;DAG1;ITGB1;CDK5RAP2;LIMS1;PLCG1"
"WP_FAS_pathway_and_Stress_induction_of_HSP_regulation%WP571",0.037037037037037,0.131077318483615,0.54733824445089,1.50978121998064,9,30,"SPTAN1;MAPKAPK3;CASP8;PRKDC;CASP7;MAP3K7;RB1;FAF1;MAP2K4;LMNB2;CFLAR;PAK1;PARP1;CASP9;MAPKAPK2;CASP3"
"WP_IL-2_Signaling_Pathway%WP450",0.0357142857142857,0.131077318483615,0.456206497124655,1.44805871632443,6,63,"JAK3;RAF1;PIK3CG;AKT1;MAPK14;JAK1;JAK2;SHC1;PIK3R2;PIK3CB;STAT1;MTOR;CREB1;MKNK1;SYK;MAP2K1;MAPK1;STAT5B;IRS2;PTPN6;STAT3;ETS1;STAM2;ICAM1;ITM2B;PTK2B;CRKL;STAT5A;MAPK9"
"WP_IL-6_signaling_Pathway%WP387",0.0372670807453416,0.131077318483615,0.432875895861175,1.42497994810312,5,83,"PPP2R1B;RAF1;AKT1;TYK2;MAPK14;JAK1;JAK2;PXN;SHC1;PIK3R2;PPP2R5C;MAP3K4;STAT1;HCK;MAP3K7;RAC1;ERBB3;RB1;MAP2K1;PLCG1;MAPK1;STAT5B;MAP2K4;PPP2CB;PPP2R5B;IL6ST;SGK1;NCOA1;MAP2K6;TEC"
"KEGG_Inflammatory_mediator_regulation_of_TRP_channels%mmu04750",0.0333333333333333,0.13134328358209,0.496276360007218,1.47882183107361,7,41,"PRKCB;PLCG2;MAPK14;GNAS;PIK3R2;PIK3CB;PRKACA;P2RY2;PLA2G4A;MAP2K3;PRKACB;ADCY3;PLCG1;PLCB4;MAP2K6;ADCY7;PPP1CA;MAPK9;IL1RAP;PLA2G6"
"KEGG_Glutamatergic_synapse%mmu04724",0.0340909090909091,0.132352941176471,0.524216928199698,1.523361746676,8,37,"PRKCB;PLD1;GNAS;PRKACA;PLA2G4A;GNG12;PRKACB;ADCY3;MAPK1;PLCB4;GLS;GNB5;GNAI3;ADCY7"
"RA_VxPx_cargo-targeting_to_cilium%R-MMU-5620916",0.0261627906976744,0.13244090960009,0.665928779770595,1.57823454600578,8,15,"EXOC1;PKD1;EXOC2;GBF1;EXOC4;EXOC7;EXOC3;EXOC8;ASAP1;EXOC5"
"RA_Deadenylation-dependent_mRNA_decay%R-MMU-429914",0.0265822784810127,0.13244090960009,-0.580132899452852,-1.47041828643147,20,50,"LSM4;LSM5;LSM7;LSM3;LSM6;PAIP1;EXOSC3;LSM2;DCP2;EIF4A2;EXOSC2;PABPC1;EXOSC7;EIF4B;DDX6;EXOSC8"
"RA_Mitophagy%R-MMU-5205647",0.0265486725663717,0.13244090960009,-0.702220005625313,-1.53501303944282,17,21,"RPS27A;TOMM7;TOMM22;TOMM5;TOMM20;CSNK2B;CSNK2A2;CSNK2A1;MAP1LC3B"
"BP_microtubule_depolymerization%0007019",0.00533333333333333,0.132516277288395,0.729035165201094,1.73331355311643,1,15,"CLASP2;KIF24;KIF2C;KIF18A;NEDD1;KIF18B;ARHGEF1;KATNB1"
"BP_phosphatidylinositol-3-phosphate_biosynthetic_process%0036092",0.00536193029490617,0.132516277288395,0.725946141246124,1.75254390584618,1,16,"PIK3CG;PIK3R4;FIG4;PIK3C2G;BECN1;PIK3CB;INPP5E;PIK3C2A;PIK3C3;UVRAG;ATM;ATG14"
"BP_vesicle_transport_along_microtubule%0047496",0.00533333333333333,0.132516277288395,0.726197704255151,1.72656736342792,1,15,"TRAK1;SPG11;KIF1B;TRAK2;KIF16B;NDEL1;MAP2K1"
"WP_Glycogen_Metabolism%WP317",0.0416666666666667,0.1328125,0.552606646014735,1.50078163085108,11,28,"PPP2R1B;PYGB;PPP2R5C;PHKB;PHKG2;AGL;PGM2;PPP2CB;PPP2R5B;GYS1;PHKA2;GBE1"
"WP_PluriNetWork:_mechanisms_associated_with_pluripotency%WP1763",0.0416666666666667,0.1328125,0.327881304772982,1.22898611592792,2,195,"MYC;RAF1;ZFP143;MEF2D;CAD;MED12;AKT1;USP7;WWP2;LRP5;DNMT1;RBL2;JAK1;NEDD4L;KDM3A;POU2F1;PRKACA;HCK;MYBL2;MTOR;MBD2;KAT5;DDB1;CREB1;ITGB1;PML;BRCA1;ELP4;IPO9;PSEN1;GATAD2A;AXIN1;EZH1;MAP2K1;CTBP2;DVL1;MAPK1"
"WP_Glutathione_and_one_carbon_metabolism%WP730",0.0391566265060241,0.1328125,0.610660063671119,1.50783579506895,12,19,"CHDH;DNMT1;G6PDX;SHMT1;AHCYL2;MTR"
"KEGG_GnRH_signaling_pathway%mmu04912",0.0351758793969849,0.134585973344986,0.483782366645703,1.46722683313995,6,52,"RAF1;PRKCB;MAP3K3;MAPK14;PLD1;GNAS;MAP3K4;PRKACA;PLA2G4A;MAP2K3;PRKACB;ADCY3;MAP2K1;MAPK1;SOS2;MAP2K4;PLCB4;MAP2K6"
"WP_One_Carbon_Metabolism%WP435",0.043613707165109,0.134806003964882,0.592055162789169,1.50588689744595,13,21,"DNMT1;MTHFD1L;MTHFD1;SHMT1;AHCYL2;MTR;GART"
"RA_Oxygen-dependent_proline_hydroxylation_of_Hypoxia-inducible_Factor_Alpha%R-MMU-1234176",0.0273794002607562,0.135215810059699,-0.600352405631279,-1.4841408424012,20,40,"RPS27A;RBX1;PSMA7;ELOC;ELOB;PSMC5;PSMB6;PSMD9;PSMD7;PSMB1;PSMD13;PSMB5;PSME1;PSMD10;PSMD4"
"BP_MAPK_cascade%0000165",0.00564971751412429,0.136381553015373,0.562270435893743,1.80370324812698,0,70,"MYC;RAF1;MAP3K3;MAP3K15;MAPK14;NF2;IQGAP1;PXN;ZFP36L2;MAP3K9;MEF2A;MAP3K4;MAP2K3;MAP3K7;MAP4K5;MAP3K20;ARAF;MEN1;MINK1;LRRK2;MAP3K11;MAP3K6;MAP2K1;MAPK1;MAP2K4;TAOK2;HSF1;MAP2K6;BRAP;PTPN6"
"RA_Inositol_phosphate_metabolism%R-MMU-1483249",0.0278745644599303,0.136464172095137,0.55574045355024,1.56899639338298,7,29,"PPIP5K2;PLCG2;IPMK;INPP5J;PLCG1;INPP5A;PLCB4;ISYNA1;INPPL1"
"RA_Transferrin_endocytosis_and_recycling%R-MMU-917977",0.0281481481481482,0.13661558109834,-0.707907968493075,-1.54365672227166,18,19,"ATP6V1G1;ATP6V1F;ATP6V0B;ATP6V1D"
"RA_Transport_of_Mature_mRNAs_Derived_from_Intronless_Transcripts%R-MMU-159234",0.0285714285714286,0.137484737484737,0.532239156256952,1.5956169268993,6,39,"NUP160;CPSF3;NUP188;NUP107;POM121;NUP214;CPSF1;NUP133;NXF1;NUP93;SYMPK;NUP98;WDR33;NUP155;NUP88"
"BP_cytoskeleton_organization%0007010",0.00613496932515337,0.138862876254181,0.538879281177209,1.75507131914507,0,79,"MAST3;ODF2;PSTPIP2;DOCK2;FMNL3;AKT1;STRADB;SYNE3;ADD1;PXN;SH3KBP1;MAST2;PACSIN2;MTOR;MICAL2;RAC1;MAPKAP1;MAP3K20;ELMOD3;NAA25;FGD2"
"BP_positive_regulation_of_D-glucose_import%0046326",0.00615384615384615,0.138862876254181,0.664571095996109,1.74584971517252,1,23,"OSBPL8;C2CD5;AKT1;MAPK14;MFN2;MEF2A;ERBB3"
"BP_release_of_cytochrome_c_from_mitochondria%0001836",0.00597014925373134,0.138862876254181,-0.742280386440042,-1.61654802349975,3,19,"IFI27L2A;FIS1;GGCT;BAX;BAK1;SOD2;BAD"
"RA_ER_to_Golgi_Anterograde_Transport%R-MMU-199977",0.0291970802919708,0.139012345679012,0.428198473929952,1.44717898708414,3,102,"COPB1;COPG2;COPG1;COG1;COPA;DCTN1;SPTBN1;TMED7;PPP6R1;ARCN1;GBF1;SEC31A;COG2;COG5;SEC24D;TRAPPC9;SEC24C;ARFGAP2;GOSR2;SEC16A;SEC23A;TRAPPC10;SEC16B;STX17;SCFD1;COG4;COG6"
"RA_SUMOylation_of_SUMOylation_proteins%R-MMU-4085377",0.0296296296296296,0.139012345679012,0.551446009916867,1.58087237991391,7,31,"NUP160;NUP188;NUP107;TOPORS;POM121;NUP214"
"RA_Iron_uptake_and_transport%R-MMU-917937",0.0295698924731183,0.139012345679012,-0.612247669608385,-1.47291792384358,21,34,"ATP6V1G1;RPS27A;NEDD8;ATP6V1F;ATP6V0B;ATP6V1D"
"RA_Amino_acids_regulate_mTORC1%R-MMU-9639288",0.0303830911492735,0.13907057168326,-0.601774382271565,-1.48034990501976,22,39,"LAMTOR4;ATP6V1G1;LAMTOR2;ATP6V1F;ATP6V0B;ATP6V1D;LAMTOR5"
"RA_Cellular_response_to_starvation%R-MMU-9711097",0.0303830911492735,0.13907057168326,-0.601774382271565,-1.48034990501976,22,39,"LAMTOR4;ATP6V1G1;LAMTOR2;ATP6V1F;ATP6V0B;ATP6V1D;LAMTOR5"
"RA_VEGFA-VEGFR2_Pathway%R-MMU-4420097",0.0301507537688442,0.13907057168326,0.513135951552497,1.62601547919136,5,58,"ELMO2;PRKCB;AKT1;CYFIP1;CTNNA1;MAPKAPK3;PXN;CYFIP2;PIK3R2;VAV3;ELMO1;NCKAP1L;PIK3CB;JUP;PRKACA;ABI2;MTOR;VEGFA;RAC1;MAPKAP1;PRKACB"
"BP_ribosomal_large_subunit_biogenesis%0042273",0.00691562932226833,0.140574214517877,-0.684394682956542,-1.63731980269664,4,32,"RPL35A;RPL26;NPM1;MRTO4;RPL11;RSL24D1;RPL14;RPL7;MALSU1;NIP7;PAK1IP1;NOP16;RPL5;WDR74;ZFP622;EIF6;CINP;EBNA1BP2"
"BP_establishment_of_cell_polarity%0030010",0.00671140939597315,0.140574214517877,0.678612823074884,1.8421984232099,1,27,"CLASP2;TSC2;PKD1;CLASP1;EXOC4;CORO7;MARK2"
"BP_phospholipid_transport%0015914",0.00662251655629139,0.140574214517877,0.642584251509239,1.72772364877291,1,26,"OSBPL8;ATP8B2;ESYT1;ATP11B;ATP10A;PITPNB;PITPNM1;OSBPL2;SCARB1;OSBPL5"
"BP_Golgi_organization%0007030",0.00704225352112676,0.140574214517877,0.624171810576613,2.07459362278814,0,90,"TRAPPC8;CLASP2;DYM;BLZF1;COG1;GAK;TMED7;GOLPH3L;ATP8B2;GBF1;COG2;COG5;TRAPPC11;TRAPPC12;CLASP1;CORO7;SEC16A;TJAP1;SEC16B;KIFC3;ATP8B4;NPLOC4;STX17;ZW10;COG4;COG6;PI4K2B;LRRK2;VMP1;FBXW8;USP6NL;TBC1D20"
"BP_activation_of_GTPase_activity%0090630",0.00694444444444444,0.140574214517877,0.629005717260063,1.70826795691313,1,28,"DOCK7;RALGAPB;ABR;NEDD9;SIPA1L1;ECT2;NDEL1;RALGAPA1;CCDC125"
"BP_protein_export_from_nucleus%0006611",0.00662251655629139,0.140574214517877,0.684713284436601,1.84099646290985,1,26,"STRADA;PKD1;XPO7;AHCYL1;STRADB;XPO5;ADAR;NUP214;XPO6;PRKACA;PPM1A;CSE1L;XPO1;CTDSPL2"
"BP_myelination%0042552",0.00738007380073801,0.141861418614186,0.563956710502034,1.65238217390212,1,37,"RAF1;FIG4;MTMR2;GNPAT;POMGNT1;NAB1;ERBB3;MAP2K1;MAPK1;MYO5A;TNFRSF21"
"BP_chaperone_cofactor-dependent_protein_refolding%0051085",0.00733137829912024,0.141861418614186,-0.736437285798722,-1.6640179282064,4,24,"HSPE1;SDF2;DNAJB14;TOR1B"
"RA_Signaling_by_VEGF%R-MMU-194138",0.03125,0.141885080645161,0.510507804776047,1.61368565681912,5,59,"ELMO2;PRKCB;AKT1;CYFIP1;CTNNA1;MAPKAPK3;PXN;CYFIP2;PIK3R2;VAV3;ELMO1;NCKAP1L;PIK3CB;JUP;PRKACA;ABI2;MTOR;VEGFA;RAC1;MAPKAP1;PRKACB"
"BP_maturation_of_SSU-rRNA%0030490",0.0076219512195122,0.143847006651885,-0.766236170398757,-1.64572910490021,4,18,"RPS28;RPS14;RPS19;LSM6;TRMT112;NOL7"
"RA_Transport_to_the_Golgi_and_subsequent_modification%R-MMU-948021",0.032520325203252,0.145902170391966,0.40848052484884,1.40477222238215,3,119,"COPB1;COPG2;COPG1;COG1;COPA;DCTN1;SPTBN1;TMED7;PPP6R1;ARCN1;GBF1;SEC31A;COG2;COG5;SEC24D;TRAPPC9;SEC24C;ARFGAP2;GOSR2;SEC16A;SEC23A;TRAPPC10;MAN1C1;SEC16B;STX17;SCFD1;COG4;COG6"
"RA_Transport_of_Mature_mRNA_Derived_from_an_Intronless_Transcript%R-MMU-159231",0.0326530612244898,0.145902170391966,0.536049293451247,1.59114537706647,7,38,"NUP160;CPSF3;NUP188;NUP107;POM121;NUP214;CPSF1;NUP133;NXF1;NUP93;SYMPK;NUP98;WDR33;NUP155;NUP88"
"RA_Mitotic_Prometaphase%R-MMU-68877",0.032967032967033,0.146145193389288,0.405546826437869,1.42913551935413,2,152,"ODF2;PPP2R1B;CLASP2;NUP160;DCTN1;CKAP5;NCAPH;NUP107;BUB1B;TUBGCP4;TUBG1;CCNB1;STAG1;TUBGCP6;NCAPG;KNTC1;KIF2C;CLASP1;TUBGCP2;KIF18A;NEDD1;BUB1;PPP2R5C;PRKACA;CENPO;ERCC6L;CEP78;PLK1;NDEL1;ZW10;XPO1;AURKB;PRKAR2B;ZWILCH;CDK5RAP2"
"KEGG_Endocytosis%mmu04144",0.038961038961039,0.146938775510204,0.317641966945834,1.20193368372935,2,184,"GRK6;PIP5K1C;ARRB1;USP8;VPS35;WASHC5;EPS15L1;AP2A1;GIT2;RUFY1;CAPZA1;TGFBR2;RBSN;GBF1;NEDD4L;AP2A2;PLD1;VPS26A;RNF41;ARFGAP2;ACAP3;SH3KBP1;RAB31;WASHC2;CHMP1B;NEDD4;SH3GL1;TRAF6"
"WP_Selenium_metabolism/Selenoproteins%WP108",0.0495867768595041,0.148760330578512,-0.602171322199557,-1.46330638809585,35,35,"RPL30;SELENOW;MSRB1;SELENOS;SELENOT;SELENOH;FOS;SELENOM;TRNAU1AP"
"KEGG_Proteoglycans_in_cancer%mmu05205",0.0403225806451613,0.149931849159473,0.369399872669035,1.32435535172131,4,112,"MYC;RAF1;PRKCB;PLCG2;AKT1;MAPK14;FLNA;IQGAP1;PXN;FLNB;ITGB5;PIK3R2;VAV3;PIK3CB;MSN;HPSE;PRKACA;HGF;MTOR;ARHGEF1;ITGB1;VEGFA;RAC1;ERBB3;ITGA5;ARAF;PRKACB;GPC1;MAP2K1;PLCG1;MAPK1"
"BP_cell_migration%0016477",0.00819672131147541,0.151932084309134,0.458042386196698,1.6037913024545,0,129,"CLASP2;SPECC1L;PIK3CG;DOCK2;FMNL3;PIK3C2G;CTNNA1;CLASP1;CASS4;ABR;NEDD9;IQGAP1;PXN;EMILIN1;SH3KBP1;CORO7;ITGB5;LCP1;VAV3;NCKAP1L;PIK3CB;JUP;ABI2;DOCK5;CUL3;ITGB1;NDEL1;VEGFA;RAC1;PIK3C2A;FMNL1;CDC42BPB;DEPDC1B;PEAK1;GPC1;TMEM18;PLCG1"
"RA_Nucleotide_Excision_Repair%R-MMU-5696398",0.0348027842227378,0.153077871229698,-0.504976881021272,-1.39005806541018,29,96,"POLR2F;POLR2L;POLR2H;RPS27A;RPA3;POLR2I;XPA;GTF2H5;RBX1;POLE4;CETN2;POLR2G;INO80D;POLE3;UBE2V2;HMGN1;SUMO2;CCNH;MNAT1;SUMO1;PCNA;ISY1;POLR2E;TFPT"
"BP_exocytosis%0006887",0.00847457627118644,0.154326494201606,0.497553937736454,1.53788039087136,1,51,"PIP5K1C;EXOC1;WASHC5;STX2;EXOC2;RAB3D;SNAP47;EXOC4;HCK;EXOC7;STXBP5;STX17;PIK3C2A;EXOC6;MYO1G;LLGL2;EXOC3;MYO5A;EXOC8;CDK16;EXOC5;SNAP29"
"RA_p53-Dependent_G1_DNA_Damage_Response%R-MMU-69563",0.035667107001321,0.154466009551875,-0.591191271642341,-1.44548445504844,26,38,"RPS27A;CDKN1B;PSMA7;PSMC5;PSMB6;PSMD9;PSMD7;PSMB1;PSMD13;PSMB5;PSME1;PSMD10;PSMD4"
"RA_p53-Dependent_G1/S_DNA_damage_checkpoint%R-MMU-69580",0.035667107001321,0.154466009551875,-0.591191271642341,-1.44548445504844,26,38,"RPS27A;CDKN1B;PSMA7;PSMC5;PSMB6;PSMD9;PSMD7;PSMB1;PSMD13;PSMB5;PSME1;PSMD10;PSMD4"
"BP_cell_redox_homeostasis%0045454",0.00868306801736614,0.154779064565833,-0.71900839265762,-1.63584233363269,5,25,"TXN1;SELENOS;PRDX4;PRDX5;SELENOT;PRDX1;CHD6;PRDX2"
"BP_spliceosomal_snRNP_assembly%0000387",0.00879765395894428,0.154779064565833,-0.724176568939093,-1.63631420779393,5,24,"SNRPF;SNRPD1;LSM4;SNRPE;SNRPD3;SNRPG;SNRPD2"
"RA_RHO_GTPases_Activate_Formins%R-MMU-5663220",0.037037037037037,0.155610834715312,0.417585529331732,1.39923132046522,4,98,"PPP2R1B;CLASP2;FMNL3;NUP160;CKAP5;NUP107;BUB1B;KNTC1;KIF2C;CLASP1;KIF18A;BUB1;PPP2R5C;CENPO;ERCC6L;PLK1;NDEL1;RAC1;ZW10;XPO1;AURKB;ZWILCH;FMNL1;MRTFA;NUP133;SRGAP2;DIAPH2;PPP2CB;PPP2R5B;CENPI"
"RA_mTORC1-mediated_signalling%R-MMU-166208",0.0369276218611521,0.155610834715312,-0.688591954721662,-1.49323568675165,24,20,"LAMTOR4;LAMTOR2;RPS6;LAMTOR5;EIF4B;LAMTOR3;FKBP1A"
"RA_Endosomal_Sorting_Complex_Required_For_Transport_(ESCRT)%R-MMU-917729",0.0366713681241185,0.155610834715312,-0.650662607459612,-1.48728574889551,25,26,"RPS27A;CHMP4B;CHMP5;VPS25;CHMP2A;MVB12A"
"RA_RHOU_GTPase_cycle%R-MMU-9013420",0.0363636363636364,0.155610834715312,0.539032933820879,1.53690019491241,9,30,"SPTBN1;WWP2;GIT2;ARHGAP31;WDR6;IQGAP1;ARHGEF6;PIK3R2;GIT1;DEPDC1B;PEAK1;SRGAP2;CLTC;NCK2"
"RA_Antimicrobial_peptides%R-MMU-6803157",0.0374251497005988,0.156076735418053,-0.709092722178658,-1.50088812040541,24,16,"CAMP;PRTN3;S100A9;PGLYRP1;S100A8;ATOX1"
"RA_The_role_of_GTSE1_in_G2/M_progression_after_G2_checkpoint%R-MMU-8852276",0.0383091149273448,0.158588468412464,-0.584666256594915,-1.42953055269496,28,38,"RPS27A;HSP90AA1;PSMA7;PSMC5;HSP90AB1;PSMB6;PSMD9;PSMD7;PSMB1;PSMD13;PSMB5;PSME1;PSMD10;PSMD4"
"BP_endocytosis%0006897",0.0091743119266055,0.158715596330275,0.552781882839653,1.85064719968932,0,111,"MYO7A;PIK3CG;HEATR5B;MYO1F;ARRB1;LY75;EPS15L1;LRP5;RUFY1;CSNK1G2;AP3M1;MYO1C;ITSN2;CSNK1G3;RAB31;LRP10;SH3GL1;LRP8;DENND1C;PIK3CB;TBC1D2B;RAC1;PIK3C2A;DNM2;MYO1G;MTMR6;ANKFY1;MTMR9;HEATR5A;LRRK2;REPS1;MYO5A;USP33;SORT1;DENND1A"
"BP_cellular_response_to_insulin_stimulus%0032869",0.00952380952380953,0.162060889929742,0.48552895723955,1.52789523992073,1,59,"DENND4C;TSC2;CEACAM1;AKT1;CYFIP1;XBP1;UCP2;RAB31;PIK3R2;PDE3B;MTOR;PRKDC;HDAC9;RB1;MAPKAP1"
"RA_G1/S_DNA_Damage_Checkpoints%R-MMU-69615",0.0396301188903567,0.162578735538831,-0.586937068877591,-1.44385048576797,29,39,"RPS27A;CDKN1B;PSMA7;PSMC5;PSMB6;PSMD9;PSMD7;PSMB1;PSMD13;PSMB5;PSME1;PSMD10;PSMD4"
"RA_Dual_incision_in_TC-NER%R-MMU-6782135",0.0398505603985056,0.162578735538831,-0.552352866295748,-1.41746126107265,31,55,"POLR2F;POLR2L;POLR2H;RPS27A;RPA3;POLR2I;XPA;GTF2H5;RBX1;POLE4;POLR2G;POLE3;HMGN1;CCNH;MNAT1;PCNA;ISY1;POLR2E"
"WP_Signal_Transduction_of_S1P_Receptor%WP57",0.056,0.1632,0.628282753537935,1.49377021010533,20,15,"AKT1;PIK3C2G;MAPK1;MAPK6;GNAI3;RACGAP1;SPHK2;MAPK7"
"RA_Platelet_homeostasis%R-MMU-418346",0.0409556313993174,0.164812646370023,0.549650089683507,1.50598697890429,11,26,"PPP2R1B;PAFAH2;PPP2R5C;PLA2G4A;ATP2A3;GNG12;ATP2A2;PECAM1;PPP2CB;PPP2R5B;P2RX1;PTPN6"
"RA_Signaling_by_NTRKs%R-MMU-166520",0.040983606557377,0.164812646370023,0.500290989460119,1.52310135533888,9,41,"PPP2R1B;AP2A1;MAPKAPK3;RPS6KA1;PIK3R2;PIK3CB;KIDINS220;CREB1;AP2M1;RAC1;FURIN;MAPK1;AP2B1;PPP2CB;CLTC"
"KEGG_Galactose_metabolism%mmu00052",0.0458715596330275,0.168195718654434,0.577395391537542,1.51286993571363,14,22,"HK1;MGAM;PFKP;PGM1;HK3"
"WP_IL-5_Signaling_Pathway%WP151",0.0619047619047619,0.170656370656371,0.450840237877239,1.41873444033845,12,59,"RAF1;PIK3CG;PRKCB;SH2B2;AKT1;ALOX5;MAPK14;JAK1;JAK2;RPS6KA1;SHC1;PIK3R2;SDCBP;STAT1;HCK;PLA2G4A;ITGB2;RAC1;DNM2;SYK;YWHAZ;MAPK1;STAT5B"
"WP_Wnt_Signaling_in_Kidney_Disease%WP3857",0.0616621983914209,0.170656370656371,0.597521163736755,1.44250656436223,22,16,"LRP5;DVL3;AXIN1;DVL2;DVL1;BTRC"
"WP_Glycerolipids_and_Glycerophospholipids%WP4345",0.064343163538874,0.172710596867504,0.590099244397787,1.42458892727022,23,16,"DGKZ;PCYT1A;PLD1;CDIPT;CHPT1"
"KEGG_Cell_cycle%mmu04110",0.048,0.17358904109589,0.358971679153062,1.27160584968565,5,109,"MYC;CDC23;ORC3;ANAPC1;CUL1;BUB1B;CDC25C;ESPL1;E2F4;RBL2;CCNB1;STAG1;CDC6;BUB1;TFDP1;MCM6;PRKDC;SKP2;PLK1;ATR;ANAPC2;CDC16;MCM2;RB1;ANAPC5;ORC1;YWHAZ;ORC5;MCM4;RBL1;MCM5;STAG2;SMAD4;WEE1;MAD1L1;CCND3;MCM7;SMC1A;CHEK2;ABL1;ORC4"
"RA_PTEN_Regulation%R-MMU-6807070",0.0437869822485207,0.174837383020689,-0.507009907811759,-1.36209256707713,36,79,"LAMTOR4;RPS27A;LAMTOR2;PSMA7;PSMC5;LAMTOR5;PSMB6;CHD3;STUB1;PSMD9;PSMD7;PSMB1;CSNK2B;CSNK2A2;XIAP;PSMD13;PSMB5;CSNK2A1;LAMTOR3;CBX8;PSME1;PSMD10;CHD4;PSMD4"
"RA_Epigenetic_regulation_of_gene_expression%R-MMU-212165",0.0443285528031291,0.175753346677195,-0.576734073720685,-1.42575358403577,33,40,"POLR2F;POLR2L;POLR2H;POLR1C;HIST1H2AC;TAF1D;HIST1H2AB;ZNRD1;BAZ1B;DEK;POLR2E"
"RA_Signaling_by_SCF-KIT%R-MMU-1433557",0.0453074433656958,0.178378256048159,0.56936169177715,1.51516789566764,13,23,"SH2B2;JAK2;SH2B3;PIK3R2;RAC1;FER;STAT5B;KIT;TEC;PTPN6;STAT3;STAT5A"
"KEGG_Chemical_carcinogenesis%mmu05207",0.05,0.178378378378378,0.384631919265363,1.3266102720455,6,94,"ARNT;MYC;RAF1;PRKCB;ARRB1;AKT1;UGT1A7C;JAK2;CDC6;GNAS;RPS6KA1;PIK3R2;PIK3CB;PRKACA;MTOR;CREB1;VEGFA;KPNA1;RB1;PRKACB;ADCY3;KPNA3;MAP2K1;MAPK1;STAT5B;SOS2;IKBKE;RXRA"
"BP_positive_regulation_of_release_of_cytochrome_c_from_mitochondria%0090200",0.0106707317073171,0.178648701809599,-0.744477122682006,-1.5989948217826,6,18,"PDCD5;FAM162A;BAX;BAK1;PLAUR;BAD;PYCARD"
"RA_CD28_co-stimulation%R-MMU-389356",0.0458715596330275,0.17934505606524,0.602718728212087,1.52950293998587,14,19,"AKT1;PIK3R2;MTOR;RAC1;MAPKAP1"
"RA_SUMOylation_of_ubiquitinylation_proteins%R-MMU-3232142",0.0465116279069768,0.179356482956356,0.508900251918631,1.48398465788708,11,34,"NUP160;NUP188;NUP107;POM121;NUP214;PIAS1;PML"
"RA_Transcription-Coupled_Nucleotide_Excision_Repair_(TC-NER)%R-MMU-6781827",0.046285018270402,0.179356482956356,-0.532103703962064,-1.39859526922914,37,66,"POLR2F;POLR2L;POLR2H;RPS27A;RPA3;POLR2I;XPA;GTF2H5;RBX1;POLE4;POLR2G;POLE3;HMGN1;CCNH;MNAT1;PCNA;ISY1;POLR2E"
"RA_Resolution_of_Sister_Chromatid_Cohesion%R-MMU-2500257",0.0472972972972973,0.179921475529584,0.43171019947838,1.43867103749773,6,91,"PPP2R1B;CLASP2;NUP160;CKAP5;NUP107;BUB1B;CCNB1;STAG1;KNTC1;KIF2C;CLASP1;KIF18A;BUB1;PPP2R5C;CENPO;ERCC6L;PLK1;NDEL1;ZW10;XPO1;AURKB;ZWILCH;NUP133;PPP2CB;STAG2;PPP2R5B;CENPI"
"RA_Nuclear_Envelope_Breakdown%R-MMU-2980766",0.0470588235294118,0.179921475529584,0.480781925385282,1.43222412790106,11,37,"NUP160;NUP188;NUP107;POM121;NUP214;CCNB1"
"BP_axon_extension%0048675",0.0111111111111111,0.180208333333333,0.688218048458354,1.66551904686995,3,17,"VCL;RNF6;SPG11;CYFIP1;LIMK1;ITGB1"
"BP_mitotic_spindle_assembly%0090307",0.011070110701107,0.180208333333333,0.531060660452226,1.55599738818744,2,37,"CLASP2;ZFP207;KIF11;STAG1;FLNA;CLASP1;MYBL2;TPX2;STAG2;CEP192;CLTC;SMC1A;CHEK2;SPICE1"
"WP_Calcium_Regulation_in_the_Cardiac_Cell%WP553",0.0691244239631337,0.180786954980503,0.436682545269138,1.34569129914828,14,55,"GRK6;PRKCB;ARRB1;GNAS;RGS14;ATP2A3;ANXA6;GNG12;PRKAR2B;PRKACB;ADCY3;CDK5RAP2;ATP2A2;YWHAZ"
"RA_Transport_of_the_SLBP_independent_Mature_mRNA%R-MMU-159227",0.0481481481481482,0.181928908774546,0.515998624460808,1.47925265359457,12,31,"NUP160;NUP188;NUP107;POM121;NUP214;NUP133;NXF1;NUP93;NUP98;NUP155;NUP88"
"RA_Signaling_by_NTRK1_(TRKA)%R-MMU-187037",0.0489795918367347,0.182619272874713,0.482834615120368,1.44750546013384,11,39,"PPP2R1B;AP2A1;MAPKAPK3;RPS6KA1;PIK3R2;PIK3CB;KIDINS220;CREB1;AP2M1;MAPK1;AP2B1;PPP2CB;CLTC;DNAL4;RPS6KA2;CRKL;SRF;RPS6KA5;MAPK7;FRS2;MAPKAPK2"
"RA_RUNX1_regulates_transcription_of_genes_involved_in_differentiation_of_HSCs%R-MMU-8939236",0.0488771466314399,0.182619272874713,-0.573642253380761,-1.41114557270122,36,39,"RPS27A;PSMA7;PSMC5;PSMB6;CCNH;PSMD9;PSMD7;PSMB1;MNAT1;PSMD13;PSMB5;PSME1;PSMD10;PSMD4"
"RA_G_alpha_(q)_signalling_events%R-MMU-416476",0.05,0.183986928104575,0.473997452313517,1.4559692286753,10,46,"DGKQ;DAGLB;DGKZ;KALRN;DGKH;RPS6KA1;PIK3R2;P2RY2;CREB1;GNG12;DGKG;GNA15;RGS19;PLCB4"
"RA_AUF1_(hnRNP_D0)_binds_and_destabilizes_mRNA%R-MMU-450408",0.0497981157469717,0.183986928104575,-0.594427237628897,-1.42258830756091,36,33,"RPS27A;PSMA7;PSMC5;PSMB6;PABPC1;PSMD9;PSMD7;PSMB1;PSMD13;PSMB5;PSME1;PSMD10;PSMD4"
"RA_Hedgehog_ligand_biogenesis%R-MMU-5358346",0.0510752688172043,0.186723223013546,-0.589263084933388,-1.41874044056697,37,35,"RPS27A;PSMA7;ERLEC1;PSMC5;PSMB6;PSMD9;PSMD7;PSMB1;PSMD13;PSMB5;PSME1;PSMD10;PSMD4"
"KEGG_Antigen_processing_and_presentation%mmu04612",0.0538057742782152,0.187581415544941,-0.574245144254452,-1.41017935339427,40,41,"CTSS;HSP90AA1;HSP90AB1;CTSL;H2-K1;H2-T22;LGMN;H2-Q6;H2-T23;H2-AA;H2-AB1;H2-Q4;PSME1;H2-Q7;TAP1;H2-M3;TAP2"
"KEGG_Type_II_diabetes_mellitus%mmu04930",0.0547112462006079,0.187581415544941,0.581537474257502,1.48529626947357,17,20,"HK1;HK3;PIK3R2;ABCC8;PIK3CB;MTOR;MAPK1;IRS2;PKM"
"KEGG_Hepatocellular_carcinoma%mmu05225",0.0540540540540541,0.187581415544941,0.361211967977362,1.27244801644186,7,100,"MYC;RAF1;PRKCB;PLCG2;AKT1;LRP5;DVL3;TGFBR2;SHC1;PIK3R2;PIK3CB;HGF;SMARCC2;MTOR;TXNRD1;RB1;DDB2;ACTL6A;ARAF;AXIN1;DVL2;MAP2K1;DVL1;PLCG1;MAPK1"
"BP_lysosome_organization%0007040",0.0119047619047619,0.19010989010989,0.524801356558337,1.58946603481308,2,45,"MYO7A;SPG11;VPS35;WASHC5;AP3B1;BECN1;MTOR;IDUA;GNPTAB;HPS1;ZFYVE26;LRRK2;MBTPS1;SNAPIN;TPP1;VPS18;AP5Z1;HPS4;PI4KB"
"BP_protein_import_into_nucleus%0006606",0.0124223602484472,0.190808823529412,0.470543447470774,1.54897739460227,1,83,"TSC2;SPG11;AKT1;NUP188;NUP107;POM121;ADAR;NUP214;NFATC3;MED1;IPO11;FAM53C;PML;KPNA1;IPO9;RANBP6;CSE1L;APPL2;SYK;FAM53B;LRRK2;KPNA3"
"BP_regulation_of_signal_transduction%0009966",0.0125,0.190808823529412,0.619882135765803,1.64864934166374,3,24,"GRK6;PPP6R1;CDC42SE2;GNAS;FURIN;NCLN;STRN4"
"BP_Golgi_to_plasma_membrane_protein_transport%0043001",0.0124223602484472,0.190808823529412,0.652261985458517,1.70207003250201,3,22,"BLZF1;SPTBN1;GOLPH3L;PREPL;RAB31;GGA2;GGA1;GGA3"
"RA_Gap-filling_DNA_repair_synthesis_and_ligation_in_TC-NER%R-MMU-6782210",0.0525657071339174,0.190932213654164,-0.542666398900807,-1.38843909238003,41,54,"POLR2F;POLR2L;POLR2H;RPS27A;RPA3;POLR2I;GTF2H5;RBX1;POLE4;POLR2G;POLE3;HMGN1;CCNH;MNAT1;PCNA;ISY1;POLR2E"
"KEGG_ABC_transporters%mmu02010",0.0564784053156146,0.191157679529773,0.53636674721553,1.47918161935755,16,28,"ABCA2;ABCC4;ABCC8;ABCD2;ABCA9;ABCC5;ABCD1;ABCC2;ABCC10;ABCB10"
"WP_IL-3_Signaling_Pathway%WP373",0.0769230769230769,0.191369606003752,0.407158055573636,1.3207370040447,11,81,"VCL;RAF1;PRKCB;STAT6;AKT1;TYK2;MAPK14;JAK1;JAK2;PXN;SHC1;PIK3R2;PRKACA;STAT1;HCK;CREB1;RAC1;SYK;MAP2K1;YWHAZ;MAPK1;STAT5B"
"WP_Myometrial_Relaxation_and_Contraction_Pathways%WP385",0.0756756756756757,0.191369606003752,0.416857864944902,1.33314983502906,13,67,"GRK6;PRKCB;PLCG2;ARRB1;DGKZ;PDE4D;GNAS;RGS14;PDE4B;CREB1;ATP2A3;GNG12;PRKAR2B;PRKACB;ADCY3;CDK5RAP2;ATP2A2;YWHAZ;PLCG1"
"KEGG_Th1_and_Th2_cell_differentiation%mmu04658",0.0574162679425837,0.191872085276482,0.470939761615942,1.39789551627112,11,47,"JAK3;STAT6;NFATC1;TYK2;MAPK14;JAK1;JAK2;NFATC3;STAT1;IKBKG;PLCG1;MAPK1;STAT5B"
"RA_Mitotic_Prophase%R-MMU-68875",0.0533980582524272,0.192712223052029,0.473887962579516,1.4846504905215,10,52,"NCAPG2;BLZF1;NUP160;NUP188;NUP107;NCAPD3;POM121;NUP214;CCNB1"
"KEGG_Allograft_rejection%mmu05330",0.0591805766312595,0.192884842353735,-0.681510732133774,-1.42249641436692,38,16,"H2-K1;H2-T22;H2-Q6;H2-T23;H2-AA;H2-AB1;H2-Q4;H2-Q7;H2-M3"
"KEGG_Graft-versus-host_disease%mmu05332",0.0591805766312595,0.192884842353735,-0.681510732133774,-1.42249641436692,38,16,"H2-K1;H2-T22;H2-Q6;H2-T23;H2-AA;H2-AB1;H2-Q4;H2-Q7;H2-M3"
"RA_Signaling_by_PDGF%R-MMU-186797",0.0540540540540541,0.193837149251162,0.551257881368593,1.46662546190219,15,24,"STAT6;PIK3R2;PIK3CB;FURIN;PLCG1;STAT5B;PDGFRB;NCK2;STAT3;CRKL;STAT5A;RASA1"
"WP_Wnt_Signaling_Pathway%WP403",0.08,0.194285714285714,0.522464769699533,1.37253181016008,25,23,"MYC;PRKCB;DVL3;PPP2R5C;RAC1;AXIN1;DVL2;DVL1;FBXW2;CCND3"
"RA_Transcriptional_regulation_by_small_RNAs%R-MMU-5578749",0.0545454545454545,0.194361334867664,0.504178348817592,1.43752218825624,14,30,"NUP160;NUP188;NUP107;POM121;NUP214"
"RA_RAC3_GTPase_cycle%R-MMU-9013423",0.0552763819095477,0.195727062987895,0.472364362508792,1.49681924046414,10,58,"ERBIN;ARHGAP1;GIT2;CYFIP1;ESYT1;ABR;MPP7;PIK3R2;NCKAP1L;ABI2;ITGB1;GIT1;ARHGAP15;ARHGAP39;DEPDC1B;DOCK10;SRGAP2"
"KEGG_Cytosolic_DNA-sensing_pathway%mmu04623",0.0630517023959647,0.196348884381339,-0.543453519247767,-1.37149221676401,49,47,"POLR2F;POLR2L;POLR2H;DNASE2A;POLR3GL;POLR1C;NFKBIA;POLR1D;PYCARD;POLR2E"
"KEGG_Toxoplasmosis%mmu05145",0.0632183908045977,0.196348884381339,0.410326995186436,1.33415648026511,10,69,"PIK3CG;AKT1;ALOX5;TYK2;MAPK14;JAK1;CASP8;JAK2;TRAF6;STAT1;ITGB1;MAP2K3;MAP3K7;IKBKG"
"KEGG_Breast_cancer%mmu05224",0.0631578947368421,0.196348884381339,0.419208248889625,1.34879774892891,11,64,"MYC;RAF1;AKT1;LRP5;DVL3;SHC1;PIK3R2;PIK3CB;MTOR;BRCA1;RB1;DDB2;ARAF;AXIN1;DVL2;MAP2K1;DVL1;MAPK1;SOS2;KIT;NCOA1"
"KEGG_Systemic_lupus_erythematosus%mmu05322",0.0622222222222222,0.196348884381339,-0.637037772289326,-1.4062606741339,41,22,"SNRPD1;SNRPD3;SSB;C1QB;H2-AA;H2-AB1;FCGR4;SNRPB;H3F3B"
"RA_Transport_of_the_SLBP_Dependant_Mature_mRNA%R-MMU-159230",0.0561797752808989,0.197682584269663,0.511450128622218,1.48670515178817,14,32,"NUP160;NUP188;NUP107;POM121;NUP214;NUP133;NXF1;NUP93;NUP98;NUP155;NUP88"
"KEGG_Hippo_signaling_pathway%mmu04390",0.0646766169154229,0.198542172856647,0.42368123173738,1.36201181525412,12,61,"PPP2R1B;MYC;SAV1;CTNNA1;DVL3;TGFBR2;NF2;ITGB2L;ITGB2;LLGL2;AXIN1;LATS2;DVL2;YWHAZ;DVL1;BTRC"
"KEGG_Osteoclast_differentiation%mmu04380",0.0658682634730539,0.199876109849267,0.39335257520347,1.32638240147634,10,78,"PLCG2;NFATC1;AKT1;TGFBR2;TYK2;MAPK14;JAK1;PIK3R2;PIK3CB;TRAF6;STAT1;CREB1;MAP3K7;RAC1;STAT2;IKBKG;CSF1R;SYK;MAP2K1;MAPK1"
"RA_Glutathione_conjugation%R-MMU-156590",0.0577777777777778,0.201856425782806,-0.680943504104147,-1.4634213278528,38,17,"GGCT;GSTP1;MGST1;GSTM5;GSS;MGST2;GSTK1;ESD;GSTM2;GSTM4;GSTO1"
"RA_snRNP_Assembly%R-MMU-191859",0.0584415584415584,0.201856425782806,-0.559309950787236,-1.39079302347381,44,43,"SNRPF;SNRPD1;SNRPE;SNRPD3;SNRPG;SNRPD2"
"RA_Metabolism_of_non-coding_RNA%R-MMU-194441",0.0584415584415584,0.201856425782806,-0.559309950787236,-1.39079302347381,44,43,"SNRPF;SNRPD1;SNRPE;SNRPD3;SNRPG;SNRPD2"
"RA_Positive_epigenetic_regulation_of_rRNA_expression%R-MMU-5250913",0.0594059405940594,0.202700270027003,-0.631324901448851,-1.43822259795562,41,25,"POLR2F;POLR2L;POLR2H;POLR1C;TAF1D;ZNRD1;BAZ1B;DEK;POLR2E"
"RA_B-WICH_complex_positively_regulates_rRNA_expression%R-MMU-5250924",0.0594059405940594,0.202700270027003,-0.631324901448851,-1.43822259795562,41,25,"POLR2F;POLR2L;POLR2H;POLR1C;TAF1D;ZNRD1;BAZ1B;DEK;POLR2E"
"BP_regulation_of_translation%0006417",0.0134969325153374,0.203040810882902,-0.564242891983891,-1.49627462792569,10,68,"RPL38;RPLP1;RBM8A;RPS9;RPS14;MAGOH;DNAJC1;RACK1;FOXO3;S100A9;SARNP;MCTS1"
"KEGG_Human_cytomegalovirus_infection%mmu05163",0.0686274509803922,0.203569068076669,0.328571042175986,1.20517596450741,6,145,"ARHGEF11;MYC;RAF1;TSC2;PRKCB;NFATC1;AKT1;MAPK14;JAK1;CASP8;PXN;NFATC3;TBK1;GNAS;PIK3R2;PIK3CB;PRKACA;MTOR;CREB1;ARHGEF1;VEGFA;RAC1;RB1;GNG12;IKBKG;PRKACB;ADCY3;MAP2K1;RIPK1;MAPK1"
"KEGG_Rheumatoid_arthritis%mmu05323",0.0679347826086957,0.203569068076669,-0.58204225714057,-1.39715919662615,49,35,"ATP6V1G1;ATP6V1F;ATP6V0B;ATP6V1D;FOS;CTSL;H2-AA;H2-AB1"
"RA_Fcgamma_receptor_(FCGR)_dependent_phagocytosis%R-MMU-2029480",0.0603015075376884,0.203993287310729,0.466328752217348,1.44761600923335,11,53,"ELMO2;PLCG2;CYFIP1;MYO1C;MYH9;NF2;CYFIP2;PIK3R2;VAV3;ELMO1;NCKAP1L;PIK3CB;ABI2;HCK;LIMK1;RAC1;SYK;PLCG1;MYO5A"
"RA_G-protein_mediated_events%R-MMU-112040",0.0605095541401274,0.203993287310729,0.546847380618416,1.42737097783239,18,22,"PRKACA;PLA2G4A;PRKAR2B;PRKACB;ADCY3;GNA15;PLCB4;CAMKK1;GNAI3;ADCY7;GRK2;PLCB1"
"BP_vesicle_docking_involved_in_exocytosis%0006904",0.0138888888888889,0.205952380952381,0.680518857755083,1.64688665443197,4,17,"EXOC1;EXOC2;EXOC4;EXOC7;EXOC6;VPS11;EXOC3;EXOC8;EXOC5;VPS18;PLEK"
"RA_Downstream_signal_transduction%R-MMU-186763",0.0615384615384615,0.206227106227106,0.591418517444309,1.47136041880954,19,18,"STAT6;PIK3R2;PIK3CB;PLCG1;STAT5B;NCK2;STAT3;CRKL;STAT5A;RASA1"
"WP_Amino_Acid_metabolism%WP662",0.0878048780487805,0.20828133862734,0.403900163611371,1.27865328705281,17,61,"IARS;CAD;ACLY;EHHADH;FARSB;HDC;VARS;PYCR1;ASNS;OGDH;WARS;PCX;IDH1;EPRS;GLS;PKM;GOT2;SDHA;ALDH18A1;GCLM"
"RA_Amplification_of_signal_from_the_kinetochores%R-MMU-141424",0.0657894736842105,0.208831120659011,0.429237200049719,1.39208019874836,9,80,"PPP2R1B;CLASP2;NUP160;CKAP5;NUP107;BUB1B;KNTC1;KIF2C;CLASP1;KIF18A;BUB1;PPP2R5C;CENPO;ERCC6L;PLK1;NDEL1;ZW10;XPO1;AURKB;ZWILCH"
"RA_Amplification__of_signal_from_unattached__kinetochores_via_a_MAD2__inhibitory_signal%R-MMU-141444",0.0657894736842105,0.208831120659011,0.429237200049719,1.39208019874836,9,80,"PPP2R1B;CLASP2;NUP160;CKAP5;NUP107;BUB1B;KNTC1;KIF2C;CLASP1;KIF18A;BUB1;PPP2R5C;CENPO;ERCC6L;PLK1;NDEL1;ZW10;XPO1;AURKB;ZWILCH"
"RA_Mitotic_Spindle_Checkpoint%R-MMU-69618",0.0647482014388489,0.208831120659011,0.425871325471011,1.42302024270295,8,94,"PPP2R1B;CLASP2;CDC23;NUP160;ANAPC1;CKAP5;NUP107;BUB1B;KNTC1;KIF2C;CLASP1;KIF18A;BUB1;PPP2R5C;CENPO;ERCC6L;PLK1;NDEL1;ANAPC2;CDC16;ZW10;XPO1;ANAPC5;AURKB;ZWILCH"
"RA_Autodegradation_of_the_E3_ubiquitin_ligase_COP1%R-MMU-349425",0.0660247592847318,0.208831120659011,-0.596401515463258,-1.39703626328394,47,30,"RPS27A;PSMA7;PSMC5;PSMB6;PSMD9;PSMD7;PSMB1;PSMD13;PSMB5;PSME1;PSMD10;PSMD4"
"RA_Ubiquitin_Mediated_Degradation_of_Phosphorylated_Cdc25A%R-MMU-69601",0.0646492434662999,0.208831120659011,-0.598420990989489,-1.40176676860596,46,30,"RPS27A;PSMA7;PSMC5;PSMB6;PSMD9;PSMD7;PSMB1;PSMD13;PSMB5;PSME1;PSMD10;PSMD4"
"RA_p53-Independent_DNA_Damage_Response%R-MMU-69610",0.0646492434662999,0.208831120659011,-0.598420990989489,-1.40176676860596,46,30,"RPS27A;PSMA7;PSMC5;PSMB6;PSMD9;PSMD7;PSMB1;PSMD13;PSMB5;PSME1;PSMD10;PSMD4"
"RA_p53-Independent_G1/S_DNA_damage_checkpoint%R-MMU-69613",0.0646492434662999,0.208831120659011,-0.598420990989489,-1.40176676860596,46,30,"RPS27A;PSMA7;PSMC5;PSMB6;PSMD9;PSMD7;PSMB1;PSMD13;PSMB5;PSME1;PSMD10;PSMD4"
"RA_Ubiquitin-dependent_degradation_of_Cyclin_D%R-MMU-75815",0.063273727647868,0.208831120659011,-0.600261231545996,-1.40607742631549,45,30,"RPS27A;PSMA7;PSMC5;PSMB6;PSMD9;PSMD7;PSMB1;PSMD13;PSMB5;PSME1;PSMD10;PSMD4"
"RA_Regulation_of_PTEN_stability_and_activity%R-MMU-8948751",0.065359477124183,0.208831120659011,-0.555271429215365,-1.3787984125446,49,42,"RPS27A;PSMA7;PSMC5;PSMB6;STUB1;PSMD9;PSMD7;PSMB1;CSNK2B;CSNK2A2;XIAP;PSMD13;PSMB5;CSNK2A1;PSME1;PSMD10;PSMD4"
"RA_Cyclin_A:Cdk2-associated_events_at_S_phase_entry%R-MMU-69656",0.0645161290322581,0.208831120659011,-0.550895576689502,-1.37770658575357,49,44,"RPS27A;CDKN1B;PSMA7;PSMC5;PSMB6;CCNH;PSMD9;PSMD7;PSMB1;MNAT1;PSMD13;PSMB5;PSME1;PSMD10;PSMD4"
"RA_Cyclin_E_associated_events_during_G1/S_transition%R-MMU-69202",0.0666666666666667,0.209683426443203,-0.553665149340491,-1.37480984762833,50,42,"RPS27A;CDKN1B;PSMA7;PSMC5;PSMB6;CCNH;PSMD9;PSMD7;PSMB1;MNAT1;PSMD13;PSMB5;PSME1;PSMD10;PSMD4"
"BP_regulation_of_alternative_mRNA_splicing,_via_spliceosome%0000381",0.0150478796169631,0.209976938948902,-0.64064388149927,-1.56778752881731,10,37,"RBM8A;ARGLU1;MAGOH;DDX17;RBM25;WTAP;NSRP1;YTHDC1;ZBTB7A"
"BP_mRNA_processing%0006397",0.0153677277716795,0.209976938948902,-0.462959766237325,-1.34442281053128,13,171,"SREK1IP1;FRG1;TRA2A;ARGLU1;MAGOH;SRSF9;SNRNP27;PRKRIP1;SNRNP48;KIN;SFPQ;RBM25;PRPF38B;WTAP;CIR1;HNRNPH1;NSRP1;ACIN1;NUDT21;SRPK1;ALYREF;LGALS3;SRSF7;ARL6IP4;TARDBP;PABPC1;SMNDC1;PPIL3;LARP7;CD2BP2;SNRNP35;TSEN15;SON;CRIPT;SRSF3;ZRANB2;ZC3H13;CHD8;SRSF5;IWS1;C1QBP;HNRNPA3"
"BP_protein_autophosphorylation%0046777",0.0148148148148148,0.209976938948902,0.456018001933791,1.51751813560555,1,96,"SIK2;CAD;MAP3K3;JAK2;STK24;SIK1;MAP3K9;EIF2AK1;PRKACA;HCK;MTOR;PRKX;MARK2;ATR;SLK;MAP3K20;FER;CSF1R;SYK;MINK1;LRRK2;MAP3K11;LMTK2;CLK3;DAPK1;RIPK3;PEAK1;EIF2S1;RIPK1;KIT;PDGFRB;CDK12;EEF2K;CHEK2;TRPM7;ULK2;ABL1;STK10;ULK1;PAK1;ATM;TAOK3;EIF2AK4;IRAK1;TTK;PASK;FES;DYRK1A;VRK2;STK16"
"BP_positive_regulation_of_vascular_associated_smooth_muscle_cell_proliferation%1904707",0.0155763239875389,0.209976938948902,0.644664431452771,1.63969809164534,4,21,"MEF2D;XBP1;DNMT1;JAK2;MFN2;MAP3K7;MMP9;GNAI3;HPGD;PAK1;CALCRL;NF1;GRK2;FRS2"
"BP_mitotic_spindle_organization%0007052",0.0155038759689922,0.209976938948902,0.508341627394208,1.51238148630759,3,42,"CLASP2;KIF4;CKAP5;ILK;STIL;DLGAP5;TUBG1;CCNB1;CLASP1;INTS13;MAP1S;PLK1;TACC1;AURKB;WDR62"
"BP_mitotic_sister_chromatid_segregation%0000070",0.0148148148148148,0.209976938948902,0.584165293181461,1.6314210208459,3,31,"NCAPG2;ZFP207;ESPL1;TUBG1;KNTC1;KIF18A;NSL1;KIF18B;PLK1;ZW10;KNL1"
"BP_leukocyte_cell-cell_adhesion%0007159",0.0150602409638554,0.209976938948902,0.659145542908747,1.62755566130035,4,19,"FERMT3;OLR1;TNIP1;ITGB2L;ITGB1;ITGB2;ITGA5;SYK;NT5E;PECAM1;CD177"
"BP_Schwann_cell_development%0014044",0.0160857908847185,0.214064755619715,0.689362574948548,1.6642256374153,5,16,"RAF1;MED12;ILK;DAG1;ERBB3;MAP2K1;MAPK1"
"KEGG_Neutrophil_extracellular_trap_formation%mmu04613",0.0745341614906832,0.215217391304348,0.380354451321741,1.30182655260104,11,84,"RAF1;PRKCB;PLCG2;AKT1;PADI4;MAPK14;HDAC5;PIK3R2;ATG7;PIK3CB;ITGB2L;MPO;MTOR;ITGB2;HDAC9;MAP3K7;RAC1;SYK;HDAC10;MAP2K1;PLCG1;MAPK1"
"KEGG_Th17_cell_differentiation%mmu04659",0.075,0.215217391304348,0.418653748160525,1.33310442515438,14,59,"JAK3;STAT6;NFATC1;TGFBR2;TYK2;MAPK14;JAK1;JAK2;NFATC3;STAT1;MTOR;IKBKG;PLCG1;MAPK1;STAT5B;RXRA;IL6ST;SMAD4;STAT3;NFKBIE;NFATC2;STAT5A;MAPK9;IFNGR1;IL1RAP;IL12RB1;TGFB1;HIF1A;SMAD3;TGFBR1;RXRB"
"KEGG_Kaposi_sarcoma-associated_herpesvirus_infection%mmu05167",0.073394495412844,0.215217391304348,0.328929295532879,1.19242190596027,7,125,"MYC;RAF1;PIK3CG;PLCG2;NFATC1;AKT1;TYK2;MAPK14;JAK1;CASP8;BECN1;JAK2;NFATC3;TBK1;PIK3R2;PIK3CB;STAT1;HCK;MTOR;CREB1;VEGFA;RAC1;RB1;STAT2;GNG12;IKBKG;SYK"
"RA_Stabilization_of_p53%R-MMU-69541",0.0693877551020408,0.21702947845805,-0.586087550273665,-1.39138620751449,50,32,"RPS27A;PSMA7;PSMC5;PSMB6;PSMD9;PSMD7;PSMB1;PSMD13;PSMB5;PSME1;PSMD10;PSMD4"
"BP_actin_cytoskeleton_organization%0030036",0.0166666666666667,0.217701342281879,0.428802858500149,1.49453884072874,1,127,"SPECC1L;DOCK2;FMNL3;SH2B2;ACTN4;FLII;SPECC1;SPTBN1;NISCH;SPTAN1;CAPZA1;PI4KA;EPB41;TLN1;FLNA;MYH9;ABR;NF2;SIPA1L1;FLNB;SHC1;ELMO1;TMOD3;MKLN1;PACSIN2;LIMK1;SSH1;RAC1;CAP1;PARVG;FER;MINK1;CDC42BPB;ARHGEF18;ATP2C1;MRTFA"
"BP_skeletal_system_morphogenesis%0048705",0.0167785234899329,0.217701342281879,0.601173161995062,1.6319766049885,4,27,"WDR48;MYC;PLEKHA1;RECQL4;IDUA;TIPARP;PSEN1;COL11A2"
"RA_Asymmetric_localization_of_PCP_proteins%R-MMU-4608870",0.0701513067400275,0.218205445826715,-0.589451687287445,-1.38075669032266,50,30,"RPS27A;PSMA7;PSMC5;PSMB6;PSMD9;PSMD7;PSMB1;PSMD13;PSMB5;PSME1;PSMD10;PSMD4"
"KEGG_Cellular_senescence%mmu04218",0.0775862068965517,0.220244716351502,0.334768300121775,1.21085936892678,8,122,"MYC;RAF1;TSC2;NFATC1;AKT1;TGFBR2;E2F4;MAPK14;RBL2;CCNB1;HIPK2;NFATC3;ZFP36L2;PIK3R2;PIK3CB;MYBL2;MTOR;ATR;MAP2K3;CAPN1;RB1;NBN;RASSF5;MCU;MAP2K1;MAPK1;BTRC"
"RA_Regulation_of_RUNX2_expression_and_activity%R-MMU-8939902",0.0740242261103634,0.227735733880517,-0.576307964429525,-1.37922510923617,54,33,"RPS27A;RBX1;PSMA7;PSMC5;PSMB6;STUB1;PSMD9;PSMD7;PSMB1;PSMD13;PSMB5;PSME1;PSMD10;PSMD4"
"RA_Nuclear_events_mediated_by_NFE2L2%R-MMU-9759194",0.0740242261103634,0.227735733880517,-0.576536583241343,-1.37977224171596,54,33,"RPS27A;RBX1;PSMA7;PRDX1;PSMC5;PSMB6;PSMD9;PSMD7;PSMB1;PSMD13;PSMB5;PSME1;PSMD10;PSMD4"
"BP_neuron_projection_morphogenesis%0048812",0.0185873605947955,0.23344578313253,0.524972480410246,1.54274601516725,4,39,"ZFP335;ILK;ALS2;NCKAP1L;MAP1S;RAC1;DNM2;MINK1;LRRK2;ATP7A;MAP2K1;SRGAP2;TAOK2;WEE1;SGK1;VPS54;PAK1;TAOK3"
"BP_double-strand_break_repair_via_nonhomologous_end_joining%0006303",0.0185185185185185,0.23344578313253,0.569013767497795,1.56957111765591,4,30,"LIG3;TRP53BP1;POLA1;DCLRE1A;PRKDC;MLH1;DCLRE1C;ERCC4;PRPF19;XRCC6;SMARCAL1;POLL;XRCC1;ASTE1;POLM"
"BP_barbed-end_actin_filament_capping%0051016",0.0186666666666667,0.23344578313253,0.688070634334034,1.63591855773326,6,15,"FLII;CAPZA1;ADD1;ADD3;RDX;SCIN;CAPZA2;GSN;SVIL"
"BP_regulation_of_mitochondrial_membrane_potential%0051881",0.0190615835777126,0.235546711353163,-0.698736327812517,-1.57883067437044,12,24,"SOD1;NDUFS6;NDUFS4;BAX;BAK1;PARK7;DYNLL1;SOD2"
"BP_regulation_of_canonical_NF-kappaB_signal_transduction%0043122",0.0192926045016077,0.23559674673728,0.588443427343341,1.59052958593249,5,25,"PIK3AP1;PLCG2;TRAF6;NKIRAS2;PPM1A;BTRC;NLRP12;CARD6"
"KEGG_Wnt_signaling_pathway%mmu04310",0.0852272727272727,0.237397513885216,0.385777568865307,1.25992723053456,14,70,"MYC;PRKCB;NFATC1;CUL1;LRP5;DVL3;NFATC3;PRKACA;RNF43;MAP3K7;RAC1;PSEN1;PRKACB;AXIN1;DVL2;CTBP2;DVL1;BTRC;CTBP1;SMAD4;PLCB4"
"KEGG_Natural_killer_cell_mediated_cytotoxicity%mmu04650",0.085427135678392,0.237397513885216,0.407316272703833,1.31749801862681,16,62,"RAF1;PRKCB;PLCG2;NFATC1;SHC1;PIK3R2;VAV3;PIK3CB;ITGB2L;ITGB2;RAC1;ARAF;SYK;MAP2K1;PLCG1;MAPK1;SOS2"
"RA_EML4_and_NUDC_in_mitotic_spindle_formation%R-MMU-9648025",0.0779220779220779,0.238424618859401,0.426948187475858,1.39963469244557,11,82,"PPP2R1B;CLASP2;NUP160;CKAP5;NUP107;BUB1B;KNTC1;KIF2C;CLASP1;KIF18A;BUB1;PPP2R5C;CENPO;ERCC6L;PLK1;NDEL1;ZW10;XPO1;AURKB;ZWILCH"
"KEGG_Adrenergic_signaling_in_cardiomyocytes%mmu04261",0.0874316939890711,0.240437158469945,0.398080832522687,1.28591214466774,15,66,"PPP2R1B;PIK3CG;AKT1;MAPK14;GNAS;PPP2R5C;PRKACA;CREB1;ATP2A3;PRKACB;ADCY3;ATP1A3;ATP2A2;MAPK1;PPP2CB;PPP2R5B;PLCB4;PIK3R5;GNAI3;ATF6B;ADCY7;PPP1CA"
"KEGG_Cushing_syndrome%mmu04934",0.0887573964497041,0.241566522296102,0.382989275294474,1.25715854695745,14,73,"ARNT;USP8;DVL3;GNAS;RBBP5;PRKACA;CREB1;SCARB1;RB1;MEN1;PRKACB;ADCY3;AXIN1;DVL2;MAP2K1;DVL1;MAPK1"
"KEGG_Autoimmune_thyroid_disease%mmu05320",0.0899550224887556,0.242327815683995,-0.637041002493763,-1.35965055917305,59,18,"H2-K1;H2-T22;H2-Q6;H2-T23;H2-AA;H2-AB1;H2-Q4;H2-Q7;H2-M3"
"BP_integrin-mediated_signaling_pathway%0007229",0.0211864406779661,0.247648261758691,0.479799504009775,1.48300353550267,4,51,"ZYX;ILK;FERMT3;CTNNA1;TLN1;PXN;ITGB5;ADAM15;VAV3;ITGB2L;CUL3;ITGB1;ITGB2;ITGA5;SYK;LIMS1"
"BP_protein_K48-linked_deubiquitination%0071108",0.0214723926380368,0.247648261758691,0.634861957373195,1.59420541924224,6,20,"USP8;USP19;USP37;USP33;USP25;BAP1;OTUD5;USP14;MINDY3;USP5;VCPIP1;TNFAIP3;USP20;OTUB1"
"BP_regulation_of_myelination%0031641",0.0214477211796247,0.247648261758691,0.672972841820835,1.6246583399542,7,16,"AKT1;CYFIP1;MTOR;RXRA;SIRT2;RXRB"
"BP_phosphatidic_acid_biosynthetic_process%0006654",0.0214477211796247,0.247648261758691,0.669036773078242,1.61515607402028,7,16,"DGKQ;DGKZ;PLD1;DGKH;DGKG;ABHD4;ABHD8;AGPAT2;DGKA"
"BP_positive_regulation_of_cell-substrate_adhesion%0010811",0.0214477211796247,0.247648261758691,0.675687181549083,1.63121116705646,7,16,"PPM1F;JAK2;RSU1;EMILIN1;ITGB1;RAC1;ITGA5;LIMS1"
"KEGG_Platelet_activation%mmu04611",0.0946745562130178,0.252465483234714,0.377276969046912,1.23840795761931,15,73,"PIK3CG;PLCG2;AKT1;FERMT3;MAPK14;TLN1;GNAS;PIK3R2;PIK3CB;PRKACA;PLA2G4A;ARHGEF1;ITGB1;SYK;PRKACB;ADCY3;MAPK1;P2RX1;PLCB4;PIK3R5;GNAI3;TBXAS1;TLN2"
"BP_phospholipase_C-activating_G_protein-coupled_receptor_signaling_pathway%0007200",0.022140221402214,0.252544503467013,0.521502792413646,1.52799302105543,5,37,"PIK3CG;DGKQ;DGKZ;MYH9;DGKH;PRKD3;P2RY2;TGM2;VEGFA;DGKG"
"KEGG_mTOR_signaling_pathway%mmu04150",0.096551724137931,0.254896551724138,0.339429504647263,1.19645338914886,13,101,"TTI1;RAF1;TSC2;PRKCB;STRADA;FNIP2;AKT1;LRP5;DVL3;DEPDC5;STRADB;RPS6KA1;PIK3R2;PIK3CB;MIOS;MTOR;SKP2;RRAGC;MAPKAP1;RPTOR;DVL2;MAP2K1;PRKAA1;DVL1;MAPK1;SOS2;WDR59"
"BP_cellular_response_to_calcium_ion%0071277",0.0226415094339623,0.255455291222313,0.524181245204543,1.53141939331461,5,38,"PLCG2;CPNE2;NFATC1;ADD1;CLIC4;IQGAP1;NCSTN;NFATC3;MEF2A;ASPH;ECT2"
"RA_Intra-Golgi_traffic%R-MMU-6811438",0.0847457627118644,0.25651540003645,0.519674411133767,1.40740292981766,24,25,"COG1;COG2;COG5;GOSR2;COG4;COG6;STX6;CYTH1;SNAP29;CYTH4;NSF;NAPA"
"RA_GPVI-mediated_activation_cascade%R-MMU-114604",0.0847457627118644,0.25651540003645,0.516178043955871,1.39793392902704,24,25,"PIK3CG;PLCG2;PIK3R2;VAV3;PIK3CB;RAC1;SYK"
"RA_Cilium_Assembly%R-MMU-5617833",0.0869565217391304,0.261799581492676,0.360799443061564,1.25467149247806,9,124,"ODF2;EXOC1;PKD1;DCTN1;CKAP5;EXOC2;GBF1;KIF17;TUBG1;BBS9;KIF24;CLASP1;UNC119B;EXOC4;NEDD1;INPP5E;PRKACA;CEP78;EXOC7;PLK1;PRKAR2B;C2CD3;CDK5RAP2;CENPJ;IFT140;EXOC3;PLK4;EXOC8;ACTR1A;CEP192;ASAP1;EXOC5"
"KEGG_Glycine,_serine_and_threonine_metabolism%mmu00260",0.100591715976331,0.262932802155955,0.61094996172658,1.43016130480399,33,15,"CHDH;ALAS1;SHMT1;PSAT1"
"BP_proton_transmembrane_transport%1902600",0.0236842105263158,0.264346349745331,-0.588825113560392,-1.50553521109973,17,50,"UQCRH;NDUFB7;NDUFA2;NDUFS4;ATP6V0B;NDUFS7;SLC25A4;SLC25A3;NDUFV2;NDUFS3"
"KEGG_Thyroid_hormone_synthesis%mmu04918",0.102272727272727,0.264705882352941,0.461483463101767,1.34105981053895,26,37,"PRKCB;TTF2;GNAS;PRKACA;CREB1;PRKACB;ADCY3;ATP1A3;TSHR;PLCB4;ATF6B;ADCY7;ATP1A1;CREB3L2;ITPR1;PLCB1"
"KEGG_Bladder_cancer%mmu05219",0.103448275862069,0.265148978908604,0.487334083387126,1.34638125850638,29,29,"MYC;RAF1;VEGFA;RB1;ARAF;DAPK1;MAP2K1;MAPK1;MMP9"
"BP_chromatin_looping%0140588",0.0241935483870968,0.265570175438596,0.399379517490574,1.39976770821532,2,128,"MTREX;FBH1;AQR;SNRNP200;RECQL;DDX20;DHX8;DDX41;PMS2;DHX29;WRN;DDX11;DHX34;RTEL1;BRIP1;RECQL4;BLM;MCM6;ERCC6L;DHX15;DHX30;MCM2;HELQ;ENTPD1;DHX33;HELB;RAD54L;UPF1;IFIH1;DDX1;MCM9;MCM4;MCM5;DDX56;RAD50;MORC2A;DHX32;ASCC3;MCM7;DDX51;SMARCAD1;SUPV3L1;MOV10"
"BP_pigmentation%0043473",0.0243055555555556,0.265570175438596,0.557458599899477,1.53098670119303,6,29,"DOCK7;MYC;FIG4;AP3B1;ARCN1;MFSD12;RECQL4;HPS1;MYSM1;ATP7A;HPS5;MYO5A;KIT;VPS33A"
"KEGG_Human_T-cell_leukemia_virus_1_infection%mmu05166",0.104651162790698,0.265652951699463,0.306923256198851,1.14787967677362,8,165,"JAK3;MYC;CDC23;NFATC1;AKT1;ANAPC1;VAC14;BUB1B;MAP3K3;ESPL1;TGFBR2;JAK1;TLN1;KAT2A;NFATC3;CRTC1;PIK3R2;PIK3CB;ITGB2L;PRKACA;KAT5;CREB1;ITGB2;ATR;ANAPC2;CDC16;XPO1;RB1;ANAPC5;IKBKG;PRKACB;ADCY3"
"RA_RHOF_GTPase_cycle%R-MMU-9035034",0.0915254237288136,0.271204281891169,0.509001585334806,1.37849835807606,26,25,"ARHGAP1;ESYT1;PIK3R2;ARHGAP39;DEPDC1B;ADD3;SENP1;SRGAP2;DIAPH2;ACTN1;MTMR1"
"RA_Semaphorin_interactions%R-MMU-373755",0.0912162162162162,0.271204281891169,0.528445618997768,1.4059332777767,26,24,"PIP5K1C;ARHGEF11;TLN1;PLXNB3;LIMK1;RAC1"
"RA_Regulation_of_RUNX3_expression_and_activity%R-MMU-8941858",0.091156462585034,0.271204281891169,-0.575080135156618,-1.36525433426946,66,32,"RPS27A;PSMA7;PSMC5;PSMB6;PSMD9;PSMD7;PSMB1;PSMD13;PSMB5;PSME1;PSMD10;PSMD4;EP300;PSMC1"
"BP_B_cell_differentiation%0030183",0.0254237288135593,0.272060108334789,0.477367605694568,1.4754868253575,5,51,"DCAF1;JAK3;PLCG2;ADGRG3;HDAC5;NFAM1;HDAC9;TOP2B;ADAM17;IKZF3;SYK;DCLRE1C;STAT5B;TSHR;KIT"
"BP_translational_initiation%0006413",0.0252996005326232,0.272060108334789,-0.593334294230704,-1.48734878222912,18,44,"EIF1;EIF5B;EIF3K;EIF3F;EIF1AX;ABCF1;EIF4A2;EIF2S3X;EIF1B;EIF4B;EIF2S2;EIF3I;EIF3G;EIF4E3;EIF6"
"RA_GSK3B_and_BTRC:CUL1-mediated-degradation_of_NFE2L2%R-MMU-9762114",0.092896174863388,0.273824850513547,-0.575509877332122,-1.36078315745316,67,31,"RPS27A;RBX1;PSMA7;PSMC5;PSMB6;PSMD9;PSMD7;PSMB1;PSMD13;PSMB5;PSME1;PSMD10;PSMD4"
"RA_Degradation_of_AXIN%R-MMU-4641257",0.0940860215053763,0.275887656810036,-0.560916368998675,-1.34942738810891,69,34,"RPS27A;PSMA7;PSMC5;PSMB6;PSMD9;PSMD7;PSMB1;PSMD13;PSMB5;PSME1;PSMD10;PSMD4"
"RA_Transcriptional_regulation_by_RUNX1%R-MMU-8878171",0.0951821386603995,0.276812053925456,-0.459478642534939,-1.25647542537706,80,90,"RPS27A;PSMA7;HIST1H2AC;SETD1A;PSMC5;CTSL;PSMB6;SETD1B;CCNH;PSMD9;PSMD7;HIST1H2AB;PSMB1;CSNK2B;MNAT1;CSNK2A2;PSMD13;PSMB5;CSNK2A1;CBX8;PSME1;PSMD10;PSMD4;EP300;ARID1A;LDB1;PSMC1;KMT2B;SIN3B;LMO2;KAT2B;CCND1"
"RA_PLC_beta_mediated_events%R-MMU-112043",0.0953846153846154,0.276812053925456,0.54236837833964,1.40357903985179,30,20,"PRKACA;PLA2G4A;PRKAR2B;PRKACB;ADCY3;GNA15;PLCB4;CAMKK1;ADCY7;GRK2;PLCB1"
"KEGG_Tight_junction%mmu04530",0.111111111111111,0.276940682815182,0.34806221554086,1.18513217775265,17,83,"PPP2R1B;ACTN4;NEDD4L;MYH9;NF2;NEDD4;TJAP1;MSN;PRKACA;ITGB1;RAC1;LLGL2;TJP3;PRKACB;ARHGEF18;PRKAA1;PPP2CB;RAPGEF6;ACTN1;RDX"
"KEGG_Toll-like_receptor_signaling_pathway%mmu04620",0.112244897959184,0.276940682815182,0.409562090670076,1.2862054298709,21,58,"AKT1;MAPK14;CASP8;TBK1;PIK3R2;PIK3CB;TRAF6;STAT1;MAP2K3;MAP3K7;RAC1;IKBKG;MAP2K1;RIPK1;MAPK1;IKBKE;MAP2K4;MAP2K6;MYD88;IRF7;IFNAR1;MAPK9;TLR1;IRAK1"
"KEGG_Synaptic_vesicle_cycle%mmu04721",0.111878453038674,0.276940682815182,-0.573988739687577,-1.34110629847277,80,30,"ATP6V1G1;ATP6V1F;CLTA;ATP6V0B;AP2S1;ATP6V1D;CLTB"
"BP_cell_differentiation%0030154",0.0277777777777778,0.282679738562091,0.33976612368095,1.27353357019135,1,195,"ODF2;ARNT;JAK3;RAF1;MEF2D;TMTC3;ILK;STX2;TYK2;RBL2;JAK1;NEDD4L;DDX41;JAK2;ELF4;ITSN2;NR1H2;AGRN;RNF114;TFIP11;MEF2A;ECT2;UNC45A;ZFP39;HCK;MKRN2;CREB1;ANAPC2;MMP19;CLPTM1;HERC4;RB1"
"BP_cell_adhesion_mediated_by_integrin%0033627",0.0276073619631902,0.282679738562091,0.624542270952357,1.56829159683421,8,20,"EMILIN1;ITGB5;ITGB2L;ITGB1;ITGB2;ITGA5;ADAM17"
"BP_cell_surface_receptor_signaling_pathway_via_JAK-STAT%0007259",0.0276923076923077,0.282679738562091,0.607629549099705,1.59626243394783,8,23,"JAK3;STAT6;PKD1;TYK2;JAK1;JAK2;PIAS1;CSF2RA;STAT1;STAT2;STAT5B;CTR9"
"BP_DNA_biosynthetic_process%0071897",0.0277777777777778,0.282679738562091,0.663133323969931,1.60481287022355,9,17,"POLE;POLD1;LIG3;POLA1"
"BP_positive_regulation_of_axonogenesis%0050772",0.0276923076923077,0.282679738562091,0.609007807046151,1.59988316205011,8,23,"TRAK1;ILK;CYFIP1;TIAM2;PLXNB3;MAP2K1;SEMA4D;PLXNC1"
"RA_Estrogen-dependent_gene_expression%R-MMU-9018519",0.0994623655913978,0.287165701681831,-0.55200253066452,-1.33927373084759,73,36,"POLR2F;POLR2L;POLR2H;GTF2F2;POLR2I;USF2;POLR2G;HSP90AA1;HSP90AB1"
"RA_TNFR2_non-canonical_NF-kB_pathway%R-MMU-5668541",0.101023017902813,0.287252318582242,-0.527367552656739,-1.32541357516167,78,46,"RPS27A;PSMA7;PSMC5;PSMB6;PSMD9;PSMD7;PSMB1;XIAP;PSMD13;PSMB5;UBE2M;PSME1;PSMD10;PSMD4;TNFRSF18;TNFSF14"
"RA_FBXL7_down-regulates_AURKA_during_mitotic_entry_and_in_early_mitosis%R-MMU-8854050",0.100680272108844,0.287252318582242,-0.568664484128795,-1.35002342150195,73,32,"RPS27A;RBX1;PSMA7;PSMC5;PSMB6;PSMD9;PSMD7;PSMB1;PSMD13;PSMB5;PSME1;PSMD10;PSMD4"
"RA_mRNA_3'-end_processing%R-MMU-72187",0.100502512562814,0.287252318582242,-0.514661503369668,-1.31006560257431,79,52,"RBM8A;MAGOHB;UPF3B;MAGOH;SRSF9;SARNP;NUDT21;ALYREF;SRSF7;CHTOP;SRSF11;U2AF1;SRSF3;SRSF5;NCBP2"
"RA_Peptide_ligand-binding_receptors%R-MMU-375276",0.10192023633678,0.288347201294508,-0.644210695299823,-1.39710613295627,68,18,"CXCR4;FPR2;PENK;GAL;CX3CR1;CCL9;HEBP1;CCL6"
"RA_Signaling_by_Nuclear_Receptors%R-MMU-9006931",0.103571428571429,0.288666902404526,-0.470801910651087,-1.26342228980536,86,78,"POLR2F;POLR2L;POLR2H;GTF2F2;POLR2I;USF2;FOXO3;CDKN1B;POLR2G;HSP90AA1;FABP5;HSP90AB1;PDHB;GTF2A2;DHRS4;POLR2E;POLR2C;PPID"
"RA_Dectin-1_mediated_noncanonical_NF-kB_signaling%R-MMU-5607761",0.103494623655914,0.288666902404526,-0.547549549141505,-1.32846986520128,76,36,"RPS27A;PSMA7;PSMC5;PSMB6;PSMD9;PSMD7;PSMB1;PSMD13;PSMB5;UBE2M;PSME1;PSMD10;PSMD4"
"RA_NIK-->noncanonical_NF-kB_signaling%R-MMU-5676590",0.103494623655914,0.288666902404526,-0.547549549141505,-1.32846986520128,76,36,"RPS27A;PSMA7;PSMC5;PSMB6;PSMD9;PSMD7;PSMB1;PSMD13;PSMB5;UBE2M;PSME1;PSMD10;PSMD4"
"KEGG_Aldosterone-regulated_sodium_reabsorption%mmu04960",0.118343195266272,0.289283366206443,0.569619582988864,1.38619233212549,39,17,"PRKCB;NEDD4L;PIK3R2;PIK3CB;ATP1A3;MAPK1;SGK1"
"BP_protein_targeting_to_mitochondrion%0006626",0.0287081339712919,0.289311097691271,-0.730792346954582,-1.49790100553048,17,15,"FIS1;TOMM22;TOMM5;TOMM20;BCAP31;TOMM34"
"KEGG_C-type_lectin_receptor_signaling_pathway%mmu04625",0.119565217391304,0.289589150378939,0.3822402622516,1.23760795781409,21,67,"RAF1;PLCG2;NFATC1;AKT1;MAPK14;CASP8;NFATC3;PIK3R2;PIK3CB;STAT1;STAT2;IKBKG;SYK"
"RA_Processing_of_Capped_Intronless_Pre-mRNA%R-MMU-75067",0.104602510460251,0.2901044994538,-0.570696066163066,-1.32322583530783,74,28,"SNRPF;SNRPE;SNRPD3;SNRPG"
"KEGG_HIF-1_signaling_pathway%mmu04066",0.121212121212121,0.290909090909091,0.361995360986706,1.2000751914488,19,75,"ARNT;HK1;PRKCB;PLCG2;AKT1;PFKP;HK3;PIK3R2;PIK3CB;MTOR;MKNK1;CUL2;VEGFA;ENO1"
"RA_Cell_death_signalling_via_NRAGE,_NRIF_and_NADE%R-MMU-204998",0.106382978723404,0.293596161869003,0.433631611485,1.30231305014778,24,40,"ARHGEF11;NET1;KALRN;TIAM2;RASGRF2;ABR;ARHGEF6;NCSTN;VAV3;ARHGEF3;TRAF6;ECT2;ARHGEF1;CASP2;PLEKHG2;FGD2;ARHGEF18"
"BP_toll-like_receptor_signaling_pathway%0002224",0.0294906166219839,0.294339038977109,0.652534234167669,1.57531644631861,10,16,"PLCG2;AP3B1;MAPKAPK3;TLR13;TIFAB;TLR1;TLR4;MAPKAPK2"
"BP_transforming_growth_factor_beta_receptor_signaling_pathway%0007179",0.0318725099601594,0.295523025457306,0.471991435249789,1.45943536907461,7,49,"ZYX;TGFBR2;PXN;HIPK2;ITGB5;NRROS;CREB1;ITGB1;PML;MAP3K7;APPL2;LGALS9;USP15;DCP1A;FUT8;SMAD4;STAT3;HPGD;TRP53;ARAP1;PARP1;TGFB1;SMAD3;GLG1;TGFBR1;SELENON"
"BP_cellular_response_to_amino_acid_starvation%0034198",0.0308880308880309,0.295523025457306,0.486043924763326,1.44007252239175,7,41,"DEPDC5;BECN1;UCP2;TRIM32;MIOS;MTOR;RRAGC;GCN1;EIF2S1;MAPK1;WDR59"
"BP_intermembrane_lipid_transfer%0120009",0.0317919075144509,0.295523025457306,0.627428689679814,1.5329716396489,10,18,"OSBPL8;ESYT1;PITPNB;PITPNM1;OSBPL2;OSBPL5;ATG2A;C2CD2L"
"BP_regulation_of_mitotic_spindle_organization%0060236",0.032171581769437,0.295523025457306,0.641192075538009,1.54793475798643,11,16,"PKD1;DCTN1;STIL;SASS6;CENPJ;TPX2;CLTC;PARP3;GPSM2"
"BP_cellular_oxidant_detoxification%0098869",0.0314207650273224,0.295523025457306,-0.637421688181955,-1.51591913522812,22,30,"SELENOW;SELENOS;PRDX4;S100A9;PRDX5;SELENOT;TXNDC17;HP;S100A8;APOE"
"BP_phosphatidylinositol_phosphate_biosynthetic_process%0046854",0.03125,0.295523025457306,0.574403912992464,1.52769466704212,9,24,"PIP5K1C;PIK3CG;PI4KA;PIK3CB;TTC7B;PI4K2B"
"BP_dendrite_morphogenesis%0048813",0.0321543408360129,0.295523025457306,0.574027987830005,1.55156546130339,9,25,"TRAK1;LRP8;MEF2A;KIDINS220;TRAK2;ITGB1;RAC1;MINK1;ATP7A;DVL1"
"BP_neuromuscular_junction_development%0007528",0.032171581769437,0.295523025457306,0.640806953400299,1.5470050148318,11,16,"SPG11;DCTN1;KALRN;ALS2;NEDD4L;AGRN;NEDD4;LRRK2;DVL1"
"BP_necroptotic_process%0070266",0.0305555555555556,0.295523025457306,0.660587589342781,1.59865207638896,10,17,"CASP8;IPMK;RIPK3;RIPK1;MLKL;SPATA2;TRPM7;CFLAR;TRP53;PYGL;DNM1L"
"RA_Nuclear_Receptor_transcription_pathway%R-MMU-383280",0.107784431137725,0.296012852344092,0.577692120289802,1.39762973477084,35,16,"NR1H2;MED1;RXRA;NR2C2;NCOR2;ESR1;RXRB;THRA;ESRRA;NR2C1;NR4A1"
"BP_negative_regulation_of_TORC1_signaling%1904262",0.033457249070632,0.29734375,0.489432238829739,1.43830327174276,8,39,"TSC2;USP7;DEPDC5;TBK1;PRKACA;PRKACB;PRKAA1;YWHAZ"
"BP_cell_adhesion%0007155",0.0333333333333333,0.29734375,0.410119769285055,1.39063419105939,3,109,"VCL;SPECC1L;CERCAM;CEACAM1;RIPOR2;CSF3R;TLN1;MYH9;CASS4;NEDD9;OLR1;ADAM15;COL6A4;JUP;ITGB2L;ADGRE5;TM9SF4;PRKX;ITGB1;ITGB2;CD164;RAC1;PARVG;FER;ITGA5;ADAM17;FLOT2;NINJ1"
"BP_Golgi_to_plasma_membrane_transport%0006893",0.0341614906832298,0.29734375,0.581803528399463,1.51820951177545,10,22,"EXOC1;EXOC2;EXOC4;SEC16A;GGA2;STXBP5;EXOC6;DNM2;LLGL2;GGA1;GGA3;EXOC8;EXOC5;CCDC93;ARFGEF2"
"BP_phosphatidylinositol_metabolic_process%0046488",0.034375,0.29734375,0.55812460868467,1.48439794532481,10,24,"PIP5K1C;PLCG2;FIG4;MTMR2;INPP5E;IPMK;PLCL2;PLCG1;PDGFRB;PLCB4;PIK3R5"
"BP_response_to_virus%0009615",0.0339425587467363,0.29734375,-0.560881505106321,-1.43922631106734,25,51,"RPS15A;BST2;IFI27L2A;NPC2;IFITM3;EEF1G;ISG15"
"BP_JNK_cascade%0007254",0.0333333333333333,0.29734375,0.482970295878403,1.46612815373234,7,48,"MAP3K15;STRADB;MAPK14;BECN1;TRAF6;MAP2K3;MAP3K7;MAP3K20;LRRK2;MAP3K11;MAP3K6;MAP2K1;MAPK1;MAP2K4;MAPK6;MAP2K6;MYD88;NRBP1;MAPK9;IRAK1;ERCC6;TLR4;MAPK7;SMAD3"
"BP_mitochondrial_fusion%0008053",0.0340236686390533,0.29734375,-0.668662585222049,-1.47174007908502,22,20,"FIS1;BAX;PARL;BAK1;NME3"
"BP_axonogenesis%0007409",0.0347826086956522,0.298383039885016,0.461941893587096,1.42216214929431,7,53,"PIP5K1C;DOCK7;NUMB;SPG11;KALRN;ALS2;MAP1S;CREB1;TOP2B;STXBP5"
"RA_Regulation_of_actin_dynamics_for_phagocytic_cup_formation%R-MMU-2029482",0.110204081632653,0.299733806566105,0.432291892144817,1.2831641681701,26,38,"ELMO2;CYFIP1;MYO1C;MYH9;NF2;CYFIP2;VAV3;ELMO1;NCKAP1L;ABI2;LIMK1;RAC1"
"RA_Nuclear_Events_(kinase_and_transcription_factor_activation)%R-MMU-198725",0.110091743119266,0.299733806566105,0.572958127976563,1.39318537133562,35,17,"PPP2R1B;RPS6KA1;CREB1;MAPK1;PPP2CB;RPS6KA2;SRF;RPS6KA5;MAPK7"
"BP_intracellular_protein_transport%0006886",0.0352941176470588,0.299746767959483,0.364101625272328,1.34197757836468,2,177,"MYO7A;COPB1;AP1M1;COPG2;SPG11;COPG1;COPA;XPO7;VPS35;TMED7;AP2A1;AP3B1;AP3M1;STX2;VPS39;AP2A2;VPS26A;RAB31;AP1B1;RFFL;SEC23A;ARL5A;GGA2;VPS33B;SEC23B;AP2M1;TGFBRAP1;STX17;SCFD1;CSE1L;EXOC6;AP4E1;GGA1;SNX13;APBA1;VPS11;FAM91A1;AP1G2;SCFD2;COPB2;VIPAS39;AP2B1;VPS16;STX6"
"BP_negative_regulation_of_viral_genome_replication%0045071",0.0355191256830601,0.299746767959483,-0.630067519161097,-1.50575644225784,25,31,"BST2;BANF1;IFITM3;ISG15;SRPK1;SLPI;MNDAL"
"RA_ESR-mediated_signaling%R-MMU-8939211",0.110834371108344,0.299998802567296,-0.501322605385322,-1.28650617348878,88,55,"POLR2F;POLR2L;POLR2H;GTF2F2;POLR2I;USF2;FOXO3;CDKN1B;POLR2G;HSP90AA1"
"KEGG_Phagosome%mmu04145",0.128805620608899,0.300926405670349,-0.447261691841416,-1.24078871442611,109,100,"ATP6V1G1;ATP6V1F;ATP6V0B;ACTB;CYBA;CTSS;ATP6V1D;CTSL;SEC22B;H2-K1;H2-T22;H2-Q6;H2-T23;H2-AA;H2-AB1;TUBB5;FCGR4;H2-Q4;TUBB2A;ACTG1;H2-Q7;TAP1;H2-M3;TAP2;TUBA1B;ATP6AP1"
"KEGG_AGE-RAGE_signaling_pathway_in_diabetic_complications%mmu04933",0.127551020408163,0.300926405670349,0.399735445976068,1.25534543562151,24,58,"PRKCB;PLCG2;NFATC1;AKT1;TGFBR2;MAPK14;JAK2;PIK3R2;PIK3CB;STAT1;VEGFA;RAC1;PLCG1;MAPK1;STAT5B;SMAD4;PLCB4"
"KEGG_Non-small_cell_lung_cancer%mmu05223",0.128205128205128,0.300926405670349,0.399187181916769,1.24061885047239,24,57,"JAK3;RAF1;PRKCB;PLCG2;AKT1;PIK3R2;PIK3CB;HGF;RB1;DDB2;ARAF;RASSF5;MAP2K1;PLCG1;MAPK1;STAT5B;SOS2;RXRA"
"KEGG_Insulin_resistance%mmu04931",0.13,0.301052631578947,0.391812609270444,1.2476351293753,25,59,"PRKCB;AKT1;PYGB;NR1H2;RPS6KA1;PIK3R2;PIK3CB;MTOR;CREB1;PRKAA1;GYS1;IRS2;PRKAG1;STAT3;PPP1CA;RPS6KA2;MAPK9;PYGL;PRKAB1;OGA;CREB3L2;RPS6KB2;TNFRSF1A;PTEN;PIK3CD;MLX;IKBKB"
"RA_Metabolism_of_carbohydrates%R-MMU-71387",0.112244897959184,0.302363050483351,0.350990909878517,1.22288299418532,10,143,"PAPSS2;SLC25A12;NUP160;NUP188;NUP107;MAN2B1;POM121;NUP214;PFKP;PGM1;MAN2B2;HK3;GNPDA1;PFKFB4;NDST2;EXT2;TKFC;ENO1;ABCC5;PRPS2;GLB1L;PHKB;PHKG2;MAN2C1;AGL;GPC1;PGM2;SLC25A13;NUP133;ST3GAL3;GYS1;HMMR;PHKA2;SORD;B3GALT5"
"KEGG_TGF-beta_signaling_pathway%mmu04350",0.135338345864662,0.307255864702673,0.461086041975528,1.31368909471782,35,35,"PPP2R1B;MYC;CUL1;TGFBR2;E2F4;TFDP1"
"KEGG_Gap_junction%mmu04540",0.136170212765957,0.307255864702673,0.440657502071273,1.31402254159887,31,42,"RAF1;PRKCB;GNAS;PRKACA;PRKACB;ADCY3;MAP2K1;MAPK1;SOS2;PDGFRB;PLCB4"
"KEGG_Melanogenesis%mmu04916",0.134387351778656,0.307255864702673,0.437848565828295,1.30549824061718,33,40,"RAF1;PRKCB;DVL3;GNAS;PRKACA;CREB1;PRKACB;ADCY3;DVL2;MAP2K1;DVL1;MAPK1;KIT;PLCB4"
"RA_SCF(Skp2)-mediated_degradation_of_p27/p21%R-MMU-187577",0.114927344782034,0.30811473862993,-0.535121518529884,-1.30839184152371,86,38,"RPS27A;CDKN1B;PSMA7;PSMC5;PSMB6;PSMD9;PSMD7;PSMB1;PSMD13;PSMB5;PSME1;PSMD10;PSMD4"
"BP_positive_regulation_of_NLRP3_inflammasome_complex_assembly%1900227",0.0368098159509202,0.308133781911736,0.596541557833057,1.49797884919041,11,20,"PLCG2;PTPN22;DHX33;ZDHHC5;LATS2;MYD88;MAVS;NEK7;TLR4;LATS1;GBP5"
"RA_Synthesis_of_active_ubiquitin:_roles_of_E1_and_E2_enzymes%R-MMU-8866652",0.115655853314528,0.308598319507483,-0.57791246113943,-1.32099333465256,81,26,"RPS27A;UCHL3;UBE2S;UBE2C;UBE2R2;UBE2A;UBE2B;UBE2T;CDC34;OTULIN;UBE2L3"
"RA_Rab_regulation_of_trafficking%R-MMU-9007101",0.116279069767442,0.308797718297499,0.40478793110562,1.29821140741072,19,73,"TRAPPC8;DENND4C;RAB3GAP2;ALS2;TRAPPC11;TRAPPC9;TRAPPC12;RIN3;RABGAP1;TBC1D15;DENND5A;TRAPPC10;DENND1C;MON1B;TBC1D25;TBC1D2;HPS1;SBF1;RAB7B;TBC1D14"
"RA_Transport_of_Mature_mRNA_derived_from_an_Intron-Containing_Transcript%R-MMU-159236",0.11750305997552,0.310583205475201,-0.481815927606562,-1.26279725033425,95,63,"RBM8A;MAGOHB;UPF3B;MAGOH;SRSF9;SARNP;ALYREF;SRSF7;CHTOP;SRSF11;NXT1;U2AF1;SRSF3;SRSF5;NCBP2"
"BP_glycosylation%0070085",0.0375335120643432,0.311678284182306,0.639498669389711,1.54384661913328,13,16,"COG1;COG2;COG5;COG4;COG6"
"BP_cristae_formation%0042407",0.0381558028616852,0.311856089530939,-0.710955400531552,-1.47102903824819,23,16,"UQCC3;MICOS13;MICOS10"
"BP_mRNA_cis_splicing,_via_spliceosome%0045292",0.0381558028616852,0.311856089530939,-0.711586243284375,-1.47233430719653,23,16,"CWC15;WBP4;RBM17;SRSF7;SRSF3;BC005624;NCBP2"
"BP_respiratory_electron_transport_chain%0022904",0.0384615384615385,0.311899038461539,-0.660925240394545,-1.45471002425616,25,20,"NDUFA5;NDUFS6;ETFB;NDUFS4;COQ7;SOD2;PUM2;MT-CO1;UQCRFS1"
"KEGG_Ubiquitin_mediated_proteolysis%mmu04120",0.141666666666667,0.312426035502959,0.315256940243727,1.135779180986,16,118,"UBE4A;MGRN1;CDC23;ANAPC1;RHOBTB2;WWP2;CUL1;UBR5;TRIM37;NEDD4L;UBE2J1;UBE3B;UBE2Q2;PPIL2;PIAS1;NEDD4;TRIM32;UBA1;TRAF6;CUL3;DDB1;SKP2;CUL2;ANAPC2;PML;BRCA1;CDC16;HERC4;DDB2;ANAPC5"
"KEGG_Malaria%mmu05144",0.142011834319527,0.312426035502959,0.544091659837965,1.32406909692843,47,17,"ITGB2L;HGF;ITGB2;PECAM1;MYD88;ICAM1;TLR4;TGFB1;KLRB1F"
"KEGG_Human_papillomavirus_infection%mmu05165",0.141025641025641,0.312426035502959,0.299088132006474,1.12523232191509,10,179,"PPP2R1B;RAF1;TSC2;AKT1;DVL3;TYK2;RBL2;JAK1;TUBG1;CASP8;NFX1;PXN;TBK1;GNAS;ITGB5;PIK3R2;COL6A4;PPP2R5C;PIK3CB;PRKACA;STAT1;MTOR;ATP6V0A2;CREB1;ITGB1;ATR;VEGFA;RB1;STAT2;PSEN1;IKBKG;LLGL2;ITGA5;PRKACB;AXIN1;DVL2;MAP2K1;DVL1;MAPK1;SOS2;RBL1;IKBKE;PPP2CB;PPP2R5B;PDGFRB"
"WP_TYROBP_Causal_Network%WP3625",0.135458167330677,0.314016660630206,0.424484484575808,1.2767216271858,33,44,"BIN2;SH2B3;ELF4;ZFP36L2;RPS6KA1;ABCC4;NCKAP1L;NRROS;ITGB2;SFT2D2;GAPT"
"KEGG_Type_I_diabetes_mellitus%mmu04940",0.143928035982009,0.314024805778929,-0.61097428203125,-1.30401578697797,95,18,"H2-K1;H2-T22;H2-Q6;H2-T23;H2-AA;H2-AB1;H2-Q4;H2-Q7;H2-M3;H2-D1;HSPD1"
"WP_Odorant_GPCRs%WP1397",0.138666666666667,0.314311111111111,0.553693533076632,1.3164310186463,51,15,"ADGRG3;GPR89;GPR160;GPR180;TPRA1;SLC52A2"
"RA_Cyclin_A/B1/B2_associated_events_during_G2/M_transition%R-MMU-69273",0.12,0.315700934579439,0.550898800696009,1.37055345107635,38,18,"PPP2R1B;CCNB1;PLK1;XPO1;PPP2CB"
"KEGG_Amino_sugar_and_nucleotide_sugar_metabolism%mmu00520",0.150197628458498,0.319775596072931,0.423586316579771,1.26297362650552,37,40,"HK1;PGM3;PGM1;HK3;GNPDA1;GNE;PGM2;UAP1;FCSK;GPI1"
"KEGG_cGMP-PKG_signaling_pathway%mmu04022",0.149068322981366,0.319775596072931,0.340868022631177,1.1579286396825,23,82,"RAF1;PIK3CG;GTF2IRD1;MEF2D;NFATC1;AKT1;NFATC3;PDE3B;MEF2A;CREB1;GTF2I;ATP2A3;ADCY3;ATP1A3;MAP2K1;ATP2A2;MAPK1"
"KEGG_Prolactin_signaling_pathway%mmu04917",0.15,0.319775596072931,0.429000772186229,1.27835165762722,35,41,"RAF1;AKT1;MAPK14;JAK2;SHC1;PIK3R2;PIK3CB;STAT1;SOCS6;MAP2K1;MAPK1;STAT5B;SOS2"
"BP_endosome_organization%0007032",0.0398550724637681,0.320694304010785,0.514782167491173,1.49527756530061,10,35,"USP8;WASHC5;ALS2;DNAJC13;CC2D1A;PLEKHA3;VPS33B;PLEKHF2;PI4K2B;VPS11;EXOC8;STX6;PIK3C3;PI4K2A;VPS18;ARFGEF2;SQSTM1;VPS4B"
"KEGG_Dopaminergic_synapse%mmu04728",0.153061224489796,0.323265306122449,0.369817795667965,1.1921376489485,29,63,"PPP2R1B;PRKCB;ARRB1;AKT1;MAPK14;GNAS;PPP2R5C;PRKACA;CREB1;GNG12;PRKACB"
"RA_Activation_of_ATR_in_response_to_replication_stress%R-MMU-176187",0.123552123552124,0.323534165394631,0.437768533671757,1.27123802283661,31,33,"ORC3;CDC25C;CDC6;MCM6;MCM2;ATRIP;ORC1;ORC5;MCM4;MCM5;RFC5;MCM10;MCM7;RPA1;ORC4;RAD9A;ORC2"
"RA_Recruitment_of_NuMA_to_mitotic_centrosomes%R-MMU-380320",0.125,0.324048557574912,0.393522917431394,1.25347242284832,23,62,"ODF2;DCTN1;CKAP5;TUBGCP4;TUBG1;TUBGCP6;CLASP1;TUBGCP2;NEDD1;PRKACA;CEP78;PLK1;PRKAR2B;CDK5RAP2;CENPJ;PLK4;ACTR1A;CEP192"
"RA_KEAP1-NFE2L2_pathway%R-MMU-9755511",0.125475285171103,0.324048557574912,-0.507759208418752,-1.2843826027485,98,48,"RPS27A;RBX1;PSMA7;BACH1;PRDX1;PSMC5;PSMB6;PSMD9;PSMD7;PSMB1;PSMD13;PSMB5;MAP1LC3B;PSME1;PSMD10;PSMD4"
"RA_Metalloprotease_DUBs%R-MMU-5689901",0.124444444444444,0.324048557574912,-0.616745031728409,-1.34486777452417,83,19,"RPS27A;HIST1H2AC;BARD1;HIST1H2AB;UIMC1"
"RA_RET_signaling%R-MMU-8853659",0.126153846153846,0.324313312258518,0.546125060348981,1.35867710228253,40,18,"SHC1;PIK3R2;PIK3CB;PRKACA;PRKACB;PLCG1;IRS2;PDLIM7;MAPK7;FRS2;PIK3CD"
"BP_defense_response_to_Gram-positive_bacterium%0050830",0.0413333333333333,0.326558862392248,-0.572780628232743,-1.44059698936913,30,45,"ROMO1;FAU;CAMP;RPL39;PPP1R11;HMGB2;PGLYRP1;H2-T23;PYCARD"
"BP_cognition%0050890",0.0434153400868307,0.326558862392248,-0.649742711936455,-1.47825344600823,29,25,"RP9;COMT;GRCC10;NDUFS4"
"BP_activation_of_protein_kinase_activity%0032147",0.0421686746987952,0.326558862392248,0.599926817469656,1.48133336960729,13,19,"STRADA;STRADB;TRAF6;ECT2;AXIN1;RIPK3;TPX2"
"BP_mitotic_cytokinesis%0000281",0.0413223140495868,0.326558862392248,0.468344118206428,1.43946014951325,9,50,"KIF20A;KIF4;USP8;EXOC1;SPTBN1;ANLN;STX2;EXOC2;EXOC4;ECT2;EXOC7;PLK1;EXOC6;AURKB;ZFYVE26;EXOC3;KIF23;EXOC8"
"BP_negative_regulation_of_Rho_protein_signal_transduction%0035024",0.0426666666666667,0.326558862392248,0.646387654747351,1.53681541854251,15,15,"KCTD10;RIPOR2;RIPOR1;CUL3;ITGB1;HEG1;CCDC125"
"BP_transcription_initiation_at_RNA_polymerase_II_promoter%0006367",0.0423497267759563,0.326558862392248,-0.622802374436565,-1.48115141730853,30,30,"GTF2F2;POLR2I;GTF2H5;POLR2G;ELOC;ELOB;TAF10;CCNH;MNAT1;GTF2A2;TAF4"
"BP_neural_tube_development%0021915",0.0430769230769231,0.326558862392248,0.574247264186957,1.50856609422157,13,23,"PKD1;MED12;STIL;KAT5;C2CD3;DVL1;NUP133;AMBRA1;TBC1D32;IFT172;NF1;TGFB1"
"BP_alternative_mRNA_splicing,_via_spliceosome%0000380",0.0434153400868307,0.326558862392248,-0.649610531230029,-1.47795271684085,29,25,"SRSF9;BCAS2;DDX17;SFPQ;RBM17;RSRC1;NCBP2;HNRNPUL2;HNRNPM"
"BP_negative_regulation_of_programmed_cell_death%0043069",0.0433526011560694,0.326558862392248,0.602897230200581,1.47303489738732,14,18,"DPP8;PLCG2;XPNPEP1;BECN1;DPP9;VEGFA;PEPD;KIT"
"KEGG_Staphylococcus_aureus_infection%mmu05150",0.158050221565731,0.331152845185342,-0.577050017668642,-1.275856414746,106,23,"CAMP;FPR2;C1QB;H2-AA;H2-AB1;FCGR4"
"BP_spinal_cord_development%0021510",0.0444444444444444,0.33189448441247,0.611417329856552,1.47965780720742,15,17,"PKD1;MED12;AKT1;MTOR;ACTL6A"
"BP_positive_regulation_of_interleukin-2_production%0032743",0.045016077170418,0.333762057877814,0.542999298257936,1.46769665338773,13,25,"PLCG2;SPTBN1;PDE4D;TRAF6;PDE4B;MAP3K7;SASH3;STAT5B;CARMIL2;ABL2;ABL1;ANXA1;STAT5A"
"BP_intracellular_glucose_homeostasis%0001678",0.0455764075067024,0.335519936113171,0.618745789073133,1.49374602370185,16,16,"RAF1;HK1;HK3;PIK3R2;ABCC8;SOCS6"
"RA_Chromosome_Maintenance%R-MMU-73886",0.132926829268293,0.340171840354767,-0.473417890238672,-1.24571550438147,108,67,"CENPX;NPM1;RPA3;CENPW;NHP2;CENPS;GAR1;ITGB3BP;HIST1H2AC;TEN1;CENPK;HIST1H2AB;CENPA;PCNA;TERF1;CENPH;TERF2;RSF1;MIS18A"
"BP_protein_targeting_to_lysosome%0006622",0.046583850931677,0.340521389204794,0.568716363197006,1.48405870704037,14,22,"PIK3R4;AP3B1;BECN1;NEDD4;NCOA4;GGA3;SORT1;VPS53;PIK3C3;VPS54;ATG14"
"KEGG_RNA_degradation%mmu03018",0.165628891656289,0.344299428324884,-0.4633647049651,-1.20882509546458,132,62,"LSM4;LSM5;LSM7;LSM8;LSM3;C1D;LSM6;EXOSC3;LSM2;MPHOSPH6;DCP2;EXOSC2;PABPC1;EXOSC7;DDX6;EXOSC8"
"BP_protein_localization_to_organelle%0033365",0.0482573726541555,0.347855227882038,0.617108096218654,1.48979238517595,17,16,"CEP68;VPS35;PLK1"
"BP_COPII-coated_vesicle_cargo_loading%0090110",0.0482573726541555,0.347855227882038,0.617039612948164,1.48962705619142,17,16,"SEC31A;SEC24D;SEC24C;SEC23A;SEC23B;TBC1D20;SCAP"
"KEGG_Alanine,_aspartate_and_glutamate_metabolism%mmu00250",0.169139465875371,0.348850148367953,0.510060568861276,1.28486390992634,56,19,"CAD;4930438A08RIK;ADSL;ASNS;ADSSL1;GLS;GOT2;PPAT"
"RA_SUMOylation_of_RNA_binding_proteins%R-MMU-4570464",0.139344262295082,0.354981084489281,0.415823228353561,1.26594509201566,33,41,"NUP160;NUP188;NUP107;POM121;NUP214"
"BP_negative_regulation_of_cell_adhesion%0007162",0.0498442367601246,0.356815984531099,0.57598738183742,1.46501864339293,15,21,"MYO1F;RIPOR2;PLXNB3;PDE3B;ERBB3;SEMA4D;PLXNC1"
"BP_protein_localization_to_plasma_membrane%0072659",0.050314465408805,0.357715171879039,0.425149432605666,1.40354175367166,7,84,"CLASP2;DENND4C;C2CD5;GAK;SPTBN1;PACS1;FLNA;PPIL2;TSPAN5;SEC16A;FRMD8;SEC23A;JUP;EFR3A;RAC1;TTC7B;FLOT2;ZDHHC5;MYO5A;WDR59;RAPGEF6;ZDHHC7;PACS2;RDX;INPP5K;EXOC5"
"RA_Toll_Like_Receptor_4_(TLR4)_Cascade%R-MMU-166016",0.141975308641975,0.360054498943388,0.374023242911396,1.22144665610673,22,78,"PPP2R1B;PLCG2;CUL1;MAPK14;MAPKAPK3;CASP8;TBK1;RPS6KA1;TRAF6;CD180;CREB1;NKIRAS2;ITGB2;MAP2K3;MAP3K7;DNM2;IKBKG;RIPK3;RIPK1;MAPK1;IKBKE;MAP2K4;PPP2CB"
"RA_Organelle_biogenesis_and_maintenance%R-MMU-1852241",0.142857142857143,0.360666239590006,0.343981349913706,1.19470284853959,14,133,"ODF2;EXOC1;PKD1;DCTN1;CKAP5;EXOC2;GBF1;KIF17;TUBG1;BBS9;KIF24;CLASP1;UNC119B;EXOC4;NEDD1;INPP5E;PRKACA;CEP78;EXOC7;PLK1;PRKAR2B;C2CD3;CDK5RAP2;CENPJ;IFT140;EXOC3;PLK4;EXOC8;ACTR1A;GABPB1;CEP192;ASAP1;EXOC5;ACSS2;CEP135"
"KEGG_cAMP_signaling_pathway%mmu04024",0.178343949044586,0.362175404213621,0.333780921847506,1.13329065066399,27,86,"RAF1;NFATC1;AKT1;PLD1;PDE4D;GNAS;ABCC4;PIK3R2;PDE3B;VAV3;PIK3CB;PRKACA;PDE4B;CREB1;ATP2A3;RAC1;PRKACB;ADCY3;ATP1A3;MAP2K1;ATP2A2;MAPK1;ACOX1;TSHR"
"KEGG_Bacterial_invasion_of_epithelial_cells%mmu05100",0.177777777777778,0.362175404213621,0.427452227493357,1.27489891666575,39,45,"VCL;ELMO2;ILK;CTNNA1;PXN;SHC1;PIK3R2;ELMO1;PIK3CB;ITGB1;RAC1;DNM2;ITGA5"
"BP_protein_deubiquitination%0016579",0.0513833992094862,0.362829716866984,0.463531476338808,1.38241731894443,12,43,"USP8;USP19;USP7;USP37;USP54;USP22;USP39;USP15;JOSD1;USP33;USP10;USP25;USP12;USP3;BAP1;OTUD5;USP40;USP21;USP28;USP4"
"BP_positive_regulation_of_peptidyl-tyrosine_phosphorylation%0050731",0.0520446096654275,0.363918661724932,0.473831456730205,1.39245697443068,13,39,"DGKQ;PLCG2;LRRK1;AGRN;MTOR;ITGB1;VEGFA;ITGA5;SYK;PECAM1;SEMA4D;TNFRSF14;ABL1;EHD4;ICAM1"
"BP_protein_methylation%0006479",0.0522388059701493,0.363918661724932,-0.662462306877841,-1.44271915625102,34,19,"FAM98B;SNRPD3;COMT"
"BP_substrate_adhesion-dependent_cell_spreading%0034446",0.0529801324503311,0.364194552870488,0.549409128118299,1.47720262560472,15,26,"ILK;FERMT3;PXN;RAC1;PARVG;FER;PEAK1;ABL1;FNDC3B;AXL;AP1AR;BRAF;FN1;MICALL2"
"BP_neuroblast_proliferation%0007405",0.0527950310559006,0.364194552870488,0.559961330267808,1.46121255087219,16,22,"NUMB;DAGLB;CTNNA1;ITGB1;VEGFA;NBN"
"RA_L1CAM_interactions%R-MMU-373760",0.146757679180887,0.368859702584105,0.473005190891968,1.29598752334892,42,26,"NUMB;SPTBN1;AP2A1;MSN;SDCBP;ITGB1;AP2M1;RAC1;DNM2;MAPK1;AP2B1;RDX;CLTC"
"KEGG_Endometrial_cancer%mmu05213",0.184549356223176,0.371916259869607,0.408563801640574,1.2212780296948,42,43,"MYC;RAF1;AKT1;ILK;CTNNA1;PIK3R2;PIK3CB;MLH1;DDB2;ARAF;AXIN1;MAP2K1;MAPK1;SOS2"
"KEGG_Glycolysis_/_Gluconeogenesis%mmu00010",0.1875,0.37218045112782,0.414697937512595,1.23573156554526,44,41,"HK1;PFKP;PGM1;HK3;ALDH3A2;ALDH9A1;ENO1;PGM2;ACSS2;GPI1;PKM"
"KEGG_Tryptophan_metabolism%mmu00380",0.186390532544379,0.37218045112782,0.523361578236271,1.27362160351569,62,17,"CAT;4930438A08RIK;ALDH3A2;EHHADH;ALDH9A1"
"KEGG_beta-Alanine_metabolism%mmu00410",0.189349112426036,0.373046012540846,0.521084418727438,1.26808004359668,63,17,"ALDH3A2;EHHADH;ALDH9A1;ACOX1;ACOX3;HADHA;ALDH6A1;HIBCH;ALDH3B1;ALDH2"
"RA_Mitochondrial_Fatty_Acid_Beta-Oxidation%R-MMU-77289",0.14950634696756,0.374098103745494,-0.55616123216417,-1.27127433665732,105,26,"DBI;ACBD6;MCEE;ACOT13;HADH;ACADM;MCAT;DECR1;PCCB;MECR;ECHS1"
"BP_adenylate_cyclase-activating_G_protein-coupled_receptor_signaling_pathway%0007189",0.0555555555555556,0.376784705977253,0.529189706601615,1.43718537703218,15,28,"DGKQ;CNR2;ADGRG3;GNAS;ADGRE5;PRKACA;PRKAR2B;ADCY3;ADGRE1;ADGRL4;TSHR"
"BP_intra-Golgi_vesicle-mediated_transport%0006891",0.0559006211180124,0.376784705977253,0.552422020498031,1.44153881008862,17,22,"COPB1;COPG2;COPG1;COPA;COG2;COG5;GOSR2;TRAPPC10"
"BP_DNA_replication_initiation%0006270",0.0553846153846154,0.376784705977253,0.541766717164668,1.42323864903301,17,23,"ORC3;CDC6;POLA1;MCM6;MCM2;ORC1;ORC5;MCM4;MCM5;MCM10;MCM7;ORC4;TOPBP1;ORC2;PRIM2;MCM3"
"WP_Eukaryotic_Transcription_Initiation%WP567",0.170241286863271,0.3774915491316,-0.507927210206138,-1.2570182158924,126,40,"POLR2H;GTF2F2;POLR2I;POLR2G;POLR1C;CCNH;POLR1D;MNAT1;GTF2A2;POLR2E;AK6;POLR2C;TAF12"
"RA_Cellular_response_to_hypoxia%R-MMU-1234174",0.153548387096774,0.377750939345142,-0.500336488318995,-1.2512659462474,118,44,"RPS27A;RBX1;PSMA7;ELOC;ELOB;PSMC5;PSMB6;PSMD9;PSMD7;PSMB1;PSMD13;PSMB5;PSME1;PSMD10;PSMD4"
"RA_Visual_phototransduction%R-MMU-2187338",0.154320987654321,0.377750939345142,0.497746763065419,1.2963978759047,49,21,"MYO7A;FNTB;LRP10;GPC1;NMT1;GNB5"
"RA_RHOG_GTPase_cycle%R-MMU-9013408",0.154205607476636,0.377750939345142,0.39700788691641,1.22994494785146,32,49,"ERBIN;DOCK2;ELMO2;ARHGAP1;KALRN;CYFIP1;ESYT1;MPP7;VAV3;DOCK5;ITGB1;ARHGAP39;ANKLE2;MAP3K11;DEPDC1B"
"RA_Processing_of_Intronless_Pre-mRNAs%R-MMU-77595",0.153846153846154,0.377750939345142,0.499653760616495,1.29303914754645,49,20,"CSTF2;CPSF3;CPSF1;PAPOLA;CSTF1;CSTF3;SYMPK;WDR33"
"RA_Post-translational_modification:_synthesis_of_GPI-anchored_proteins%R-MMU-163125",0.153392330383481,0.377750939345142,-0.590752727773317,-1.29135190247244,103,21,"LY6K;DPM3;CD52;PLAUR;PIGX;FCGR4;PIGF"
"RA_Degradation_of_DVL%R-MMU-4641258",0.155913978494624,0.379998138062654,-0.529074796334259,-1.27382798759403,115,35,"RPS27A;RBX1;PSMA7;PSMC5;PSMB6;PSMD9;PSMD7;PSMB1;PSMD13;PSMB5;PSME1;PSMD10;PSMD4"
"KEGG_Alcoholism%mmu05034",0.195,0.381333333333333,0.395043247669551,1.2139476046918,38,53,"RAF1;HDAC5;GNAS;SHC1;PRKACA;CREB1;HDAC9;GNG12;ARAF;PRKACB;HDAC10;MAP2K1;MAPK1;SOS2;CAMKK1;GNB5;GNAI3;ATF6B;PPP1CA;SLC29A1;SLC29A3;HDAC6"
"BP_heart_development%0007507",0.0573770491803279,0.381778058007566,0.367793474659197,1.30715198647206,6,138,"KCTD10;TSC2;MGRN1;CAD;NFATC1;PKD1;MED12;TGFBR2;CASP8;KAT2A;MTHFD1;HDAC5;NFATC3;MED1;AP1B1;DAG1;SHC1;MEF2A;PSKH1;PRKDC;ASXL2;CASP7;HDAC9;MICAL2;MAP2K3;HEG1;PSEN1;DVL2;MAP2K1;IFT140;MAPK1;AP2B1;RXRA;GYS1;MMP9;PTCD2"
"BP_mRNA_export_from_nucleus%0006406",0.0572987721691678,0.381778058007566,-0.567976490839855,-1.39867558067343,41,39,"SEM1;RBM8A;MAGOHB;MAGOH;SARNP;ALYREF;YTHDC1;CHTOP;NXT1;SRSF3"
"RA_Sensory_Perception%R-MMU-9709957",0.159235668789809,0.383656467116185,0.496275779755177,1.29536991513537,49,22,"MYO7A;FNTB;LRP10;GPC1;NMT1;GNB5"
"RA_Postmitotic_nuclear_pore_complex_(NPC)_reformation%R-MMU-9615933",0.160493827160494,0.383656467116185,0.496083024029582,1.2920646126629,51,21,"NUP160;NUP188;NUP107;POM121;NUP133;NUP93;NUP98;NUP155"
"RA_AURKA_Activation_by_TPX2%R-MMU-8854518",0.160804020100503,0.383656467116185,0.37965645600134,1.20304818316741,31,58,"ODF2;DCTN1;CKAP5;TUBG1;CLASP1;NEDD1;PRKACA;CEP78;PLK1;PRKAR2B;CDK5RAP2;CENPJ;TPX2;PLK4;ACTR1A;HMMR;CEP192"
"RA_Global_Genome_Nucleotide_Excision_Repair_(GG-NER)%R-MMU-5696399",0.160822249093108,0.383656467116185,-0.455598156850721,-1.2085907077873,132,72,"RPS27A;RPA3;XPA;GTF2H5;RBX1;POLE4;CETN2;INO80D;POLE3;UBE2V2;SUMO2;CCNH;MNAT1;SUMO1;PCNA;TFPT"
"RA_Transcriptional_regulation_by_RUNX2%R-MMU-8878166",0.160365058670143,0.383656467116185,-0.505481535260494,-1.24960903716361,122,40,"RPS27A;RBX1;PSMA7;PSMC5;PSMB6;STUB1;PSMD9;PSMD7;PSMB1;PSMD13;PSMB5;PSME1;PSMD10;PSMD4"
"WP_Microglia_Pathogen_Phagocytosis_Pathway%WP3626",0.177935943060498,0.384065065140447,0.428234865930105,1.23788628829694,49,34,"PIK3CG;PLCG2;PIK3R2;VAV3;NCKAP1L;PIK3CB;HCK;ITGB2;RAC1;PIK3C2A;SYK"
"WP_IL-7_Signaling_Pathway%WP297",0.18450184501845,0.384065065140447,0.403955190197594,1.18358083680492,49,37,"JAK3;RAF1;AKT1;JAK1;SHC1;STAT1;RB1;MAP2K1;MAPK1;STAT5B;CLTC;IRS2;STAT3;CBLB;STAM2;PTK2B;STAT5A"
"WP_Heart_Development%WP2067",0.184,0.384065065140447,0.529979840098525,1.26005065814331,68,15,"NFATC1;NFATC3;VEGFA;ERBB3;MAPK1;SMAD4;NFATC2;MEF2C;SRF"
"KEGG_Vascular_smooth_muscle_contraction%mmu04270",0.198067632850242,0.384484228473998,0.400527003533442,1.21386605029705,40,50,"ARHGEF11;RAF1;PRKCB;MYH9;GNAS;PRKACA;PLA2G4A;ARHGEF1;ARAF;PRKACB;ADCY3;MAP2K1;MAPK1"
"WP_Alpha6-Beta4_Integrin_Signaling_Pathway%WP488",0.188679245283019,0.384905660377359,0.404646769351203,1.18219397526275,49,38,"ERBIN;PIK3CG;AKT1;SHC1;PIK3R2;PIK3CB;MTOR;RAC1"
"BP_homophilic_cell_adhesion_via_plasma_membrane_adhesion_molecules%0007156",0.0583333333333333,0.385210359779679,0.591805221590503,1.43219561126596,20,17,"NPTN;CEACAM1;PLXNB3;PIK3CB;PECAM1;PVR;CLSTN1;CELSR3;NECTIN2;L1CAM"
"BP_melanosome_assembly%1903232",0.0589812332439678,0.385210359779679,0.602470815566383,1.45445577334237,21,16,"AP1M1;AP3B1;AP3M1;AP1B1;HPS1;HPS5"
"BP_positive_regulation_of_dendrite_morphogenesis%0050775",0.0590062111801242,0.385210359779679,0.545349285891415,1.42308259174363,18,22,"NUMB;ILK;CUX1;ANAPC2;FBXW8;SGK1;CAPRIN1;HDAC6;FBXO31;TNIK;ANKRD27;CUL7;PIAS2"
"KEGG_Pancreatic_cancer%mmu05212",0.2,0.385401459854015,0.358545563868004,1.1536162532931,37,64,"RAF1;AKT1;TGFBR2;JAK1;PLD1;ARHGEF6;PIK3R2;PIK3CB;STAT1;MTOR;VEGFA;RAC1;RB1;DDB2;IKBKG;ARAF;MAP2K1;MAPK1;RALB;SMAD4"
"RA_GLI3_is_processed_to_GLI3R_by_the_proteasome%R-MMU-5610785",0.162634408602151,0.386342498071775,-0.52715329390791,-1.26920167844857,120,35,"RPS27A;RBX1;PSMA7;PSMC5;PSMB6;PSMD9;PSMD7;PSMB1;PSMD13;PSMB5;PSME1;PSMD10;PSMD4"
"RA_Developmental_Biology%R-MMU-1266738",0.165137614678899,0.389955331900939,0.334456315768348,1.17012435374362,17,137,"PIP5K1C;ARHGEF11;NUMB;MEF2D;KALRN;SPTBN1;AP2A1;KRT80;CTNNA1;TLN1;NCSTN;SH3KBP1;PLXNB3;DAG1;SHC1;PIK3R2;VAV3;PIK3CB;JUP;MSN;MEF2A;PRKACA;SDCBP;CREB1;LIMK1;ITGB1;AP2M1;RAC1;DNM2;PRKACB;GPC1;ARHGEF28;PLCG1;MAPK1;USP33;AP2B1;SEMA4D;RXRA;SMAD4;RDX;CLTC;IRS2;NCK2;NCOR2;PLXNC1"
"RA_RHOV_GTPase_cycle%R-MMU-9013424",0.165540540540541,0.389955331900939,0.480468349616825,1.27828941590223,48,24,"SPTBN1;GIT2;WDR6;IQGAP1;GIT1;MAP3K11;DEPDC1B;PEAK1;CLTC;NCK2"
"BP_G_protein-coupled_receptor_signaling_pathway%0007186",0.0612244897959184,0.390680868681546,0.404708312406336,1.34797291877964,8,89,"ARHGEF11;PIK3CG;DGKQ;ARRB1;CNR2;JAK2;ADGRG3;GNAS;ADGRE5;P2RY2;RGS14;ARHGEF1;TGM2;RAC1;GNG12;ENTPD1;SYK;GPR160;ADGRE1;ADGRL4;GNA15;SORT1;INPP5K;PREX1;PIK3R5;GNB5;GNA12;LANCL1;ATRNL1;GNAI3"
"BP_bone_development%0060348",0.060377358490566,0.390680868681546,0.465860204172193,1.36103181441452,15,38,"DYM;PAPSS2;LRP5;MAPK14;GNAS;IDUA;TGM2;MAP3K7"
"BP_positive_regulation_of_macroautophagy%0016239",0.0613496932515337,0.390680868681546,0.575191924915552,1.44436766631729,19,20,"TSC2;TBK1;WAC;MAP3K7;IKBKG;PINK1;SUPT5;PAFAH1B2;GNAI3;SESN1;SESN2;HIF1A;WDR24"
"BP_protein_localization_to_phagophore_assembly_site%0034497",0.0613333333333333,0.390680868681546,0.618411989100353,1.47030202832762,22,15,"MFN2;WIPI2;STX17;ATG13;PACS2;PIK3C3;ATG9A;ATG4D"
"RA_Regulation_of_RAS_by_GAPs%R-MMU-5658442",0.167320261437908,0.390876793317604,-0.495968739857482,-1.23154348523488,127,42,"RPS27A;RBX1;PSMA7;PSMC5;PSMB6;PSMD9;PSMD7;PSMB1;PSMD13;PSMB5;PSME1;PSMD10;PSMD4"
"RA_TNFR1-induced_NFkappaB_signaling_pathway%R-MMU-5357956",0.166902404526167,0.390876793317604,-0.557050137045507,-1.26901709952278,117,25,"RPS27A;RACK1;TAB2"
"BP_negative_regulation_of_microtubule_depolymerization%0007026",0.062111801242236,0.391956952704616,0.543546231667112,1.41837754280534,19,22,"CLASP2;SPECC1L;CLASP1;KATNB1;TPX2;CAMSAP2"
"BP_positive_regulation_of_epithelial_cell_migration%0010634",0.0623052959501558,0.391956952704616,0.568817372097428,1.44678178912559,19,21,"CLASP2;PLCG2;PPM1F;TGFBR2;CLASP1;DOCK5"
"RA_MAPK_targets/_Nuclear_events_mediated_by_MAP_kinases%R-MMU-450282",0.171253822629969,0.398412818763111,0.540129443672232,1.313360266324,55,17,"PPP2R1B;RPS6KA1;CREB1;MAPK1;PPP2CB"
"RA_SUMOylation_of_chromatin_organization_proteins%R-MMU-4551638",0.172727272727273,0.39854694485842,0.387429137098801,1.19005893207834,37,46,"NUP160;NUP188;NUP107;POM121;NUP214;PIAS1"
"RA_Regulation_of_PTEN_gene_transcription%R-MMU-8943724",0.172043010752688,0.39854694485842,-0.520910426783874,-1.25417102697826,127,35,"LAMTOR4;LAMTOR2;LAMTOR5;CHD3;LAMTOR3;CBX8;CHD4"
"RA_Phase_I_-_Functionalization_of_compounds%R-MMU-211945",0.177993527508091,0.405543550121863,0.482373192039037,1.28367676446054,54,23,"ARNT;NCOA2;RXRA;NCOA1;ACSS2;TBXAS1"
"RA_Metabolism_of_polyamines%R-MMU-351202",0.17741935483871,0.405543550121863,-0.51859139888658,-1.24858761484059,131,35,"PSMA7;PSMC5;PSMB6;PSMD9;PSMD7;PSMB1;SAT1;OAZ1;PSMD13;PSMB5;PSME1;PSMD10;PSMD4"
"RA_ABC-family_proteins_mediated_transport%R-MMU-382556",0.179361179361179,0.405543550121863,-0.459788233913399,-1.20130202405872,145,61,"RPS27A;PSMA7;ERLEC1;PSMC5;ABCF1;PSMB6;EIF2S3X;PSMD9;PSMD7;PSMB1;EIF2S2;PSMD13;PSMB5;PSME1;PSMD10;PSMD4"
"RA_Axon_guidance%R-MMU-422475",0.17910447761194,0.405543550121863,0.343804234205393,1.17023404933893,23,109,"PIP5K1C;ARHGEF11;NUMB;KALRN;SPTBN1;AP2A1;TLN1;NCSTN;SH3KBP1;PLXNB3;DAG1;SHC1;PIK3R2;VAV3;PIK3CB;MSN;PRKACA;SDCBP;CREB1;LIMK1;ITGB1;AP2M1;RAC1;DNM2;PRKACB;GPC1;ARHGEF28;PLCG1;MAPK1;USP33;AP2B1;SEMA4D"
"RA_Nervous_system_development%R-MMU-9675108",0.17910447761194,0.405543550121863,0.343804234205393,1.17023404933893,23,109,"PIP5K1C;ARHGEF11;NUMB;KALRN;SPTBN1;AP2A1;TLN1;NCSTN;SH3KBP1;PLXNB3;DAG1;SHC1;PIK3R2;VAV3;PIK3CB;MSN;PRKACA;SDCBP;CREB1;LIMK1;ITGB1;AP2M1;RAC1;DNM2;PRKACB;GPC1;ARHGEF28;PLCG1;MAPK1;USP33;AP2B1;SEMA4D"
"RA_Cross-presentation_of_soluble_exogenous_antigens_(endosomes)%R-MMU-1236978",0.181818181818182,0.407823252444766,-0.535264893886303,-1.24224363985095,129,29,"PSMA7;PSMC5;PSMB6;PSMD9;PSMD7;PSMB1;PSMD13;PSMB5;PSME1;PSMD10;PSMD4"
"RA_FCERI_mediated_NF-kB_activation%R-MMU-2871837",0.181242078580482,0.407823252444766,-0.485970364949586,-1.22752657842371,142,47,"RPS27A;TAB2;PSMA7;PSMC5;NFKBIA;PSMB6;PSMD9;PSMD7;PSMB1;PSMD13;PSMB5;PSME1;PSMD10;PSMD4"
"WP_Signaling_of_Hepatocyte_Growth_Factor_Receptor%WP193",0.204861111111111,0.408,0.432037637028223,1.17333758861629,58,28,"RAF1;PXN;HGF;ITGB1;MAP2K1;MAPK1;STAT3;PAK1;PTK2B;CRKL;RASA1;RAP1B;PTEN;CRK"
"WP_Apoptosis_Modulation_by_HSP70%WP166",0.208,0.408,0.518416289518482,1.23255780196948,77,15,"CASP8;CASP2;CASP7;RIPK1;CASP9;TNFRSF1A;CASP3;NFKB1;BID"
"KEGG_Dilated_cardiomyopathy%mmu05414",0.213768115942029,0.408947700063012,0.43798708920038,1.20483037169809,58,31,"GNAS;ITGB5;DAG1;PRKACA;ITGB1;ATP2A3;ITGA5;PRKACB;ADCY3;SGCB;ATP2A2"
"WP_Splicing_factor_NOVA_regulated_synaptic_proteins%WP1983",0.216867469879518,0.409337006079027,0.47913080427784,1.18306504746213,71,19,"STX2;EPB41;CLASP1;AGRN;PLCB4;SNW1;MAPK9;CLSTN1"
"WP_Dysregulated_miRNA_Targeting_in_Insulin/PI3K-AKT_Signaling%WP3855",0.221183800623053,0.409337006079027,0.466561403364878,1.18669466688083,70,21,"RAF1;FASN;MTOR;PRKX;EXOC7;FLOT2"
"WP_Parkinsons_Disease_Pathway%WP3638",0.218649517684887,0.409337006079027,0.441121714394112,1.19232725719905,67,25,"MAPK14;UBE2J1;UBA1;CASP2;CASP7;PINK1;LRRK2;UBA7;SEPT5;EPRS"
"WP_Metapathway_biotransformation%WP1251",0.224734042553192,0.409337006079027,-0.470653761147466,-1.18744825336352,168,46,"COMT;GSTP1;MGST1;NAT9;NAA20;GSTM5;GSS;GSTT2;MGST2;GSTK1;GSTCD;CYP39A1;AKR1B3;GSTM4"
"KEGG_Salmonella_infection%mmu05132",0.217948717948718,0.410989010989011,0.281402077118712,1.06324270082788,16,183,"MYC;RAF1;PIK3CG;ELMO2;DCTN1;AKT1;CYFIP1;PIK3C2G;VPS39;VPS41;EXOC2;MAPK14;CASP8;FLNA;CYFIP2;EXOC4;FLNB;FYCO1;ELMO1;NCKAP1L;PIK3CB;TRAF6;ACTR1B;EXOC7;CASP7;MAP2K3;MAP3K7;RAC1;KPNA1;CSE1L;PIK3C2A;DNM2;IKBKG;PKN1;KPNA3;VPS11;RIPK3;MAP2K1;RIPK1;RAB7B;MAPK1;VPS16;MLKL;MAP2K4;CYTH1;ACTR1A;VPS33A"
"KEGG_Arrhythmogenic_right_ventricular_cardiomyopathy%mmu05412",0.216666666666667,0.410989010989011,0.450761088282697,1.19495320271448,64,25,"CTNNA1;ITGB5;DAG1;JUP;ITGB1;ATP2A3;ITGA5;SGCB;ATP2A2"
"KEGG_Glycerolipid_metabolism%mmu00561",0.21969696969697,0.411347517730496,0.411386613476727,1.19547957410924,57,37,"DGKQ;DGKZ;DGKH;ALDH3A2;TKFC;ALDH9A1;DGKG"
"BP_hepatocyte_apoptotic_process%0097284",0.0662650602409639,0.414356220060967,0.579289505154301,1.43037592196279,21,19,"PIK3CG;ADAR;CASP8;RB1;LIMS1"
"RA_Cell_Cycle_Checkpoints%R-MMU-69620",0.192307692307692,0.415566308537686,0.294494134634471,1.08735108025528,14,187,"PPP2R1B;CLASP2;CDC23;NUP160;ORC3;ANAPC1;CKAP5;NUP107;BUB1B;CDC25C;CCNB1;KNTC1;KIF2C;CLASP1;WRN;CDC6;KIF18A;BUB1;PSME3;PPP2R5C;BLM;CENPO;MCM6;ERCC6L;KAT5;PSMD1;PLK1;NDEL1;ANAPC2;CDC16;RMI1;ZW10;MCM2;XPO1;ANAPC5;AURKB;PSMF1;EXO1;ZWILCH;ATRIP;ORC1;YWHAZ;NUP133;ORC5;MCM4;MCM5;RFC5;PPP2CB;PPP2R5B;CENPI"
"RA_Loss_of_Nlp_from_mitotic_centrosomes%R-MMU-380259",0.201005025125628,0.415566308537686,0.371956731924639,1.16396487712231,39,55,"ODF2;DCTN1;CKAP5;TUBG1;CLASP1;NEDD1;PRKACA;CEP78;PLK1;PRKAR2B;CDK5RAP2;CENPJ;PLK4;ACTR1A;CEP192"
"RA_Recruitment_of_mitotic_centrosome_proteins_and_complexes%R-MMU-380270",0.197916666666667,0.415566308537686,0.362412390141901,1.15437733514114,37,62,"ODF2;DCTN1;CKAP5;TUBGCP4;TUBG1;TUBGCP6;CLASP1;TUBGCP2;NEDD1;PRKACA;CEP78;PLK1;PRKAR2B;CDK5RAP2;CENPJ;PLK4;ACTR1A;CEP192"
"RA_Loss_of_proteins_required_for_interphase_microtubule_organization_from_the_centrosome%R-MMU-380284",0.201005025125628,0.415566308537686,0.371956731924639,1.16396487712231,39,55,"ODF2;DCTN1;CKAP5;TUBG1;CLASP1;NEDD1;PRKACA;CEP78;PLK1;PRKAR2B;CDK5RAP2;CENPJ;PLK4;ACTR1A;CEP192"
"RA_Centrosome_maturation%R-MMU-380287",0.197916666666667,0.415566308537686,0.362412390141901,1.15437733514114,37,62,"ODF2;DCTN1;CKAP5;TUBGCP4;TUBG1;TUBGCP6;CLASP1;TUBGCP2;NEDD1;PRKACA;CEP78;PLK1;PRKAR2B;CDK5RAP2;CENPJ;PLK4;ACTR1A;CEP192"
"RA_p75_NTR_receptor-mediated_signalling%R-MMU-193704",0.188679245283019,0.415566308537686,0.37840866360063,1.17499075920437,39,50,"ARHGEF11;NET1;KALRN;TIAM2;RASGRF2;ABR;ARHGEF6;NCSTN;VAV3;ARHGEF3;TRAF6;ECT2;ARHGEF1;CASP2;PLEKHG2"
"RA_MyD88-independent_TLR4_cascade%R-MMU-166166",0.202247191011236,0.415566308537686,0.356703177697976,1.14038430300015,35,70,"PPP2R1B;CUL1;MAPK14;MAPKAPK3;CASP8;TBK1;RPS6KA1;TRAF6;CREB1;NKIRAS2;MAP2K3;MAP3K7;IKBKG;RIPK3;RIPK1;MAPK1;IKBKE;MAP2K4;PPP2CB"
"RA_Toll_Like_Receptor_9_(TLR9)_Cascade%R-MMU-168138",0.186170212765957,0.415566308537686,0.368088144917778,1.16651559260594,34,61,"PPP2R1B;PIK3R4;CUL1;MAPK14;MAPKAPK3;CASP8;RPS6KA1;TRAF6;CREB1;NKIRAS2;MAP2K3;MAP3K7;IKBKG"
"RA_Interleukin-17_signaling%R-MMU-448424",0.195744680851064,0.415566308537686,0.398292669592721,1.19618064654574,45,40,"PPP2R1B;CUL1;MAPK14;MAPKAPK3;RPS6KA1;TRAF6;CREB1;MAP2K3;MAP3K7;IKBKG;MAPK1;MAP2K4;PPP2CB"
"RA_MAP_kinase_activation%R-MMU-450294",0.195744680851064,0.415566308537686,0.398292669592721,1.19618064654574,45,40,"PPP2R1B;CUL1;MAPK14;MAPKAPK3;RPS6KA1;TRAF6;CREB1;MAP2K3;MAP3K7;IKBKG;MAPK1;MAP2K4;PPP2CB"
"RA_TRIF(TICAM1)-mediated_TLR4_signaling%R-MMU-937061",0.202247191011236,0.415566308537686,0.356703177697976,1.14038430300015,35,70,"PPP2R1B;CUL1;MAPK14;MAPKAPK3;CASP8;TBK1;RPS6KA1;TRAF6;CREB1;NKIRAS2;MAP2K3;MAP3K7;IKBKG;RIPK3;RIPK1;MAPK1;IKBKE;MAP2K4;PPP2CB"
"RA_RNA_polymerase_II_transcribes_snRNA_genes%R-MMU-6807505",0.197560975609756,0.415566308537686,-0.450836568705684,-1.18629674788099,161,67,"POLR2F;POLR2L;POLR2H;GTF2F2;POLR2I;SNAPC5;POLR2G;GTF2A2;POLR2E;POU2F2;SNAPC1;POLR2C;NCBP2;ZC3H8;PHAX;SNAPC2;CDK9"
"RA_Asparagine_N-linked_glycosylation%R-MMU-446203",0.197530864197531,0.415566308537686,0.300803709514137,1.10211322053482,15,176,"COPB1;COPG2;COPG1;COG1;COPA;DCTN1;SPTBN1;TMED7;PPP6R1;PGM3;ARCN1;GBF1;SEC31A;COG2;COG5;SEC24D;TRAPPC9;SEC24C;ARFGAP2;GOSR2;SEC16A;SEC23A;TRAPPC10;GNE;MAN1C1;SEC16B"
"RA_Retrograde_transport_at_the_Trans-Golgi-Network%R-MMU-6811440",0.189922480620155,0.415566308537686,0.401579173838919,1.17102974631502,48,34,"COG1;COG2;COG5;VPS52;COG4;COG6;USP6NL;STX6;VPS53;RAB6A;VPS54"
"RA_Regulation_of_ornithine_decarboxylase_(ODC)%R-MMU-350562",0.187158469945355,0.415566308537686,-0.523234159676874,-1.23717812662589,136,31,"PSMA7;PSMC5;PSMB6;PSMD9;PSMD7;PSMB1;OAZ1;PSMD13;PSMB5;PSME1;PSMD10;PSMD4"
"RA_CLEC7A_(Dectin-1)_signaling%R-MMU-5607764",0.200498132004981,0.415566308537686,-0.458719120709091,-1.18571284017145,160,58,"RPS27A;TAB2;PSMA7;PSMC5;NFKBIA;PSMB6;PSMD9;PSMD7;PSMB1;PYCARD;PSMD13;PSMB5;UBE2M;PSME1;PSMD10;PSMD4;CALM1;CDC34"
"RA_Neurotransmitter_receptors_and_postsynaptic_signal_transmission%R-MMU-112314",0.192982456140351,0.415566308537686,0.442206709836696,1.23089641909467,54,28,"PRKCB;AP2A1;PRKACA;CREB1;GNG12;PRKAR2B;PRKACB;ADCY3;AP2B1;CAMKK1;GNAI3;ADCY7"
"RA_Regulated_Necrosis%R-MMU-5218859",0.190352020860495,0.415566308537686,-0.496479796413546,-1.22735569371055,145,40,"RPS27A;CHMP4B;BAX;HSP90AA1;CHMP2A;STUB1;XIAP;CHMP3;TRADD"
"RA_Programmed_Cell_Death%R-MMU-5357801",0.201176470588235,0.415566308537686,-0.424499468787753,-1.1593942286901,170,88,"RPS27A;CHMP4B;BAX;HSP90AA1;BCAP31;ACIN1;CHMP2A;HMGB2;STUB1;DYNLL1;SATB1;BAD;XIAP;CHMP3;ROCK1;TRADD;APIP;CLSPN;HMGB1;UBE2L3;VIM;AVEN;TNFRSF10B"
"RA_Signaling_by_ERBB4%R-MMU-1236394",0.188449848024316,0.415566308537686,-0.614216706617218,-1.28523817719237,123,15,"RPS27A;PSENEN"
"RA_Regulation_of_TP53_Degradation%R-MMU-6804757",0.197452229299363,0.415566308537686,0.477214446369728,1.24561637321951,61,22,"PPP2R1B;USP7;RFFL;PPP2R5C;MTOR;MAPKAP1;PPP2CB;SGK1;RNF34"
"RA_Regulation_of_TP53_Expression_and_Degradation%R-MMU-6806003",0.197452229299363,0.415566308537686,0.477214446369728,1.24561637321951,61,22,"PPP2R1B;USP7;RFFL;PPP2R5C;MTOR;MAPKAP1;PPP2CB;SGK1;RNF34"
"RA_Antigen_activates_B_Cell_Receptor_(BCR)_leading_to_generation_of_second_messengers%R-MMU-983695",0.198776758409786,0.415566308537686,0.523771007477061,1.27358365282953,64,17,"PLCG2;SH3KBP1;DAPP1;SYK;PTPN6"
"KEGG_Neurotrophin_signaling_pathway%mmu04722",0.225806451612903,0.418478260869565,0.322023727588415,1.09750299661868,34,88,"RAF1;PLCG2;SH2B2;AKT1;MAP3K3;MAPK14;SH2B3;RPS6KA1;SHC1;PIK3R2;PIK3CB;TRAF6;ZFP110;KIDINS220;RAC1;PSEN1;MAP2K1;PLCG1;MAPK1;SOS2;SORT1"
"KEGG_Estrogen_signaling_pathway%mmu04915",0.228260869565217,0.418478260869565,0.34359925700337,1.11249707778422,41,67,"NCOA2;RAF1;AKT1;GNAS;SHC1;PIK3R2;PIK3CB;PRKACA;CREB1;PRKACB;ADCY3;MAP2K1;MAPK1;SOS2;MMP9;PLCB4;NCOA1;FKBP5;GNAI3"
"KEGG_Influenza_A%mmu05164",0.226950354609929,0.418478260869565,0.314353764088781,1.1057614795636,31,102,"RAF1;PRKCB;AKT1;ADAR;TYK2;JAK1;CASP8;JAK2;TBK1;PIK3R2;PIK3CB;STAT1;NXT2;PML;NLRX1;KPNA1;XPO1;STAT2;IKBKG;MAP2K1;EIF2S1;IFIH1;MAPK1"
"KEGG_ECM-receptor_interaction%mmu04512",0.23,0.418758620689655,0.447916255821228,1.18741164300716,68,25,"AGRN;ITGB5;DAG1;COL6A4;ITGB1;ITGA5;HMMR"
"RA_Regulation_of_insulin_secretion%R-MMU-422356",0.204892966360856,0.419471782040589,0.491500408925519,1.24726723306881,66,19,"ABCC8;PRKACA;GNG12;PRKACB;GNA15;ITPR1;PLCB1;PLCB2"
"RA_Synthesis_of_IP3_and_IP4_in_the_cytosol%R-MMU-1855204",0.206395348837209,0.419496683737721,0.532019263713908,1.26087234347057,70,15,"PLCG2;INPP5J;PLCG1;PLCB4;INPPL1;PLCB1;INPP5D;PTEN;PLCB2"
"RA_VEGFR2_mediated_vascular_permeability%R-MMU-5218920",0.206395348837209,0.419496683737721,0.531340724721881,1.25926422303704,70,15,"AKT1;CTNNA1;JUP;MTOR;RAC1;MAPKAP1"
"KEGG_Adipocytokine_signaling_pathway%mmu04920",0.233201581027668,0.421679571173318,0.389047214993681,1.15999113467564,58,40,"AKT1;ACSL5;JAK2;MTOR;IKBKG;PRKAA1;ADIPOR1;RXRA;ACSL1;IRS2;PRKAG1;STAT3;NFKBIE;MAPK9;PRKAB1"
"RA_MAPK_family_signaling_cascades%R-MMU-5683057",0.20952380952381,0.422802526028332,0.326521327370929,1.12810730846276,21,129,"PPP2R1B;VCL;JAK3;ARRB1;KALRN;SPTBN1;FNTB;TLN1;JAK2;RASAL3;RASGRF2;IQGAP1;PIK3R2;PSME3;PPP2R5C;PIK3CB;PRKACA;RASA3;HGF;CUL3;PSMD1;RAC1;XPO1;SHOC2;PSMF1;SPRED2;PRKACB;MAP3K11"
"RA_Interconversion_of_nucleotide_di-_and_triphosphates%R-MMU-499943",0.208888888888889,0.422802526028332,-0.571846951438575,-1.22896102240344,140,17,"NME1;NME3;CMPK1;GUK1;AK6;DTYMK"
"KEGG_Insulin_secretion%mmu04911",0.235507246376812,0.422951789411417,0.430204893284318,1.18342283200258,64,31,"PRKCB;GNAS;ABCC8;PRKACA;CREB1;PRKACB;ADCY3;ATP1A3;PLCB4;ATF6B;ADCY7"
"RA_Translesion_Synthesis_by_POLH%R-MMU-110320",0.211246200607903,0.423244167054268,-0.59143459537903,-1.23756699077736,138,15,"RPS27A;RPA3;PCNA;RCHY1;SPRTN"
"RA_FLT3_Signaling%R-MMU-9607240",0.211246200607903,0.423244167054268,-0.592720715725505,-1.24025817607393,138,15,"RPS27A;FOXO3;CDKN1B;CBL;FLT3"
"RA_SUMOylation_of_DNA_replication_proteins%R-MMU-4615885",0.212244897959184,0.423737154436243,0.391304661797197,1.17310486197446,51,39,"NUP160;NUP188;NUP107;POM121;NUP214;TOP2B;AURKB;TOP2A;NUP133;NUP93;PIAS3;NUP98;NUP155;NUP88"
"KEGG_RIG-I-like_receptor_signaling_pathway%mmu04622",0.238297872340426,0.425071880391029,0.388756426850574,1.15925567061028,55,42,"ADAR;MAPK14;CASP8;TBK1;TRAF6;TKFC;NLRX1;MAP3K7;IKBKG;IFIH1;RIPK1;IKBKE;OTUD5;MAVS;IRF7;DHX58;MAPK9"
"RA_RUNX1_regulates_genes_involved_in_megakaryocyte_differentiation_and_platelet_function%R-MMU-8936459",0.223053892215569,0.427208672086721,-0.576648892246194,-1.22055331404063,148,16,"HIST1H2AC;SETD1A;SETD1B;HIST1H2AB;EP300;KMT2B;SIN3B;KAT2B"
"RA_Chromatin_modifying_enzymes%R-MMU-3247509",0.226890756302521,0.427208672086721,0.325003133993147,1.09889734407806,26,117,"KDM2B;NCOA2;CARM1;KANSL3;PHF8;KDM4A;PADI4;KDM3A;RIOX2;KAT7;RBBP5;SMARCC2;KDM4B;ACTL6A;NSD3;GATAD2A"
"RA_Chromatin_organization%R-MMU-4839726",0.226890756302521,0.427208672086721,0.325003133993147,1.09889734407806,26,117,"KDM2B;NCOA2;CARM1;KANSL3;PHF8;KDM4A;PADI4;KDM3A;RIOX2;KAT7;RBBP5;SMARCC2;KDM4B;ACTL6A;NSD3;GATAD2A"
"RA_Separation_of_Sister_Chromatids%R-MMU-2467813",0.219047619047619,0.427208672086721,0.31842780435329,1.10595125291101,22,133,"PPP2R1B;CLASP2;CDC23;NUP160;ANAPC1;CKAP5;NUP107;BUB1B;ESPL1;STAG1;KNTC1;KIF2C;CLASP1;KIF18A;BUB1;PSME3;PPP2R5C;CENPO;ERCC6L;PSMD1;PLK1;NDEL1;ANAPC2;CDC16;ZW10;XPO1;ANAPC5;AURKB;PSMF1;ZWILCH"
"RA_Glycerophospholipid_biosynthesis%R-MMU-1483206",0.21875,0.427208672086721,0.360410430612482,1.14800057548972,41,62,"OSBPL8;PCYT1A;GNPAT;PITPNB;PITPNM1;PLA2G4A;CDIPT;PNPLA8;OSBPL5;CHPT1;ABHD4;CPNE3;HADHA;PLA2R1;SLC44A2;AGPAT2;HADHB;DGAT2;PLA2G6;PNPLA2;LPCAT2;MBOAT1;AGK;LPCAT3;STARD7;GPAM"
"RA_Anchoring_of_the_basal_body_to_the_plasma_membrane%R-MMU-5620912",0.225433526011561,0.427208672086721,0.348327639513006,1.1324488183771,38,75,"ODF2;DCTN1;CKAP5;TUBG1;KIF24;CLASP1;NEDD1;PRKACA;CEP78;PLK1;PRKAR2B;C2CD3;CDK5RAP2;CENPJ;PLK4;ACTR1A;CEP192"
"RA_MyD88:MAL(TIRAP)_cascade_initiated_on_plasma_membrane%R-MMU-166058",0.226130653266332,0.427208672086721,0.356410462845503,1.11531590904267,44,55,"PPP2R1B;CUL1;MAPK14;MAPKAPK3;CASP8;RPS6KA1;TRAF6;CREB1;NKIRAS2;MAP2K3;MAP3K7;IKBKG"
"RA_Toll_Like_Receptor_10_(TLR10)_Cascade%R-MMU-168142",0.226130653266332,0.427208672086721,0.356410462845503,1.11531590904267,44,55,"PPP2R1B;CUL1;MAPK14;MAPKAPK3;CASP8;RPS6KA1;TRAF6;CREB1;NKIRAS2;MAP2K3;MAP3K7;IKBKG"
"RA_Toll_Like_Receptor_5_(TLR5)_Cascade%R-MMU-168176",0.226130653266332,0.427208672086721,0.356410462845503,1.11531590904267,44,55,"PPP2R1B;CUL1;MAPK14;MAPKAPK3;CASP8;RPS6KA1;TRAF6;CREB1;NKIRAS2;MAP2K3;MAP3K7;IKBKG"
"RA_Toll_Like_Receptor_TLR1:TLR2_Cascade%R-MMU-168179",0.226130653266332,0.427208672086721,0.356410462845503,1.11531590904267,44,55,"PPP2R1B;CUL1;MAPK14;MAPKAPK3;CASP8;RPS6KA1;TRAF6;CREB1;NKIRAS2;MAP2K3;MAP3K7;IKBKG"
"RA_Toll_Like_Receptor_TLR6:TLR2_Cascade%R-MMU-168188",0.226130653266332,0.427208672086721,0.356410462845503,1.11531590904267,44,55,"PPP2R1B;CUL1;MAPK14;MAPKAPK3;CASP8;RPS6KA1;TRAF6;CREB1;NKIRAS2;MAP2K3;MAP3K7;IKBKG"
"RA_Toll_Like_Receptor_2_(TLR2)_Cascade%R-MMU-181438",0.226130653266332,0.427208672086721,0.356410462845503,1.11531590904267,44,55,"PPP2R1B;CUL1;MAPK14;MAPKAPK3;CASP8;RPS6KA1;TRAF6;CREB1;NKIRAS2;MAP2K3;MAP3K7;IKBKG"
"RA_MyD88_cascade_initiated_on_plasma_membrane%R-MMU-975871",0.226130653266332,0.427208672086721,0.356410462845503,1.11531590904267,44,55,"PPP2R1B;CUL1;MAPK14;MAPKAPK3;CASP8;RPS6KA1;TRAF6;CREB1;NKIRAS2;MAP2K3;MAP3K7;IKBKG"
"RA_RAF/MAP_kinase_cascade%R-MMU-5673001",0.227642276422764,0.427208672086721,0.328177221739694,1.10794096350755,27,113,"PPP2R1B;VCL;JAK3;ARRB1;SPTBN1;FNTB;TLN1;JAK2;RASAL3;RASGRF2;IQGAP1;PIK3R2;PSME3;PPP2R5C;PIK3CB;RASA3;HGF;CUL3;PSMD1"
"RA_APC/C:Cdc20_mediated_degradation_of_Securin%R-MMU-174154",0.217669654289373,0.427208672086721,-0.473202616296309,-1.18698880469386,169,45,"RPS27A;UBE2S;PSMA7;UBE2C;PSMC5;PSMB6;PSMD9;PSMD7;PSMB1;PSMD13;PSMB5;PSME1;ANAPC11;PSMD10;PTTG1;PSMD4"
"RA_Degradation_of_GLI1_by_the_proteasome%R-MMU-5610780",0.220430107526882,0.427208672086721,-0.501297080092686,-1.20599798266485,163,34,"RPS27A;RBX1;PSMA7;PSMC5;PSMB6;PSMD9;PSMD7;PSMB1;PSMD13;PSMB5;PSME1;PSMD10;PSMD4"
"RA_Signaling_by_Retinoic_Acid%R-MMU-5362517",0.220059880239521,0.427208672086721,-0.578817998003345,-1.22514451200527,146,16,"FABP5;PDHB;DHRS4"
"RA_Dual_Incision_in_GG-NER%R-MMU-5696400",0.223418573351279,0.427208672086721,-0.502832046110053,-1.20338191822507,165,33,"RPS27A;RPA3;XPA;GTF2H5;RBX1;POLE4;POLE3"
"RA_Telomere_Extension_By_Telomerase%R-MMU-171319",0.232522796352584,0.428100303302149,-0.580776722442765,-1.2152655700609,152,15,"NHP2;GAR1;TERF1;TERF2"
"RA_Toll_Like_Receptor_3_(TLR3)_Cascade%R-MMU-168164",0.231527093596059,0.428100303302149,0.357253830991321,1.1141357868443,46,54,"PPP2R1B;CUL1;MAPK14;MAPKAPK3;CASP8;RPS6KA1;TRAF6;CREB1;NKIRAS2;MAP2K3;MAP3K7;IKBKG"
"RA_Transcriptional_regulation_by_RUNX3%R-MMU-8878159",0.230065359477124,0.428100303302149,-0.476155110870031,-1.18234412298199,175,42,"RPS27A;PSMA7;PSMC5;PSMB6;PSMD9;PSMD7;PSMB1;PSMD13;PSMB5;PSME1;PSMD10;PSMD4"
"RA_Cell_surface_interactions_at_the_vascular_wall%R-MMU-202733",0.229074889867841,0.428100303302149,0.375063701510137,1.15038234043328,51,44,"CEACAM1;OLR1;SHC1;PIK3R2;PIK3CB;ITGB1;ITGB2;GPC1;PLCG1;PECAM1;CD177"
"RA_Homologous_DNA_Pairing_and_Strand_Exchange%R-MMU-5693579",0.232558139534884,0.428100303302149,0.512402898837557,1.21438204953017,79,15,"WRN;BLM;KAT5;RMI1;EXO1;PALB2;TOP3A"
"RA_Autodegradation_of_Cdh1_by_Cdh1:APC/C%R-MMU-174084",0.232679738562092,0.428100303302149,-0.47570867302126,-1.18123557000268,177,42,"RPS27A;UBE2S;PSMA7;UBE2C;PSMC5;PSMB6;PSMD9;PSMD7;PSMB1;PSMD13;PSMB5;PSME1;ANAPC11;PSMD10;PSMD4"
"KEGG_Viral_life_cycle%mmu03250",0.242424242424242,0.429530201342282,-0.45777355715291,-1.15963782101941,191,49,"CXCR4;CHMP4B;BST2;RAN;PPIA;SUPT4A"
"BP_positive_regulation_of_cysteine-type_endopeptidase_activity%2001056",0.0694275274056029,0.429635761589404,-0.500227297768512,-1.33394756460519,56,71,"RPS27L;PDCD5;ANP32B;FAM162A;RACK1;TFAP4;BAX;S100A9;CDKN2A;BAK1;PDCD2;RPS3;RNF7;BAD;PYCARD;S100A8"
"BP_regulation_of_cytokine_production%0001817",0.0695364238410596,0.429635761589404,0.522789170891306,1.40562924122379,20,26,"CASP8;IQGAP1;MYNN;ICOSL;MAP2K3;ZBTB25;ZBTB24;ZFP958;PATZ1;UBASH3A"
"RA_TRAF6_mediated_induction_of_NFkB_and_MAP_kinases_upon_TLR7/8_or_9_activation%R-MMU-975138",0.236180904522613,0.430323136719195,0.349528472647826,1.10757920045159,46,58,"PPP2R1B;CUL1;MAPK14;MAPKAPK3;CASP8;RPS6KA1;TRAF6;CREB1;NKIRAS2;MAP2K3;MAP3K7;IKBKG"
"RA_MyD88_dependent_cascade_initiated_on_endosome%R-MMU-975155",0.236180904522613,0.430323136719195,0.349528472647826,1.10757920045159,46,58,"PPP2R1B;CUL1;MAPK14;MAPKAPK3;CASP8;RPS6KA1;TRAF6;CREB1;NKIRAS2;MAP2K3;MAP3K7;IKBKG"
"RA_Signaling_by_FGFR3%R-MMU-5654741",0.235562310030395,0.430323136719195,-0.579946177767682,-1.21352766923082,154,15,"RPS27A;SPRY2;CBL"
"KEGG_Renal_cell_carcinoma%mmu05211",0.244791666666667,0.430833333333333,0.362619964774666,1.11911133722798,46,56,"ARNT;RAF1;AKT1;PIK3R2;PIK3CB;HGF;CUL2;VEGFA;RAC1;ARAF;MAP2K1;MAPK1;SOS2"
"WP_Notch_Signaling_Pathway%WP29",0.243055555555556,0.434941520467836,0.423339846733364,1.14971593296365,69,28,"NUMB;DVL3;KAT2A;DTX4;NCSTN;PSEN1;ADAM17;DVL2;CTBP2;DVL1;CTBP1;NCOR2;SNW1"
"RA_Gene_Silencing_by_RNA%R-MMU-211000",0.240816326530612,0.435947240632587,0.383190709715502,1.13741802059495,58,38,"NUP160;NUP188;NUP107;POM121;NUP214"
"RA_Interleukin-3,_Interleukin-5_and_GM-CSF_signaling%R-MMU-512988",0.240740740740741,0.435947240632587,0.404677964097387,1.16012121712114,64,31,"JAK3;JAK2;SHC1;PIK3R2;PIK3CB;PRKACA;HCK;SYK;YWHAZ;STAT5B;TEC;PTPN6;INPPL1;CRKL;STAT5A"
"RA_MAPK1/MAPK3_signaling%R-MMU-5684996",0.241666666666667,0.436084401709402,0.327024249124859,1.11000202750414,28,114,"PPP2R1B;VCL;JAK3;ARRB1;SPTBN1;FNTB;TLN1;JAK2;RASAL3;RASGRF2;IQGAP1;PIK3R2;PSME3;PPP2R5C;PIK3CB;RASA3;HGF;CUL3;PSMD1"
"WP_Oxidative_Stress%WP412",0.248164464023495,0.436427160868905,-0.535084140359115,-1.18865975606967,168,21,"SOD1;CYBA;FOS;MGST1;SOD2"
"BP_bicellular_tight_junction_assembly%0070830",0.072,0.441389085754784,0.604403158055393,1.43699540901407,26,15,"ACTN4;TBCD;MPP7;ECT2;ITGB1;PECAM1"
"BP_regulation_of_protein_catabolic_process%0042176",0.072289156626506,0.441389085754784,0.56491340931096,1.39487860816169,23,19,"SAMD9L;PSMD1;XPO1;FAF1;FURIN;UBXN2A;CHEK2;PSMD2;SERPINB1A;CHMP6"
"RA_HATs_acetylate_histones%R-MMU-3214847",0.245733788395904,0.441436121812867,0.429417908573587,1.17656267315904,71,26,"NCOA2;KANSL3;KAT7;MCRS1;NCOA1;KANSL1;RBBP7"
"RA_Mitochondrial_calcium_ion_transport%R-MMU-8949215",0.246200607902736,0.441436121812867,-0.574522598715634,-1.20217892084996,161,15,"SMDT1;PARL;MAIP1"
"WP_Novel_Jun-Dmp1_Pathway%WP3654",0.255384615384615,0.441512385919166,0.437688063197146,1.14982066639808,82,23,"MYC;RAF1;RB1;ARAF;MAP2K1;MAPK1"
"BP_cell_population_proliferation%0008283",0.0731707317073171,0.441576857629041,0.354669875137937,1.28214610188945,8,142,"MYC;CARM1;TSC2;NAA60;CUL1;ILK;TYK2;FNTB;DDX41;HIPK2;BOP1;ASPH;STAT1;TXNRD1;ITGB1;VEGFA;TACC1;RB1;APPL2;CSF1R;MEN1;FBXW8;CEP120;POC1B;STAT5B;KIT;SMAD4;MCM10;HSF1;IL18RAP;IRS2;BAP1;ASCC3;MCM7;STAT3;USPL1;CUL4A;FOXM1;TRP53;STAT5A;MTA3;TBCK;CALCRL;NELFB"
"BP_B_cell_receptor_signaling_pathway%0050853",0.0729166666666667,0.441576857629041,0.518413233799985,1.40791838840168,20,28,"PRKCB;PLCG2;SH2B2;PLEKHA1;NFAM1;VAV3;NCKAP1L;SYK;MAPK1;TEC;KLHL6;PTPN6;ABL1;NFATC2"
"KEGG_Fluid_shear_stress_and_atherosclerosis%mmu05418",0.253571428571429,0.443330179754021,-0.412878764895216,-1.12436279757372,212,83,"TXN1;ACTB;CYBA;HSP90AA1;GSTP1;FOS;HSP90AB1;CTSL;CALM3;MGST1;SUMO2;CALML4;BMPR2;SUMO1;GSTM5;GSTT2;ACTG1;HSP90B1;MGST2;CALM1"
"BP_positive_regulation_of_smooth_muscle_cell_proliferation%0048661",0.0756972111553785,0.443919238301033,0.455925537661633,1.37128685610408,18,44,"MYC;ZFP143;AKT1;TGFBR2;PDE4D;ABCC4;SHC1;TRAF6;STAT1;MTOR;SKP2;TGM2;VEGFA"
"BP_platelet_dense_granule_organization%0060155",0.075,0.443919238301033,0.569769131089094,1.37886726782762,26,17,"AP1M1;AP3B1;AP3M1;AP1B1;HPS1;HPS5"
"BP_actin_filament_organization%0007015",0.0756756756756757,0.443919238301033,0.421798167821843,1.34894937851676,13,67,"MYO7A;ELMO2;MYO1F;RHOBTB2;MYO1C;SH3KBP1;CORO7;ELMO1;TMOD3;RAC1;CAP1;MYO1G"
"BP_B_cell_proliferation%0042100",0.075,0.443919238301033,0.572423906744365,1.38529194592045,26,17,"TSC2;PCYT1A;SASH3;ABL1;MEF2C;TLR4;PTEN"
"BP_centrosome_duplication%0051298",0.0746666666666667,0.443919238301033,0.602335200396726,1.43207874764006,27,15,"CKAP5;STIL;SASS6;BRCA1;CENPJ;USP33"
"RA_RND2_GTPase_cycle%R-MMU-9696270",0.249146757679181,0.445300395471044,0.427405129335989,1.17104785676926,72,26,"ARHGAP1;NISCH;WDR6;PIK3R2;KIDINS220;DEPDC1B;UHRF1BP1L;GOLGA3"
"RA_Immunoregulatory_interactions_between_a_Lymphoid_and_a_non-Lymphoid_cell%R-MMU-198933",0.251344086021505,0.447806077310467,-0.485864734091781,-1.16979319513838,186,35,"IFITM3;CD300C2;H2-K1;H2-T22;H2-Q6;H2-T23;FCGR4;H2-Q4;CD300LG;CD300A;H2-Q7;H2-M3"
"WP_Exercise-induced_Circadian_Regulation%WP544",0.263661202185792,0.448224043715847,-0.489320238927066,-1.16939388190107,192,31,"TAB2;G0S2;CEBPB;PURA;SUMO1;PSMA4;PIGF;DNAJA1"
"RA_Transport_of_Mature_Transcript_to_Cytoplasm%R-MMU-72202",0.253929866989117,0.450985852097391,-0.431207452224702,-1.14388812169442,209,72,"RBM8A;MAGOHB;UPF3B;MAGOH;SRSF9;SARNP;ALYREF;SRSF7;CHTOP;SRSF11;NXT1;U2AF1;SRSF3;SRSF5;NCBP2"
"BP_positive_regulation_of_cytokine_production%0001819",0.0774550484094053,0.451676068814397,-0.581480491700107,-1.39111180675671,55,32,"SOD1;S100A13;TMF1;CD300C2"
"RA_Downstream_TCR_signaling%R-MMU-202424",0.255696202531646,0.452694849136215,-0.45496574031767,-1.15316670523924,201,50,"RPS27A;TAB2;PSMA7;PSMC5;NFKBIA;PSMB6;PSMD9;PSMD7;PSMB1;PSMD13;PSMB5;PSME1;PSMD10;PSMD4"
"BP_endocytic_recycling%0032456",0.0785123966942149,0.452754820936639,0.431861256887261,1.32732972453797,18,50,"VPS35;VPS39;VPS26A;VPS52;DENND1C;ACAP2;SNX4;GGA3;LMTK2;EPG5;STX6;DENND1A;VPS53;CMTM6;EHD4;CCDC93;RAB11FIP4;RAB11B;VPS51;VPS26C;SNX7"
"BP_glutathione_metabolic_process%0006749",0.0784313725490196,0.452754820936639,-0.594334061654724,-1.38607222894088,55,28,"SOD1;HMGN5;GLO1;GSTP1;MGST1;SOD2;GSTM5;ETHE1;GSTT2;GSTK1"
"BP_epidermal_growth_factor_receptor_signaling_pathway%0007173",0.0798611111111111,0.455471611721612,0.505504162171751,1.38830067348899,22,29,"AKT1;IQGAP1;SHC1;KIF16B;ERBB3;CSF1R;PLCG1;NRG2;KIT;PDGFRB;SPG21;ABL2;ABL1;EPHA7;PTK2B"
"BP_positive_regulation_of_superoxide_anion_generation%0032930",0.0794912559618442,0.455471611721612,-0.68062431771988,-1.40827136942097,49,16,"SOD1;CYBA;FPR2;TYROBP;GSTP1"
"KEGG_Ribosome_biogenesis_in_eukaryotes%mmu03008",0.263736263736264,0.458068247541932,-0.428615336894416,-1.13096670918585,215,65,"FCF1;FBL;NHP2;EMG1;REXO2;GAR1;POP5;RAN;CSNK2B;CSNK2A2;NXT1;RPP38;AK6;CSNK2A1;MPHOSPH10"
"BP_platelet_aggregation%0070527",0.0809248554913295,0.459016393442623,0.554998395045715,1.35600557266502,27,18,"PIP5K1C;FERMT3;GNAS;ENTPD1;PTPN6;PLEK;UBASH3A"
"WP_Tryptophan_metabolism%WP79",0.274566473988439,0.459111153226571,0.466918689340404,1.14080392011743,94,18,"UBR5;CAT;ALDH3A2;ALDH9A1;OGDH;WARS"
"BP_positive_regulation_of_phosphatidylinositol_3-kinase/protein_kinase_B_signal_transduction%0051897",0.0818713450292398,0.45936462778568,0.411123525260939,1.3223064966122,13,73,"SPECC1L;OSBPL8;PIK3CG;PIK3AP1;ILK;XBP1;CAT;JAK2;CASS4;NEDD4;VAV3;HPSE;HGF;MTOR;ITGB1;VEGFA;RAC1;FER;CSF1R"
"BP_regulation_of_cytokinesis%0032465",0.0814814814814815,0.45936462778568,0.497648030506342,1.38980091324668,21,31,"KIF20A;PIK3R4;PRC1;BECN1;PLK1;GIT1;AURKB;ZFYVE26;ATXN10"
"RA_Toll_Like_Receptor_7/8_(TLR7/8)_Cascade%R-MMU-168181",0.260416666666667,0.45960684430512,0.347919380264734,1.09975304669219,49,59,"PPP2R1B;CUL1;MAPK14;MAPKAPK3;CASP8;RPS6KA1;TRAF6;CREB1;NKIRAS2;MAP2K3;MAP3K7;IKBKG"
"KEGG_Glycosylphosphatidylinositol_(GPI)-anchor_biosynthesis%mmu00563",0.26865671641791,0.463564530289728,0.459570834733146,1.13378284664773,89,18,"PIGN;PIGG;PIGU"
"KEGG_Adherens_junction%mmu04520",0.272727272727273,0.464516129032258,0.376851298237348,1.12362753979212,68,40,"VCL;ACTN4;CTNNA1;TGFBR2;IQGAP1;MAP3K7;RAC1;FER;MAPK1;SMAD4;ACTN1;PTPN6;SSX2IP"
"KEGG_Glioma%mmu05214",0.271356783919598,0.464516129032258,0.362421423562163,1.09916043704134,53,52,"RAF1;PRKCB;PLCG2;AKT1;SHC1;PIK3R2;PIK3CB;MTOR;RB1;DDB2;ARAF;MAP2K1;PLCG1;MAPK1;SOS2;PDGFRB"
"RA_MET_promotes_cell_motility%R-MMU-8875878",0.26453488372093,0.465416061046512,0.494915611949332,1.17293761715045,90,15,"HGF;ITGB1;RAC1;CRKL;TNS3;RAP1B;COL1A1;CRK;FN1;COL1A2"
"KEGG_Pyrimidine_metabolism%mmu00240",0.275067750677507,0.465499270377319,-0.476939490263512,-1.14963563435502,202,37,"NME1;NT5C;HDDC2;DUT;DCTPP1;NME3;CMPK1"
"RA_Activation_of_NF-kappaB_in_B_cells%R-MMU-1169091",0.26552179656539,0.465697107371696,-0.469515041158938,-1.1549952391814,200,39,"RPS27A;PSMA7;PSMC5;NFKBIA;PSMB6;PSMD9;PSMD7;PSMB1;PSMD13;PSMB5;PSME1;PSMD10;PSMD4"
"RA_Regulation_of_HSF1-mediated_heat_shock_response%R-MMU-3371453",0.267605633802817,0.467894322456478,0.356783424726458,1.09901402322152,56,48,"NUP160;NUP188;NUP107;POM121;NUP214"
"KEGG_Base_excision_repair%mmu03410",0.27906976744186,0.469263812768479,0.40773941752018,1.12445571060178,83,28,"POLE;POLD1;LIG3"
"RA_Phase_II_-_Conjugation_of_compounds%R-MMU-156580",0.270805812417437,0.469399503722084,-0.473224282686959,-1.15705081787689,204,38,"COMT;GGCT;TRMT112;GSTP1;MGST1;GSTM5;ABHD10;GSS;MGST2;SLC26A2;GSTK1;IMPAD1;N6AMT1;ESD;GSTM2;GSTM4"
"RA_Downstream_signaling_events_of_B_Cell_Receptor_(BCR)%R-MMU-1168372",0.270967741935484,0.469399503722084,-0.457793215452683,-1.14487164996415,209,44,"RPS27A;PSMA7;PSMC5;NFKBIA;PSMB6;PSMD9;PSMD7;PSMB1;PSMD13;PSMB5;FKBP1A;PSME1;PSMD10;PSMD4"
"RA_Signaling_by_FGFR1%R-MMU-5654736",0.269461077844311,0.469399503722084,-0.554512209896902,-1.17369811087177,179,16,"RPS27A;SPRY2;CBL"
"RA_Protein_ubiquitination%R-MMU-8852135",0.275125628140704,0.475140271911706,-0.442306071306318,-1.12588558894405,218,52,"RPS27A;UCHL3;UBE2S;UBE2C;UBE2V2;UBE2R2;UBE2A;UBE2B;PCNA;UBE2T;RNF20;PEX10;CDC34;OTULIN;UBE2L3"
"BP_angiogenesis%0001525",0.0854700854700855,0.476978218913703,0.385410912546246,1.30573704043678,9,110,"PIK3CG;KCTD10;BCAS3;FMNL3;XBP1;UBP1;MAPK14;CASP8;BECN1;FLNA;MYH9;CLIC4;MED1;ADAM15;SHC1;PDE3B;VAV3;SLC31A1;PRKX;VEGFA;MAP3K7;MMP19;ITGA5;PKNOX1;SYK;NINJ1;YWHAZ;PECAM1"
"RA_Hedgehog_'on'_state%R-MMU-5632684",0.278709677419355,0.479857946137911,-0.456392796594151,-1.14136941403079,215,44,"RPS27A;RBX1;PSMA7;PSMC5;PSMB6;PSMD9;PSMD7;PSMB1;PSMD13;PSMB5;PSME1;PSMD10;PTCH1;PSMD4"
"BP_adaptive_immune_response%0002250",0.0875576036866359,0.486014933832771,0.417451208639066,1.28642755560174,18,55,"JAK3;MFSD6;PRKCB;BTLA;FBXO38;JAK2;NEDD4;SYK;DCLRE1C;ADGRE1;TNFRSF21;IL18RAP;TNFRSF14;TEC"
"WP_Fatty_Acid_Biosynthesis%WP336",0.297222222222222,0.488978494623656,0.466582038906513,1.12914980138484,106,17,"ACLY;FASN;ACSL5;ECHDC1;PCX;ACSL1;ACSS2"
"RA_Muscle_contraction%R-MMU-397014",0.286274509803922,0.491379722620756,0.369365458565476,1.10032031954359,72,37,"VCL;AHCYL1;TLN1;PXN;ITGB5;TMOD3;ASPH;PRKACA;ATP2A3;ATP1A3;ATP2A2"
"RA_Integration_of_energy_metabolism%R-MMU-163685",0.28719723183391,0.491465171800886,0.40770623928667,1.12429734085836,82,27,"ABCC8;PRKACA;GNG12;PRKAR2B;PRKACB;GNA15;ADIPOR1"
"RA_Inhibition_of_the_proteolytic_activity_of_APC/C_required_for_the_onset_of_anaphase_by_mitotic_spindle_checkpoint_components%R-MMU-141405",0.289230769230769,0.491954450383453,0.445823875245329,1.10914282263411,93,18,"CDC23;ANAPC1;BUB1B;ANAPC2;CDC16;ANAPC5"
"RA_Inactivation_of_APC/C_via_direct_inhibition_of_the_APC/C_complex%R-MMU-141430",0.289230769230769,0.491954450383453,0.445823875245329,1.10914282263411,93,18,"CDC23;ANAPC1;BUB1B;ANAPC2;CDC16;ANAPC5"
"RA_Termination_of_translesion_DNA_synthesis%R-MMU-5656169",0.293370944992948,0.495999525618708,-0.494452685109922,-1.13022082971435,207,26,"RPS27A;PCLAF;RPA3;POLE4;ISG15;POLE3"
"RA_MAPK6/MAPK4_signaling%R-MMU-5687128",0.292903225806452,0.495999525618708,-0.452678922132801,-1.13208157524506,226,44,"RPS27A;FOXO3;PSMA7;PSMC5;PSMB6;PSMD9;PSMD7;PSMB1;PSMD13;PSMB5;PSME1;PSMD10;PSMD4"
"BP_negative_regulation_of_T_cell_proliferation%0042130",0.0900621118012422,0.4964577167967,0.520981012849833,1.35949386786798,28,22,"TSC2;CEACAM1;BTLA;RIPOR2"
"BP_cell-cell_adhesion%0098609",0.0903954802259887,0.4964577167967,0.403370801887512,1.29397026611867,15,70,"PKD1;LRP5;CTNNA1;TLN1;MYH9;CYFIP2;ITGB5;SHC1;JUP;ITGB2L;ITGB1;ITGB2;EFR3A;VEGFA;PSEN1;TJP3;ITGA5;VMP1;LIMS1;FNDC3A;PECAM1"
"WP_G13_Signaling_Pathway%WP298",0.311111111111111,0.497560975609756,0.396521238441096,1.10738020754634,83,31,"IQGAP1;PIK3R2;PIK3CB;MAP3K4;LIMK1;ARHGEF1;RAC1;PKN1"
"WP_TNF-alpha_NF-kB_Signaling_Pathway%WP246",0.312430011198208,0.497560975609756,-0.381015447810616,-1.09384141700802,278,153,"RPL30;RPS13;POLR2H;PFDN2;RPL8;RACK1;FBL;TAB2;HSP90AA1;RPL6;POLR1C;PDCD2;HSP90AB1;PEBP1;NKIRAS1;NFKBIA;CD3EAP;RPS11;PSMD7;POLR1D;CSNK2B;COMMD1;SUMO1;CSNK2A2;PSMD13;PSMB5;CSNK2A1"
"WP_Adipogenesis_genes%WP447",0.317073170731707,0.497560975609756,0.338985407324694,1.07314837771572,64,61,"NCOA2;MEF2D;STAT6;E2F4;RBL2;MEF2A;STAT1;CREB1;RB1;STAT2;DVL1;STAT5B;RBL1;RXRA;IL6ST;NCOA1;IRS2;NCOR2;STAT3"
"KEGG_Fanconi_anemia_pathway%mmu03460",0.3,0.49916407929305,0.356543530030225,1.07901969897654,62,49,"WDR48;FANCI;REV1;FANCD2;PMS2;TOP3B;BRIP1;BLM;MLH1;ATR;BRCA1;RMI1;ATRIP;ERCC4;FANCC;PALB2;EME1"
"KEGG_Inflammatory_bowel_disease%mmu05321",0.300632911392405,0.49916407929305,0.411843824401497,1.09985861536272,94,24,"STAT6;NFATC1;STAT1;IL18RAP;STAT3;IFNGR1;IL12RB1;TLR4;TGFB1;SMAD3"
"RA_Cell-Cell_communication%R-MMU-1500931",0.29616724738676,0.499228024786664,0.398526681895303,1.12514200210924,84,29,"ILK;CTNNA1;FLNA;IQGAP1;PXN;ARHGEF6;JUP;ITGB1;LIMS1;ACTN1;NCK2;PVR"
"WP_Neural_Crest_Differentiation%WP2074",0.326164874551971,0.504072987943956,0.384846287781413,1.08823438721705,90,32,"DVL3;HDAC5;ITGB1;HDAC9;COL11A2;HDAC10;AXIN1;DVL2;CTBP2;DVL1"
"RA_Signaling_by_Interleukins%R-MMU-449147",0.301075268817204,0.505986198042048,0.294785660599232,1.05203229637712,27,155,"PPP2R1B;JAK3;STAT6;CUL1;MAP3K3;TYK2;MAPK14;MAPKAPK3;CASP8;JAK2;TBK1;RPS6KA1;SHC1;PIK3R2;PSME3;PIK3CB;TRAF6;IL16;PRKACA;HCK;CREB1;PSMD1;NKIRAS2;MAP2K3;MAP3K7;IKBKG;CSF1R;SYK;PSMF1;YWHAZ;MAPK1;STAT5B;SOS2;MAP2K4;PPP2CB;OSMR"
"RA_MTOR_signalling%R-MMU-165159",0.302613480055021,0.507057706163621,-0.486860717327856,-1.14044324107247,219,30,"LAMTOR4;LAMTOR2;RPS6;LAMTOR5;EIF4B;LAMTOR3;FKBP1A"
"BP_insulin_receptor_signaling_pathway%0008286",0.0932203389830508,0.509277430865299,0.426046962844978,1.31686078645134,21,51,"RAF1;SIK2;C2CD5;SH2B2;AKT1;SHC1;PIK3R2;NDEL1;FER;CSF1R;MAP2K1;MAPK1;SOS2;KIT;PDGFRB"
"RA_PCP/CE_pathway%R-MMU-4086400",0.307096774193548,0.511490965375686,-0.447064286078721,-1.11804021895972,237,44,"RPS27A;AP2S1;PSMA7;PSMC5;CLTB;PSMB6;PSMD9;PSMD7;PSMB1;PSMD13;PSMB5;PSME1;PSMD10;PSMD4"
"RA_CDK-mediated_phosphorylation_and_removal_of_Cdc6%R-MMU-69017",0.307984790874525,0.511490965375686,-0.443598526164171,-1.12208743861965,242,48,"RPS27A;UBE2S;PSMA7;UBE2C;PSMC5;PSMB6;PSMD9;PSMD7;PSMB1;PSMD13;PSMB5;PSME1;ANAPC11;PSMD10;PSMD4"
"RA_Nucleotide-binding_domain,_leucine_rich_repeat_containing_receptor_(NLR)_signaling_pathways%R-MMU-168643",0.307795698924731,0.511490965375686,-0.465685914146984,-1.1212096190913,228,35,"RPS27A;TAB2;HSP90AB1;PSTPIP1;AAMP;PYCARD;SUGT1"
"BP_mRNA_catabolic_process%0006402",0.0955137481910275,0.516371201157742,-0.599382047686238,-1.36367605390594,65,25,"LSM5;LSM7;LSM6;EXOSC3;LSM2;DCP2;RIDA;EXOSC5;EXOSC9"
"BP_negative_regulation_of_apoptotic_signaling_pathway%2001234",0.0954478707782673,0.516371201157742,-0.61437090744742,-1.36479091399091,64,21,"BAX;CDK11B;IGBP1;PSEN2;ING2;MNT;CX3CR1"
"BP_negative_regulation_of_cilium_assembly%1902018",0.096514745308311,0.519079303782522,0.564332316716481,1.36238366228633,35,16,"AKT1;KIF24;TRIM32;EVI5L"
"RA_Resolution_of_D-Loop_Structures%R-MMU-5693537",0.314814814814815,0.519767568154665,0.422962107436569,1.10161877154564,101,21,"SPIDR;WRN;BLM;KAT5;RMI1;EXO1;PALB2;EME1;TOP3A"
"RA_Resolution_of_D-loop_Structures_through_Holliday_Junction_Intermediates%R-MMU-5693568",0.314814814814815,0.519767568154665,0.422962107436569,1.10161877154564,101,21,"SPIDR;WRN;BLM;KAT5;RMI1;EXO1;PALB2;EME1;TOP3A"
"RA_DNA_Damage_Recognition_in_GG-NER%R-MMU-5696394",0.316939890710383,0.520990258609538,-0.477549237411085,-1.12915691757726,231,31,"RPS27A;RBX1;CETN2;INO80D"
"RA_Glycosphingolipid_metabolism%R-MMU-1660662",0.31740614334471,0.520990258609538,0.400582931156329,1.09755768190653,92,26,"ESYT1;CERK;GLB1L;B4GALNT1;GBA2;SMPD4;ASAH1;GLTP"
"RA_TAK1-dependent_IKK_and_NF-kappa-B_activation_%R-MMU-445989",0.318696883852691,0.521588213979841,-0.494421207274869,-1.1223869357397,224,24,"RPS27A;TAB2;NKIRAS1;NFKBIA"
"BP_cytokine-mediated_signaling_pathway%0019221",0.0985221674876847,0.52411599795014,0.392622657988647,1.26398329550304,19,65,"JAK3;STAT6;SH2B2;CSF3R;TYK2;JAK1;JAK2;CSF2RA;TRAF6;IL16;STAT1;FER;CSF1R;STAT5B;OSMR;KIT;IL6ST;MYD88;PTPN6;STAT3;CSF2RB2;STAT5A;IFNAR1;IFNGR1;IRAK1;IL1RAP"
"BP_spindle_assembly%0051225",0.0989399293286219,0.52411599795014,0.469678606269246,1.34243141509144,27,33,"PPP2R1B;MAPRE2;TUBGCP4;KIF11;TUBGCP6;TUBGCP2"
"BP_regulation_of_translational_initiation%0006446",0.0989660265878877,0.52411599795014,-0.601720546990473,-1.3549077121328,66,23,"EIF1;EIF5B;EIF3K;PAIP1;EIF4EBP2;NCBP2"
"BP_proteolysis_involved_in_protein_catabolic_process%0051603",0.0995850622406639,0.524717231501569,-0.568273326505328,-1.35951548719227,71,32,"PSMB9;PSMB4;CTSS;CTSL;PSMB6;CLPP;GZMA;PSMB10;LGMN;PSMB1;PSMA6;CTSZ"
"RA_Ion_transport_by_P-type_ATPases%R-MMU-936837",0.32484076433121,0.527047119073404,0.421199490448256,1.0994071652382,101,22,"ATP11B;ATP10A;ATP13A2;ATP8B4;ATP2A3;ATP7A;ATP1A3;ATP2A2;ATP2C1"
"RA_mRNA_decay_by_3'_to_5'_exoribonuclease%R-MMU-429958",0.32370820668693,0.527047119073404,-0.536881826171774,-1.12341623437271,212,15,"EXOSC3;EXOSC2;EXOSC7;EXOSC8;EXOSC5;EXOSC9"
"RA_Cell_junction_organization%R-MMU-446728",0.324074074074074,0.527047119073404,0.41526008399099,1.08155859722421,104,21,"ILK;CTNNA1;FLNA;PXN;ARHGEF6;JUP;ITGB1;LIMS1"
"RA_Regulation_of_PLK1_Activity_at_G2/M_Transition%R-MMU-2565942",0.325842696629214,0.527153558052435,0.329714619842903,1.04764860994642,57,65,"ODF2;DCTN1;CKAP5;CUL1;TUBG1;CCNB1;CLASP1;NEDD1;PRKACA;CEP78;PLK1;PRKAR2B;CDK5RAP2;CENPJ;PLK4;ACTR1A;CEP192"
"BP_megakaryocyte_development%0035855",0.101876675603217,0.528739946380697,0.558695610785168,1.34877580067278,37,16,"FLNA;SH2B3;MED1;VPS33B;NBEAL2;KIT;PTPN6"
"BP_phospholipid_translocation%0045332",0.101156069364162,0.528739946380697,0.548104752440163,1.33916260902308,34,18,"ATP8B2;ATP11B;ATP10A;ATP8B4;ANO6;ATP9B"
"BP_regulation_of_inflammatory_response%0050727",0.101626016260163,0.528739946380697,0.431084411733004,1.30419662662272,24,47,"NLRP1A;PIK3AP1;DAGLB;ALOX5;FANCD2;JAK2;SBNO2;NLRP12;LETMD1;BAP1;AKNA;MYD88;SPATA2;DROSHA;FANCA;ANXA1;ESR1;AREL1;TLR4"
"BP_peptidyl-serine_phosphorylation%0018105",0.102409638554217,0.528861715518792,0.393799926987889,1.25664208857294,16,74,"DGKQ;PKD1;AKT1;ILK;MAPK14;MAPKAPK3;HIPK2;TBK1;PRKACA;MTOR;PRKDC;MKNK1;PRKX;MARK2;PLK1;ATR;PINK1;SYK;LRRK2;LMTK2;PDK3;MAPK1"
"RA_Signaling_by_Insulin_receptor%R-MMU-74752",0.329234972677596,0.529597970335675,-0.472997138044086,-1.11839355730553,240,31,"ATP6V1G1;ATP6V1F;ATP6V0B;ATP6V1D"
"RA_Phosphorylation_of_the_APC/C%R-MMU-176412",0.328488372093023,0.529597970335675,0.463309533933632,1.09803200306163,112,15,"CDC23;ANAPC1;CCNB1;ANAPC2;CDC16;ANAPC5"
"RA_Interleukin-1_signaling%R-MMU-9020702",0.330508474576271,0.530131826741996,-0.411856872664895,-1.09029281229189,272,69,"RPS27A;RBX1;TAB2;PSMA7;PSMC5;NKIRAS1;NFKBIA;PSMB6;PSMD9;PSMD7;PSMB1;PSMD13;PSMB5;PSME1;PSMD10;PSMD4"
"BP_face_morphogenesis%0060325",0.104294478527607,0.535929053028002,0.535864190799144,1.34561157276538,33,20,"SPECC1L;PLEKHA1;ASPH;TIPARP"
"WP_Purine_metabolism%WP2185",0.354657687991021,0.539926629478868,-0.383733720222591,-1.07939894196219,315,112,"POLR2F;POLR2L;POLR2H;NME1;APRT;NT5C;POLR2I;POLR3GL;POLE4;POLR2G;POLE3;POLR1C;NME3;GUK1;POLR1D;ZNRD1;HPRT;NPR1;POLR2E;AK6"
"BP_protein_homooligomerization%0051260",0.105990783410138,0.541962725023269,0.403719792554497,1.24411249778645,22,55,"KCTD10;KCTD9;NLRP1A;TRP53BP1;RIPOR2;ALS2;G3BP2;BLM;ECT2;TGM2;RNF135"
"BP_cellular_response_to_nutrient_levels%0031669",0.10738255033557,0.543722376821084,0.495684302753359,1.34561094322465,31,27,"ABCC8;MIOS;MTOR;RRAGC;MAPKAP1;RPTOR;PRKAA1;WDR59;PRKAG1;ULK1;EIF4G1;PRKAB1"
"BP_retrograde_transport,_endosome_to_Golgi%0042147",0.107142857142857,0.543722376821084,0.39144797902423,1.24250676302564,20,63,"HEATR5B;DCTN1;VPS35;GBF1;VPS26A;PREPL;WASHC2;VPS52;DENND5A;PLEKHA3;ANKFY1;GGA1;HEATR5A;STX6;VPS53;TBC1D5;STX5A;CLTC;RAB6A;ERC1;VPS54"
"BP_glycolytic_process%0006096",0.109324758842444,0.548208211007037,0.493544030619254,1.33402183826631,33,25,"HK1;PFKP;UCP2;HK3;ENO1;OGDH;GPI1;PKM;PFKL;FKRP"
"BP_maturation_of_SSU-rRNA_from_tricistronic_rRNA_transcript_(SSU-rRNA,_5.8S_rRNA,_LSU-rRNA)%0000462",0.108823529411765,0.548208211007037,-0.602767082028407,-1.34834946899877,73,22,"RPS16;GTF2H5;RPS19;UTP3;RPS8;NGDN;RRP36;UTP25"
"KEGG_Metabolism_of_xenobiotics_by_cytochrome_P450%mmu00980",0.334332833583208,0.551649175412294,-0.531134397624691,-1.1336117736527,222,18,"GSTP1;MGST1;GSTM5;GSTT2;MGST2;GSTK1;DHDH;GSTM2;GSTM4;GSTO1"
"BP_positive_regulation_of_GTPase_activity%0043547",0.112299465240642,0.553843256646056,0.387083968131003,1.24553358327873,20,68,"NET1;KALRN;MAPRE2;DOCK8;ALS2;DVL3;RSU1;AGRN;DOCK11;ECT2;RGS14;ITGB1;TGM2;NDEL1;TBC1D2;SGSM3;SNX13;LIMS1;EVI5L;DVL2;USP6NL;DOCK10;TBC1D20;SRGAP2;SEMA4D;DENND1A;RAPGEF6;PREX1;WDR41;GNB5"
"BP_positive_regulation_of_substrate_adhesion-dependent_cell_spreading%1900026",0.112582781456954,0.553843256646056,0.48786411138485,1.31172583306777,33,26,"ILK;FLNA;UNC13D;CASS4;NEDD9;DOCK5;RAC1;DNM2;LIMS1;TRIOBP;PREX1;RREB1;ABL1;CRKL"
"BP_axon_guidance%0007411",0.111553784860558,0.553843256646056,0.433685766370732,1.30439631470035,27,44,"NPTN;KALRN;CYFIP1;CYFIP2;DAG1;RAC1;CSF1R;LMTK2;DVL1;USP33;SEMA4D;SMAD4;ULK2;EPHA7;ULK1"
"BP_chemical_synaptic_transmission%0007268",0.111111111111111,0.553843256646056,0.493487441407651,1.3402243575271,31,28,"SPG11;APBA3;EXOC4;AGRN;LRP8;MINK1;APBA1;MYO5A;SNAPIN;GLS;USP14"
"KEGG_Nucleotide_excision_repair%mmu03420",0.340702210663199,0.555218417377065,-0.441193614274054,-1.08971297261041,261,43,"RPA3;XPA;GTF2H5;RBX1;POLE4;CETN2;POLE3;CCNH;MNAT1;RPA2;PCNA"
"KEGG_Glucagon_signaling_pathway%mmu04922",0.33879781420765,0.555218417377065,0.332212707944731,1.07297085375383,61,65,"SIK2;AKT1;PFKP;PYGB;SIK1;GNAS;PDE3B;PRKACA;CREB1;PRKACB;PHKB;PHKG2;PRKAA1;GYS1;PHKA2;PLCB4;PRKAG1;PKM"
"WP_Oxidative_Damage%WP1496",0.370738636363636,0.556107954545455,-0.466894551394375,-1.07650519021469,260,27,"CDKN1B;BAK1;C1QB;BAD;PCNA;GADD45A"
"RA_Recruitment_and_ATM-mediated_phosphorylation_of_repair_and_signaling_proteins_at_DNA_double_strand_breaks%R-MMU-5693565",0.354838709677419,0.56433388008019,-0.474755867248002,-1.09120452187454,252,27,"RPS27A;UBXN1;UBE2V2;BARD1;SUMO1;UIMC1"
"RA_APC:Cdc20_mediated_degradation_of_cell_cycle_proteins_prior_to_satisfation_of_the_cell_cycle_checkpoint%R-MMU-179419",0.354060913705584,0.56433388008019,-0.429995287363816,-1.08451872236875,278,49,"RPS27A;UBE2S;PSMA7;UBE2C;PSMC5;PSMB6;PSMD9;PSMD7;PSMB1;PSMD13;PSMB5;PSME1;ANAPC11;PSMD10;PSMD4"
"RA_Response_to_elevated_platelet_cytosolic_Ca2+%R-MMU-76005",0.354679802955665,0.56433388008019,0.332330897650808,1.03641084860991,71,54,"VCL;PRKCB;ACTN4;FERMT3;TLN1;FLNA;ABCC4;TOR4A;HGF;VEGFA"
"RA_Cdc20:Phospho-APC/C_mediated_degradation_of_Cyclin_A%R-MMU-174184",0.356147021546261,0.564819079240972,-0.430223535258627,-1.0882552493729,280,48,"RPS27A;UBE2S;PSMA7;UBE2C;PSMC5;PSMB6;PSMD9;PSMD7;PSMB1;PSMD13;PSMB5;PSME1;ANAPC11;PSMD10;PSMD4"
"KEGG_Human_immunodeficiency_virus_1_infection%mmu05170",0.349514563106796,0.566084936565608,0.283678672972941,1.0426429976631,35,146,"DCAF1;RAF1;AP1M1;PRKCB;PLCG2;NFATC1;AKT1;CUL1;CDC25C;MAPK14;CCNB1;CASP8;PXN;NFATC3;TBK1;AP1B1;PIK3R2;PIK3CB;TRAF6;MTOR;DDB1;LIMK1;ATR;MAP2K3;MAP3K7;RAC1;GNG12;IKBKG;MAP2K1;RIPK1;PLCG1;MAPK1;BTRC;AP1G2"
"RA_Notch-HLH_transcription_pathway%R-MMU-350054",0.36085626911315,0.570679998625571,0.44204852761666,1.07487006820361,117,17,"KAT2A;HDAC10;NCOR2;SNW1;HDAC6;RBPJ;HDAC8;TBL1X;HDAC4;MAML1"
"BP_regulation_of_immune_system_process%0002682",0.116666666666667,0.57122641509434,0.53527572804111,1.29539166021101,41,17,"CEACAM1;MYNN;ZBTB25;ZBTB24;ZFP958;PATZ1"
"BP_regulation_of_actin_cytoskeleton_organization%0032956",0.11734693877551,0.571622575333091,0.384265283957037,1.21970795532714,22,63,"CLASP2;BCAS3;MYO1F;RHOBTB2;ILK;NEDD9;HCK;MTOR;STAU2;RAC1;CSF1R"
"BP_mitochondrion_organization%0007005",0.117848970251716,0.571622575333091,-0.445502872071654,-1.23831711259013,102,103,"NDUFS6;SSBP1;FIS1;SLIRP;BAX;FMC1;PARK7;COQ7;RHOT2;DCTN6;SOD2;VPS13C;CEBPA;MTX2;MTX1;TMEM11;PUM2"
"KEGG_Fructose_and_mannose_metabolism%mmu00051",0.356666666666667,0.574146341463415,0.392783971997394,1.04125772502093,106,25,"HK1;PFKP;HK3;PFKFB4;TKFC;SORD;FCSK"
"RA_TGF-beta_receptor_signaling_activates_SMADs%R-MMU-2173789",0.364444444444445,0.57474011826953,-0.496344139726906,-1.08232284696634,245,19,"RPS27A;NEDD8;STUB1;CBL;UBE2M;FKBP1A"
"RA_Interferon_Signaling%R-MMU-913531",0.367088607594937,0.575684919431614,0.339783715788951,1.03416391676208,86,42,"TYK2;JAK2;FLNB;PIAS1;NEDD4;ABCE1;DDX58;EIF4G3;KPNA1;PLCG1;UBA7;PTPN6;PDE12;IFNAR1;IFNGR1;EIF4G1"
"RA_DDX58/IFIH1-mediated_induction_of_interferon-alpha/beta%R-MMU-168928",0.366522366522367,0.575684919431614,-0.48106317380943,-1.07493651198473,253,23,"RPS27A;HSP90AA1;HSP90AB1;NKIRAS1;NFKBIA"
"RA_Class_A/1_(Rhodopsin-like_receptors)%R-MMU-373076",0.368200836820084,0.57582519758252,-0.469344227122461,-1.08822969668687,263,28,"CXCR4;FPR2;PENK;GAL;CX3CR1;CCL9;HEBP1;CCL6;ADRB2;GPR65"
"RA_Gamma_carboxylation,_hypusine_formation_and_arylsulfatase_activation%R-MMU-163841",0.375180375180375,0.578970856455431,-0.477914517027872,-1.06790083284221,259,23,"FN3KRP;DNAJC24;EEF2;DPH3;PROS1;SUMF2;DHPS;SUMF1;F10;EIF5A;DPH5"
"RA_Cyclin_D_associated_events_in_G1%R-MMU-69231",0.373702422145329,0.578970856455431,0.382281752858792,1.05418636454962,107,27,"PPP2R1B;CUL1;E2F4;RBL2;TFDP1;SKP2;RB1"
"RA_G1_Phase%R-MMU-69236",0.373702422145329,0.578970856455431,0.382281752858792,1.05418636454962,107,27,"PPP2R1B;CUL1;E2F4;RBL2;TFDP1;SKP2;RB1"
"RA_Regulation_of_TP53_Activity_through_Acetylation%R-MMU-6804758",0.375354107648725,0.578970856455431,-0.471563664803156,-1.07049796601939,264,24,"ING2;MEAF6;CHD3;BRPF3;PIP4K2B;CHD4;EP300;PIN1"
"RA_MAP2K_and_MAPK_activation%R-MMU-5674135",0.373456790123457,0.578970856455431,0.401239059383341,1.04504037577478,120,21,"VCL;ARRB1;TLN1;IQGAP1"
"BP_regulation_of_neuron_projection_development%0010975",0.120481927710843,0.578982597054886,0.525998047488254,1.2987891812855,39,19,"AKT1;ACAP3;NDEL1;PSEN1;MBOAT1;PTEN;CAMK1D;L1CAM"
"BP_regulation_of_stem_cell_differentiation%2000736",0.120481927710843,0.578982597054886,0.51954726514945,1.28286097327698,39,19,"TGFBR2;KDM3A;SMYD5;NSUN2;GATAD2A;KDM4C;RBBP7;MTA3;MTA2"
"BP_negative_regulation_of_cell_migration%0030336",0.123152709359606,0.581225296442688,0.377837922615828,1.21225533450024,24,64,"MCTP1;OSBPL8;NISCH;NEDD9;RNF41;CLIC4;STK24;EMILIN1;PLXNB3;ADAM15;DAG1"
"BP_negative_regulation_of_autophagy%0010507",0.123188405797101,0.581225296442688,0.442618816857957,1.28566611010074,33,35,"AKT1;KDM4A;BECN1;WDR6;MTOR;RRAGC;PTPN22;RPTOR;MTMR9;TBC1D14;RUBCN;STAT3"
"BP_positive_regulation_of_telomere_maintenance%0032206",0.121875,0.581225296442688,0.498662990480978,1.32625278828674,38,24,"MYC;RTEL1;MAP3K4;PML;NBN;AURKB;MAPK1;RAD50;NEK7;SLX4;DHX36;NVL"
"BP_multivesicular_body_sorting_pathway%0071985",0.12280701754386,0.581225296442688,-0.653944517171009,-1.34038643660355,76,15,"CHMP4B;CHMP5;VPS25;CHMP2A;CHMP3"
"RA_Translesion_synthesis_by_Y_family_DNA_polymerases_bypasses_lesions_on_DNA_template%R-MMU-110313",0.379542395693136,0.581967100518562,-0.445530282010819,-1.06624685029759,281,33,"RPS27A;PCLAF;RPA3;POLE4;ISG15;POLE3"
"RA_APC/C:Cdh1_mediated_degradation_of_Cdc20_and_other_APC/C:Cdh1_targeted_proteins_in_late_mitosis/early_G1%R-MMU-174178",0.382465057179161,0.581967100518562,-0.417327668077852,-1.05840379318942,300,51,"RPS27A;UBE2S;PSMA7;UBE2C;PSMC5;PSMB6;PSMD9;PSMD7;PSMB1;PSMD13;PSMB5;PSME1;ANAPC11;PSMD10;PTTG1;PSMD4"
"RA_APC/C:Cdc20_mediated_degradation_of_mitotic_proteins%R-MMU-176409",0.381194409148666,0.581967100518562,-0.417573929247837,-1.05902834740991,299,51,"RPS27A;UBE2S;PSMA7;UBE2C;PSMC5;PSMB6;PSMD9;PSMD7;PSMB1;PSMD13;PSMB5;PSME1;ANAPC11;PSMD10;PTTG1;PSMD4"
"RA_Activation_of_APC/C_and_APC/C:Cdc20_mediated_degradation_of_mitotic_proteins%R-MMU-176814",0.381194409148666,0.581967100518562,-0.417573929247837,-1.05902834740991,299,51,"RPS27A;UBE2S;PSMA7;UBE2C;PSMC5;PSMB6;PSMD9;PSMD7;PSMB1;PSMD13;PSMB5;PSME1;ANAPC11;PSMD10;PTTG1;PSMD4"
"RA_Collagen_formation%R-MMU-1474290",0.381736526946108,0.581967100518562,-0.504582349005737,-1.06801498549037,254,16,"CTSS;CTSL;PPIB;CRTAP"
"RA_DNA_Double_Strand_Break_Response%R-MMU-5693606",0.383542538354254,0.582033555507938,-0.464678460455008,-1.07741156885677,274,28,"RPS27A;UBXN1;UBE2V2;BARD1;SUMO1;UIMC1"
"KEGG_SNARE_interactions_in_vesicular_transport%mmu04130",0.366998577524893,0.587197724039829,-0.478389048109699,-1.09610565722119,257,27,"VAMP8;STX4A;STX8;SEC22B;VTI1B;USE1;BNIP1"
"BP_regulation_of_glucose_metabolic_process%0010906",0.125333333333333,0.588669683257919,0.562917276931962,1.33836088019215,46,15,"NCOA2;BCKDK;PDK3;ADIPOR1"
"KEGG_Long-term_potentiation%mmu04720",0.371541501976285,0.590885280251441,0.345027849667062,1.02874209454626,93,40,"RAF1;PRKCB;RPS6KA1;PRKACA;ARAF;PRKACB;MAP2K1;MAPK1"
"BP_protein_K48-linked_ubiquitination%0070936",0.126436781609195,0.591177384280833,0.384278779032264,1.25298482081504,21,78,"CDC23;RNF6;ANAPC1;FBXO9;KBTBD2;CUL1;UBR5;FBXO38;RNF216;TOPORS;NEDD4L;DTX4;UBE2Q2;RFFL;CUL3;SKP2;ANAPC2;CDC16;ANAPC5;UBE3C;BTRC;RNF115;NT5C2"
"BP_response_to_organic_cyclic_compound%0014070",0.127544097693351,0.593680598231833,-0.530065420549832,-1.30344737757142,93,38,"CXCR4;NEDD8;DUT;CDKN2A;BAK1;CTSL"
"BP_lysosomal_transport%0007041",0.128686327077748,0.594355828220859,0.548456389204435,1.32405676938057,47,16,"ALS2;VPS52;NEDD4;ATP13A2;VPS53;VPS54;VPS51;HGSNAT"
"BP_regulation_of_innate_immune_response%0045088",0.128834355828221,0.594355828220859,0.510193115927204,1.28114879278097,41,20,"MYO1F;CASP8;LRP8;TKFC;PTPN22;RNF135;APPL2"
"RA_Mitotic_Metaphase_and_Anaphase%R-MMU-2555396",0.395348837209302,0.598337084271068,0.277311660565424,1.00531859406684,33,167,"PPP2R1B;CLASP2;CDC23;NUP160;ANAPC1;CKAP5;NUP188;NUP107;BUB1B;ESPL1;POM121;CCNB1;STAG1;KNTC1;KIF2C;CLASP1;KIF18A;BUB1;PSME3;PPP2R5C;CENPO;ERCC6L;PSMD1;PLK1;NDEL1;ANAPC2;CDC16;ZW10;XPO1;ANAPC5;AURKB;ANKLE2;PSMF1;ZWILCH"
"KEGG_Colorectal_cancer%mmu05210",0.378947368421053,0.59905452253388,0.327283535747591,1.05303103516475,71,64,"MYC;RAF1;AKT1;TGFBR2;PIK3R2;PIK3CB;MSH6;MTOR;MLH1;RAC1;MSH3;DDB2;ARAF;AXIN1;MAP2K1;MAPK1;SOS2;RALB;SMAD4"
"BP_positive_regulation_of_DNA_binding%0043388",0.130841121495327,0.600942850053759,-0.634807936995104,-1.34229543631087,83,17,"TXN1;NME1;HMGB2;PLAUR;EDF1"
"WP_ErbB_signaling_pathway%WP1261",0.408360128617363,0.603662798825668,0.3841044649407,1.03821282928612,126,25,"MYC;MTOR;ERBB3;ARAF;MAP2K1;PLCG1;MAPK1;NRG2;PIK3R5;ABL1;STAT5A"
"BP_proteasomal_protein_catabolic_process%0010498",0.132530120481928,0.604366812227074,0.512573313177238,1.26564095997928,43,19,"DTX4;RNF41;DDB1;SOCS6;BAG6;CUL4B;PRPF19;NUB1;VCP;TRIM21"
"BP_blood_vessel_development%0001568",0.133333333333333,0.604366812227074,0.469207027669902,1.31037262398867,35,31,"CEACAM1;PKD1;MAP3K3;VEGFA;PSEN1;GATAD2A;ATP7A;PDGFRB;DHCR7;CRKL;MEF2C;SPHK2;SMARCA4;HIF1A;COL1A1"
"BP_canonical_glycolysis%0061621",0.133333333333333,0.604366812227074,0.555541500390955,1.32082464318531,49,15,"HK1;PFKP;BCL2L13;ENO1;GPI1;PKM"
"KEGG_Protein_processing_in_endoplasmic_reticulum%mmu04141",0.387458006718925,0.605259844815362,-0.362484743931357,-1.04122278049808,345,136,"ERP29;SELENOS;DNAJC1;SEC62;BAX;RBX1;UBXN1;RRBP1;HSP90AA1;BCAP31;BAK1;ERLEC1;SSR4;HSP90AB1;SSR3;STUB1"
"KEGG_Chemical_carcinogenesis%mmu05204",0.387048192771084,0.605259844815362,-0.528555020458545,-1.09293087431774,256,15,"GSTP1;MGST1;GSTM5;GSTT2;MGST2;GSTK1;GSTM2;GSTM4;GSTO1"
"RA_Mitotic_Anaphase%R-MMU-68882",0.402298850574713,0.607223198052448,0.278597735096521,1.00847917752234,34,166,"PPP2R1B;CLASP2;CDC23;NUP160;ANAPC1;CKAP5;NUP188;NUP107;BUB1B;ESPL1;POM121;CCNB1;STAG1;KNTC1;KIF2C;CLASP1;KIF18A;BUB1;PSME3;PPP2R5C;CENPO;ERCC6L;PSMD1;PLK1;NDEL1;ANAPC2;CDC16;ZW10;XPO1;ANAPC5;AURKB;ANKLE2;PSMF1;ZWILCH"
"KEGG_Cysteine_and_methionine_metabolism%mmu00270",0.392592592592593,0.607433628318584,0.379867435584084,1.05537258719675,105,32,"DNMT1;AHCYL1;4930438A08RIK;AHCYL2;MTR;MAT2A;PSAT1;GOT2;GCLM"
"KEGG_Glutathione_metabolism%mmu00480",0.401098901098901,0.607433628318584,-0.44289540656648,-1.05690210399957,291,33,"GGCT;GSTP1;MGST1;TXNDC12;GSTM5;GSS;GSTT2;MGST2;GGT5;GSTK1;GSTM2;GSTM4"
"KEGG_Viral_protein_interaction_with_cytokine_and_cytokine_receptor%mmu04061",0.402654867256637,0.607433628318584,-0.486929374536001,-1.07437670673732,272,21,"CXCR4;CX3CR1;CCL9;TNFSF14;CCL6;TNFRSF10B"
"KEGG_Mitophagy%mmu04137",0.401242236024845,0.607433628318584,-0.403711289815027,-1.04195164178114,322,55,"RPS27A;FIS1;TOMM7;GABARAPL2;FOXO3;RHOT2;CSNK2B;CSNK2A2;GABARAP;CSNK2A1;MAP1LC3B"
"KEGG_Regulation_of_lipolysis_in_adipocytes%mmu04923",0.394648829431438,0.607433628318584,0.378389573455837,1.02408892320511,117,27,"AKT1;GNAS;PIK3R2;PDE3B;PIK3CB;PRKACA;PRKACB;ADCY3;TSHR;IRS2;GNAI3;ADCY7;PNPLA2;PTGS1"
"KEGG_Chronic_myeloid_leukemia%mmu05220",0.402234636871508,0.607433628318584,0.314635958469525,1.02054990943256,71,68,"MYC;RAF1;AKT1;TGFBR2;SHC1;PIK3R2;PIK3CB;RB1;DDB2;IKBKG;ARAF;MAP2K1;CTBP2;MAPK1;STAT5B;SOS2;CTBP1;SMAD4"
"RA_Cargo_recognition_for_clathrin-mediated_endocytosis%R-MMU-8856825",0.403553299492386,0.607487988273297,-0.416823580976436,-1.05129751599173,317,49,"RPS27A;VAMP8;NEDD8;AP2S1;TOR1B;CLTB"
"RA_COPII-mediated_vesicle_transport%R-MMU-204005",0.404651162790698,0.607516279069768,0.324362059750554,1.01562548389318,86,51,"PPP6R1;SEC31A;SEC24D;TRAPPC9;SEC24C;GOSR2;SEC16A;SEC23A;TRAPPC10;SEC16B;STX17;SCFD1"
"RA_TCR_signaling%R-MMU-202403",0.4075,0.610166223404255,-0.405528675844518,-1.0432800949764,325,57,"RPS27A;TAB2;PSMA7;PSMC5;NFKBIA;PSMB6;PSMD9;PSMD7;PSMB1;PSMD13;PSMB5;PSME1;PSMD10;PSMD4"
"BP_lipid_transport%0006869",0.135231316725979,0.610304812006808,0.443138230717871,1.2809670189614,37,34,"ABCA2;OSBPL9;HDLBP;OSBPL1A;LRP10;SCARB1;ABCA9;OSBPL11;ZDHHC5;ABCC10"
"RA_RND3_GTPase_cycle%R-MMU-9696264",0.409556313993174,0.611618580313414,0.374967158872772,1.02737299488896,119,26,"NISCH;WDR6;PIK3R2;TMOD3;FLOT2;DEPDC1B"
"BP_calcium_ion_transmembrane_transport%0070588",0.136200716845878,0.612018805567193,0.458605413701064,1.29680393756809,37,32,"PKD1;ORAI2;ASPH;SEC61A1;ATP2A3;ANO6;PSEN1;ATP2A2;ATP2C1;P2RX1;TRPM7;SLC25A25"
"RA_Hedgehog_'off'_state%R-MMU-5610787",0.411547911547912,0.612966862966863,-0.396498477452776,-1.03594304588041,334,61,"RPS27A;RBX1;PSMA7;PSMC5;PSMB6;PSMD9;PSMD7;PSMB1;PSMD13;PSMB5;PSME1;PSMD10;PTCH1;TUBB2A;PSMD4"
"BP_positive_regulation_of_type_I_interferon_production%0032481",0.137809187279152,0.616577312050689,0.446933248029634,1.27742082478395,38,33,"PLCG2;TBK1;TRAF6;PTPN22;SYK;DHX33;USP22;UAP1;IKBKE;MYD88;MAVS;IRF7;DHX58;IRAK1"
"RA_Interleukin-1_family_signaling%R-MMU-446652",0.416164053075995,0.616585250551529,-0.387924611480918,-1.03221349435219,344,75,"RPS27A;RBX1;TAB2;PSMA7;PSMC5;NKIRAS1;NFKBIA;PSMB6;PSMD9;PSMD7;PSMB1;PSMD13;PSMB5;PSME1;PSMD10;PSMD4"
"RA_Integrin_signaling%R-MMU-354192",0.416167664670659,0.616585250551529,0.425847028937125,1.0302658616977,138,16,"TLN1;SHC1;SYK;RAP1B;CRK;FN1;APBB1IP"
"KEGG_Homologous_recombination%mmu03440",0.414073071718539,0.621109607577808,-0.432527389442345,-1.04192424171917,305,38,"SEM1;SSBP1;RPA3;BARD1;RPA2;UIMC1"
"BP_protein_processing%0016485",0.13963963963964,0.622085604918223,0.388014388840934,1.20213923002828,30,54,"MYC;PITRM1;PMPCA;LONP2;BACE1;CASP8;NCSTN;CASP2;CASP7;PCSK7;PSEN1;ADAM17;C2CD3;FURIN;MBTPS1"
"BP_chromatin_organization%0006325",0.141562853907135,0.622323276886008,-0.418814777652466,-1.19234606301056,124,132,"HMGN5;RTF1;BANF1;ENY2;SAMD1;UTP3;PTMA;PHF14;HMGN1;NUCKS1;ANP32E;CHD3;UBN2;UBE2B;SATB1;ZBTB7A;YEATS4;BAZ1B;ARID4B;UIMC1;EPC2;DNAJC2;BRD3;ZZEF1;RSF1;HMGB1;HMGN3;HIRIP3;ARID1A;SIRT1;PHF21A;ARID4A;BUD23;ATRX;RCCD1;UBN1;MDC1;MORF4L2;HTATSF1;TRRAP;RCBTB1;FAM50A"
"BP_regulation_of_cilium_assembly%1902017",0.142091152815013,0.622323276886008,0.537445285051944,1.29747429668368,52,16,"ODF2;IFT140;SYNE1"
"BP_negative_regulation_of_Notch_signaling_pathway%0045746",0.142091152815013,0.622323276886008,0.539706346350369,1.3029328410221,52,16,"KCTD10;ARRB1;CBFA2T2;METTL3;LRRK2"
"BP_negative_regulation_of_stress_fiber_assembly%0051497",0.142091152815013,0.622323276886008,0.540105434569641,1.30389630041233,52,16,"CLASP2;CLASP1;ARHGEF18;INPP5K"
"BP_regulation_of_synapse_organization%0050807",0.146666666666667,0.634333333333333,0.549133723309856,1.30558986797806,54,15,"NEDD4L;AGRN;DAG1;NEDD4"
"BP_negative_regulation_of_mRNA_splicing,_via_spliceosome%0048025",0.146341463414634,0.634333333333333,-0.617692713319663,-1.32668609949061,95,18,"NPM1;SRSF9;ACIN1;SRSF7;C1QBP"
"BP_anterograde_axonal_transport%0008089",0.146449704142012,0.634333333333333,-0.599507551594911,-1.31952843017732,98,20,"SOD1;BLOC1S1;BLOC1S2"
"RA_Beta-catenin_independent_WNT_signaling%R-MMU-3858494",0.432129514321295,0.638553586779237,-0.404235354212052,-1.03735852552771,346,55,"RPS27A;AP2S1;PSMA7;PSMC5;CLTB;PSMB6;PSMD9;PSMD7;PSMB1;PSMD13;PSMB5;PSME1;PSMD10;PSMD4;CALM1;PFN1"
"BP_negative_regulation_of_vascular_associated_smooth_muscle_cell_proliferation%1904706",0.148325358851675,0.63884532152713,-0.63640660867787,-1.30443908319153,92,15,"CDKN1B;PARK7;GSTP1;PDCD4;SOD2"
"KEGG_Pancreatic_secretion%mmu04972",0.432330827067669,0.644832420033134,0.352268740122778,1.00365563079405,114,35,"PRKCB;RAB3D;GNAS;ATP2A3;RAC1;ADCY3;ATP1A3;ATP2A2;PLCB4;ADCY7;ATP1A1;SLC9A1;ITPR1;RAP1B;PLCB1"
"RA_O-linked_glycosylation%R-MMU-5173105",0.440740740740741,0.646574637413963,0.346387786289788,0.993016313904601,118,31,"GALNT11;POMGNT1;DAG1;POMT1;ST3GAL3;POMT2;GALNT10;POMK;ADAMTS10;C1GALT1"
"RA_Energy_dependent_regulation_of_mTOR_by_LKB1-AMPK%R-MMU-380972",0.441002949852507,0.646574637413963,-0.465374485383579,-1.01728218729921,298,21,"LAMTOR4;LAMTOR2;LAMTOR5"
"RA_Regulation_of_APC/C_activators_between_G1/S_and_early_anaphase%R-MMU-176408",0.439189189189189,0.646574637413963,0.373327471478782,0.993240357741465,129,24,"CDC23;ANAPC1;CUL1;BUB1B;CCNB1;ANAPC2;CDC16;ANAPC5"
"KEGG_TNF_signaling_pathway%mmu04668",0.437125748502994,0.648321334858373,0.302765278149738,0.999040462789209,72,74,"AKT1;MAPK14;CASP8;PIK3R2;PIK3CB;CREB1;CASP7;MAP2K3;MAP3K7;IKBKG;RPS6KA4;RIPK3;MAP2K1;RIPK1;MAPK1;MLKL;MAP2K4;MMP9;MAP2K6;IFI47;CFLAR;ICAM1;ATF6B"
"RA_GPCR_ligand_binding%R-MMU-500792",0.446837146702557,0.650049905926459,-0.424233430675459,-1.01527904502272,331,33,"CXCR4;FPR2;RAMP1;PENK;GAL;CX3CR1;CCL9;HEBP1;CCL6;ADRB2;GPR65"
"RA_E3_ubiquitin_ligases_ubiquitinate_target_proteins%R-MMU-8866654",0.44672131147541,0.650049905926459,-0.432364477298258,-1.02231833329417,326,31,"RPS27A;UBE2V2;UBE2A;UBE2B;PCNA;RNF20;PEX10;UBE2L3;RNF181;UBE2N;PAF1"
"RA_Golgi_Associated_Vesicle_Biogenesis%R-MMU-432722",0.444933920704846,0.650049905926459,0.325137621214245,0.997250803395175,100,44,"AP1M1;ARRB1;GAK;AP3B1;AP1B1;PIK3C2A;DNM2;AP4E1;SORT1;TBC1D8B;CLTC;SNAPIN"
"RA_Fanconi_Anemia_Pathway%R-MMU-6783310",0.451169188445667,0.651303213063873,-0.435298048078913,-1.01966065265712,327,30,"RPS27A;SLX1B;CENPX;RPA3;CENPS"
"RA_Senescence-Associated_Secretory_Phenotype_(SASP)%R-MMU-2559582",0.450488145048815,0.651303213063873,-0.437576930256179,-1.01457348907715,322,28,"RPS27A;CDKN1B;UBE2S;UBE2C;CEBPB"
"RA_Signaling_by_ERBB2%R-MMU-1227986",0.44903988183161,0.651303213063873,-0.463147324488801,-1.00435113772099,303,20,"RPS27A;PTPN18;HSP90AA1;DIAPH1;STUB1"
"BP_T_cell_receptor_signaling_pathway%0050852",0.152892561983471,0.652617886178862,0.398265497585256,1.22407283536624,36,50,"PLCG2;THEMIS2;FCHO1;PDE4D;ICOSL;TRAF6;PDE4B;PTPN22;PSEN1;PLCG1;MAPK1;TNFRSF21;RBCK1;CARMIL2;TEC;PTPN6;CBLB;ABL1"
"BP_establishment_of_protein_localization%0045184",0.152173913043478,0.652617886178862,0.48523990289818,1.26622785891254,48,22,"RIPOR2;FLNA;PLEKHA1;CHMP1B;PLK1;LIMS1;RDX;CARMIL2;HINFP;CEP55"
"BP_positive_regulation_of_insulin_receptor_signaling_pathway%0046628",0.154666666666667,0.652617886178862,0.545749972619368,1.29754485010767,57,15,"OSBPL8;TSC2;MFN2"
"BP_cardiac_muscle_cell_development%0055013",0.154666666666667,0.652617886178862,0.544070503375859,1.29355183723151,57,15,"ATG7;MTOR;VEGFA;SGCB;MYO18B;PLEC;HNRNPU;SLC8A1;ZMPSTE24"
"BP_regulation_of_neurotransmitter_receptor_localization_to_postsynaptic_specialization_membrane%0098696",0.154666666666667,0.652617886178862,0.546524240556285,1.29938570658876,57,15,"KALRN;KIF2C;NETO2;DAG1;TRAF6;MAP2K1"
"BP_positive_regulation_of_autophagy%0010508",0.159090909090909,0.6557640673683,0.38231176626063,1.18577446869018,34,56,"TSC2;XBP1;DEPDC5;BECN1;TBK1;TRIM32;ATG7;KAT5;MAP3K7;PIK3C2A;ATF6;LRRK2;DAPK1;MAP2K1;PRKAA1;ATG13;AMBRA1"
"BP_non-motile_cilium_assembly%1905515",0.162361623616236,0.6557640673683,0.425447400176698,1.23205061563046,43,36,"DCTN1;STIL;C2CD3;CENPJ;IFT140;EXOC5;TOGARAM1;TBC1D32;GORAB;NPHP3;IFT172;CEP89;MKS1;CSNK1D;IFT122;IFT80"
"BP_protein_localization_to_centrosome%0071539",0.16,0.6557640673683,0.481915194274157,1.26600676696564,51,23,"STIL;CEP78;C2CD3;SPAG5;CEP192;AURKA;SNX10;CCDC14;CSNK1D"
"BP_ERK1_and_ERK2_cascade%0070371",0.158940397350993,0.6557640673683,0.469819972258568,1.26321034919619,47,26,"MYC;IQGAP3;ZFP36L2;ATP1A3;MAP2K1;YWHAZ;MAPK1;NLRP12;SMAD4;ABL1;INPPL1"
"BP_G1/S_transition_of_mitotic_cell_cycle%0000082",0.160869565217391,0.6557640673683,0.379677906867192,1.16889928271467,36,53,"POLE;MYC;IQGAP3;NFATC1;PHF8;USP37;CCNB1;PIAS1;SKP2;ITGB1;RB1;CCNF"
"BP_peptidyl-threonine_phosphorylation%0018107",0.162361623616236,0.6557640673683,0.416905642090706,1.22152540853119,43,37,"CAD;AKT1;HIPK2;TBK1;PRKACA;MTOR;PRKDC;LRRK2;LMTK2;MAPK1"
"BP_regulation_of_angiogenesis%0045765",0.159638554216867,0.6557640673683,0.498034765307861,1.22974252124074,52,19,"PIK3CG;PDE3B;ITGA5;NINJ1;SP100;ETS1;MAPK7;NF1;EGLN1"
"BP_telomere_maintenance_via_telomerase%0007004",0.160436137071651,0.6557640673683,-0.620243838337108,-1.31149978612548,102,17,"NHP2;PINX1;HSP90AA1;GAR1;HSP90AB1;TERF1"
"BP_macroautophagy%0016236",0.162361623616236,0.6557640673683,0.413996283525897,1.21300104462088,43,37,"RAB3GAP2;VPS41;BECN1;NBR1;ATG7;EI24;MTOR;PIK3C2A;HDAC10;MYO5A;TBC1D5;PIK3C3;ULK1;PLAA;ATG14;SQSTM1;VCP"
"BP_negative_regulation_of_ubiquitin-dependent_protein_catabolic_process%2000059",0.158878504672897,0.6557640673683,-0.622285439009426,-1.31581673162272,101,17,"RPL23;RPL11;CDKN2A;PSEN2"
"BP_programmed_cell_death%0012501",0.158333333333333,0.6557640673683,0.513741550799318,1.24327796973861,56,17,"PLCG2;GSDME;GATAD2A;NINJ1;KIT;PKM;RELT"
"KEGG_Apoptosis%mmu04215",0.447562776957164,0.65642540620384,-0.465020897460077,-1.02816025794851,302,23,"BIRC5;BAX;BAK1;XIAP"
"KEGG_Axon_guidance%mmu04360",0.445086705202312,0.65642540620384,0.306214128434522,0.998647078617101,76,72,"RAF1;PLCG2;ILK;NFATC3;PLXNB3;PIK3R2;PIK3CB;LIMK1;ITGB1;SSH1;RAC1;PLCG1;MAPK1;SRGAP2;SEMA4D;NCK2;PLXNC1;GNAI3;ABL1;EPHA7;NFATC2;PAK1"
"WP_IL-1_Signaling_Pathway%WP37",0.458781362007168,0.660503751339764,0.348579170350313,0.985681431486892,127,32,"AKT1;TRAF6;MAP3K7;CAPN1;ELP1;MAP2K1;PLCG1;MAPK1;MYD88;IRAK1;SQSTM1;IL1RAP"
"WP_One_carbon_metabolism_and_related_pathways%WP1770",0.466237942122187,0.660503751339764,0.366848556668136,0.991571076885959,144,25,"CHDH;PCYT1A;AHCYL1;PLD1;SHMT1;MTR;MAT2A;CHPT1"
"WP_Sphingolipid_Metabolism_(general_overview)%WP4344",0.464,0.660503751339764,0.420688629679478,1.00020594104577,173,15,"CERK;SGMS2;ASAH1;SGPL1;SPHK2"
"KEGG_Cortisol_synthesis_and_secretion%mmu04927",0.456834532374101,0.666322190866092,0.359298740608561,0.985887533564072,126,30,"GNAS;PRKACA;CREB1;SCARB1;PRKACB;ADCY3;PLCB4;ATF6B;ADCY7;CREB3L2;ITPR1;PLCB1"
"KEGG_Ether_lipid_metabolism%mmu00565",0.464497041420118,0.66645227682017,0.403503769390064,0.981942769905039,156,17,"PAFAH2;PLD1;PLA2G4A;CHPT1;PAFAH1B2;AGPS;PLA2G6;LPCAT2"
"KEGG_Pyruvate_metabolism%mmu00620",0.462078651685393,0.66645227682017,-0.438540343045346,-1.01329141158759,328,29,"ACYP1;GLO1;PDHB;ACYP2"
"KEGG_DNA_replication%mmu03030",0.459533607681756,0.66645227682017,-0.422947039723434,-1.0109828637261,334,34,"SSBP1;RNASEH2C;RPA3;POLE4;POLE3;RNASEH2A;RPA2;PCNA"
"BP_transmembrane_transport%0055085",0.169590643274854,0.667920605850616,0.369809328256036,1.18942664969217,28,73,"ABCA2;SLC35A4;SLC10A3;ABCC4;ABCC8;SLC25A44;SLC31A1;ABCD2;GSDME;ABCA9;ABCC5;ABCC2;ABCC10;SLC35A5;ABCB10;SLC4A5;SLC44A2;SLC35E1;ABCB8;ABCG2;ATP1A1;MFSD14B;ATP13A1"
"BP_protein_autoubiquitination%0051865",0.171314741035857,0.667920605850616,0.38291921576297,1.1840169232881,42,49,"RNF10;WWP2;RAD18;TRIM37;NFX1;RNF41;TRAF6;CUL3;LTN1;BRCA1;DDB2;LRSAM1;RNF115;ERCC8;AMFR;UBE4B;DTX3L;RNF213;ITCH;TRIM11;HECTD1"
"BP_synapse_organization%0050808",0.168674698795181,0.667920605850616,0.493854152013199,1.21941979220368,55,19,"NPTN;FLNA;PSEN1;DVL1;BSN;MYO5A;CAPRIN1"
"BP_synapse_assembly%0007416",0.168674698795181,0.667920605850616,0.494525656764428,1.22107786510004,55,19,"GNPAT;AGRN;PLXNB3;PLXNC1;CAPRIN1"
"BP_negative_regulation_of_Ras_protein_signal_transduction%0046580",0.168674698795181,0.667920605850616,0.495220481449816,1.22279351934739,55,19,"DGKZ;RASAL3;MFN2;RASA3;MAPKAP1;LZTR1;PPP2CB"
"BP_mRNA_transcription_by_RNA_polymerase_II%0042789",0.16796875,0.667920605850616,0.418389787672374,1.22707486906672,42,40,"NCOA2;TAF6;TAF1;AP3B1;FLNA;NR1H2;MED1;CREB1;TAF8;HLTF;RXRA;NCOA1"
"BP_immune_response%0006955",0.167686658506732,0.667920605850616,-0.456944967868638,-1.21070137158465,136,67,"CXCR4;LST1;BCAP31;SLPI;H2-K1;PGLYRP1;H2-T22;H2-Q6;H2-T23;H2-AB1;CX3CR1;H2-Q4;CCL9;CST7;TNFSF14;CCL6;FCGRT;H2-Q7;H2-M3;IGF1R;PNP2"
"BP_regulation_of_protein_localization_to_plasma_membrane%1903076",0.170149253731343,0.667920605850616,-0.594963879700786,-1.29572019058291,113,19,"VAMP8;RACK1;ACTB;STX8;VTI1B;CSNK2A1"
"BP_positive_regulation_of_T_cell_mediated_cytotoxicity%0001916",0.171641791044776,0.667920605850616,-0.593232586264065,-1.29194975688379,114,19,"H2-K1;H2-T22;H2-Q6;H2-T23;H2-Q4;H2-Q7;H2-M3;TAP2;H2-D1;PNP;FADD;B2M"
"BP_apoptotic_mitochondrial_changes%0008637",0.171806167400881,0.667920605850616,-0.580192918212889,-1.28886640552163,116,21,"BAX;FMC1;CDKN2A;SLC25A4;RNF7;SOD2;DAP3"
"RA_Intraflagellar_transport%R-MMU-5620924",0.464235624123422,0.668451806602268,-0.43548585568491,-1.00094420673592,330,27,"DYNLRB1;IFT20;DYNLL1;TUBB2A;TRIP11;CLUAP1;IFT27"
"RA_S_Phase%R-MMU-69242",0.465437788018433,0.668473149628515,-0.361521762370318,-1.01060355130795,403,109,"RPS27A;GMNN;RPA3;RBX1;CDKN1B;POLE4;UBE2S;PSMA7;UBE2C;POLE3;PSMC5;PSMB6;CCNH;PSMD9;PSMD7;GINS1;PSMB1;MNAT1;PCNA;PSMD13;PSMB5;PSME1;GINS4;ANAPC11;PSMD10"
"RA_Gap-filling_DNA_repair_synthesis_and_ligation_in_GG-NER%R-MMU-5696397",0.466666666666667,0.668532654792197,-0.464498799998038,-0.99825822051633,314,17,"RPS27A;RPA3;POLE4;POLE3"
"BP_acrosome_assembly%0001675",0.176943699731904,0.668814432989691,0.515854440879683,1.24535072962233,65,16,"AU040320;POC1B;TBC1D20"
"BP_intracellular_calcium_ion_homeostasis%0006874",0.182539682539683,0.668814432989691,0.388419793091973,1.17640715035039,45,45,"PRKCB;CHERP;NPTN;ATP13A2;PIK3CB;ATP2A3;PSEN1;ATP2A2;ATP2C1"
"BP_neuron_cellular_homeostasis%0070050",0.180685358255452,0.668814432989691,0.484491510633997,1.23229973090757,57,21,"DCTN1;TSC22D4;PSEN1;MINK1;ATP7A;ATP2A2;PRKAA1;SNAPIN;BAP1"
"BP_regulation_of_G_protein-coupled_receptor_signaling_pathway%0008277",0.184375,0.668814432989691,0.465418966579136,1.23783640240022,58,24,"DGKQ;ARRB1;GIT2;PDE4D;RGS14;ITGB1;GIT1;USP33;ZDHHC7"
"BP_transcription_elongation_by_RNA_polymerase_II%0006368",0.183284457478006,0.668814432989691,-0.55854572010152,-1.26206278510715,124,24,"RTF1;GTF2F2;ENY2;ELOB;SUPT4A"
"BP_osteoblast_differentiation%0001649",0.177121771217712,0.668814432989691,0.418105203335654,1.21078839112437,47,36,"MEF2D;AKT1;ADAR;MAPK14;HDAC5;MAP3K7;COL11A2;FTO;SMAD4;MAP2K6"
"BP_endosome_to_lysosome_transport%0008333",0.17578125,0.668814432989691,0.413853491911173,1.21377058992026,44,40,"MGRN1;TRAK1;VPS39;VPS41;UEVLD;TRAK2;TGFBRAP1;PLEKHF2;EPG5;VPS11;SCYL2;RAB7B;VIPAS39;VPS16;SORT1;VPS33A;SNAPIN"
"BP_neuron_development%0048666",0.181208053691275,0.668814432989691,0.451549645769092,1.22580065856642,53,27,"SCYL3;FIG4;MTMR2;XBP1;BECN1;VEGFA;GIT1;PSEN1;DGKG"
"BP_outflow_tract_morphogenesis%0003151",0.186495176848875,0.668814432989691,0.456868659229963,1.23489036604801,57,25,"ILK;TGFBR2;NEDD4;VEGFA;DVL2;DVL1;CRKL;DHRS3;MEF2C;RBPJ;SMARCA4;HIF1A"
"BP_response_to_ischemia%0002931",0.184905660377358,0.668814432989691,0.406855232881261,1.18864610209922,48,38,"HK1;PIK3CB;MAP2K3;PINK1;CSF1R;MAP2K6;EEF2K;STAT3;RCAN1;TRP53;PTK2B;SQSTM1;MEF2C;CASP9"
"BP_mRNA_3'-end_processing%0031124",0.176848874598071,0.668814432989691,0.466910871189256,1.26203390183627,54,25,"CSTF2;CPSF3;PAPOLA;ZC3H3;CSTF1;TUT1"
"BP_regulation_of_blood_pressure%0008217",0.184285714285714,0.668814432989691,-0.54196377650684,-1.24133977543191,128,26,"SOD1;COMT;ATP2B1;WNK1;LNPEP;SOD2;NPR1"
"BP_SCF-dependent_proteasomal_ubiquitin-dependent_protein_catabolic_process%0031146",0.181208053691275,0.668814432989691,0.452112923421109,1.22732976200669,53,27,"FBXW5;FBXO9;CUL1;FBXO38;SKP2;CUL2;CCNF;BTRC"
"BP_positive_regulation_of_endothelial_cell_migration%0010595",0.186379928315412,0.668814432989691,0.432097950528092,1.22184847129865,51,32,"PIK3CG;BCAS3;AKT1;PIK3CB;VEGFA;RAC1"
"BP_embryonic_organ_development%0048568",0.180555555555556,0.668814432989691,0.45634205006422,1.23934406337748,51,28,"WDR48;POLE;MED12;MBD2;SP2"
"BP_positive_regulation_of_cytosolic_calcium_ion_concentration%0007204",0.181132075471698,0.668814432989691,0.407369905845117,1.19014974261531,47,38,"JAK3;PIK3CG;PLCG2;NPTN;PKD1;JAK2"
"BP_erythrocyte_development%0048821",0.184971098265896,0.668814432989691,0.496957083880554,1.21419553846076,63,18,"ALAS1;G6PDX;SH2B3;MED1;NCKAP1L;TMOD3"
"BP_positive_regulation_of_TOR_signaling%0032008",0.175953079178886,0.668814432989691,-0.559380831503574,-1.26394976227664,119,24,"LAMTOR4;LAMTOR2;LAMTOR5"
"BP_chaperone-mediated_protein_folding%0061077",0.1875,0.668814432989691,-0.538021195611725,-1.2404998254784,131,27,"FKBP2;FKBP11;HSP90AB1;PPIB;CRTAP;PPID;CHORDC1;PDCL3;DNAJB6;CCT2;FKBP4"
"BP_negative_regulation_of_proteasomal_ubiquitin-dependent_protein_catabolic_process%0032435",0.182572614107884,0.668814432989691,-0.524583223262932,-1.25499294632213,131,32,"DDRGK1;RPL11;UBXN1;PARK7;HSP90AB1;CSNK2B;NOP53;CSNK2A2"
"BP_ovarian_follicle_development%0001541",0.179271708683473,0.668814432989691,-0.535477287040315,-1.2560685398512,127,29,"SOD1;BAX;BCAS2;CEBPB;TAF4"
"BP_protein_targeting%0006605",0.1875,0.668814432989691,0.454394658345408,1.24793514557927,53,29,"ERBIN;TRAK1;AP3B1;VPS52;TRAK2;PML;YWHAZ"
"BP_positive_regulation_of_protein_serine/threonine_kinase_activity%0071902",0.173020527859238,0.668814432989691,-0.559613999485858,-1.26447661732633,117,24,"HIGD1A;PIM1;CIB1;IP6K2;ADRB2;PIH1D1;EZH2;PDCD10"
"BP_positive_regulation_of_mRNA_splicing,_via_spliceosome%0048026",0.174556213017751,0.668814432989691,-0.583825496994244,-1.28501190601658,117,20,"TRA2A;SLIRP;SNRNP70"
"BP_Wnt_signaling_pathway%0016055",0.190140845070423,0.67131359586088,0.352146278166455,1.17044764052675,26,90,"GRK6;MYC;PKD1;LRP5;CSNK1G2;CSNK1G3;CUL3;MBD2;DDB1;RNF43;MARK2;HBP1;FAM53B;AXIN1;DVL2;PRKAA1;DVL1;BTRC;CCAR2;TMEM131L;CTR9"
"BP_chemotaxis%0006935",0.188888888888889,0.67131359586088,0.447039789834799,1.23311733853678,50,30,"PIP5K1C;PIK3CG;DOCK2;RIPOR2;PIK3C2G;NCKAP1L;RAC1;FER;LGALS9;NINJ1;MOSPD2;KIT"
"BP_nuclear_membrane_reassembly%0031468",0.189792663476874,0.67131359586088,-0.618328240818803,-1.26738395322569,118,15,"CHMP4B;CHMP5;CHMP2A;CHMP3"
"RA_Switching_of_origins_to_a_post-replicative_state%R-MMU-69052",0.470873786407767,0.672847567887241,-0.381019449651013,-1.0039810525397,387,65,"RPS27A;GMNN;RBX1;UBE2S;PSMA7;UBE2C;PSMC5;PSMB6;PSMD9;PSMD7;PSMB1;PSMD13;PSMB5;PSME1;ANAPC11;PSMD10;PSMD4"
"BP_retina_development_in_camera-type_eye%0060041",0.191460055096419,0.673679787085026,-0.513087106228713,-1.24682729401929,138,35,"PFDN5;BAX;UCHL3;RPL24"
"RA_Plasma_lipoprotein_clearance%R-MMU-8964043",0.472673559822747,0.673709402987865,-0.458951460886126,-0.995252261056379,319,20,"RPS27A;AP2S1;NPC2"
"RA_Death_Receptor_Signaling%R-MMU-73887",0.475862068965517,0.676541274817137,0.289100380237506,0.96183809717326,68,93,"ARHGEF11;NET1;KALRN;CASP8;TIAM2;RASGRF2;ABR;ARHGEF6;NCSTN;TBK1;VAV3;ARHGEF3;TRAF6;ECT2;ARHGEF1;CASP2;MAP3K7;PLEKHG2;IKBKG;ADAM17;FGD2;ARHGEF18;RIPK1;SOS2;TAX1BP1;RBCK1;IKBKE"
"BP_vesicle-mediated_transport%0016192",0.19327731092437,0.67777651601181,0.338165315656025,1.16012646656628,22,117,"AP1M1;MIA2;KIF1B;COPG1;AP2A1;GOLPH3L;AP3B1;AP3M1;STX2;VPS41;KIF17;AP2A2;RIN3;OLR1;ARFGAP2;AP1B1;GOSR2;ARL5A;MON1B;VPS33B;SFT2D2;AP2M1;HPS1;AP4E1;VPS11;AP5B1;AP1G2;SCFD2;MYO5A;AP2B1;STX6;VPS33A;STX5A;TBC1D8B"
"BP_positive_regulation_of_protein_import_into_nucleus%0042307",0.19434628975265,0.679230467216333,0.425059504409444,1.21490147600065,54,33,"UBR5;XBP1;MAPK14;FLNA;JAK2;PIK3R2;JUP;ECT2;PTPN22;BRCA1;PSEN1"
"BP_defense_response_to_bacterium%0042742",0.195652173913043,0.681499854099796,-0.441983776324943,-1.1859153901622,161,77,"ROMO1;CAMP;TAB2;FPR2;TMF1;ISG15;FCER1G;HP;CEBPB;H2-K1;PGLYRP1;XIAP;AKIRIN2;PLAC8;NOTCH2;SLC30A1;H2-M3;NAIP5;SPN"
"BP_protein_polyubiquitination%0000209",0.196969696969697,0.683794466403162,0.328452470839795,1.11117135808869,25,102,"UBE4A;MGRN1;RNF123;UBR5;WSB2;TOPORS;UBE2J1;UBE3B;RNF41;PPIL2;RNF114;DTL;TRIM32;TRAF6;CUL3;MKRN2;SKP2;RNF135;DDB2;AXIN1;UBE3C;BTRC;LRSAM1;AMBRA1;CUL4B;KLHL42;RBCK1;PRPF19"
"BP_positive_regulation_of_fat_cell_differentiation%0045600",0.198757763975155,0.687701863354037,0.462859145056636,1.20782553273681,63,22,"CARM1;AKT1;SAV1;LRP5;XBP1;CREB1;ASXL2"
"WP_GPCRs,_Class_A_Rhodopsin-like%WP189",0.516746411483254,0.688082235785416,-0.475629963229518,-0.974896087993922,323,15,"CXCR4;FPR2"
"WP_DNA_Replication%WP150",0.5078125,0.688082235785416,0.325286008190485,0.954015364787386,129,40,"POLE;POLD1;ORC3;CDC6;POLA1;MCM6;MCM2;ORC1;ORC5;MCM4;MCM5;RFC5;MCM10;MCM7;RPA1;ORC4;ORC2;POLE2;POLD2;RFC1"
"WP_Glycolysis_and_Gluconeogenesis%WP157",0.519434628975265,0.688082235785416,0.334575725613699,0.956281505684269,146,33,"HK1;SLC2A3;PFKP;HK3;ENO1;PCX;GPI1;PKM;GOT2"
"WP_Estrogen_signaling%WP1244",0.514110429447853,0.688082235785416,-0.368462261988832,-0.97709823516525,418,68,"POLR2F;POLR2H;GTF2F2;POLR2I;POLR2G;FOS;CCNH;MNAT1;GTF2A2;POLR2E;AK6"
"WP_G1_to_S_cell_cycle_control%WP413",0.509090909090909,0.688082235785416,0.311079993034757,0.964842691264348,111,56,"POLE;MYC;ORC3;E2F6;E2F4;TFDP1;MCM6;MCM2;RB1;ORC1;ORC5;MCM4;RBL1;MCM5;WEE1;CCND3;MCM7;RPA1;ORC4;TRP53;TFDP2;ATM;ORC2;POLE2"
"RA_Conversion_from_APC/C:Cdc20_to_APC/C:Cdh1_in_late_anaphase%R-MMU-176407",0.486238532110092,0.689552376770735,0.400445958748973,0.973710685822327,158,17,"CDC23;ANAPC1;ANAPC2;CDC16;ANAPC5"
"RA_Extracellular_matrix_organization%R-MMU-1474244",0.489583333333333,0.690954545454546,0.302140380492572,0.955048275041788,93,59,"CEACAM1;EMILIN1;ITGB5;ADAM15;ITGB1;ITGB2;MMP19;CAPN1;COL11A2;FURIN;PECAM1;COLGALT1"
"RA_Ub-specific_processing_proteases%R-MMU-5689880",0.490909090909091,0.690954545454546,0.279210082225193,0.964062482119764,53,125,"WDR48;MYC;ARRB1;USP8;USP19;RNF123;USP7;USP47;USP37;BECN1;KAT2A;PSME3;TRAF6;DDX58;PSMD1;SKP2;RHOT1;MAP3K7;DDB2;IKBKG;PSMF1;USP22;TADA2B;IFIH1;RIPK1;USP15;USP33;USP10;USP25;USP12"
"RA_NOD1/2_Signaling_Pathway%R-MMU-168638",0.490620490620491,0.690954545454546,-0.438585138759964,-0.980019267601927,339,23,"RPS27A;TAB2;AAMP"
"BP_ribosome_biogenesis%0042254",0.200814111261872,0.692276910764306,-0.494692166631182,-1.21646344451538,147,38,"RPS28;RPL7A;RSL24D1;ABCF1;NAF1;RPLP0;ZNHIT6;MRPL10;GLUL"
"BP_double-strand_break_repair%0006302",0.204081632653061,0.692276910764306,0.359394931934119,1.1407662255363,39,63,"LIG3;WRN;PRKDC;KAT5;PLK1;ATR;BRCA1;TDP1;NBN;DCLRE1C;RAD54L;DDX1;EME1;XRCC6;RAD50;MSH2;CHEK2;PARP3;TRP53;DTX3L;ATM"
"BP_post-transcriptional_regulation_of_gene_expression%0010608",0.204052098408104,0.692276910764306,-0.540863455036127,-1.23053826005095,140,25,"NPM1;NUDT21;YTHDC1;PUM2;RC3H1;FBXO4;ZC3H7B;RC3H2;SCO1;LARP1;PER1"
"BP_response_to_cadmium_ion%0046686",0.202492211838006,0.692276910764306,-0.595770160053369,-1.25975042264792,129,17,"NUDT1;CDKN1B;SOD2;PCNA;GSS;NPC1;CDK1"
"BP_chondrocyte_differentiation%0002062",0.202492211838006,0.692276910764306,0.472176053936524,1.20097547931349,64,21,"MEF2D;MAPK14;EXT2;RB1;COL11A2;ARID5A;MEF2C;TGFB1;CREB3L2;HIF1A"
"BP_response_to_zinc_ion%0010043",0.203497615262321,0.692276910764306,-0.60722322229573,-1.25639806945388,127,16,"CRIP1;KHK;PAM;SOD2"
"BP_regulation_of_lipid_metabolic_process%0019216",0.208092485549133,0.693598804022832,0.487478236862975,1.1910362473835,71,18,"NCOA2;PLCG2;GOLM1"
"BP_cytoplasmic_microtubule_organization%0031122",0.208480565371025,0.693598804022832,0.417795120265481,1.19413847475686,58,33,"DCTN1;TUBGCP4;TUBG1;TUBGCP6;TUBGCP2;SLAIN2;SLK;AXIN1;DVL1;CAMSAP2"
"BP_negative_regulation_of_osteoblast_differentiation%0045668",0.206153846153846,0.693598804022832,0.459483982437278,1.20707924960545,66,23,"NFATC1;LRP5;HDAC5;NBR1;MEN1;SEMA4D"
"BP_nucleosome_assembly%0006334",0.207366984993179,0.693598804022832,-0.489640559803131,-1.20576873400383,151,39,"ANP32B;NAP1L1;NPM1;POLE3;CHRAC1;NASP;BAZ1A;KAT6A;RSF1;DNAJC9;SET;ASF1A;ATRX;UBN1;BRD2"
"BP_positive_regulation_of_peptidyl-serine_phosphorylation%0033138",0.20703125,0.693598804022832,0.39978260443548,1.17250277479756,52,40,"DOCK7;RAF1;ARRB1;FNIP2;AKT1;MAPKAP1;RPTOR;PINK1;ARAF;AXIN1"
"BP_negative_regulation_of_DNA_binding%0043392",0.208267090620032,0.693598804022832,-0.603243144581241,-1.24816293981267,130,16,"TFAP4;GZMA;SUMO1;MNDAL;ID1;RSF1;IFI203;ILRUN"
"BP_cellular_response_to_amino_acid_stimulus%0071230",0.219945355191257,0.695878667985493,-0.509437662910604,-1.21747117495877,160,31,"LAMTOR4;LAMTOR2;RBX1;LAMTOR5;CEBPB"
"BP_chloride_transmembrane_transport%1902476",0.221864951768489,0.695878667985493,0.43921857961461,1.18718319061226,68,25,"CLIC4;UCP2;PCYOX1;ANO6;PACC1;CLCN6"
"BP_negative_regulation_of_double-strand_break_repair_via_homologous_recombination%2000042",0.215384615384615,0.695878667985493,0.454172788573954,1.19312657193203,69,23,"FBH1;TRP53BP1;KAT5;PLK1;HELB;PARPBP;ABL1"
"BP_cortical_actin_cytoskeleton_organization%0030866",0.218068535825545,0.695878667985493,0.468321580514359,1.19117166137928,69,21,"FMNL3;EPB41;TLN1;NCKAP1L;LLGL2;FMNL1"
"BP_circadian_rhythm%0007623",0.212355212355212,0.695878667985493,0.394922420914997,1.17009368466656,54,41,"NCOA2;THRAP3;AGRN;CREB1;CRY1;MAT2A;METTL3;ATP1A3"
"BP_nuclear-transcribed_mRNA_catabolic_process,_nonsense-mediated_decay%0000184",0.215767634854772,0.695878667985493,-0.509116778079823,-1.21799161126466,155,32,"RBM8A;MAGOHB;UPF3B;MAGOH;DCP2;PYM1;PABPC1;SMG1;UPF2;NCBP2"
"BP_protein_localization_to_cell_surface%0034394",0.224615384615385,0.695878667985493,0.449966029730285,1.18207528069582,72,23,"VCL;TSC2;AP3B1;FLNA;GGA2;GGA1;GGA3;CD177;SLC28A2"
"BP_response_to_starvation%0042594",0.220858895705521,0.695878667985493,0.468638954443211,1.17680190498831,71,20,"BCAS3;CAD;GNPAT;TRIM32;ATG7;ADSL"
"BP_response_to_hypoxia%0001666",0.219354838709677,0.695878667985493,0.346201248425632,1.14810207773268,33,86,"ARNT;RAF1;TSC2;CAT;BECN1;UCP2;NFATC3;TM9SF4;ADSL;PML;VEGFA;PLEKHN1;SCFD1;ADAM17"
"BP_negative_regulation_of_cell_differentiation%0045596",0.212609970674487,0.695878667985493,-0.539969641432787,-1.22008917983672,144,24,"ANP32B;ACTB;BCL7C;HOPX;BRD9;BICRA"
"BP_vasculogenesis%0001570",0.225925925925926,0.695878667985493,0.423916631581376,1.16933427489817,60,30,"TGFBR2;TIPARP;HEG1;PAXIP1;FBXW7;SETD2;FOXM1;SGPL1;SMARCA4;TGFB1;MYO18B;CUL7"
"BP_blood_coagulation%0007596",0.222222222222222,0.695878667985493,0.428945364294847,1.16493952437059,63,28,"PAPSS2;AP3B1;ANO6;HPS1;HPS5;FGL2;NBEAL2;HPS4;F13A1;HPS6"
"BP_negative_regulation_of_TOR_signaling%0032007",0.22289156626506,0.695878667985493,0.476071631693228,1.17551136874497,73,19,"TSC2;RPS6KA1;UBR2;PRKAA1;PREX1"
"BP_muscle_cell_cellular_homeostasis%0046716",0.215311004784689,0.695878667985493,-0.602827512350715,-1.23561219637087,134,15,"SOD1"
"BP_positive_regulation_of_dendritic_spine_morphogenesis%0061003",0.216867469879518,0.695878667985493,0.48036804048381,1.18612001887634,71,19,"KALRN;MFN2;LRP8;STAU2;EEF2K;CAPRIN1;OPA1;DHX36;DNM1L"
"BP_Ras_protein_signal_transduction%0007265",0.21875,0.695878667985493,0.397185183573949,1.16488492666292,55,40,"IQGAP3;DGKZ;USP8;RASGRF2;RSU1;SDCBP;RB1;SOS2;RALB;RAPGEF6;BRAP"
"BP_transcription_by_RNA_polymerase_I%0006360",0.225856697819315,0.695878667985493,-0.579201357708818,-1.22471584529606,144,17,"POLR2F;POLR2L;POLR1C"
"BP_response_to_toxic_substance%0009636",0.224350205198358,0.695878667985493,-0.491457913659316,-1.20269873829198,163,37,"COMT;XPA;BAX;SRSF9;FMC1;GSTP1;FOS;PENK"
"BP_positive_regulation_of_osteoclast_differentiation%0045672",0.219839142091153,0.695878667985493,0.497377130068406,1.20074370353752,81,16,"NEDD9;GNAS;TRAF6;CREB1;ASXL2;RPTOR;CSF1R"
"BP_positive_regulation_of_interleukin-12_production%0032735",0.216867469879518,0.695878667985493,0.477625882905916,1.17934911048124,71,19,"PLCG2;MAPK14;TRAF6;IL16;SYK"
"BP_forebrain_development%0030900",0.223938223938224,0.695878667985493,0.391070405479315,1.15868076229035,57,41,"KDM2B;NUMB;STIL;TOP2B;RAC1;PSEN1;MRTFA"
"BP_regulation_of_neurogenesis%0050767",0.220858895705521,0.695878667985493,0.470668978089831,1.1818995087446,71,20,"DOCK7;ZFP335;NF2"
"BP_behavioral_fear_response%0001662",0.21939586645469,0.695878667985493,-0.597817043941166,-1.23693586199592,137,16,"COMT;DBI;PENK"
"BP_positive_regulation_of_tyrosine_phosphorylation_of_STAT_protein%0042531",0.216666666666667,0.695878667985493,0.491152601698538,1.18861168329001,77,17,"JAK2;CSF1R;PECAM1;KIT;IL6ST;HSF1;ARL2BP;IL31RA;TNFRSF1A;OSBP"
"BP_multicellular_organism_development%0007275",0.219839142091153,0.695878667985493,0.49679108447856,1.19932890074614,81,16,"FLII;MED1;ERBB3;CSF1R;KIT;PDGFRB"
"RA_Assembly_of_the_pre-replicative_complex%R-MMU-68867",0.49569495694957,0.695950774969096,-0.380079036100321,-0.989170982248508,402,60,"RPS27A;GMNN;UBE2S;PSMA7;UBE2C;PSMC5;PSMB6;PSMD9;PSMD7;PSMB1;PSMD13;PSMB5;PSME1;ANAPC11;PSMD10;PSMD4"
"BP_response_to_axon_injury%0048678",0.227134146341463,0.697530307403666,-0.566163865262131,-1.21601196497915,148,18,"SOD1;BAX;TYROBP;FOLR1;SOD2"
"RA_Orc1_removal_from_chromatin%R-MMU-68949",0.498098859315589,0.697586213419594,-0.391596711344539,-0.989145441509804,392,47,"RPS27A;RBX1;PSMA7;PSMC5;PSMB6;PSMD9;PSMD7;PSMB1;PSMD13;PSMB5;PSME1;PSMD10;PSMD4"
"BP_positive_regulation_of_translation%0045727",0.229036295369212,0.701296975201303,-0.442342016531758,-1.15877701073913,182,64,"RPS27L;UPF3B;RPL26;NPM1;RPS4X;ABCF1;SSB;PYM1;UPF3A;SOX4;RPL5;EEF2;RBM3;EIF6;METTL5;CIRBP;EP300"
"BP_positive_regulation_of_inflammatory_response%0050729",0.230971128608924,0.705141269106068,-0.463257783508127,-1.17915711670523,175,48,"FABP4;CTSS;S100A9;LGALS1;NFKBIA;PDCD4;CEBPB;PYCARD;CEBPA;IFI35;S100A8;LPL;TRADD;GPSM3;DDT;AIM2"
"RA_Synthesis_of_DNA%R-MMU-69239",0.507638072855464,0.707501904036557,-0.359964940660883,-0.984348476879031,431,90,"RPS27A;GMNN;RPA3;RBX1;POLE4;UBE2S;PSMA7;UBE2C;POLE3;PSMC5;PSMB6;PSMD9;PSMD7;GINS1;PSMB1;PCNA;PSMD13;PSMB5;PSME1;GINS4;ANAPC11;PSMD10;PSMD4"
"RA_Platelet_Aggregation_(Plug_Formation)%R-MMU-76009",0.507692307692308,0.707501904036557,0.386589784010845,0.961777302759632,164,18,"TLN1;SHC1;SYK;RAP1B;COL1A1;CRK;FN1;COL1A2;APBB1IP"
"BP_regulation_of_neuron_apoptotic_process%0043523",0.233231707317073,0.707878690629012,-0.563832027670966,-1.21100362272133,152,18,"NPM1;BAX;PARK7"
"BP_TORC1_signaling%0038202",0.233231707317073,0.707878690629012,-0.564257763885626,-1.21191802288481,152,18,"LAMTOR4;LAMTOR2;LAMTOR5"
"BP_inner_cell_mass_cell_proliferation%0001833",0.234666666666667,0.710157434402332,0.50488538488896,1.20038747398015,87,15,"NCAPG2;NDEL1;TAF8;PALB2;INTS1"
"KEGG_mRNA_surveillance_pathway%mmu03015",0.498803827751196,0.711806543385491,-0.365344042260075,-0.984786313833649,416,76,"RBM8A;MAGOHB;UPF3B;MAGOH;ACIN1;NUDT21;ALYREF;PYM1;TARDBP;PABPC1;SMG1;UPF3A;NXT1;PABPC4;UPF2;NCBP2"
"RA_Transcriptional_Regulation_by_E2F6%R-MMU-8953750",0.512345679012346,0.712223746380125,0.365192633173093,0.951156268753915,165,21,"E2F6;TFDP1;L3MBTL2;YAF2;RBBP7"
"BP_proteolysis%0006508",0.236842105263158,0.7125,0.282078552381751,1.05213197886545,17,188,"PITRM1;NLRP1A;DPP8;USP8;IDE;TPP2;USP7;USP47;ESPL1;XPNPEP1;USP37;BACE1;CASP8;PREPL;PREP;ADAM15;CTSE;HGF;DPP9;CASP2;TGM2;CASP7;USP54;MMP19;CAPN1;MYSM1;LTA4H;ADAM17;KDM8;BTRC;USP15;DPP3;JOSD1;AOPEP;PEPD;MBTPS1;USP33;USP10;USP12;DNPEP;MMP9"
"BP_fat_cell_differentiation%0045444",0.2375,0.7125,0.368558726142906,1.11881482011036,56,48,"OSBPL8;FBXO9;BBS9;FAM120B;MED1;PIAS1;BCL2L13;TRIM32"
"BP_positive_regulation_of_neuron_projection_development%0010976",0.237179487179487,0.7125,0.350874700534582,1.1381653744422,36,81,"TSC2;NPTN;FIG4;WASHC5;AP2A1;FBXO38;PLXNB3;CBFA2T2;P2RY2;MTOR;KIDINS220;ITGB1;KATNB1;MARK2;SHOC2;ADAM17;RRN3;DVL1;DDX56;PPP2R5B"
"BP_response_to_hydrogen_peroxide%0042542",0.238571428571429,0.713651708522026,-0.518370537928006,-1.1873006924734,166,26,"SOD1;BAK1;PARK7;SOD2"
"RA_Protein-protein_interactions_at_synapses%R-MMU-6794362",0.516819571865444,0.714912577297899,0.392445063754731,0.954255983429091,168,17,"EPB41;FLOT2;PPFIBP1;IL1RAP;HOMER3;PPFIA1;EPB41L2"
"RA_Ion_homeostasis%R-MMU-5578775",0.516819571865444,0.714912577297899,0.375599891943218,0.95314964028026,168,19,"AHCYL1;ASPH;PRKACA;ATP2A3;ATP1A3;ATP2A2"
"BP_smoothened_signaling_pathway%0007224",0.242753623188406,0.714918847697191,0.397704978101807,1.15520577230213,66,35,"MGRN1;CTNNA1;TGFBR2;STIL;HIPK2;2700049A03RIK;RB1;CENPJ;NSDHL"
"BP_regulation_of_cell_shape%0008360",0.241379310344828,0.714918847697191,0.343261558762478,1.11924349239848,41,78,"FMNL3;RHOBTB2;CYFIP1;SYNE3;EPB41;CDC42SE2;MYH9;NF2;PXN;SH3KBP1;PLXNB3;MSN;MKLN1;HCK;VEGFA;RAC1;ARHGAP15;CSF1R;FMNL1;DNMBP;ARHGEF18;TBCCD1;SEMA4D;KIT;TAOK2;WDR1;RDX"
"BP_cellular_response_to_reactive_oxygen_species%0034614",0.240437158469945,0.714918847697191,-0.502432145844049,-1.19488639649378,175,30,"ROMO1;PRDX5;PARK7;FOS;RPS3"
"BP_skin_development%0043588",0.242236024844721,0.714918847697191,0.441396828007256,1.15181986708066,77,22,"WDR48;PKD1;GNAS;JUP;GPR89;ATP7A"
"BP_insulin-like_growth_factor_receptor_signaling_pathway%0048009",0.243816254416961,0.714918847697191,0.404914485796818,1.15732315439473,68,33,"RAF1;AKT1;SHC1;CSF1R;MAP2K1;MAPK1;KIT;PDGFRB"
"BP_lipid_biosynthetic_process%0008610",0.242666666666667,0.714918847697191,0.502671657801771,1.19512423930193,90,15,"ACLY;FASN;BCKDK;PRKAA1;PRPF19;ACSL1;ACSS2;AGPS;ACACA"
"BP_blastocyst_hatching%0001835",0.243243243243243,0.714918847697191,-0.5843584938254,-1.20908894217759,152,16,"NDUFA2;UBE2A"
"BP_protein_localization_to_Golgi_apparatus%0034067",0.245664739884393,0.716292134831461,0.473849590975954,1.15773791727003,84,18,"GAK;GBF1;PACS1;RIPOR1;RAB6A;ATG9A;BICD2"
"BP_positive_regulation_of_autophagosome_assembly%2000786",0.245664739884393,0.716292134831461,0.475317531608169,1.16132447841217,84,18,"RAB3GAP2;BECN1;TRIM32;SNX4;ATG2A;LRSAM1;RALB"
"RA_RHOD_GTPase_cycle%R-MMU-9013405",0.51937984496124,0.716693266453869,0.326431141339903,0.951893428581836,133,34,"ARHGAP1;ESYT1;PIK3R2;ARHGAP39;ANKFY1;DEPDC1B;ADD3;MOSPD2;DIAPH2;ACTN1"
"BP_response_to_interleukin-1%0070555",0.25201072386059,0.720625706245984,0.484443910032391,1.16952095205602,93,16,"TRAF6;MYD88;IRAK1;PRKCI;TLE5;IRAK3;HDAC4;IRAK2;GCLC;RELA;APP;SMPD1"
"BP_endothelial_cell_proliferation%0001935",0.25201072386059,0.720625706245984,0.482173216837682,1.16403915486153,93,16,"XBP1;PIK3CB;PRKX;SCARB1;VEGFA"
"BP_response_to_glucose%0009749",0.248956884561892,0.720625706245984,-0.494926178287675,-1.18679483122,178,33,"SELENOS;KHK;CDKN1B;SELENOT;CTSL"
"BP_reticulophagy%0061709",0.25,0.720625706245984,-0.557609352674247,-1.19763850404375,163,18,"DDRGK1;UFC1;SNX30;UBA5"
"BP_positive_regulation_of_T_cell_proliferation%0042102",0.25,0.720625706245984,0.421759664857355,1.14542443927637,71,28,"JAK3;TYK2;JAK2;NCKAP1L;TRAF6;SASH3;IL6ST;CARMIL2;ADK;NCK2"
"BP_negative_regulation_of_gene_expression_via_chromosomal_CpG_island_methylation%0044027",0.25201072386059,0.720625706245984,0.485017548533683,1.17090580225699,93,16,"MYC;USP7;DNMT1;BRCA1;ZFP445"
"BP_monocyte_differentiation%0030224",0.250666666666667,0.720625706245984,0.498877007629843,1.18610228962612,93,15,"FASN;MYH9;MED1;VEGFA;GMPR2;SP3;MEF2C;IL31RA"
"RA_Processing_of_DNA_double-strand_break_ends%R-MMU-5693607",0.531043593130779,0.72367158604021,-0.389563606790987,-0.952497380931641,401,38,"RPA3;UBE2V2;TIPIN;SUMO2;RMI2;PPP4C;UIMC1"
"RA_Extra-nuclear_estrogen_signaling%R-MMU-9009391",0.533333333333333,0.72367158604021,-0.436472023316131,-0.951766335262054,359,19,"FOXO3;CDKN1B;HSP90AA1"
"RA_Class_I_peroxisomal_membrane_protein_import%R-MMU-9603798",0.525835866261398,0.72367158604021,-0.459246436966229,-0.960965482002769,345,15,"FIS1;PEX16"
"RA_HDACs_deacetylate_histones%R-MMU-3214815",0.528023598820059,0.72367158604021,-0.440463618246775,-0.962828446915142,357,21,"CHD3;SAP30;ARID4B;CHD4;SAP30L;PHF21A;ARID4A"
"RA_Synthesis_of_substrates_in_N-glycan_biosythesis%R-MMU-446219",0.531043593130779,0.72367158604021,-0.389197676277446,-0.951602667335004,401,38,"DPM3;FUOM;AMDHD2;ALG5;NUS1;PMM1;NUDT14;SRD5A3;RENBP;CMAS;ST3GAL1"
"RA_HSP90_chaperone_cycle_for_steroid_hormone_receptors_(SHR)_in_the_presence_of_ligand%R-MMU-3371497",0.532959326788219,0.72367158604021,-0.414890909611976,-0.953607670564566,379,27,"HSP90AA1;HSP90AB1;DYNLL1;DCTN3;DCTN6"
"RA_EGFR_downregulation%R-MMU-182971",0.533434650455927,0.72367158604021,-0.453917472588118,-0.949814713243373,350,15,"RPS27A;SPRY2;CBL"
"RA_DNA_Replication_Pre-Initiation%R-MMU-69002",0.535585042219542,0.724842256657697,-0.365222516155122,-0.971806372834694,443,75,"RPS27A;GMNN;RPA3;POLE4;UBE2S;PSMA7;UBE2C;POLE3;PSMC5;PSMB6;PSMD9;PSMD7;PSMB1;PSMD13;PSMB5;PSME1;ANAPC11;PSMD10;PSMD4"
"BP_nucleus_organization%0006997",0.254411764705882,0.725492889463478,-0.529411302846384,-1.1842575189619,172,22,"CHMP4B;CHMP5;BIN1;CHMP2A;CHMP3"
"RA_G2/M_DNA_damage_checkpoint%R-MMU-69473",0.540540540540541,0.726311036573566,0.323451212115132,0.939271436264662,139,33,"CDC25C;CCNB1;WRN;BLM;KAT5;RMI1;EXO1;ATRIP;YWHAZ;RFC5;TOP3A;CHEK2;RPA1;RAD9A;TOPBP1"
"RA_Regulation_of_TNFR1_signaling%R-MMU-5357905",0.540322580645161,0.726311036573566,-0.392569962930799,-0.95245693573199,401,36,"RPS27A;RACK1;STUB1;XIAP;SPPL2A;TRADD;OTULIN;UBE2L3"
"RA_HDR_through_Single_Strand_Annealing_(SSA)%R-MMU-5685938",0.540540540540541,0.726311036573566,0.351038609671116,0.933940684487297,159,24,"WRN;BLM;KAT5;RMI1;EXO1;ATRIP;ERCC4;RFC5;TOP3A;RPA1;RAD9A;TOPBP1"
"BP_cholesterol_homeostasis%0042632",0.256,0.728021917808219,0.370443679162604,1.12213952168988,63,46,"ABCA2;MIA2;WASHC5;LRP5;XBP1;NR1H2;HSDL2;SCARB1;HDAC9"
"WP_Sphingolipid_Metabolism_(integrated_pathway)%WP4690",0.581769436997319,0.73259855029292,0.382471293827394,0.923343616108628,216,16,"CERK;SGMS2;ASAH1;SGPL1;SPHK2"
"WP_Nucleotide_Metabolism%WP87",0.569364161849711,0.73259855029292,0.387241619679158,0.946132095047793,196,18,"POLD1;POLA1;ADSL;PRPS2;RRM1;IMPDH1;RRM2;RRM2B"
"WP_Alzheimers_Disease%WP2075",0.569620253164557,0.73259855029292,0.30060631320235,0.931088001331517,134,52,"IDE;BACE1;CASP8;NCSTN;CASP7;ATP2A3;CAPN1;ATF6;PSEN1;ADAM17;ATP2A2;MAPK1"
"WP_PPAR_signaling_pathway%WP2316",0.579234972677596,0.73259855029292,-0.381522507905893,-0.911775256897159,423,31,"DBI;FABP4;FABP5;ACAA1A;LPL;ACADM"
"BP_protein_localization_to_chromatin%0071168",0.260869565217391,0.733478397415766,0.433588785611403,1.13144487164819,83,22,"CARM1;TONSL;PLK1;MCM9;CHMP7;MSH2;ESR1;PARP1"
"BP_early_endosome_to_late_endosome_transport%0045022",0.262048192771084,0.733478397415766,0.45727166050935,1.1290906656669,86,19,"PIK3R4;BECN1;FLNA;KIF16B;LMTK2;PIK3C3;WDR81;ATG14"
"BP_endoplasmic_reticulum_to_Golgi_vesicle-mediated_transport%0006888",0.262411347517731,0.733478397415766,0.325700279510902,1.08760620885479,36,94,"COPB1;COPG2;MIA2;COPG1;COPA;TMED7;ARCN1;TRAPPC11;SEC24D;TRAPPC9;TRAPPC12;SEC24C;SEC16A;TRAPPC10;CUL3;SEC16B;STX17;ZW10;SCFD1"
"BP_negative_regulation_of_phosphatidylinositol_3-kinase/protein_kinase_B_signal_transduction%0051898",0.26171875,0.733478397415766,0.384132462500341,1.12660324179802,66,40,"TSC2;XDH;PLEKHA1;SH2B3;DAG1;PIK3CB;INPP5E"
"BP_positive_regulation_of_phagocytosis%0050766",0.262865090403338,0.733478397415766,-0.486242085411285,-1.16597104579166,188,33,"SOD1;CYBA;FPR2;FCER1G;LYAR;PYCARD"
"BP_stress-activated_MAPK_cascade%0051403",0.261333333333333,0.733478397415766,0.493913909712409,1.17430230343018,97,15,"MAPK14;MAP3K7;MAP3K20;MAPK1;TAOK2;MAP2K6;TLR4;PBK;NOD1"
"BP_establishment_or_maintenance_of_cell_polarity%0007163",0.260869565217391,0.733478397415766,0.435103578795732,1.13539770676961,83,22,"CLASP2;RHOBTB2;CTNNA1;RAC1;LIMS1"
"RA_Fc_epsilon_receptor_(FCERI)_signaling%R-MMU-2454202",0.547647768395657,0.734108794301798,-0.36105810480484,-0.960725452819371,453,75,"RPS27A;TAB2;PSMA7;FCER1G;PSMC5;FOS;NFKBIA;PSMB6;LAT2;PSMD9;PSMD7;PSMB1;PSMD13;PSMB5;PSME1;PSMD10;PSMD4"
"RA_Signaling_by_WNT%R-MMU-195721",0.549180327868853,0.734414547720104,0.281268453972585,0.94765664666566,66,112,"PPP2R1B;PRKCB;USP8;VPS35;AP2A1;CUL1;LRP5;DVL3;VPS26A;PSME3;PPP2R5C;RBBP5;CUL3;PSMD1;RNF43;AP2M1;MAP3K7;RAC1;XPO1;GNG12;PSMF1;MEN1;AXIN1;DVL2;CTBP2;YWHAZ;DVL1"
"BP_negative_regulation_of_cell_growth%0030308",0.26438188494492,0.735732966683183,-0.429042117340213,-1.13677120103598,215,67,"BST2;NDUFA13;RACK1;CDKN1B;CDKN2A;PPP1R9B;NDUFS3;RTN4;BMPR2;MNDAL"
"BP_positive_regulation_of_protein_localization_to_cell_surface%2000010",0.26550079491256,0.736871190158387,-0.574716419665116,-1.18913864562155,166,16,"AGAP2;FCER1G;STX4A;TYROBP;HSP90AB1;COMMD1"
"KEGG_Calcium_signaling_pathway%mmu04020",0.520710059171598,0.737009455275709,0.297380960730592,0.976150092446929,87,73,"PRKCB;PLCG2;ORAI2;GNAS;ASPH;PRKACA;HGF;VEGFA;ATP2A3;ERBB3;PRKACB;ADCY3;PHKB;PHKG2;MCU;ATP2A2;PLCG1;GNA15;PDGFRB;PHKA2;P2RX1;PLCB4"
"KEGG_Cholesterol_metabolism%mmu04979",0.522048364153627,0.737009455275709,-0.422923379830994,-0.969020321505268,366,27,"NPC2;TSPO;LPL;APOE;NPC1;VDAC3;ABCA1;VDAC2;VDAC1"
"WP_Toll_Like_Receptor_signaling%WP88",0.596296296296296,0.738008333602507,0.330102755079255,0.910557494082157,160,30,"MAPK14;CASP8;TBK1;TRAF6;IKBKG;IKBKE;NR2C2;MAP2K6;MYD88;IRAK1;TLR4;ABI1;CASP3;IKBKB;IRAK3"
"WP_EBV_LMP1_signaling%WP1243",0.600536193029491,0.738008333602507,0.378335731547105,0.913359742567918,223,16,"MAP3K3;TRAF6;MAP3K7;IKBKG;MAPK1"
"BP_protein_K63-linked_deubiquitination%0070536",0.266871165644172,0.738699386503067,0.450976877705885,1.13245056510614,86,20,"USP8;USP33;USP25;SPATA2;OTUD5;SHMT2;TNFAIP3;USP20;STAMBPL1"
"RA_TNF_signaling%R-MMU-75893",0.557142857142857,0.739791105121294,-0.381277936447975,-0.948094510512393,428,43,"RPS27A;RACK1;TAB2;STUB1;XIAP;SPPL2A;TRADD;OTULIN;UBE2L3"
"RA_RIPK1-mediated_regulated_necrosis%R-MMU-5213460",0.557122708039492,0.739791105121294,-0.409972048222699,-0.937114839206387,394,26,"RPS27A;HSP90AA1;STUB1;XIAP;TRADD;UBE2L3;TNFRSF10B"
"RA_Regulation_of_necroptotic_cell_death%R-MMU-5675482",0.557122708039492,0.739791105121294,-0.409972048222699,-0.937114839206387,394,26,"RPS27A;HSP90AA1;STUB1;XIAP;TRADD;UBE2L3;TNFRSF10B"
"RA_Antigen_Presentation:_Folding,_assembly_and_peptide_loading_of_class_I_MHC%R-MMU-983170",0.559490084985836,0.741159806698884,-0.409494987878776,-0.92959569266718,394,24,"BCAP31;H2-K1;H2-T22;H2-Q6;H2-T23;H2-Q4;H2-Q7;TAP1;H2-M3;TAP2"
"RA_Peptide_hormone_metabolism%R-MMU-2980736",0.564213564213564,0.743916245087205,-0.414445123273634,-0.926078360338856,390,23,"SPCS1;SEC11C;SEC11A;SPCS2;CTSZ"
"RA_C-type_lectin_receptors_(CLRs)%R-MMU-5621481",0.563106796116505,0.743916245087205,-0.360237430924639,-0.953939611407884,463,70,"RPS27A;TAB2;PSMA7;FCER1G;PSMC5;NFKBIA;PSMB6;PSMD9;PSMD7;PSMB1;PYCARD;PSMD13;PSMB5;UBE2M;PSME1;PSMD10;PSMD4;CALM1;EP300;CDC34;PAK2;PSMC1"
"RA_Peroxisomal_protein_import%R-MMU-9033241",0.565891472868217,0.744385278562631,0.318228006555982,0.927972579417341,145,34,"GNPAT;LONP2;CAT;CROT;EHHADH;DECR2;CRAT;ACOX1;IDH1;HSD17B4;ACOX3"
"BP_regulation_of_GTPase_activity%0043087",0.27037037037037,0.744414972001179,0.413097310723737,1.13949019290789,72,30,"ARHGAP1;RAB3GAP2;ALS2;RABGAP1;SIPA1L1;AGRN;TBC1D15;VAV3;MTOR"
"BP_response_to_heat%0009408",0.269817073170732,0.744414972001179,-0.546515060897087,-1.17381008197066,176,18,"SOD1;HSP90AA1"
"RA_activated_TAK1_mediates_p38_MAPK_activation%R-MMU-450302",0.569908814589666,0.74445165339671,-0.445353297353659,-0.931894319921425,374,15,"RPS27A;TAB2"
"RA_DNA_Replication%R-MMU-69306",0.568627450980392,0.74445165339671,-0.343269140629747,-0.949457119800791,492,98,"RPS27A;GMNN;RPA3;RBX1;POLE4;UBE2S;PSMA7;UBE2C;POLE3;PSMC5;PSMB6;PSMD9;PSMD7;GINS1;PSMB1;PCNA;PSMD13;PSMB5;PSME1;GINS4;ANAPC11;PSMD10"
"RA_Platelet_degranulation%R-MMU-114608",0.567961165048544,0.74445165339671,0.29816807266763,0.934135091624255,116,52,"VCL;ACTN4;FERMT3;TLN1;FLNA;ABCC4;TOR4A;HGF;VEGFA"
"BP_positive_regulation_of_DNA_replication%0045740",0.271260997067449,0.744891309407438,-0.511736769009024,-1.15629555234955,184,24,"NPM1;CST3;CACYBP;BAZ1A;PCNA;BRPF3;CDK1"
"BP_receptor_clustering%0043113",0.274143302180685,0.746639309466535,0.446476048968075,1.13560775147549,87,21,"FLNA;AGRN;ITGB2L;ITGB2;LGALS9;DVL1"
"BP_hematopoietic_progenitor_cell_differentiation%0002244",0.274774774774775,0.746639309466535,0.349483470111384,1.08276342772315,60,54,"DOCK7;ZFAT;SAMD9L;ANLN;AP3B1;ADAR;KCNAB2;PSEN1;TOP2A;ZBTB24;KIT;TIFAB;PTPN6;SIN3A"
"BP_lipopolysaccharide-mediated_signaling_pathway%0031663",0.274074074074074,0.746639309466535,0.408300528004944,1.14027668535733,73,31,"PLCG2;AKT1;MAPK14;JAK2;TRAF6;STAT1;CD180;SCARB1;PTPN22;MAPK1;NR2C2;TIFAB;MYD88"
"BP_P-body_assembly%0033962",0.274322169059011,0.746639309466535,-0.575820594413383,-1.18025626701119,171,15,"LSM4;LSM3;TNRC6A;DDX6"
"BP_response_to_wounding%0009611",0.306818181818182,0.746716279069768,-0.49003512069925,-1.12985972795094,215,27,"COMT;BAX;ABHD2;DST;SRSF5;CD2AP;DDIT3"
"BP_DNA_duplex_unwinding%0032508",0.280952380952381,0.746716279069768,0.345440838837131,1.08705650911995,58,59,"FBH1;RECQL;WRN;DDX11;RTEL1;BRIP1;RECQL4;BLM;ERCC6L;CHTF18;POT1A;NBN;HELQ;HELB;RAD54L;UPF1;DDX1;MCM9;ZGRF1;RFC5;XRCC6;RAD50;ASCC3;SMARCAD1;SUPV3L1"
"BP_Rho_protein_signal_transduction%0007266",0.300724637681159,0.746716279069768,0.380561719412953,1.10541008835581,82,35,"ARHGEF11;RIPOR1;LRRK2;PECAM1;GNA12;ABL2;RACGAP1;PLEKHG5;MCF2L;CDC42EP4;ADGRG1;RHOJ;COL1A2;ARHGAP35;CDC42"
"BP_cellular_response_to_starvation%0009267",0.309090909090909,0.746716279069768,0.343010610745698,1.06967788613597,67,57,"TSC2;VPS41;WRN;STK24;ATG7;WIPI2;RIPOR1;MTOR;RRAGC;PIK3C2A;RPTOR;LRRK2;PPM1D;AMBRA1;USP33;SREBF2;RALB"
"BP_regulation_of_postsynapse_assembly%0150052",0.295138888888889,0.746716279069768,0.405855341453281,1.10223111797254,84,28,"NUMB;VPS35;UBE3B;IQGAP1;CYFIP2;ELMO1;CC2D1A;RAC1;ARHGAP33"
"BP_stem_cell_population_maintenance%0019827",0.300138312586445,0.746716279069768,-0.47705826130824,-1.14129603536036,216,32,"TPT1;RTF1;SETD1A;DDX6"
"BP_positive_regulation_of_protein_binding%0032092",0.308550185873606,0.746716279069768,0.371678543884658,1.09225838286443,82,39,"ARRB1;IDE;EPB41;ADD1;HIPK2;AGRN;LRRK2;USP33;RALB"
"BP_skeletal_muscle_cell_differentiation%0035914",0.28,0.746716279069768,0.426985985983322,1.1217059641968,90,23,"MYC;MEF2D;RB1"
"BP_social_behavior%0035176",0.289230769230769,0.746716279069768,0.424002014433575,1.11386697464159,93,23,"TSC2;KALRN;MTOR;RPTOR;ATP1A3;DVL1"
"BP_positive_regulation_of_protein-containing_complex_assembly%0031334",0.301521438450899,0.746716279069768,-0.476105047987617,-1.13901560407572,217,32,"MTLN;BRK1;RACK1;BAX;BAK1;PARK7;RPS3;LGALS3"
"BP_Notch_signaling_pathway%0007219",0.297872340425532,0.746716279069768,-0.446206536209113,-1.1257684858804,223,46,"PSENEN;RPS19;CDKN1B;PSEN2;HP;NFKBIA;NKAP;POFUT1;CEBPA"
"BP_positive_regulation_of_smoothened_signaling_pathway%0045880",0.309333333333333,0.746716279069768,0.462081861145088,1.09862019118257,115,15,"TEDC1;CTNNA1;PDCL;GORAB;IFT172;CHSY1;POR;TUBD1"
"BP_purine_nucleotide_biosynthetic_process%0006164",0.288,0.746716279069768,0.480091277948939,1.14143838119571,107,15,"PRPS1L3;MTHFD1;PRPS2;GART;IMPDH1;PRPSAP1;PPAT"
"BP_DNA_damage_checkpoint_signaling%0000077",0.304347826086957,0.746716279069768,0.379841628682281,1.10331845507372,83,35,"TRP53BP1;MAPK14;ATR;NBN;MAP3K20;ATRIP;PRPF19;HINFP;CHEK2;RAD9A;DTX3L;ATM;TOPBP1;EIF2AK4;ERCC6;USP28"
"BP_positive_regulation_of_transcription_by_RNA_polymerase_I%0045943",0.306748466257669,0.746716279069768,0.436959253993727,1.0972508316408,99,20,"HEATR1;PHF8;MYO1C;MYBBP1A;DHX33;UTP15"
"BP_cell_surface_receptor_protein_tyrosine_kinase_signaling_pathway%0007169",0.294701986754967,0.746716279069768,0.413593704353687,1.11203413765141,88,26,"CASS4;NEDD9;SH2D3C;HCK;ERBB3;CSF1R;PDGFRB"
"BP_response_to_mechanical_stimulus%0009612",0.289156626506024,0.746716279069768,0.451784747508174,1.11554243430252,95,19,"MPO;MBD2;ATR;CLCN6;ASNS;SUN1;PTK2B"
"BP_negative_regulation_of_insulin_receptor_signaling_pathway%0046627",0.281456953642384,0.746716279069768,0.41620775684843,1.11906257058249,84,26,"TSC2;PRKCB;PRKAA1;INPP5K;INPPL1"
"BP_intrinsic_apoptotic_signaling_pathway_by_p53_class_mediator%0072332",0.306801736613604,0.746716279069768,-0.496249620018141,-1.12903568965901,211,25,"HINT1;BAX;PYCARD;MNDAL;RRP8;IFI203;JMY"
"BP_dendrite_development%0016358",0.293685756240822,0.746716279069768,-0.518816127265488,-1.15252126677969,199,21,"LST1;PPP1R9B;TRAPPC4"
"BP_positive_regulation_of_neutrophil_chemotaxis%0090023",0.285333333333333,0.746716279069768,0.483031846960692,1.14842971489981,106,15,"RIPOR2;NCKAP1L;RAC1;MCU;MOSPD2"
"BP_cellular_senescence%0090398",0.278688524590164,0.746716279069768,-0.485524718729358,-1.15467707703411,203,30,"NDUFS6;NPM1;CDKN2A;MNT;ZFP217;KAT6A"
"BP_cellular_response_to_vascular_endothelial_growth_factor_stimulus%0035924",0.288,0.746716279069768,0.482726200657367,1.14770302720997,107,15,"AKT1;XBP1;MAPK14;VEGFA;MAP2K3"
"BP_cellular_response_to_interleukin-1%0071347",0.292857142857143,0.746716279069768,-0.496447574628683,-1.13708728796473,204,26,"CAMP;CEBPB;PYCARD;RC3H1;YY1;EP300"
"BP_heart_looping%0001947",0.291666666666667,0.746716279069768,0.40281517836058,1.10627888998385,83,29,"TGFBR2;STIL;MICAL2;PSEN1;C2CD3;DVL2;DVL1;SETDB2;TMED2;NPHP3;MEF2C;RBPJ;SRF;IFT172;HIF1A;SMAD3"
"BP_SMAD_protein_signal_transduction%0060395",0.304,0.746716279069768,0.467171783081315,1.11072170712788,113,15,"TGFBR2;BECN1;HIPK2;PML;SMAD4"
"BP_positive_regulation_of_intrinsic_apoptotic_signaling_pathway%2001244",0.304283604135894,0.746716279069768,-0.509695068739143,-1.14769186946454,205,23,"FIS1;RACK1;BAX;S100A9;BCAP31;PRKRA;S100A8"
"BP_maturation_of_5.8S_rRNA%0000460",0.290666666666667,0.746716279069768,0.47714117110106,1.13442437086171,108,15,"NOL9;MTREX;EXOSC10;BOP1;PRKDC"
"BP_positive_regulation_of_DNA_repair%0045739",0.288978494623656,0.746716279069768,-0.458034981985297,-1.14013675747135,214,42,"INO80D;MGMT;UBE2V2;RPS3;PCNA;TFPT;UIMC1;CBX8;YY1;SIRT1;INO80;UCHL5"
"BP_positive_regulation_of_peptidyl-threonine_phosphorylation%0010800",0.302949061662198,0.746716279069768,0.462497956467575,1.1165400971513,112,16,"PLK1;RPTOR;AXIN1;MAPK1"
"BP_response_to_peptide_hormone%0043434",0.28125,0.746716279069768,0.408883761672175,1.12294545562085,80,29,"STAT6;LRP5;PLD1;DAG1;STAT1;STAT2;LTA4H;ATP2A2;STAT5B;CCND3;STAT3"
"BP_macrophage_differentiation%0030225",0.280120481927711,0.746716279069768,0.454406259974774,1.12201544698096,92,19,"CASP8;UCP2;EIF2AK1;ASXL2;VEGFA"
"BP_mesoderm_formation%0001707",0.309333333333333,0.746716279069768,0.463689000969101,1.10244123764464,115,15,"NF2;PRKACA;EXT2;TXNRD1;GPI1;SRF;SMAD3"
"BP_lymph_node_development%0048535",0.293333333333333,0.746716279069768,0.476656035579143,1.13327093956597,109,15,"JAK3;RIPK3"
"BP_positive_regulation_of_gluconeogenesis%0045722",0.289156626506024,0.746716279069768,0.451116731055782,1.11389297467918,95,19,"SUPT20;KAT2A;PRKACA;DDB1;CRY1"
"BP_regulation_of_synaptic_vesicle_endocytosis%1900242",0.309333333333333,0.746716279069768,0.463785596560877,1.10267089796336,115,15,"PIP5K1C;DGKQ;SH3GL1;RAC1;LRRK2"
"BP_antigen_processing_and_presentation_of_exogenous_peptide_antigen_via_MHC_class_II%0019886",0.290271132376396,0.746716279069768,-0.570163102397303,-1.16866013711878,181,15,"CTSS;FCER1G;LGMN;H2-AA;H2-AB1"
"BP_fibroblast_migration%0010761",0.297587131367292,0.746716279069768,0.464057346861211,1.12030470168038,110,16,"CLASP2;ILK;IQGAP1;PML"
"BP_autophagosome_maturation%0097352",0.298507462686567,0.746716279069768,-0.462934680397705,-1.1383707968072,219,38,"CHMP4B;VAMP8;CHMP5;GABARAPL2;CHMP2A;GABARAP;LIX1L;CHMP3;MAP1LC3B"
"BP_canonical_Wnt_signaling_pathway%0060070",0.285234899328859,0.746716279069768,0.409775254313107,1.11239767610866,84,27,"LRP5;DVL3;JUP;NDEL1;AXIN1;LATS2;DVL2;DVL1"
"BP_positive_regulation_of_receptor-mediated_endocytosis%0048260",0.296,0.746716279069768,0.473265568235711,1.12520995255426,110,15,"AP2A1;SGIP1;NSF;C3;PPT1;HNRNPK"
"BP_regulation_of_DNA_replication%0006275",0.28686327077748,0.746716279069768,-0.46243059944212,-1.14442320750817,213,40,"GMNN;INO80D;POLE3;NUCKS1;CHRAC1;MEAF6;BAZ1A;TFPT;YY1;JADE2;ZBTB38;INO80E;DSCC1;INO80;UCHL5;RBBP6;FBXO5"
"BP_heart_morphogenesis%0003007",0.288888888888889,0.746716279069768,0.405296337736216,1.13188676693487,77,31,"DVL3;FLNA;DAG1;MTOR;ASXL2;VEGFA;DVL2;RXRA;NCOR2"
"BP_response_to_X-ray%0010165",0.284182305630027,0.746716279069768,0.468532267944983,1.13110783875752,105,16,"BLM;ERCC8;MSH2;TRP53;ERCC6;BRCA2;CASP3"
"BP_cellular_response_to_nerve_growth_factor_stimulus%1990090",0.294701986754967,0.746716279069768,0.41403003413806,1.11320730254824,88,26,"CSTF2;USP8;AKT1;KAT2A;KIDINS220;ACAP2"
"BP_regulation_of_DNA_strand_elongation%0060382",0.306836248012719,0.746716279069768,-0.555500174408224,-1.14937854989986,192,16,"INO80D;NUCKS1;TFPT;YY1;INO80E;INO80;UCHL5"
"BP_negative_regulation_of_cyclin-dependent_protein_serine/threonine_kinase_activity%0045736",0.308411214953271,0.746716279069768,-0.549211834557068,-1.16130327951391,197,17,"TFAP4;CDKN1B;CDKN2A"
"BP_establishment_of_localization_in_cell%0051649",0.289017341040462,0.746716279069768,0.332057182077929,1.07395267247513,49,76,"SH2B2;ARCN1;NEDD4L;UNC13D;ABR;SLC22A3;NEDD4;ATG7;SLC31A1;EIF2AK1;P2RY2;PLA2G4A;GNPTAB;ANO6;MYO1G;PINK1;SYK;SLC40A1;APBA1;ATP7A"
"BP_DNA_replication%0006260",0.311475409836066,0.747371281075941,0.331322644586804,1.06222896147758,56,69,"POLE;POLD1;LIG3;ORC3;WRN;POLA1;TICRR;KAT7;DTL;RECQL4;BLM;CHAF1A;RMI1;CHTF18;HELB;UPF1;ORC1;MCM9;ORC5"
"BP_negative_regulation_of_phagocytosis%0050765",0.311004784688995,0.747371281075941,-0.560849008250483,-1.1495690901938,194,15,"RACK1;PRTN3"
"BP_nuclear-transcribed_mRNA_catabolic_process%0000956",0.311764705882353,0.747371281075941,-0.508322007511664,-1.13708218206322,211,22,"LSM4;LSM7;MRTO4;EXOSC3;POLR2G;EXOSC2"
"BP_positive_regulation_of_innate_immune_response%0045089",0.3125,0.747407834101383,-0.488775438145354,-1.12695531451703,219,27,"FPR2;HMGB2;TRIM56;IFI35;AKIRIN2;TREM3;HMGB1;CD74;NMI;POLR3G"
"KEGG_Basal_transcription_factors%mmu03022",0.533152909336942,0.748682808856131,-0.401236601617342,-0.966547210869408,393,38,"GTF2F2;GTF2H5;TAF15;TAF10;CCNH;MNAT1;GTF2A2;TAF4;TAF3"
"BP_fatty_acid_metabolic_process%0006631",0.313829787234043,0.748862802641233,-0.441102565206374,-1.11289128834639,235,46,"NDUFS6;DBI;FABP4;NAAA;ACAA1A;CYB5A;ALKBH7;LPL"
"RA_SUMOylation_of_transcription_cofactors%R-MMU-3899300",0.574697173620458,0.748968770250735,-0.386444684849168,-0.924842697953049,426,33,"NPM1;DDX17;PARK7;ING2;SUMO2;SUMO1;CBX8"
"BP_regulation_of_centrosome_duplication%0010824",0.317757009345794,0.751325229387095,-0.544234093027458,-1.15077789167778,203,17,"CHMP4B;CHMP5;NPM1;CHMP2A;CHMP3;CHORDC1"
"BP_positive_regulation_of_cardiac_muscle_hypertrophy%0010613",0.317333333333333,0.751325229387095,0.460313963908337,1.09441693681674,118,15,"BECN1;NFATC3;MEF2A;ADK;GSN;MEF2C;PARP1;SLC9A1"
"BP_protein_monoubiquitination%0006513",0.316981132075472,0.751325229387095,0.371827869870442,1.08631206496574,83,38,"MGRN1;RNF10;CUL1;RAD18;TOPORS;TRIM37;NEDD4L;NEDD4;DTL;CUL3;KBTBD8"
"BP_piecemeal_microautophagy_of_the_nucleus%0034727",0.317333333333333,0.751325229387095,0.460388676954517,1.09459457040936,118,15,"ATG7;ATG2A;ATG13;ATG9A;ULK2;ULK1;ATG4D;SNX7;ATG4C;RB1CC1"
"RA_DNA_Damage_Bypass%R-MMU-73893",0.584313725490196,0.755488304717416,-0.371579155231643,-0.922670828016514,446,42,"RPS27A;PCLAF;RPA3;RBX1;POLE4;ISG15;POLE3;UBE2B;PCNA;RCHY1"
"RA_Neddylation%R-MMU-8951664",0.583333333333333,0.755488304717416,-0.333452736884927,-0.956810584413376,524,146,"RPS27A;NEDD8;RBX1;COMMD4;UCHL3;PSMA7;ELOC;ELOB;COMMD3;PSMC5;PSMB6;PSMD9;PSMD7;RNF7;PSMB1;COMMD2;FBXW4;UBE2F;COMMD1;PSMD13;PSMB5;UBE2M;PSME1;PSMD10;DCUN1D5;PSMD4;COMMD8"
"RA_Ion_channel_transport%R-MMU-983712",0.585067319461444,0.755488304717416,-0.353982814370379,-0.927757882295476,477,63,"ATP6V1G1;RPS27A;ATP6V1F;ATP6V0B;ATP6V1D;ATP2B1;ATP2B4"
"RA_Signaling_by_NOTCH%R-MMU-157118",0.581979320531758,0.755488304717416,-0.42447790246382,-0.920495146436427,393,20,"RPS27A;PSENEN"
"RA_G2/M_Transition%R-MMU-69275",0.586776859504132,0.755961949429809,0.268062257169658,0.933421070590135,70,123,"ODF2;PPP2R1B;DCTN1;CKAP5;CUL1;CDC25C;TUBGCP4;TUBG1;CCNB1;TUBGCP6;CLASP1;TUBGCP2;NEDD1;PSME3;PRKACA;PSMD1;CEP78;PLK1;XPO1;PRKAR2B;PSMF1;CDK5RAP2"
"BP_modulation_of_chemical_synaptic_transmission%0050804",0.320574162679426,0.756263592866464,0.336753807580928,1.06562251793899,66,60,"NPTN;VPS35;BACE1;JAK2;ABR;LRP8;PACSIN2;PRKACA;RGS14;ITGB1;PRKAR2B;PLCG1;BSN;PLCB4;STAU1;STAT3;EPHA7;PXK"
"WP_Cholesterol_metabolism_(includes_both_Bloch_and_Kandutsch-Russell_pathways)%WP4346",0.626334519572954,0.760549059481444,0.308977252351054,0.893151713021567,175,34,"FASN;NR1H2;LSS;NSDHL;SREBF2;SQLE;ACSL1;DHCR7;MYLIP"
"BP_protein_localization_to_membrane%0072657",0.326589595375723,0.761284103767654,0.451901249537899,1.10411240489659,112,18,"TM9SF1;TM9SF4;RRAGC;NMT1;TM9SF3;HPS6;RAB32;CRK"
"BP_positive_regulation_of_epidermal_growth_factor_receptor_signaling_pathway%0045742",0.32695374800638,0.761284103767654,-0.551151611751475,-1.12969239057122,204,15,"RALA;SPRY2;PLAUR"
"BP_ribosome_disassembly%0032790",0.327102803738318,0.761284103767654,-0.536713180442468,-1.1348749924678,209,17,"DDRGK1;DENR;MCTS1"
"BP_positive_regulation_of_p38MAPK_cascade%1900745",0.327077747989276,0.761284103767654,0.454807762944763,1.09797480555811,121,16,"XDH;MAP3K3;MAP3K4;VEGFA;MINK1"
"BP_negative_regulation_of_smooth_muscle_cell_proliferation%0048662",0.323763955342903,0.761284103767654,-0.552982855088561,-1.13344587984547,202,15,"COMT;AIF1;BMPR2;NPR1;APOE"
"BP_membrane_organization%0061024",0.325153374233129,0.761284103767654,0.431038489440424,1.08238316658809,105,20,"GNPAT;AP3B1;ATG7;TOR1AIP2;SGCB"
"BP_tRNA_processing%0008033",0.332352941176471,0.762114537444934,-0.500550967966014,-1.11969888865296,225,22,"LAGE3;LSM6;POP5;SSB"
"BP_neural_tube_closure%0001843",0.330275229357798,0.762114537444934,0.340466560718732,1.0677714229586,71,58,"TSC2;MED12;MTHFD1L;STIL;KAT2A;MTHFD1;TRAF6;PRKACA"
"BP_kidney_development%0001822",0.329723225030084,0.762114537444934,-0.405334876801766,-1.08910161190156,273,73,"NDUFS6;CXCR4;COMT;BAX;IFT20"
"BP_nucleocytoplasmic_transport%0006913",0.332,0.762114537444934,0.351546068253896,1.06489531087188,82,46,"NUP160;XPO7;NUP188;NUP107;POM121;NUP214;RGS14;NXT2;CSE1L;XPO1;AXIN1"
"BP_positive_regulation_of_interleukin-1_beta_production%0032731",0.333333333333333,0.762114537444934,0.370815778841439,1.07710124782165,91,35,"NLRP1A;HK1;CASP8;JAK2"
"BP_extrinsic_apoptotic_signaling_pathway%0097191",0.330097087378641,0.762114537444934,-0.456979150772987,-1.10531928645797,237,34,"NDUFA13;SIVA1;BAX;G0S2;PRDX2;BAD"
"BP_negative_regulation_of_type_I_interferon_production%0032480",0.332348596750369,0.762114537444934,-0.499847145254017,-1.12551707828411,224,23,"BANF1;RBX1;TYROBP"
"BP_mitotic_cell_cycle%0000278",0.333333333333333,0.762114537444934,0.316793027698658,1.04798191807878,52,85,"POLE;CDC23;ESPL1;TUBGCP4;TUBG1;TUBGCP6;TBCD;TUBGCP2;NEDD1;KIF18B;RGS14;MYBL2;CUL3;PLK1"
"RA_PIP3_activates_AKT_signaling%R-MMU-1257604",0.593505039193729,0.762884331201072,-0.334485164149477,-0.949305187459991,529,128,"LAMTOR4;RPS27A;LAMTOR2;FOXO3;CDKN1B;PSMA7;PSMC5;LAMTOR5;PSMB6;FOXO4;CHD3;STUB1;PSMD9;PSMD7;PSMB1;CSNK2B;CSNK2A2;XIAP;PIP4K2B;PSMD13;PSMB5;CSNK2A1;LAMTOR3;CBX8;PHLPP2;PSME1;PSMD10;CHD4;PSMD4"
"WP_SIDS_Susceptibility_Pathways%WP1266",0.635838150289017,0.763005780346821,0.367948787774107,0.898994683824138,219,18,"CDCA7L;CC2D1A;CREB1;FOXM1;DEAF1"
"BP_androgen_receptor_signaling_pathway%0030521",0.336448598130841,0.764187406695433,-0.531557333348168,-1.1239730020835,215,17,"DDX17;TMF1;RWDD1;PARK7"
"BP_thymus_development%0048538",0.335793357933579,0.764187406695433,0.368258398364927,1.06643732275284,90,36,"RAF1;NFATC3;PRKDC;PSEN1;RIPK3;MAP2K1;MAPK1;CARMIL2;MAD1L1;ABL1;CRKL;ATM;CTC1;MYB;SRF;ASXL1;TGFBR1"
"BP_positive_regulation_of_cell-matrix_adhesion%0001954",0.336,0.764187406695433,0.454953443859101,1.081672061814,125,15,"ILK;DAG1;JUP;NINJ1;PLEKHA2;PTK2B"
"RA_Regulation_of_signaling_by_CBL%R-MMU-912631",0.597305389221557,0.76602035109735,-0.432718793812971,-0.915906307872685,398,16,"RPS27A"
"RA_Resolution_of_AP_sites_via_the_multiple-nucleotide_patch_replacement_pathway%R-MMU-110373",0.603076923076923,0.766438617815593,0.349468114995481,0.904378169696705,195,20,"POLE;POLD1"
"RA_Integrin_cell_surface_interactions%R-MMU-216083",0.601851851851852,0.766438617815593,0.345765282670037,0.90055709303751,194,21,"ITGB5;ITGB1;ITGB2;PECAM1;ICAM1;COL1A1;FN1;COL1A2"
"RA_Lysosome_Vesicle_Biogenesis%R-MMU-432720",0.600290697674419,0.766438617815593,-0.408114504614323,-0.90684600135185,412,22,"VAMP8;BLOC1S1;CHMP2A;CLTB;AP1S1;CTSZ"
"RA_Negative_regulation_of_MAPK_pathway%R-MMU-5675221",0.602446483180428,0.766438617815593,0.353750492079764,0.897703011921436,196,19,"PPP2R1B;PPP2R5C;MAPK1;PPP2CB;PPP2R5B;BRAP"
"RA_HDR_through_Homologous_Recombination_(HRR)_or_Single_Strand_Annealing_(SSA)%R-MMU-5693567",0.604878048780488,0.766886776145203,-0.35320488830696,-0.929396236727527,495,67,"RPS27A;SLX1B;RPA3;POLE4;POLE3;UBE2V2;TIPIN;SUMO2;RMI2;PPP4C;PCNA;UIMC1"
"RA_Heparan_sulfate/heparin_(HS-GAG)_metabolism%R-MMU-1638091",0.606153846153846,0.766886776145203,0.3622925086388,0.901329331969285,196,18,"NDST2;EXT2;GLB1L;GPC1;HGSNAT;GLB1;GUSB"
"KEGG_Various_types_of_N-glycan_biosynthesis%mmu00513",0.551724137931035,0.767977171845276,0.333389394960142,0.921070880245709,159,29,"STT3B;STT3A;MAN1C1;ST3GAL3;FUT8;ALG11;MAN1A;ALG14"
"KEGG_Drug_metabolism%mmu00982",0.552710843373494,0.767977171845276,-0.458688556845424,-0.948463009655452,366,15,"GSTP1;MGST1;GSTM5;GSTT2;MGST2;GSTK1;GSTM2;GSTM4;GSTO1"
"RA_Degradation_of_beta-catenin_by_the_destruction_complex%R-MMU-195253",0.609632446134347,0.769558446577663,-0.361248579864985,-0.913782327436472,480,48,"RPS27A;RBX1;PSMA7;PSMC5;PSMB6;PSMD9;PSMD7;PSMB1;PSMD13;PSMB5;ZRANB1;PSME1;PSMD10;PSMD4"
"BP_carbohydrate_phosphorylation%0046835",0.340482573726542,0.771661378882424,0.450835034546709,1.088384037665,126,16,"HK1;HK3;PFKFB4;GNE;TKFC;GNPTAB"
"KEGG_Salivary_secretion%mmu04970",0.558299039780521,0.771680348178312,-0.397119726128505,-0.949247069387345,406,34,"CAMP;CST3;ATP2B1;CALM3;CALML4;ATP2B4;KCNN4;CALM1;BST1;ADRB2;ATP1B1;LYZ2"
"RA_Signaling_by_Hedgehog%R-MMU-5358351",0.615846338535414,0.774573341275185,-0.350309479991992,-0.936795201293986,512,76,"RPS27A;RBX1;PSMA7;ERLEC1;PSMC5;PSMB6;PSMD9;PSMD7;PSMB1;PSMD13;PSMB5;PSME1;PSMD10;PTCH1;TUBB2A;PSMD4"
"RA_Signaling_by_the_B_Cell_Receptor_(BCR)%R-MMU-983705",0.616707616707617,0.774573341275185,-0.347970347432506,-0.909152196273513,501,61,"RPS27A;PSMA7;PSMC5;NFKBIA;PSMB6;PSMD9;PSMD7;PSMB1;PSMD13;PSMB5;FKBP1A;PSME1;PSMD10;PSMD4;CD79B;CALM1"
"RA_Ovarian_tumor_domain_proteases%R-MMU-5689896",0.617732558139535,0.774573341275185,-0.402910907105215,-0.895283409137103,424,22,"RPS27A"
"BP_negative_regulation_of_protein_ubiquitination%0031397",0.342741935483871,0.775089605734767,-0.439883450095389,-1.09495411962479,254,42,"UBXN1;SPRY2;PINX1;ISG15;PARK7;BEX3;RPS3;WNK1;TSPO;SOX4"
"RA_Regulation_of_TP53_Activity_through_Phosphorylation%R-MMU-6804756",0.62007623888183,0.775784272201045,-0.365103475629575,-0.925955629284791,487,51,"RPS27A;RPA3;TAF15;TAF10;RMI2;CSNK2B;TAF4;CSNK2A2;TAF3;CSNK2A1"
"BP_intracellular_iron_ion_homeostasis%0006879",0.344504021447721,0.77738081361464,-0.439876598274594,-1.08860656736926,256,40,"SOD1;ATP6V1G1;BOLA2;CISD1;ABCB7;GLRX3;ISCU;FRRS1;TMEM199;ATP6AP1;MECR;IREB2;FXN;TFRC"
"BP_blastocyst_development%0001824",0.346153846153846,0.777722277722278,-0.503412416052912,-1.10802106381959,233,20,"CDK11B;EMG1;RPL13;NASP"
"BP_positive_regulation_of_catalytic_activity%0043085",0.345844504021448,0.777722277722278,0.448810463828246,1.0834964173954,128,16,"MYC;PIK3CG;BCAS3;ATP7A"
"RA_G1/S_Transition%R-MMU-69206",0.623049219687875,0.777775411716793,-0.347455278124109,-0.92916251429557,518,76,"RPS27A;GMNN;RPA3;CDKN1B;POLE4;PSMA7;POLE3;PSMC5;PSMB6;CCNH;PSMD9;PSMD7;PSMB1;MNAT1;PSMD13;PSMB5;PSME1;PSMD10;PSMD4"
"KEGG_Drug_metabolism%mmu00983",0.569688768606225,0.781643227239082,-0.392987113793344,-0.946674847741901,420,38,"NME1;DUT;NME3;GSTP1;MGST1;CMPK1;HPRT;GSTM5;GSTT2;MGST2;ITPA;GSTM2;NME4;GSTM4"
"KEGG_Leishmaniasis%mmu05140",0.571428571428571,0.781643227239082,0.313460861096636,0.934693195815898,123,46,"PRKCB;MAPK14;JAK1;JAK2;ITGB2L;TRAF6;STAT1;ITGB1;ITGB2;MAP3K7"
"BP_regulation_of_growth%0040008",0.352,0.789149028077754,0.452328877254099,1.07543203789656,131,15,"PRKCB;VEGFA;SOCS6;SELENOP;VPS54"
"BP_visual_perception%0007601",0.353697749196142,0.78954465304429,0.398049125446798,1.07590446465856,109,25,"MYO7A;ATF6;MYO5A;OPA1;PDCL;CNNM4"
"BP_protein_O-linked_glycosylation%0006493",0.353697749196142,0.78954465304429,0.39837243404565,1.07677834967106,109,25,"GALNT11;PGM3;POMGNT1;TRAK2;TET3;B3GALT5;GALNT10;POMK"
"RA_RHO_GTPases_Activate_WASPs_and_WAVEs%R-MMU-5663213",0.634304207119741,0.790073603115961,0.328782005568744,0.874944603238185,195,23,"CYFIP1;CYFIP2;NCKAP1L;ABI2;RAC1"
"KEGG_Circadian_entrainment%mmu04713",0.584905660377359,0.792101033295063,0.311934183008725,0.901778437411371,154,36,"PRKCB;GNAS;PRKACA;CREB1;GNG12;PRKACB;ADCY3;MAPK1;PLCB4;GNB5;GNAI3;ADCY7"
"KEGG_Cocaine_addiction%mmu05030",0.585074626865672,0.792101033295063,0.367237200293777,0.905991431300872,195,18,"GNAS;PRKACA;CREB1;PRKACB;GNAI3;ATF6B"
"KEGG_Porphyrin_metabolism%mmu00860",0.598765432098765,0.795168503065788,0.351722483066556,0.910567304103668,193,21,"ALAS1;UGT1A7C;COX15;FECH"
"KEGG_GABAergic_synapse%mmu04727",0.599388379204893,0.795168503065788,0.34418409965369,0.901818380174715,195,22,"PRKCB;PRKACA;TRAK2;GNG12;PRKACB;ADCY3;GLS;GNB5;GNAI3;ADCY7"
"KEGG_Melanoma%mmu05218",0.591489361702128,0.795168503065788,0.304845784067722,0.909037586092377,138,42,"RAF1;AKT1;PIK3R2;PIK3CB;HGF;RB1;DDB2;ARAF;MAP2K1;MAPK1"
"KEGG_Hypertrophic_cardiomyopathy%mmu05410",0.597122302158273,0.795168503065788,0.326866233104472,0.896895279440532,165,30,"ITGB5;DAG1;ITGB1;ATP2A3;ITGA5;SGCB;ATP2A2;PRKAA1"
"RA_APC/C-mediated_degradation_of_cell_cycle_proteins%R-MMU-174143",0.642066420664207,0.795719357565512,-0.345538765418439,-0.899278538224027,521,60,"RPS27A;UBE2S;PSMA7;UBE2C;PSMC5;PSMB6;PSMD9;PSMD7;PSMB1;PSMD13;PSMB5;PSME1;ANAPC11;PSMD10;PTTG1;PSMD4"
"RA_Regulation_of_mitotic_cell_cycle%R-MMU-453276",0.642066420664207,0.795719357565512,-0.345538765418439,-0.899278538224027,521,60,"RPS27A;UBE2S;PSMA7;UBE2C;PSMC5;PSMB6;PSMD9;PSMD7;PSMB1;PSMD13;PSMB5;PSME1;ANAPC11;PSMD10;PTTG1;PSMD4"
"RA_PCNA-Dependent_Long_Patch_Base_Excision_Repair%R-MMU-5651801",0.643076923076923,0.795719357565512,0.353152750382615,0.878590986552321,208,18,"POLE;POLD1"
"RA_Biosynthesis_of_the_N-glycan_precursor_(dolichol_lipid-linked_oligosaccharide,_LLO)_and_transfer_to_a_nascent_protein%R-MMU-446193",0.645120405576679,0.796497342850155,-0.352654882855206,-0.890781152386882,508,47,"DPM3;FUOM;AMDHD2;ALG5;NUS1;PMM1;NUDT14;SRD5A3;RENBP;CMAS;ST3GAL1"
"KEGG_Aldosterone_synthesis_and_secretion%mmu04925",0.603686635944701,0.796866359447005,0.307817414756473,0.917865286657962,130,46,"PRKCB;DAGLB;GNAS;PRKD3;PRKACA;CREB1;SCARB1;PRKACB;ADCY3;ATP1A3"
"RA_Homology_Directed_Repair%R-MMU-5693538",0.646916565900846,0.79696723545334,-0.339572442967191,-0.900802808395141,534,72,"RPS27A;SLX1B;RPA3;POLE4;POLE3;UBE2V2;TIPIN;SUMO2;RMI2;PPP4C;PCNA;UIMC1"
"BP_intracellular_transport%0046907",0.358255451713396,0.798002486863744,0.424306885829638,1.07922068757381,114,21,"GAK;AP3B1;AP3M1;HPS1;HPS5"
"BP_protein_branched_polyubiquitination%0141198",0.361111111111111,0.800925925925926,0.446660596105914,1.08093900177002,129,17,"CDC23;ANAPC1;UBR5;TRAF6;ANAPC2;CDC16;ANAPC5"
"BP_embryonic_placenta_development%0001892",0.361111111111111,0.800925925925926,0.44462505252496,1.0760128935222,129,17,"ARNT;PKD1;MED1"
"KEGG_PPAR_signaling_pathway%mmu03320",0.60989010989011,0.801049696572085,-0.378068131319046,-0.902201733235427,443,33,"DBI;FABP4;FABP5;ACAA1A;LPL;ACADM"
"BP_toll-like_receptor_4_signaling_pathway%0034142",0.363076923076923,0.801859247135843,0.404182085996702,1.06179938304044,117,23,"PIK3AP1;TBK1;TRAF6;MAP3K7"
"BP_platelet-derived_growth_factor_receptor_signaling_pathway%0048008",0.363076923076923,0.801859247135843,0.404593018038918,1.06287891477629,117,23,"PLEKHA1;JAK2;IQGAP1;RGS14;TIPARP;FER;PDGFRB;ABL2;ABL1;SGPL1"
"BP_positive_regulation_of_mitochondrial_translation%0070131",0.365231259968102,0.803199253912903,-0.532972973154826,-1.09243173623272,228,15,"UQCC2;COA3;MPV17L2;C1QBP"
"BP_aorta_development%0035904",0.364485981308411,0.803199253912903,-0.524189962808108,-1.10839476608925,233,17,"CXCR4"
"BP_hippocampus_development%0021766",0.366621067031464,0.804298245614035,-0.438949652101678,-1.0742002073495,267,37,"UQCRQ;PPP1R9B;ATP2B4;ZBTB18;PAFAH1B1;CDK5;YWHAE;GSK3B;EZH2;ANXA3;KDM6B"
"BP_central_nervous_system_development%0007417",0.368029739776952,0.804298245614035,0.354641567799614,1.04219151660668,98,39,"SPTBN1;ALDH3A2;DHX30;ANKLE2;GBA2;ELP3;TPP1;SCIN;TRP53;GSN;MTF1;VPS4B;FKRP"
"BP_RNA_processing%0006396",0.368055555555556,0.804298245614035,0.380540544271782,1.04510453807675,105,29,"EXOSC10;CHERP;ADAR;XRN1;DIS3L;DIS3;FASTKD2;THUMPD2;RNGTT"
"BP_positive_regulation_of_interleukin-8_production%0032757",0.369747899159664,0.806298990184309,-0.462114477065339,-1.07771720414017,263,28,"CAMP;PARK7;LAMTOR5;PYCARD;DDIT3;HMGB1"
"RA_APC/C:Cdc20_mediated_degradation_of_Cyclin_B%R-MMU-174048",0.656296296296296,0.806757237586932,-0.412574079146347,-0.886666372618262,442,17,"RPS27A;UBE2S;UBE2C"
"RA_Neuronal_System%R-MMU-112316",0.659574468085106,0.809020534927919,0.28320290161161,0.897504049403666,123,61,"PRKCB;AP2A1;EPB41;ABCC8;PRKACA;CREB1;KCNAB2;GNG12;PRKAR2B;PRKACB;ADCY3;FLOT2;APBA1"
"RA_G_alpha_(i)_signalling_events%R-MMU-418594",0.661458333333333,0.809567481884058,0.280643689792144,0.887098478529716,126,59,"PPP2R1B;CNR2;PDE4D;PRKACA;RGS14;PLA2G4A;PDE4B;GNG12;PRKAR2B;PRKACB;ADCY3;GNA15;PPP2CB;RGS19;PLCB4;CAMKK1;GNB5;GNAI3;ADCY7;PPP1CA;ANXA1"
"RA_Apoptosis%R-MMU-109581",0.665850673194615,0.813175550994724,-0.338531701079256,-0.887261870726166,543,63,"BAX;BCAP31;ACIN1;HMGB2;DYNLL1;SATB1;BAD;XIAP;ROCK1;TRADD;APIP;CLSPN;HMGB1;VIM;AVEN;TNFRSF10B"
"RA_Cargo_concentration_in_the_ER%R-MMU-5694530",0.667692307692308,0.813659673659674,0.349211362013317,0.868785404429527,216,18,"SEC24D;SEC24C;GOSR2;SEC23A"
"BP_iron-sulfur_cluster_assembly%0016226",0.380177514792899,0.815909912937484,-0.491743843962199,-1.08233829706827,256,20,"NDUFAB1;HSCB;CIAO1;ABCB7;GLRX3;ISCU;BOLA3;FXN;ISCA2;CIAPIN1;CIAO2B;NFU1;CIAO2A"
"BP_response_to_ethanol%0045471",0.382157123834887,0.815909912937484,-0.415559843104338,-1.05506918596885,286,49,"EEF1B2;SOD1;BAK1;GSTP1;FOS;PENK;CBL;TUFM;CDK1;GGH;SDF4;SIRT1;IGF1R;ADIPOR2;POLB;VHL"
"BP_negative_regulation_of_smoothened_signaling_pathway%0045879",0.375,0.815909912937484,0.441836351893044,1.06926411088147,134,17,"MGRN1;UBR5;PRKACA;HERC4;RB1;PRKACB"
"BP_regulation_of_synaptic_plasticity%0048167",0.380794701986755,0.815909912937484,0.391896823216013,1.05369748442947,114,26,"SPG11;BACE1;KAT2A;SIPA1L1;DAG1;PSEN1"
"BP_long-term_synaptic_potentiation%0060291",0.380368098159509,0.815909912937484,0.416586150929015,1.04609181835399,123,20,"NPTN;CKAP5;RASGRF2;SNAP47;RGS14;PSEN1;MAPK1"
"BP_negative_regulation_of_tumor_necrosis_factor_production%0032720",0.382801664355062,0.815909912937484,-0.439726450138927,-1.06358928034707,275,34,"SELENOS;NFKBIL1;GSTP1;TSPO;FLT3;ILRUN;SIRT1;VSIR;RAD21;TRIM30A"
"BP_positive_regulation_of_epithelial_to_mesenchymal_transition%0010718",0.376947040498442,0.815909912937484,0.416505847976127,1.0593788190649,120,21,"TGFBR2;SDCBP;MTOR;SMAD4;TGFB1;OLFM1;SMAD3;TGFBR1;COL1A1"
"BP_nucleotide-excision_repair%0006289",0.381084840055633,0.815909912937484,-0.441122139289946,-1.05777689241914,273,33,"RPA3;XPA;GTF2H5;CETN2;MNAT1;COMMD1;RPA2"
"BP_positive_regulation_of_proteasomal_ubiquitin-dependent_protein_catabolic_process%0032436",0.382157123834887,0.815909912937484,-0.415651026933542,-1.05530069353641,286,49,"DDRGK1;RACK1;RBX1;UBE2V2;PSEN2;SUMO2;STUB1;NOP53;SUMO1;GABARAP;RCHY1"
"BP_Rac_protein_signal_transduction%0016601",0.380697050938338,0.815909912937484,0.440271559623776,1.06288220970712,141,16,"NISCH;CYFIP1;ALS2;ELMO1;ABI2;DOCK5;RAC1"
"BP_positive_regulation_of_glial_cell_proliferation%0060252",0.381333333333333,0.815909912937484,0.445943561744693,1.06025066607573,142,15,"MYC;MTOR"
"KEGG_Fatty_acid_degradation%mmu00071",0.640287769784173,0.816742493175614,0.319274176967358,0.87606327349745,177,30,"ACSL5;ALDH3A2;EHHADH;ALDH9A1;ACOX1;ACSL1;ACOX3;HADHA;HADHB;CPT2"
"KEGG_Nucleocytoplasmic_transport%mmu03013",0.641773628938156,0.816742493175614,-0.336596062162933,-0.926872231714802,549,93,"RBM8A;MAGOHB;UPF3B;MAGOH;ACIN1;ALYREF;SUMO2;RAN;PYM1;TNPO2;SUMO1;UPF3A;EEF1A1;NXT1"
"KEGG_FoxO_signaling_pathway%mmu04068",0.64968152866242,0.816742493175614,0.272009356736227,0.923556862315606,101,86,"RAF1;AKT1;USP7;TGFBR2;CAT;MAPK14;RBL2;CCNB1;PIK3R2;PIK3CB;SKP2;PLK1;ARAF;MAP2K1;PRKAA1;MAPK1;PLK4;SOS2;SMAD4;SGK1;IRS2;PRKAG1"
"KEGG_Neuroactive_ligand-receptor_interaction%mmu04080",0.641025641025641,0.816742493175614,-0.388376969678561,-0.880309387946657,449,26,"FPR2;GZMA;TSPO;PENK;GAL"
"KEGG_Notch_signaling_pathway%mmu04330",0.649056603773585,0.816742493175614,0.296562579016799,0.857340277750112,171,36,"NUMB;DVL3;KAT2A;DTX4;NCSTN;PSEN1;ADAM17;DVL2;CTBP2;DVL1;CTBP1;NCOR2;TLE1;SNW1"
"KEGG_IL-17_signaling_pathway%mmu04657",0.647741935483871,0.816742493175614,-0.356542415714538,-0.884799970836833,501,44,"TAB2;S100A9;HSP90AA1;FOS;HSP90AB1;NFKBIA;CEBPB;S100A8;TRADD;HSP90B1"
"KEGG_Oxytocin_signaling_pathway%mmu04921",0.634730538922156,0.816742493175614,0.283587733514893,0.935759946660538,105,74,"RAF1;PIK3CG;PRKCB;NFATC1;NFATC3;GNAS;PRKACA;PLA2G4A;PRKACB;ADCY3;MAP2K1;PRKAA1;MAPK1;PLCB4;PIK3R5;PRKAG1;EEF2K;GNAI3;RCAN1;NFATC2;ADCY7;PPP1CA"
"KEGG_MicroRNAs_in_cancer%mmu05206",0.64,0.816742493175614,0.266005940886832,0.942288013586167,79,109,"MYC;RAF1;PRKCB;PLCG2;CDC25C;DNMT1;HDAC5;SHC1;PIK3R2;PIK3CB;MTOR;VEGFA;BRCA1;ERBB3;RPTOR;ITGA5;MAP2K1;PLCG1;MAPK1;KIF23;SOS2;PDGFRB;MMP9;RDX;IRS2;GLS"
"KEGG_Small_cell_lung_cancer%mmu05222",0.645,0.816742493175614,0.281164454163496,0.895302095558342,128,59,"MYC;AKT1;PIK3R2;PIK3CB;TRAF6;SKP2;ITGB1;RB1;DDB2;IKBKG"
"BP_lung_morphogenesis%0060425",0.384,0.816786885245902,0.443773015406374,1.05509009554984,143,15,"AP3B1;TGFBR2;HIPK2;HPS1;MAP2K1;MAPK1"
"BP_epigenetic_regulation_of_gene_expression%0040029",0.385416666666667,0.818123721881391,0.386395245478997,1.04938094908039,110,28,"ZFP335;HDAC5;HDAC10;HDAC6;SIRT2"
"RA_SUMOylation_of_DNA_damage_response_and_repair_proteins%R-MMU-3108214",0.675675675675676,0.821352785145889,0.273405402759426,0.87374996652388,124,63,"NUP160;NUP188;NUP107;POM121;NUP214;PIAS1;BLM;PML;BRCA1;NUP133;SMC5;STAG2;SP100;RPA1;NUP93;NUP98;SCMH1"
"RA_Fatty_acyl-CoA_biosynthesis%R-MMU-75105",0.676923076923077,0.821352785145889,0.330472901564999,0.85522102025124,219,20,"ACLY;ACSL5;ACSL1"
"BP_protein_localization_to_nucleus%0034504",0.388038942976356,0.821501014198783,-0.439463272087526,-1.05379905671782,278,33,"RPL11;XPA;TOR1B;CDKN2A;HDGF;ZBTB7A"
"BP_motor_behavior%0061744",0.390173410404624,0.821501014198783,0.43172254054077,1.05481056529931,134,18,"SPG11;DCTN1;B4GALNT1;ATP1A3;PRKAA1;WDR47;VPS54"
"BP_positive_regulation_of_focal_adhesion_assembly%0051894",0.390173410404624,0.821501014198783,0.430547195994748,1.05193889257299,134,18,"PPM1F;MYH9;IQGAP1;VEGFA;RAC1;LIMS1"
"BP_intrinsic_apoptotic_signaling_pathway%0097193",0.390029325513197,0.821501014198783,-0.471302078017822,-1.06493128817073,265,24,"IFI27L2A;SIVA1;BAX;BAK1;BAD;PYCARD"
"RA_Pyruvate_metabolism%R-MMU-70268",0.679331306990882,0.822502206098637,-0.409203103667354,-0.856250644752731,446,15,"GLO1;PDHB"
"RA_Mitotic_G2-G2/M_phases%R-MMU-453274",0.681818181818182,0.822847625845485,0.26511870332058,0.915407470756981,74,125,"ODF2;PPP2R1B;DCTN1;CKAP5;CUL1;CDC25C;TUBGCP4;TUBG1;CCNB1;TUBGCP6;CLASP1;TUBGCP2;NEDD1;PSME3;PRKACA;PSMD1;CEP78;PLK1;XPO1;PRKAR2B;PSMF1;CDK5RAP2"
"RA_Intrinsic_Pathway_for_Apoptosis%R-MMU-109606",0.682539682539683,0.822847625845485,-0.382537676512232,-0.854781114165473,472,23,"BAX;DYNLL1;BAD;XIAP;APIP"
"RA_APC-Cdc20_mediated_degradation_of_Nek2A%R-MMU-179409",0.685376661742984,0.824502266156624,-0.393027949609234,-0.852294826018644,463,20,"RPS27A;UBE2S;UBE2C"
"BP_locomotory_behavior%0007626",0.39453125,0.827320075757576,0.348041070220606,1.02075256914544,100,40,"ABCA2;FIG4;CKAP5;ALS2;IDUA;GIT1;APBA1;ATP7A;ATP1A3;SELENOP;SPG21;WDR47"
"BP_response_to_cold%0009409",0.394276629570747,0.827320075757576,-0.511864101128993,-1.05909168962581,247,16,"HSP90AA1;ACADM;RBM3;PLAC8;METRNL;ADRB2"
"RA_Gluconeogenesis%R-MMU-70263",0.689230769230769,0.827370838117107,0.324657524678586,0.840171578888904,223,20,"SLC25A12;ENO1;SLC25A13"
"RA_Biological_oxidations%R-MMU-211859",0.691358024691358,0.827535521803038,-0.333633248870381,-0.871108854051424,559,62,"COMT;GGCT;TRMT112;FDX1;GSTP1;HSP90AB1;MGST1;GSTM5;ABHD10;GSS;MGST2;SLC26A2;GSTK1;IMPAD1;N6AMT1;PTGES3;ESD;FDXR;CYP39A1;GSTM2;GSTM4;ACY1"
"RA_Glycosaminoglycan_metabolism%R-MMU-1630316",0.692307692307692,0.827535521803038,0.285084115103656,0.874786826275176,152,45,"PAPSS2;NDST2;EXT2;ABCC5;GLB1L;GPC1;ST3GAL3;HMMR"
"KEGG_Longevity_regulating_pathway%mmu04211",0.663157894736842,0.829733100523821,0.278387761161165,0.895709439349327,125,64,"TSC2;AKT1;CAT;PIK3R2;PIK3CB;PRKACA;MTOR;CREB1;RPTOR;PRKACB;ADCY3;PRKAA1;ATG13;ADIPOR1;IRS2;PRKAG1;ULK1;TRP53;ATF6B;ADCY7;SESN1;PRKAB1"
"BP_response_to_bacterium%0009617",0.396844660194175,0.830493462261196,-0.390810021435971,-1.04672141793559,326,72,"LSM5;PSMB9;FABP4;ISG15;CD52;HP;GZMA;PGLYRP1;PENK;PYCARD;LPL;CD79B;RESF1;IRF3;CCDC80;TRIM30A;GAS2L3;SNX3"
"BP_cilium_assembly%0060271",0.4,0.830502215657312,0.298791316357736,1.01530008787663,43,114,"GALNT11;E2F4;CCDC57;FLNA;BBS9;KIF24;TBC1D31;UNC119B;ABCC4;INPP5E;2700049A03RIK;C2CD3;FAM149B;ELMOD3;DNMBP;ATXN10;CENPJ;IFT140;FBXW8;POC1B;TTC39C;PLK4;ASAP1;SNAP29;TOGARAM1;CCDC66;SSX2IP;TMEM67;ALPK1;EHD4;TBC1D32;GSN;CEP19;NPHP3"
"BP_replication_fork_processing%0031297",0.398550724637681,0.830502215657312,0.353884228473396,1.02792050884136,109,35,"FBH1;RECQL;WRN;DDX11;TONSL;RTEL1;ZRANB3;BLM;ATR;ETAA1;PRIMPOL"
"BP_positive_regulation_of_G1/S_transition_of_mitotic_cell_cycle%1900087",0.400826446280992,0.830502215657312,-0.430243111527393,-1.04551224929245,290,35,"RPL17;ANP32B;AIF1"
"BP_regulation_of_mitotic_spindle_assembly%1901673",0.401492537313433,0.830502215657312,-0.490588258145485,-1.06840958422836,268,19,"CHMP4B;CHMP5;CHMP2A;CHMP3"
"BP_regulation_of_reactive_oxygen_species_metabolic_process%2000377",0.402985074626866,0.830502215657312,-0.487639452552986,-1.06198763648554,269,19,"PRCP;FOXO3;PARL;COQ7"
"BP_visual_learning%0008542",0.402173913043478,0.830502215657312,0.349933036401158,1.01644355949285,110,35,"NPTN;CKAP5;PIAS1;ABCC8;RGS14;MTOR;IDUA;CREB1;ITGB1;ATP1A3;KIT;SGK1"
"BP_negative_regulation_of_intrinsic_apoptotic_signaling_pathway%2001243",0.403249630723781,0.830502215657312,-0.472747417523772,-1.06449601081009,272,23,"NDUFA13;PARL;NDUFS3;PLAUR"
"BP_positive_regulation_of_axon_extension%0045773",0.399328859060403,0.830502215657312,0.388579199410829,1.05485773935604,118,27,"ILK;CYFIP1;LIMK1;NDEL1;ANAPC2"
"BP_mitochondrial_calcium_ion_homeostasis%0051560",0.405103668261563,0.831397677212655,-0.518002549393363,-1.06174694198308,253,15,"SMDT1;MAIP1"
"BP_negative_regulation_of_viral_entry_into_host_cell%0046597",0.405286343612335,0.831397677212655,-0.478716363670741,-1.06344186483555,275,21,"IFITM3;TRIM56;TRIM12A;TRIM30A;TRIM12C;SNX3;IFITM6;CD74;IFITM2;TRIM25"
"RA_RHOBTB1_GTPase_cycle%R-MMU-9013422",0.697193500738552,0.831610044313146,-0.389207766868801,-0.844078749474256,471,18,"RNF20;ROCK1;TXNL1;VIM;HNRNPC;CCT2;RBBP6;CPSF7"
"RA_Stimuli-sensing_channels%R-MMU-2672351",0.701754385964912,0.835280590482549,0.297163165355267,0.827163107176086,199,28,"RAF1;ASPH;TRPC4AP;ANO6;CLCN6;SGK1;ANO10;OSTM1;TRPM7;SGK3;STOM"
"BP_cellular_response_to_interferon-beta%0035458",0.411682892906815,0.839541930918024,-0.429852401966539,-1.03075293088431,295,33,"NDUFA13;CALM3;MNDAL;IFI203;CALM1;AIM2;CDC34;IFNAR2;HTRA2;CALM2;UBE2K;IFITM2"
"BP_brown_fat_cell_differentiation%0050873",0.410174880763116,0.839541930918024,-0.505700949041503,-1.04633958776252,257,16,"FABP4;DHRS7B;CEBPB;CEBPA;PLAC8;METRNL;ADRB2"
"BP_negative_regulation_of_release_of_cytochrome_c_from_mitochondria%0090201",0.411214953271028,0.839541930918024,-0.49795332365112,-1.05291763835946,263,17,"HIGD1A;PARL;BAK1"
"RA_trans-Golgi_Network_Vesicle_Budding%R-MMU-199992",0.70935960591133,0.841587136157225,0.278695260483488,0.869142151581549,143,54,"AP1M1;ARRB1;GAK;AP3B1;GBF1;AP1B1;PIK3C2A;DNM2;AP4E1;AP1G2;SORT1;TBC1D8B;CLTC;SNAPIN"
"RA_Signaling_by_EGFR%R-MMU-177929",0.71004243281471,0.841587136157225,-0.366540722481676,-0.835017197855353,501,25,"RPS27A;SPRY2;AAMP;CBL"
"RA_Plasma_lipoprotein_assembly,_remodeling,_and_clearance%R-MMU-174824",0.713324360699865,0.843066786463013,-0.349979101431942,-0.837572954385007,529,33,"RPS27A;AP2S1;NPC2"
"RA_Clathrin-mediated_endocytosis%R-MMU-8856828",0.714285714285714,0.843066786463013,-0.32443651868767,-0.867605906177828,594,76,"RPS27A;VAMP8;NEDD8;AP2S1;ACTB;BIN1;TOR1B;CLTB"
"BP_binding_of_sperm_to_zona_pellucida%0007339",0.414673046251994,0.843981611783469,-0.514085669667942,-1.05371853541356,259,15,"LY6K"
"BP_regulation_of_DNA-binding_transcription_factor_activity%0051090",0.418230563002681,0.849556407821493,0.429273886614474,1.0363321618236,155,16,"USP7;FANCD2;HCK;SYK;KDM8;MAPK1"
"BP_spermatogenesis%0007283",0.423076923076923,0.85015825420623,0.26341862809978,0.991864335491453,32,192,"ODF2;AU040320;KDM2B;WDR48;INPP5B;CNOT7;PGM3;CEP128;CDC25C;AP3B1;RAD18;KDM3A;PLEKHA1;DEDD;SASS6;RNF114;PIAS1;BRIP1;ZFP39;BCKDK;MSH6;EIF4G3;MKRN2;MLH1;ZSCAN21;HERC4;RB1;HPS1;METTL3;B4GALNT1;LRRK2;UBR2;XRN2;ZFP41;SBF1;BAG6;POC1B;VIPAS39;TBC1D20;ACOX1;TTLL5;KIT;GOLGA3;SMAD4;HSF1;PAFAH1B2;TDRD7;CDK16;PATZ1;NR2C2;SYNE1"
"BP_cellular_response_to_UV%0034644",0.424281984334204,0.85015825420623,-0.40292894381986,-1.03391880844099,324,51,"COPS9;RPL26;NPM1;BAX;RBX1;BAK1;NSMCE3;PCNA"
"BP_positive_regulation_of_stress_fiber_assembly%0051496",0.427083333333333,0.85015825420623,0.367495182143386,1.00927716733671,122,29,"PPM1F;NF2;PXN;MTOR;LIMK1;RAC1"
"BP_regulation_of_MAPK_cascade%0043408",0.427083333333333,0.85015825420623,0.369723028352485,1.01539565383786,122,29,"PIK3AP1;RNF41;TLR13;SHOC2;CSF1R;MINK1;TAOK2;PAK1;TAOK3;NF1;VRK2;TNIK;SLA"
"BP_cellular_response_to_oxidative_stress%0034599",0.42274412855377,0.85015825420623,-0.389561853421372,-1.02893651127667,341,66,"SELENOS;AIF1;FOXO3;PRDX5;RWDD1;CST3;STX4A;PARK7;COQ7;PRDX2;PPIA;PENK;SOD2;PRKRA"
"BP_negative_regulation_of_type_I_interferon-mediated_signaling_pathway%0060339",0.42638036809816,0.85015825420623,0.406784269033893,1.02147825779253,138,20,"CNOT7;ADAR;STAT2;METTL3;CACTIN;MAVS"
"BP_regulation_of_Notch_signaling_pathway%0008593",0.424,0.85015825420623,0.432160512704195,1.02748085352688,158,15,"GALNT11;CC2D1A;LLGL2;SREBF2;IL6ST"
"BP_cellular_response_to_xenobiotic_stimulus%0071466",0.427536231884058,0.85015825420623,0.347372023227447,1.00900463525476,117,35,"MYC;PPM1F;BLM;UMPS;PDE4B;RB1;PRKAA1;MCM7;CHEK2;CRKL;FBP1;MEF2C;E2F1;RAP1B"
"BP_positive_regulation_of_mitochondrial_fission%0090141",0.427514792899408,0.85015825420623,-0.472435295595471,-1.03983978566909,288,20,"FIS1;RALA;RALBP1"
"BP_positive_regulation_of_telomere_maintenance_via_telomerase%0032212",0.422222222222222,0.85015825420623,0.361015477269211,1.00822189428627,113,31,"MAP3K4;ATR;POT1A;AURKB;CCT6A;MAPK1;NEK7;PARN;ATM;TCP1;HMBOX1;TNKS"
"BP_regulation_of_chromosome_organization%0033044",0.420560747663551,0.85015825420623,-0.49525496754526,-1.04721198965006,269,17,"INO80D;TFPT;YY1;CENPV;INO80E;INO80;UCHL5"
"RA_Metabolism_of_amino_acids_and_derivatives%R-MMU-71291",0.722411831626849,0.85020628744183,-0.311311458481903,-0.873924852008558,634,111,"PSMA7;NDUFAB1;PSMC5;PSMB6;QDPR;PDHB;PSMD9;PSMD7;PSMB1;SAT1;OAZ1;PSMD13;PSMB5;RIDA;AUH;GPT;ETHE1;PSME1;LIAS;PSMD10;GLUL;PSMD4;MRI1"
"RA_Recognition_of_DNA_damage_by_PCNA-containing_replication_complex%R-MMU-110314",0.725601131541726,0.85020628744183,-0.361998983859397,-0.824670653460257,512,25,"RPS27A;RPA3;RBX1;POLE4;POLE3;UBE2B;PCNA"
"RA_Signaling_by_PTK6%R-MMU-8848021",0.726375176304654,0.85020628744183,-0.366092851952289,-0.836815694092196,514,26,"RPS27A;CDKN1B;SFPQ"
"RA_Signaling_by_Non-Receptor_Tyrosine_Kinases%R-MMU-9006927",0.726375176304654,0.85020628744183,-0.366092851952289,-0.836815694092196,514,26,"RPS27A;CDKN1B;SFPQ"
"BP_negative_regulation_of_extrinsic_apoptotic_signaling_pathway_via_death_domain_receptors%1902042",0.430635838150289,0.854684512428298,0.417026271823688,1.01890375465691,148,18,"RAF1;RFFL;HGF;BRCA1;RNF34;GRINA;CFLAR;ICAM1"
"BP_COPII_vesicle_coating%0048208",0.432216905901116,0.855562144212524,-0.506938669060729,-1.03906936805338,270,15,"TRAPPC2L;TRAPPC1;TRAPPC4;TRAPPC5;TRAPPC3;PDCD6;SAR1A"
"BP_protein_secretion%0009306",0.433691756272401,0.855562144212524,0.353680965853664,1.00010783880734,120,32,"COPG2;MIA2;COPG1;GNPTAB;HPS1"
"BP_release_of_sequestered_calcium_ion_into_cytosol%0051209",0.434375,0.855562144212524,0.385212530050936,1.02451796466843,138,24,"CHERP;PLCG2;FLNA;PLCL2;PLCG1;PLCB4"
"BP_embryonic_limb_morphogenesis%0030326",0.432926829268293,0.855562144212524,-0.482534076951835,-1.03639113529778,283,18,"PSEN2;PBX2;PTCH1;NOTCH2;MEGF8;NOTCH1"
"RA_Intracellular_signaling_by_second_messengers%R-MMU-9006925",0.732662192393736,0.855785921820899,-0.309351064653813,-0.881296171739138,654,140,"LAMTOR4;RPS27A;LAMTOR2;FOXO3;CDKN1B;PSMA7;PSMC5;LAMTOR5;PSMB6;FOXO4;CHD3;STUB1;PSMD9;PSMD7;PSMB1;CSNK2B;CSNK2A2;XIAP;PIP4K2B;PSMD13;PSMB5;CSNK2A1;LAMTOR3;CBX8;PHLPP2;PSME1;PSMD10;CHD4;PSMD4"
"RA_Drug_ADME%R-MMU-9748784",0.734545454545455,0.856209297948428,0.293654046692165,0.837271590065737,201,30,"XDH;SLC22A3;ABCC4;RAC1;ABCC5;ABCC2;NT5C2;IMPDH1;SLC28A2;ADK;NUDT15;SLC29A1;SLC29A3"
"BP_response_to_nutrient_levels%0031667",0.442647058823529,0.857215759438104,-0.46292150403478,-1.03552430576159,300,22,"SOD1;GSTP1;FOXO4;SOD2;INSR;ATF4"
"BP_positive_regulation_of_cilium_assembly%0045724",0.437201907790143,0.857215759438104,-0.497796843259978,-1.02998530011337,274,16,"PPP1R35;IFT20"
"BP_protein_catabolic_process%0030163",0.439306358381503,0.857215759438104,0.304857264314917,0.985981606197049,75,76,"SPG11;IDE;TPP2;AKT1;PREP;ATG7;CUL3;CUL2;CASP7;CAPN1;GGA1;AXIN1;GGA3;EPG5;RIPK1;BTRC;LRSAM1;DPP3"
"BP_monoatomic_cation_transmembrane_transport%0098655",0.43859649122807,0.857215759438104,-0.504224295512038,-1.03350573170044,274,15,"ROMO1"
"BP_positive_regulation_of_cell_growth%0030307",0.440677966101695,0.857215759438104,0.323483180722709,0.999848263031244,103,51,"KDM2B;AKT1;USP47;TRIM32;SDCBP;MTOR;MAPKAP1;RPTOR;ADAM17"
"BP_midbody_abscission%0061952",0.441717791411043,0.857215759438104,0.400615999604393,1.00598908185806,143,20,"KIF20A;STX2;CHMP1B;MTMR4"
"BP_cardiac_muscle_contraction%0060048",0.441971383147854,0.857215759438104,-0.494534462701869,-1.02323514879416,277,16,"CXCR4;PSEN2"
"BP_late_endosome_to_lysosome_transport%1902774",0.441786283891547,0.857215759438104,-0.502503001776019,-1.02997760551146,276,15,"CHMP4B;CHMP5;CHMP2A;CHMP3"
"BP_maturation_of_LSU-rRNA_from_tricistronic_rRNA_transcript_(SSU-rRNA,_5.8S_rRNA,_LSU-rRNA)%0000463",0.440191387559809,0.857215759438104,-0.503472259047718,-1.0319642867458,275,15,"RPL7;PAK1IP1;ZNHIT6;DDX18;ZNHIT3;RPF2"
"BP_neuromuscular_process_controlling_balance%0050885",0.444444444444444,0.857496902106568,0.363518488030237,0.998355700158626,127,29,"ABR;EI24;NBN;ATP1A3;MYO5A;TPP1;TIFAB;ABL2;ABL1"
"BP_positive_regulation_of_apoptotic_signaling_pathway%2001235",0.444099378881988,0.857496902106568,0.388559612197874,1.01394176957545,142,22,"MYC;JAK2;CASP2;PML"
"BP_positive_regulation_of_protein_metabolic_process%0051247",0.445333333333333,0.857617810760668,0.426571711776876,1.01419323057618,166,15,"AKT1;NR1H2;PTK2B;EIF4G1;MAPK7;TGFB1"
"BP_skeletal_system_development%0001501",0.451612903225806,0.858278209492004,-0.407010544901503,-1.01312716532979,335,42,"RPL38;LGALS3;ACP2;PUM2"
"BP_male_gonad_development%0008584",0.45260347129506,0.858278209492004,-0.405260995814105,-1.01315448046189,338,43,"NUDT1;BAX;PRDX4;TMF1;CTSL;HMGB2;EIF2S2;CBL;TFPT;INSR;CD2AP"
"BP_cholesterol_metabolic_process%0008203",0.451737451737452,0.858278209492004,0.336383065888095,0.996650684234394,116,41,"ABCA2;HDLBP;LRP5;CAT;FECH;GBA2;MBTPS1;NSDHL;SREBF2;SQLE"
"BP_memory%0007613",0.454545454545455,0.858278209492004,0.333194578096873,0.993705883746338,114,43,"SPG11;KALRN;BACE1;PDE4D;CRTC1;ABCC8;IDUA;CREB1;PSEN1;ITGA5;ATP1A3;DCAF11"
"BP_cellular_response_to_epidermal_growth_factor_stimulus%0071364",0.451957295373665,0.858278209492004,0.345087452840533,0.997534437572714,126,34,"CAD;AKT1;BECN1;IQGAP1;MED1;ZFP36L2;GIT1;PLCG1;STAT5B"
"BP_response_to_estrogen%0043627",0.45625,0.858278209492004,0.378018738991065,1.00538523247528,145,24,"BCAS3;CTNNA1;RBBP5;ABCC2;PRKAA1;MAPK1"
"BP_positive_regulation_of_DNA-binding_transcription_factor_activity%0051091",0.456221198156682,0.858278209492004,0.321248053617815,0.989965629048385,98,55,"PLCG2;AKT1;LRP5;TRIM37;HIPK2;HDAC5;TRIM32;JUP;TRAF6;TRIM14;DVL2;IKBKE;KIT;PPP2R5B;HSF1;SP100"
"BP_regulation_of_protein_phosphorylation%0001932",0.455598455598456,0.858278209492004,0.335462331526045,0.993922691582586,117,41,"PIK3CG;FNIP2;AGRN;MTOR;STAT2;RPTOR;FER;AXIN1;DVL1;PPP2R5B"
"BP_negative_regulation_of_extrinsic_apoptotic_signaling_pathway%2001237",0.453471196454948,0.858278209492004,-0.45598787760019,-1.02675817717979,306,23,"PARK7;GSTP1;PRDX2;LGALS3"
"BP_ubiquitin-dependent_protein_catabolic_process_via_the_multivesicular_body_sorting_pathway%0043162",0.456425406203841,0.858278209492004,-0.454085232557486,-1.02247394847145,308,23,"CHMP4B;CHMP5;CHMP2A;CHMP3"
"BP_gastrulation%0007369",0.453744493392071,0.858278209492004,-0.45718206947754,-1.01560462401275,308,21,"RACK1;RPS6;SYF2"
"BP_regulation_of_multicellular_organism_growth%0040014",0.454411764705882,0.858278209492004,-0.455956700373659,-1.01994450786262,308,22,"SOD1"
"BP_lung_development%0030324",0.450199203187251,0.858278209492004,0.3317054137403,0.997670093878835,112,44,"TMTC3;AP3B1;TGFBR2;CUX1;VEGFA;HEG1;HPS1;YWHAZ;BAG6;ASAH1;DHCR7;FBXW7;PPP1CA;SP3;EIF4G1;NPHP3"
"BP_actin_filament_bundle_assembly%0051017",0.458333333333333,0.860307414104882,0.41786509868716,1.01125258549184,164,17,"ACTN4;MYH9;ADD1;LCP1;ACTN1;ABL2;CORO1B"
"BP_transcription_initiation-coupled_chromatin_remodeling%0045815",0.460055096418733,0.860427369518279,-0.4105205970579,-0.997585554100287,333,35,"TRMT112;ZNHIT1;DPY30;SETD1A"
"BP_transcription_by_RNA_polymerase_III%0006383",0.459501557632399,0.860427369518279,-0.478717932861597,-1.01224458471957,294,17,"POLR3GL;GTF3C6;POLR1C;POLR1D"
"BP_endothelial_cell_migration%0043542",0.461538461538462,0.861649142224682,0.378167432469134,0.993458048719631,149,23,"PXN;ITGB2L;PRKX;ITGB2;VEGFA;PECAM1;PAXIP1;PTP4A3;ABL1;PLEKHG5;DPP4;TNS3;TGFBR1;PTEN;ZEB2;GIPC1"
"RA_Degradation_of_the_extracellular_matrix%R-MMU-1474228",0.742657342657343,0.862095018383678,-0.347588784521098,-0.806684618749856,530,29,"CTSS;CTSL;CD44"
"RA_Oxidative_Stress_Induced_Senescence%R-MMU-2559580",0.741279069767442,0.862095018383678,-0.363347338243241,-0.807371649530335,509,22,"RPS27A;FOS"
"RA_Mitotic_G1_phase_and_G1/S_transition%R-MMU-453279",0.745624270711785,0.863758157223735,-0.31059999877897,-0.852735613639364,638,92,"RPS27A;GMNN;RPA3;CDKN1B;POLE4;PSMA7;POLE3;PSMC5;PSMB6;CCNH;PSMD9;PSMD7;PSMB1;MNAT1;LIN37;PSMD13;PSMB5"
"BP_response_to_cytokine%0034097",0.463768115942029,0.864257278900945,0.340318419918029,0.988516173437006,127,35,"STAT6;FNTB;MAPKAPK3;STAT1;PML;OSMR;IL6ST;SP100;STAT3"
"BP_tRNA_modification%0006400",0.465818759936407,0.864917887542322,-0.488437127398011,-1.01061922762498,292,16,"METTL1"
"BP_erythrocyte_differentiation%0030218",0.465608465608466,0.864917887542322,-0.398025039543499,-1.00809358185409,351,47,"SELENOW;RPS14;CHMP5;RPS19;TMEM14C;ACIN1;SFXN1;PTPN2;FLVCR1;UBA5"
"BP_positive_regulation_of_protein_catabolic_process%0045732",0.466666666666667,0.864917887542322,0.312167451230429,0.982349570878089,97,59,"DCAF1;VPS35;NEDD4L;RNF41;NEDD4;DTL;TRIM32;ATG7;MSN;DDB1;TIPARP;SGSM3;GGA1;AXIN1;GGA3;FAF1;VPS11;CUL4B;UBXN2A;RDX;STX5A;OAZ2;CBLB;MYLIP;CUL4A"
"BP_autophagy_of_mitochondrion%0000422",0.467455621301775,0.864917887542322,-0.455410500002699,-1.0023678610155,315,20,"FIS1;CDKN2A;FUNDC2"
"RA_Antiviral_mechanism_by_IFN-stimulated_genes%R-MMU-1169410",0.750865051903114,0.868043170885941,0.29244759847802,0.806458242789027,216,27,"FLNB;NEDD4;ABCE1;DDX58;EIF4G3;PLCG1;UBA7"
"BP_single_fertilization%0007338",0.470198675496689,0.868445240508119,0.372124480840772,1.00053536065643,141,26,"WDR48;AP3B1;ANTXR2;HPS1;ADCY3;POC1B;SMAD4"
"KEGG_Autophagy%mmu04136",0.698996655518395,0.869989165763814,0.31638520301987,0.856277774568399,208,27,"PIK3R4;BECN1;ATG7;WIPI2;MTOR;RPTOR;ATG2A;ATG13;PPP2CB;PIK3C3;ATG9A;ULK2"
"KEGG_Viral_myocarditis%mmu05416",0.701923076923077,0.869989165763814,-0.34971197216135,-0.834534099227989,510,33,"ACTB;H2-K1;H2-T22;H2-Q6;H2-T23;H2-AA;H2-AB1;H2-Q4;ACTG1;H2-Q7;H2-M3"
"KEGG_Purine_metabolism%mmu00230",0.710059171597633,0.871886610705931,0.27487254586283,0.902266440985109,119,73,"PAPSS2;XDH;PRPS1L3;AMPD3;PGM1;PDE4D;PDE3B;ADSL;PDE4B;PRPS2;GART;ENTPD1;ENTPD5;ADCY3;RRM1;NT5E;GMPR2;PGM2;ADSSL1;CANT1;NT5C2;IMPDH1;RRM2;ADK;AMPD2;RRM2B"
"KEGG_Terpenoid_backbone_biosynthesis%mmu00900",0.707462686567164,0.871886610705931,0.339315298544515,0.837106787506019,236,18,"FNTB;PCYOX1;DHDDS;ICMT"
"KEGG_Cell_adhesion_molecules%mmu04514",0.714285714285714,0.872404508253425,-0.338453579015969,-0.853652512263699,564,48,"H2-K1;H2-T22;H2-Q6;H2-T23;H2-AA;H2-AB1;H2-Q4;H2-Q7;H2-M3;SPN;VSIR;NLGN2;ALCAM;H2-D1;ITGB7"
"KEGG_Spinocerebellar_ataxia%mmu05017",0.717090069284065,0.872404508253425,-0.314438517943431,-0.877373843234693,620,105,"SEM1;PSMB4;PSMA7;SLC25A4;PSMA3;PSMC5;PSMB6;ATG101;PSMD9;PSMD7;PSMB1;PSMA6;PSMA2;PSMA4;PSMD13;PSMB5;PUM2;PSMA5;PSMD4"
"KEGG_Basal_cell_carcinoma%mmu05217",0.721385542168675,0.873604509782248,-0.384245960513201,-0.815097074077604,478,17,"BAX;BAK1;GADD45A;PTCH1;GADD45B;GSK3B;APC"
"BP_determination_of_left/right_symmetry%0007368",0.476702508960574,0.875169336579543,0.34452457285899,0.974216198336747,132,32,"GALNT11;STIL;AP1B1;PSKH1;IFT140;DISP1;TMEM67;RTTN;TBC1D32;NPHP3;IFT172"
"BP_positive_regulation_of_G2/M_transition_of_mitotic_cell_cycle%0010971",0.476923076923077,0.875169336579543,0.376293386196058,0.988534868683993,154,23,"CDC25C;CCNB1;DTL;RRM1;RRM2B;SIN3A;MTA3;VPS4B"
"BP_positive_regulation_of_receptor_signaling_pathway_via_JAK-STAT%0046427",0.477211796246649,0.875169336579543,0.413175868679798,0.997469109009257,177,16,"WDR48;TYK2;JAK2;CENPJ;ADIPOR1;KIT;CRLF3"
"BP_RNA_catabolic_process%0006401",0.475770925110132,0.875169336579543,-0.447920839133777,-0.995031314189109,323,21,"RNASEH2C;EXOSC3;RNASEH2A;EXOSC2;EXOSC7;EXOSC8;EXOSC5;EXOSC9;RNASEH2B"
"RA_Cardiac_conduction%R-MMU-5576891",0.760135135135135,0.876959182543199,0.305927872154773,0.813923250754833,224,24,"AHCYL1;ASPH;PRKACA;ATP2A3;ATP1A3;ATP2A2"
"RA_Metabolism_of_water-soluble_vitamins_and_cofactors%R-MMU-196849",0.764044943820225,0.879667287056823,0.267203983625872,0.849024778310314,135,65,"SLC2A3;MTHFD1L;FASN;PANK4;MTHFD1;SHMT1;MTR;NADK"
"RA_DNA_Double-Strand_Break_Repair%R-MMU-5693532",0.76905311778291,0.882364219915802,-0.306544545578143,-0.848054474668836,665,99,"RPS27A;SLX1B;RPA3;UBXN1;POLE4;POLE3;UBE2V2;TIPIN;BARD1;SUMO2;RMI2;PPP4C;SUMO1;PCNA;UIMC1"
"RA_G2/M_Checkpoints%R-MMU-69481",0.775029446407538,0.882364219915802,-0.309513101219671,-0.84186437761951,657,85,"RPS27A;RPA3;PSMA7;UBE2V2;PSMC5;PSMB6;PSMD9;PSMD7;RMI2;PSMB1;UIMC1;PSMD13;PSMB5;PSME1;PSMD10;CDK1;PSMD4;CLSPN"
"RA_Base_Excision_Repair%R-MMU-73884",0.774193548387097,0.882364219915802,-0.345225027797608,-0.793483845877837,551,27,"RPA3;POLE4;POLE3;UNG"
"RA_Resolution_of_Abasic_Sites_(AP_sites)%R-MMU-73933",0.771509167842031,0.882364219915802,-0.350253008955366,-0.800608952711982,546,26,"RPA3;POLE4;POLE3;UNG"
"RA_HDR_through_Homologous_Recombination_(HRR)%R-MMU-5685942",0.774445893089961,0.882364219915802,-0.327096315441074,-0.808620064801073,593,40,"RPS27A;SLX1B;RPA3;POLE4;POLE3;RMI2;PCNA"
"RA_Activation_of_the_pre-replicative_complex%R-MMU-68962",0.775790921595598,0.882364219915802,-0.33517973338044,-0.785139256204934,563,30,"GMNN;RPA3;POLE4;POLE3"
"KEGG_Mismatch_repair%mmu03430",0.736296296296296,0.883555555555556,-0.366678341300991,-0.809442318585212,496,22,"SSBP1;RPA3;RPA2;PCNA"
"KEGG_Circadian_rhythm%mmu04710",0.735562310030395,0.883555555555556,0.326447066275529,0.833773627982806,241,20,"CUL1;CREB1;CRY1;PRKAA1;BTRC;NFIL3;PRKAG1"
"BP_vasculature_development%0001944",0.483253588516747,0.884686463633832,-0.488257698271359,-1.00077908621574,302,15,"ANP32B"
"BP_collagen_fibril_organization%0030199",0.485549132947977,0.887323943661972,0.408096273918794,0.997085444854543,167,18,"ANTXR2;VPS33B;COL11A2;ATP7A;VIPAS39;PLOD1;NF1;TGFBR1;COL1A1;SELENON;COL1A2"
"BP_positive_regulation_of_reactive_oxygen_species_metabolic_process%2000379",0.487444608567208,0.887834071159207,-0.440095835850242,-0.99097370873138,329,23,"ROMO1;PARK7;TSPO;PLAU;GADD45A;DCXR"
"BP_triglyceride_metabolic_process%0006641",0.487538940809969,0.887834071159207,-0.463549322258912,-0.980170699689809,312,17,"DBI;APOE"
"RA_Metabolism_of_nucleotides%R-MMU-15869",0.792127921279213,0.89372348633306,-0.310414578884264,-0.807866429702684,643,60,"NME1;APRT;NT5C;DNPH1;NME3;CMPK1;GUK1;AK6;DTYMK"
"RA_Deadenylation_of_mRNA%R-MMU-429947",0.789244186046512,0.89372348633306,-0.348058657513665,-0.77339961759125,542,22,"PAIP1;EIF4A2;PABPC1;EIF4B"
"RA_Transcriptional_activity_of_SMAD2/SMAD3:SMAD4_heterotrimer%R-MMU-2173793",0.791784702549575,0.89372348633306,-0.343146300547843,-0.778977355977756,558,24,"RPS27A"
"RA_RND1_GTPase_cycle%R-MMU-9696273",0.790540540540541,0.89372348633306,0.293376184360714,0.780529397295702,233,24,"WDR6;PIK3R2;KIDINS220;FLOT2;DEPDC1B"
"BP_regulation_of_circadian_rhythm%0042752",0.492063492063492,0.894504211491952,0.32156344901342,0.973919319866245,123,45,"USP7;ATG7;MTOR;PRKDC;DDB1;PML;CRY1;TOP2A;PRKAA1;BTRC;CCAR2"
"BP_negative_regulation_of_cold-induced_thermogenesis%0120163",0.493377483443709,0.895324873801695,0.368133107994489,0.989803710695522,148,26,"DOCK7;NR1H2;PLCL2;RB1;ADAM17"
"BP_somatic_stem_cell_population_maintenance%0035019",0.494423791821561,0.895657759006598,0.327548159404395,0.962571632900847,132,39,"RAF1;MED12;LRP5;MED15;ZFP36L2"
"RA_Nuclear_Envelope_(NE)_Reassembly%R-MMU-2995410",0.79923273657289,0.896960611405056,-0.313866625761878,-0.788829507009421,624,46,"CHMP4B;BANF1;CHMP2A;RAN;SUMO1;CHMP3"
"RA_Telomere_Maintenance%R-MMU-157579",0.799472295514512,0.896960611405056,-0.320768189164369,-0.79319531518854,605,41,"RPA3;NHP2;GAR1;TEN1;PCNA;TERF1;TERF2;ATRX;DSCC1;POLD4;RFC3;DKC1"
"RA_Extension_of_Telomeres%R-MMU-180786",0.801849405548217,0.896960611405056,-0.319124753615743,-0.785038899331762,606,39,"RPA3;NHP2;GAR1;TEN1;PCNA;TERF1;TERF2"
"RA_Nucleotide_catabolism%R-MMU-8956319",0.802962962962963,0.896960611405056,-0.349504403915151,-0.751122810901629,541,17,"NT5C;DNPH1"
"RA_Sphingolipid_metabolism%R-MMU-428157",0.801762114537445,0.896960611405056,0.266015569463634,0.815913702550064,181,44,"ESYT1;CERK;SGMS2;GLB1L;B4GALNT1;GBA2;SMPD4;ASAH1;SGPL1;GLTP"
"RA_COPI-independent_Golgi-to-ER_retrograde_traffic%R-MMU-6811436",0.805460750853242,0.897969114317575,0.283297456380909,0.776207060590164,235,26,"DCTN1;RAB3GAP2;PLA2G4A;ACTR1A;PAFAH1B2;RAB6A;CAPZA2;BICD2"
"RA_Signaling_by_TGFB_family_members%R-MMU-9006936",0.809032258064516,0.900120663650075,-0.312956788394106,-0.782657633626019,626,44,"RPS27A;NEDD8;STUB1;BMPR2;CBL;UBE2M;FKBP1A;CDK9"
"RA_TCF_dependent_signaling_in_response_to_WNT%R-MMU-201681",0.810588235294118,0.900120663650075,-0.297817760441581,-0.805622508469483,688,81,"RPS27A;RBX1;PSMA7;PSMC5;PSMB6;PSMD9;PSMD7;PSMB1;CSNK2B;CSNK2A2;SOX4;XIAP;PSMD13;PSMB5;CSNK2A1;CHD8;PSME1;PSMD10;PSMD4"
"BP_positive_regulation_of_double-strand_break_repair_via_homologous_recombination%1905168",0.5,0.90418118466899,0.327238557624756,0.959741901170441,127,40,"WDR48;BLM;KAT5;SKP2;ACTL6A;VPS72;HELQ"
"BP_retrograde_vesicle-mediated_transport,_Golgi_to_endoplasmic_reticulum%0006890",0.50390625,0.90671449347415,0.325503180193201,0.954652297892949,128,40,"COPA;GOLPH3L;ARCN1;GBF1;NBAS;PITPNB;SCFD1;COG4;RINT1;COPB2;SCYL1;STX5A;ATP9B;RAB6A;UVRAG;ERGIC1;BICD2"
"BP_extrinsic_apoptotic_signaling_pathway_in_absence_of_ligand%0097192",0.502941176470588,0.90671449347415,-0.436499456477782,-0.97641996039248,341,22,"BAX;FOXO3;BAK1;BAD"
"BP_centrosome_localization%0051642",0.50402144772118,0.90671449347415,0.404809593309174,0.977271653464897,187,16,"DLGAP5;INTS13;NDEL1;SYNE1;SUN1;BICD2;AURKA"
"RA_Regulation_of_Insulin-like_Growth_Factor_(IGF)_transport_and_uptake_by_Insulin-like_Growth_Factor_Binding_Proteins_(IGFBPs)%R-MMU-381426",0.831989247311828,0.909533876187493,-0.312668448332546,-0.758599129631802,618,36,"CST3;LGALS1;PENK;APOE;RCN1;HSP90B1;QSOX1;PDIA6;PRKCSH;WFS1;CKAP4;TGOLN1;DNAJC3;IGFBP4"
"RA_Post-translational_protein_phosphorylation%R-MMU-8957275",0.831989247311828,0.909533876187493,-0.312668448332546,-0.758599129631802,618,36,"CST3;LGALS1;PENK;APOE;RCN1;HSP90B1;QSOX1;PDIA6;PRKCSH;WFS1;CKAP4;TGOLN1;DNAJC3;IGFBP4"
"RA_Protein_localization%R-MMU-9609507",0.824780976220275,0.909533876187493,-0.302352300794817,-0.773583466647076,658,54,"RPS27A;FIS1;NDUFB8"
"RA_Signaling_by_TGF-beta_Receptor_Complex%R-MMU-170834",0.830911492734478,0.909533876187493,-0.308987355892758,-0.76010115489053,628,39,"RPS27A;NEDD8;STUB1;CBL;UBE2M;FKBP1A;CDK9"
"RA_Pyruvate_metabolism_and_Citric_Acid_(TCA)_cycle%R-MMU-71406",0.829301075268817,0.909533876187493,-0.314783148271586,-0.757888274152407,616,35,"GLO1;FAHD1;PDHB;SDHC;DLST"
"RA_Chaperonin-mediated_protein_folding%R-MMU-390466",0.82934131736527,0.909533876187493,-0.340116161557424,-0.719900642712856,553,16,"CSNK2B;CSNK2A2;CSNK2A1"
"RA_Protein_folding%R-MMU-391251",0.82934131736527,0.909533876187493,-0.340116161557424,-0.719900642712856,553,16,"CSNK2B;CSNK2A2;CSNK2A1"
"RA_Cooperation_of_PDCL_(PhLP1)_and_TRiC/CCT_in_G-protein_beta_folding%R-MMU-6814122",0.82934131736527,0.909533876187493,-0.340116161557424,-0.719900642712856,553,16,"CSNK2B;CSNK2A2;CSNK2A1"
"KEGG_Nicotinate_and_nicotinamide_metabolism%mmu00760",0.765413533834586,0.910221499695184,-0.357447203686634,-0.769092555853001,508,19,"NT5C;NAMPT;SIRT1;BST1;PNP2"
"KEGG_Biosynthesis_of_unsaturated_fatty_acids%mmu01040",0.762406015037594,0.910221499695184,-0.358414700696483,-0.77117424719206,506,19,"ACAA1A;HACD4"
"RA_Cytosolic_sensors_of_pathogen-associated_DNA%R-MMU-1834949",0.834808259587021,0.910846996409869,-0.340955368748704,-0.745309066538547,565,21,"RPS27A;NKIRAS1;NFKBIA;TRIM56;IRF3;AIM2;EP300"
"BP_inflammatory_response%0006954",0.508928571428571,0.910917155530119,0.267467652641922,0.972836890519325,56,150,"PIK3CG;NLRP1A;HK1;SCYL3;AKT1;CNR2;AP3B1;ALOX5;FASN;THEMIS2;OLR1;HDAC5;TNIP1;TLR13;ITGB2L;HCK;CD180;MTOR;CUL3;NRROS;NKIRAS2;TRIM14;HDAC9;MAP2K3;MAP3K7;HPS1;RPS6KA4;CSF1R;NINJ1;EPG5"
"BP_cellular_response_to_heat%0034605",0.508990318118949,0.910917155530119,-0.402799981062493,-0.963643350749597,367,32,"EEF1D;HSP90AA1;HSP90AB1;SUMO1;PDCD6;PDCL3;YWHAE;BAG3;HTRA2;HMOX1;IER5"
"BP_synaptic_vesicle_endocytosis%0048488",0.507407407407407,0.910917155530119,0.339750587858244,0.94883461469957,136,31,"EPS15L1;AP2A1;AP2A2;SGIP1;AP2M1;DNM2;BTBD8;AP2B1;DENND1A;CTBP1;CLTC;PIK3C3;SYNJ2"
"BP_homologous_chromosome_pairing_at_meiosis%0007129",0.512,0.913240591230903,0.409583169976766,0.973802216321479,191,15,"FANCD2;STAG3;BRIP1;MLH1;SUN1;ZCWPW1;PRDM9"
"BP_response_to_cAMP%0051591",0.512048192771084,0.913240591230903,0.392284651628544,0.968625385497998,169,19,"CARM1;DGKQ;STAT1;MMP19;MAT2A"
"BP_protein_modification_process%0036211",0.514492753623188,0.913342576791809,0.327963925268189,0.952630317540787,141,35,"AP3B1;MAN2B1;KAT2A;UEVLD;TTLL1;POMGNT1;KAT5"
"BP_negative_regulation_of_interleukin-6_production%0032715",0.515625,0.913342576791809,0.365068257949544,0.970941907185779,164,24,"ARRB1;ELF4;NCKAP1L;HGF;PTPN22;NLRX1;NLRP12"
"BP_base-excision_repair%0006284",0.513748191027496,0.913342576791809,-0.429488191467625,-0.97714431788648,354,25,"RPA3;XPA;UNG;RPA2"
"BP_regulation_of_microtubule_cytoskeleton_organization%0070507",0.515337423312884,0.913342576791809,0.388639213256192,0.975914106535217,167,20,"CLASP1;AGRN;KIF18A;MARK2;PRKAA1"
"RA_Sphingolipid_de_novo_biosynthesis%R-MMU-1660661",0.838995568685377,0.913645077698002,-0.33435537840748,-0.725119829844796,567,18,"SAMD8;CERS4;KDSR;ORMDL2;CERS5;ORMDL1"
"BP_response_to_retinoic_acid%0032526",0.51698670605613,0.914194550061777,-0.427932717041704,-0.96358574008098,349,23,"RPL36AL"
"BP_ventricular_septum_development%0003281",0.518292682926829,0.914945246391239,-0.446517127738169,-0.95903360000968,339,18,"CXCR4"
"KEGG_Complement_and_coagulation_cascades%mmu04610",0.773613193403298,0.915847009230811,-0.361934015643279,-0.772483693870157,515,18,"C1QB;PLAU;PLAUR;PROS1;C1QC;F7;F10"
"BP_carbohydrate_metabolic_process%0005975",0.520446096654275,0.917186839265089,0.322565075380506,0.947927754777769,139,39,"PGM3;PGM1;LANCL2;IDUA;TKFC;GLB1L;GBA2;EDEM2;EDEM1;LANCL1;GGTA1;PARG"
"BP_DNA-templated_transcription_initiation%0006352",0.523121387283237,0.920338983050847,0.399432276376812,0.97591704319184,180,18,"MYC;TAF6;RRN3"
"BP_positive_regulation_of_epithelial_cell_proliferation%0050679",0.526490066225166,0.923136298550206,0.357889928137513,0.962262755504096,158,26,"WDR48;MYC;VEGFA;ATP7A"
"BP_negative_regulation_of_G1/S_transition_of_mitotic_cell_cycle%2000134",0.526153846153846,0.923136298550206,0.367472463647447,0.965362020493886,170,23,"ZFP655;RBL2;RB1;RBL1;CRLF3;HASPIN;E2F7"
"KEGG_Fatty_acid_elongation%mmu00062",0.784546805349183,0.924644449161537,-0.348495309174067,-0.757738833778263,527,20,"HACD4;HADH;MECR;ECHS1"
"BP_calcium-mediated_signaling%0019722",0.531886024423338,0.924786756032537,-0.391171877229995,-0.961903828825965,391,38,"CXCR4;FPR2;PPP1R9B;LAT2;CX3CR1;BNIP1"
"BP_negative_regulation_of_mitotic_cell_cycle%0045930",0.530666666666667,0.924786756032537,0.406168812964053,0.965684430557767,198,15,"DGKZ;PML;RB1;TRIM35;ABL1;TRP53"
"BP_pyroptotic_inflammatory_response%0070269",0.529801324503311,0.924786756032537,0.356472866670627,0.95845268608152,159,26,"NLRP1A;CASP8;DPP9;GSDME;MAP3K20;NINJ1"
"BP_transcription_by_RNA_polymerase_II%0006366",0.529411764705882,0.924786756032537,0.270054735340943,0.944095549397455,62,132,"NCAPG2;JAK3;MYC;GTF2IRD1;TSC2;NFATC1;POLR2B;WWP2;MED16;XBP1;MAPK14;THRAP3;JAK2;POU2F1;RPAP1;NFATC3;MED1;TFDP1;SMARCC2;CREB1;POLR1B;SCAF1;GTF2I"
"BP_regulation_of_immune_response%0050776",0.531571218795888,0.924786756032537,-0.428807225030425,-0.952571479998448,361,21,"DNASE2A;FCER1G;CLEC12A;SPPL2A;WASHC1;SPN"
"BP_positive_regulation_of_JUN_kinase_activity%0043507",0.534722222222222,0.925069444444444,0.350498130998089,0.951890753473748,153,28,"TRAF6;MAP3K4;MAP3K7;SYK;AXIN1;MAP3K11;FGD2;DVL2;MAP2K4;PAK1;TAOK3;IRAK1;MAGI3"
"BP_telomere_maintenance%0000723",0.533898305084746,0.925069444444444,0.311488344162888,0.962773641491768,125,51,"XRN1;WRN;RTEL1;RECQL4;BLM;PRKDC;ATR;ACTL6A;NBN;DCLRE1C;ERCC4;MCRS1;XRCC6;RAD50;SP100;RPA1;PARP3"
"BP_neutrophil_chemotaxis%0030593",0.534153005464481,0.925069444444444,-0.397319764486339,-0.944907656824568,390,30,"CKLF;S100A9;FCER1G;LGALS3;PPIA;PPIB;S100A8;TREM3;BSG"
"RA_EPHB-mediated_forward_signaling%R-MMU-3928662",0.852307692307692,0.926349866349866,0.290063849493275,0.721635279389306,276,18,"KALRN;RAC1;ARHGEF28"
"RA_Apoptotic_execution_phase%R-MMU-75153",0.855570839064649,0.928104783031595,-0.309294476924388,-0.724504531081174,621,30,"BCAP31;ACIN1;HMGB2;SATB1;ROCK1;CLSPN;HMGB1"
"KEGG_Pentose_phosphate_pathway%mmu00030",0.791139240506329,0.928270042194093,0.296973346144571,0.793088724263054,249,24,"G6PDX;PRPS1L3;PFKP;PGM1;PRPS2;PGM2"
"BP_negative_regulation_of_miRNA_transcription%1902894",0.53757225433526,0.928452579034942,0.395919155468004,0.967333574172261,185,18,"NFATC3;NCOR2;ESR1;SRF;TGFB1;HIF1A;SMAD3;TGFBR1;HDAC4"
"RA_RMTs_methylate_histone_arginines%R-MMU-3214858",0.858108108108108,0.929067047817048,0.280066500404655,0.745118889728236,253,24,"CARM1;SMARCC2;ACTL6A;PRMT7;PRMT3"
"BP_positive_regulation_of_protein_export_from_nucleus%0046827",0.540498442367601,0.930410254025821,-0.445905446674912,-0.942862890043719,346,17,"ANP32B"
"BP_ossification%0001503",0.540355677154583,0.930410254025821,-0.390250698643109,-0.95502383791299,394,37,"RPL38"
"BP_actin_filament_polymerization%0030041",0.543988269794721,0.930670329621794,-0.419350858701317,-0.947544835852406,370,24,"MSRB1;AIF1;DIAPH1;WASHC3;GAS7;MTSS1;CD2AP"
"BP_rescue_of_stalled_ribosome%0072344",0.543417366946779,0.930670329621794,-0.401094803755665,-0.940847682410387,387,29,"DDRGK1;RACK1;RCHY1;MRPL58"
"BP_neuron_apoptotic_process%0051402",0.541871921182266,0.930670329621794,0.295590377052888,0.948372278061776,109,64,"OXR1;NLRP1A;SPG11;HIPK2;NCSTN;CASP7;VEGFA;ERBB3;RB1;PSEN1;ATP7A;EPG5"
"BP_hematopoietic_stem_cell_homeostasis%0061484",0.544235924932976,0.930670329621794,0.397187374667406,0.958870463527132,202,16,"UBAP2L;ADAR"
"BP_regulation_of_RNA_splicing%0043484",0.547314578005115,0.9309822143035,-0.371089380790967,-0.959369875383114,427,57,"ENY2;CDK11B;ZFP326;SNRNP70;HNRNPH1;TAF10;SON;RBM12B2;HNRNPH3;PTBP2;TAF12;RBM12B1;CCNL1;FUS;TRRAP;KAT2B;ATXN7;CLK1;FAM50A;CLK4;CELF1"
"BP_cellular_response_to_amyloid-beta%1904646",0.548005908419498,0.9309822143035,-0.417584831079831,-0.94028517212774,370,23,"FOXO3;FPR2;LGMN;SIRT1;CDK5;ADRB2;IGF1R;GSK3B"
"BP_regulation_of_postsynapse_organization%0099175",0.546979865771812,0.9309822143035,0.347759631847252,0.944046772564994,162,27,"TSC2;AKT1;MARK2;PSEN1;DVL1;TAOK2;ASAP1"
"BP_limb_development%0060173",0.545586107091172,0.9309822143035,-0.416136168223653,-0.946766640678284,376,25,"SLC39A1;MED31;TAF10;FBXW4;BMPR2"
"KEGG_Hematopoietic_cell_lineage%mmu04640",0.797814207650273,0.931009957325747,-0.322649138705319,-0.764951008393887,583,32,"IL11RA1;IL3RA;CD44;H2-AA;H2-AB1;FLT3"
"KEGG_Measles%mmu05162",0.804054054054054,0.931009957325747,0.253987151520177,0.87865441008078,118,92,"JAK3;AKT1;ADAR;TYK2;JAK1;CASP8;TBK1;PIK3R2;PIK3CB;MSN;EIF2AK1;TRAF6;STAT1;MAP3K7;STAT2;IKBKG;EIF2S1;IFIH1;STAT5B;IKBKE;CCND3;MYD88;MAVS;STAT3;CBLB;IRF7;TRP53;STAT5A;IFNAR1;MAPK9;EIF2AK4;IRAK1"
"KEGG_Viral_carcinogenesis%mmu05203",0.803921568627451,0.931009957325747,0.246774055077869,0.901908097341442,81,143,"JAK3;ACTN4;USP7;VAC14;RBL2;JAK1;CASP8;KAT2A;PXN;HDAC5;PIK3R2;PIK3CB;PRKACA;DDB1;CREB1;SKP2;HDAC9;RAC1;RB1;IKBKG;SYK;PRKACB;HDAC10;YWHAZ;MAPK1;STAT5B;SND1;RBL1;IL6ST;ACTN1;SP100;GTF2H1;MAD1L1;CCND3;PKM;STAT3;IRF7;SCIN;SNW1;TBP;TRP53;ATF6B;GSN;STAT5A;YWHAQ;HDAC6"
"BP_T_cell_homeostasis%0043029",0.54983922829582,0.931049133721144,0.343083317171318,0.927334967210789,170,25,"JAK3;NCKAP1L;RIPK3;STAT5B"
"BP_epithelial_to_mesenchymal_transition%0001837",0.54983922829582,0.931049133721144,0.341382187498147,0.922736909098556,170,25,"NFATC1;TGFBR2;FLNA;SMAD4;AKNA;RBPJ;TGFB1;HIF1A;TGFBR1"
"RA_Telomere_C-strand_(Lagging_Strand)_Synthesis%R-MMU-174417",0.863157894736842,0.932632242688512,0.259709539229864,0.722909749516962,245,28,"POLD1;WRN;POLA1;BLM;CHTF18"
"RA_TP53_Regulates_Transcription_of_Cell_Cycle_Genes%R-MMU-6791312",0.864714086471409,0.932632242688512,-0.315913729219851,-0.732483072894891,619,28,"NPM1;BAX;CDKN1B;PCNA;GADD45A;CDK1"
"RA_Toll-like_Receptor_Cascades%R-MMU-168898",0.871527777777778,0.934496820826108,-0.282193768555843,-0.778529272284238,752,97,"S100A1;RPS27A;LY86;TAB2;CTSS;S100A9;FOS;CTSL;NKIRAS1;NFKBIA;LGMN"
"RA_Cellular_response_to_heat_stress%R-MMU-3371556",0.873015873015873,0.934496820826108,0.250375147098581,0.791740434911609,164,60,"NUP160;NUP188;NUP107;POM121;NUP214"
"RA_RHOBTB_GTPase_Cycle%R-MMU-9706574",0.873082287308229,0.934496820826108,-0.314257427317938,-0.728642742467496,625,28,"HSP90AA1;HSP90AB1;RNF20;ROCK1;TXNL1;VIM;HNRNPC;CCT2;RBBP6;DDX39B"
"RA_EPH-Ephrin_signaling%R-MMU-2682334",0.871080139372822,0.934496820826108,0.257682013960604,0.727501746473635,249,29,"KALRN;NCSTN;VAV3;SDCBP;RAC1;ARHGEF28"
"BP_intrinsic_apoptotic_signaling_pathway_in_response_to_DNA_damage%0008630",0.553359683794466,0.935484286284456,0.316151058109068,0.942875986728306,139,43,"MYC;FNIP2;USP47;TOPORS;EI24;MSH6;PRKDC;CASP2;MLH1;PML;BRCA1"
"RA_ISG15_antiviral_mechanism%R-MMU-1169408",0.881756756756757,0.938429213712767,0.269792337737714,0.717784407852619,260,24,"FLNB;NEDD4;DDX58;EIF4G3;PLCG1;UBA7"
"RA_Synthesis_of_PA%R-MMU-1483166",0.88,0.938429213712767,0.275241125451211,0.71228834500122,285,20,"GNPAT;PLA2G4A;PLA2R1;AGPAT2"
"RA_Lagging_Strand_Synthesis%R-MMU-69186",0.880733944954129,0.938429213712767,0.279773187158352,0.680286905113774,287,17,"POLD1;POLA1;RFC5;RPA1;POLD2;RFC1;PRIM2"
"KEGG_Arginine_and_proline_metabolism%mmu00330",0.821538461538462,0.938901098901099,0.2827590357922,0.748005351951789,266,23,"ALDH3A2;ALDH9A1;PYCR1;GOT2;ALDH18A1;SRM"
"KEGG_Apoptosis%mmu04210",0.820721769499418,0.938901098901099,-0.291282063524084,-0.811002250678184,704,103,"BIRC5;BAX;ACTB;CTSS;BAK1;FOS;CTSL;NFKBIA;IL3RA;BAD;XIAP;CTSZ;GADD45A;TRADD;ACTG1;DDIT3;ATF4;GADD45B;TUBA1B;HRAS;TNFRSF10B;NRAS;HTRA2"
"KEGG_Olfactory_transduction%mmu04740",0.816568047337278,0.938901098901099,0.308828940975093,0.751547739408528,275,17,"ARRB1;PRKACA;PRKACB;ADCY3"
"KEGG_Other_types_of_O-glycan_biosynthesis%mmu00514",0.826666666666667,0.940689655172414,0.295327335024094,0.782903302901886,247,25,"GALNT11;XXYLT1;POMT1;ST3GAL3;COLGALT1;POMT2;GALNT10"
"BP_response_to_lipopolysaccharide%0032496",0.558718861209964,0.941477561584323,-0.352681306469799,-0.956806420969609,470,85,"SELENOW;HNRNPA0;TAB2;BIN1;FOS;PRDX2;NFKBIA;MGST1;SLPI;HMGB2;CEBPB;PENK;SOD2;XIAP;S100A8;AKIRIN2"
"BP_long-term_memory%0007616",0.558282208588957,0.941477561584323,0.376404159658001,0.94519059487347,181,20,"KAT2A;RGS14;MTOR;SGK1;ACSS2;EIF2AK4;SRF;BTBD9;PJA2;TRPM4;CTNS;RPS6KB1"
"RA_Apoptotic_cleavage_of_cellular_proteins%R-MMU-111465",0.88953488372093,0.943141505715412,-0.312028189578647,-0.693338543053885,611,22,"BCAP31;ACIN1;SATB1;ROCK1;CLSPN;VIM"
"RA_RHOH_GTPase_cycle%R-MMU-9013407",0.888888888888889,0.943141505715412,0.267565449568114,0.696883046208782,287,21,"JUP;MTR;RALGAPA1;FAM91A1;STOM;VCP;WDR11"
"BP_ubiquitin-dependent_protein_catabolic_process%0006511",0.5625,0.946312803889789,0.26319748772115,0.962649992228801,53,170,"UBE4A;KCTD10;RNF6;ARRB1;RNF123;CUL1;XBP1;TOPORS;NEDD4L;UBE3B;RFFL;RNF114;NEDD4;DTL;TRIM32;UBA1;CUL3;MKRN2;DDB1;RNF43;SKP2;RNF19A;TRPC4AP;NPLOC4;HERC4;PSMF1;UBE3C;UBR2;EPG5;USP22;BAG6;FBXW8;BTRC;CUL4B;USP25;USP38;CACUL1;TRIP12;RNF34;EDEM1;BAP1;WDR81;SMURF2;AMFR;RNF166;RNF217;MYLIP;CUL4A;HERC3;ARIH2;UBE4B;FBXO45;DTX3L;NUB1;HDAC6;CUL9;RNF213;UBQLN1;ITCH;AREL1;HECTD1"
"RA_Nicotinate_metabolism%R-MMU-196807",0.895348837209302,0.946744493085957,0.281295816778005,0.666664047526068,307,15,"NADK;NT5E;PARP8;NADSYN1;NMNAT1;PARP6;PARP9"
"RA_Citric_acid_cycle_(TCA_cycle)%R-MMU-71403",0.896296296296296,0.946744493085957,-0.30233320086978,-0.659264620063548,604,19,"FAHD1;SDHC;DLST;SUCLA2"
"KEGG_Citrate_cycle_(TCA_cycle)%mmu00020",0.839464882943144,0.947088585884572,0.281990345954712,0.763190135250128,250,27,"ACLY;ACO1;IDH3A;OGDH;PCX;IDH1;SDHA"
"KEGG_Sphingolipid_metabolism%mmu00600",0.838827838827839,0.947088585884572,0.272228000623693,0.771908396629264,228,34,"CERK;SGMS2;B4GALNT1;GBA2;SMPD4;ASAH1;GBA;SGPL1"
"BP_apoptotic_signaling_pathway%0097190",0.568894952251023,0.947786225402505,-0.381969496614805,-0.940622395633426,416,39,"NDUFA13;BAX;BAK1;PSEN2;BAD;TFPT"
"BP_negative_regulation_of_cytokine_production%0001818",0.565217391304348,0.947786225402505,0.356807382367508,0.931084696705578,181,22,"NPTN;CEACAM1;HDAC9;NLRP12"
"BP_negative_regulation_of_protein_phosphorylation%0001933",0.569620253164557,0.947786225402505,0.300489643274911,0.930726631776774,134,52,"TSC2;XDH;ARRB1;CCNB1;MTOR;PRKDC;PSEN1;PKN1;MEN1;MICAL1;DVL1;CACTIN"
"BP_cellular_response_to_growth_factor_stimulus%0071363",0.568840579710145,0.947786225402505,0.318234237386788,0.924368685873669,156,35,"AKT1;TGFBR2;CAT;SHC1;LRP8;CREB1;RIPK1;STAT5B;PPP2R5B;CPNE3;URI1"
"BP_negative_regulation_of_protein_kinase_activity%0006469",0.569767441860465,0.947786225402505,0.314101347963539,0.93449176279229,146,42,"TSC2;CEACAM1;AKT1;PPM1F;MLLT1;NF2;RB1;PSEN1;PKN1"
"BP_positive_regulation_of_Notch_signaling_pathway%0045747",0.568,0.947786225402505,0.393361320877158,0.935234048086129,212,15,"TSPAN5;AAK1;NEPRO;KIT;IL6ST;STAT3"
"BP_nuclear_migration%0007097",0.568364611260054,0.947786225402505,0.388042852401794,0.936794202138148,211,16,"DCTN1;SYNE3;TACC1;LMNB2;SYNE1"
"KEGG_Vasopressin-regulated_water_reabsorption%mmu04962",0.845323741007194,0.949640287769784,0.274113583717316,0.752146151444189,234,30,"DCTN1;GNAS;PRKACA;CREB1;PRKACB;ADCY3"
"BP_negative_regulation_of_neuron_differentiation%0045665",0.578146611341632,0.951055756850419,-0.38477006685965,-0.920509269932795,417,32,"FOXO3;FUOM;CTDSP1;RTN4;DDX6"
"BP_negative_regulation_of_stem_cell_population_maintenance%1902455",0.573926868044515,0.951055756850419,-0.445744009480985,-0.92228342464445,360,16,"ING2;SAP30;ARID4B;SAP30L;ARID4A;ING1"
"BP_learning_or_memory%0007611",0.57563025210084,0.951055756850419,-0.395171407744824,-0.92695317827666,410,29,"COMT;DBI;PSEN2"
"BP_membrane_fusion%0061025",0.574229691876751,0.951055756850419,-0.397773272625245,-0.927664292141951,409,28,"VAMP8;STX4A;SEC22B"
"BP_placenta_development%0001890",0.574593796159527,0.951055756850419,-0.408306033934014,-0.919391895547669,388,23,"CDKN1B;RPS6;IL11RA1;HSP90AB1;DNMT3L;NOTCH2"
"BP_negative_regulation_of_peptidyl-serine_phosphorylation%0033137",0.577106518282989,0.951055756850419,-0.444649146994741,-0.920018058196779,362,16,"RACK1;BAX;BAK1"
"BP_clathrin-dependent_endocytosis%0072583",0.577639751552795,0.951055756850419,0.354807821479464,0.925866865923504,185,22,"GAK;AP2A1;AP2A2;SGIP1;FCHO1;AP2M1;SCYL2;INPP5F;AP2B1;CLTC"
"BP_neuromuscular_process%0050905",0.58125,0.954647943037975,0.345617961758364,0.919211560139822,185,24,"DCTN1;ABCC8;KCNAB2;ATP1A3;SPG21;POMK;FKRP;ICMT"
"BP_regulation_of_postsynaptic_membrane_neurotransmitter_receptor_levels%0099072",0.599397590361446,0.957480951029408,0.374572461197435,0.924890619905914,198,19,"ERBIN;ALS2;CLPTM1;FLOT2;ZDHHC5"
"BP_protein_K11-linked_ubiquitination%0070979",0.599439775910364,0.957480951029408,-0.390237022883762,-0.910088677431346,427,28,"ANAPC13;UBE2S;UBE2C;UBE2A;UBE2B;UBE2T;ANAPC11"
"BP_protein_localization%0008104",0.6,0.957480951029408,0.279794182353525,0.940127276276303,74,105,"MYO7A;HEATR5B;TSC2;SPG11;SCYL3;CEP128;ALS2;CTNNA1;AKAP10"
"BP_T_cell_differentiation%0030217",0.601423487544484,0.957480951029408,0.314874351851137,0.910198290011558,168,34,"NFATC3;KAT7;GPR89;PTPN22;PKNOX1;IKZF3;KIT;PATZ1;PREX1"
"BP_liver_regeneration%0097421",0.597014925373134,0.957480951029408,-0.413739950075878,-0.901048324536421,399,19,"CEBPB;PCNA;CSNK2A1;GFER;PTCH1;EZH2;CCND1;HMOX1;HFE"
"BP_response_to_oxidative_stress%0006979",0.58891454965358,0.957480951029408,-0.33931109473333,-0.938514045093051,509,99,"SOD1;COMT;BANF1;NDUFA12;XPA;PRDX4;NDUFA6;PRDX5;PARK7;PRDX1;COQ7;PRDX2;FOXO4;SOD2;PSMB5;APOE;MT-CO1;ATOX1"
"BP_calcium_ion_transport%0006816",0.586956521739131,0.957480951029408,0.314816328548469,0.914440753771653,161,35,"PRKCB;NFATC1;PKD1;ANXA6;ATP2A2;ATP2C1;PLCG1"
"BP_centriole_replication%0007099",0.588957055214724,0.957480951029408,0.368846428736089,0.92621233439817,191,20,"CCDC57;SASS6;WDR62;CDK5RAP2;CENPJ;POC1B;PLK4;CEP135;RTTN;CEP152;CEP72"
"BP_positive_regulation_of_TORC1_signaling%1904263",0.591755319148936,0.957480951029408,-0.366281217040295,-0.924118805199743,444,46,"LAMTOR4;LAMTOR2;RBX1;LAMTOR5;PIM1"
"BP_negative_regulation_of_NF-kappaB_transcription_factor_activity%0032088",0.589641434262948,0.957480951029408,0.29985010542619,0.927160572411949,147,49,"ERBIN;ARRB1;USP7;TRIM37;CAT"
"BP_neurogenesis%0022008",0.594594594594595,0.957480951029408,0.312712838707363,0.926519484099878,153,41,"TRAK1;DAGLB;BTBD2;TRAK2;KAT5;TACC1;ERBB3;PSEN1;WDR62;CDK5RAP2;ATP1A3;CEP120;NUP133;XRCC6"
"BP_calcium_ion_homeostasis%0055074",0.588235294117647,0.957480951029408,-0.441243888065695,-0.912972279004954,369,16,"ZNHIT1;PSEN2"
"BP_germ_cell_development%0007281",0.59479015918958,0.957480951029408,-0.401269757656472,-0.912943525394373,410,25,"CXCR4;BAX;TIAL1"
"BP_positive_regulation_of_non-canonical_NF-kappaB_signal_transduction%1901224",0.590971272229822,0.957480951029408,-0.376964535869693,-0.922509861110074,431,37,"RPS3;PDCD4;TRIM56;SASH1;PYCARD;IFI35;LAPTM5;RC3H1;HMGB1;TNFSF14;PHB2;CREBBP"
"BP_cellular_response_to_gamma_radiation%0071480",0.600587371512482,0.957480951029408,-0.408517663641128,-0.907499344099267,408,21,"RPL26;GTF2H5"
"BP_response_to_hormone%0009725",0.596875,0.957480951029408,0.342115221542587,0.909895611159254,190,24,"AKT1;NCOA4;MMP19;MAT2A;ATP1A3;AGL;SREBF2;SORD"
"BP_learning%0007612",0.596590909090909,0.957480951029408,-0.399001278864008,-0.919965646025699,419,27,"COMT;PPP1R9B"
"BP_tricarboxylic_acid_cycle%0006099",0.59,0.957480951029408,-0.401374433232791,-0.919327214126116,412,26,"NDUFS4;PDHB;SDHC;DLST;IREB2;SUCLA2;SDHAF2"
"BP_poly(A)+_mRNA_export_from_nucleus%0016973",0.599688473520249,0.957480951029408,-0.427115905452398,-0.903132581136839,384,17,"ENY2;SARNP;NXT1;IWS1;PABPN1"
"BP_interleukin-6_production%0032635",0.585669781931464,0.957480951029408,-0.432302962330299,-0.914100564316205,375,17,"FCER1G;PSEN2"
"BP_negative_regulation_of_B_cell_proliferation%0030889",0.602666666666667,0.957990811638591,0.378892061694302,0.900832740382021,225,15,"TSC2;BTLA;PKN1;TNFRSF21"
"BP_positive_regulation_of_miRNA_transcription%1902895",0.604166666666667,0.958906727828746,0.331818710968043,0.911296433117532,173,29,"MYC;NR1H2;MRTFA;SREBF2;SMAD4;STAT3;ETS1;TRP53;MYB;SRF;SMARCA4;TGFB1;HIF1A;SMAD3;TGFBR1"
"WP_Type_II_interferon_signaling_(IFNG)%WP1253",0.837278106508876,0.960095238095238,-0.329565064508073,-0.725379473627495,565,20,"PSMB9;ISG15"
"WP_Mecp2_and_Associated_Rett_Syndrome%WP2910",0.839228295819936,0.960095238095238,0.277876194239269,0.751083770549114,260,25,"TAF1;CREB1;PRPF3;FUT8;SIN3A;CNP;SP3;HNRNPF;MEF2C;NF1;E2F1"
"WP_Non-odorant_GPCRs%WP1396",0.847142857142857,0.960095238095238,-0.319986854385548,-0.732913207824149,592,26,"CXCR4"
"WP_Endochondral_Ossification%WP1270",0.845659163987138,0.960095238095238,0.276500842642638,0.747366272309093,262,25,"AKT1;PRKACA;STAT1;VEGFA;STAT5B;MMP9;SCIN"
"WP_Mitochondrial_Gene_Expression%WP1263",0.832,0.960095238095238,0.305209884789323,0.725650085348785,311,15,"NRF1;CREB1;TFB2M;POLRMT;GABPA"
"RA_Cellular_Senescence%R-MMU-2559583",0.91389913899139,0.962313566564662,-0.276904389417511,-0.720654813481334,742,60,"RPS27A;CDKN1B;UBE2S;UBE2C;FOS;CEBPB"
"RA_DNA_strand_elongation%R-MMU-69190",0.914454277286136,0.962313566564662,-0.305409909779335,-0.667608712555646,619,21,"RPA3;GINS1;PCNA;GINS4"
"BP_spliceosomal_complex_assembly%0000245",0.607476635514019,0.962688164371834,-0.424809569656789,-0.898255855701267,389,17,"ZRSR2;GEMIN2;SRPK1;RSRP1"
"BP_inner_ear_development%0048839",0.609756097560976,0.96349607318643,-0.419004393157085,-0.899941495245269,399,18,"ANP32B;CDKN1B;C1QB;H2-K1;H2-T23;CEBPA"
"BP_negative_regulation_of_neuron_apoptotic_process%0043524",0.609953703703704,0.96349607318643,-0.336527271769114,-0.928581704367332,526,95,"SOD1;BIRC5;NPM1;BAX;AGAP2;HDGF;PARK7;UBE2V2;TMBIM4;HSP90AB1;PRDX2;CEBPB;LGMN;SOD2;XIAP;APOE;THAP11"
"BP_glucose_homeostasis%0042593",0.610771113831089,0.96349607318643,-0.350969971807739,-0.929914663979427,498,67,"PRCP;FOXO3;RPS6;SELENOT;CDKN2A;PARK7;FABP5;NUCKS1;BAD;CEBPA;SOX4;PTPN2;INSR;PTCH1;SLC16A1"
"KEGG_Cytokine-cytokine_receptor_interaction%mmu04060",0.861596009975062,0.963819265395832,-0.297701108443829,-0.765039566808767,690,53,"CXCR4;IL11RA1;IL3RA;BMPR2;CX3CR1;CCL9;CRLF2;TNFRSF18;TNFSF14;CCL6;IFNAR2;TNFRSF10B"
"BP_immune_system_process%0002376",0.613387978142077,0.965109682299546,-0.374392560514966,-0.894735870021381,448,31,"PTMS;DDX17;CD300C2;HP;IRF2;CD300LG;KCNN4;IRF3;DUSP22"
"BP_establishment_of_mitotic_spindle_orientation%0000132",0.614583333333333,0.965109682299546,0.327570412222285,0.899629039550326,176,29,"DCTN1;KAT5;ITGB1;PLK1;NDEL1;ZW10;CDK5RAP2"
"BP_positive_regulation_of_smooth_muscle_cell_migration%0014911",0.614457831325301,0.965109682299546,0.367227780399985,0.906755206656235,203,19,"MYC;PDE4D;P2RY2;STAT5B;PDGFRB;IL6ST"
"RA_O-linked_glycosylation_of_mucins%R-MMU-913709",0.920489296636086,0.966857227623351,0.261755830171652,0.664250658003621,300,19,"GALNT11;ST3GAL3;GALNT10"
"KEGG_Thyroid_cancer%mmu05216",0.87,0.969113924050633,0.27938128415538,0.740630832958191,260,25,"MYC;NCOA4;DDB2;MAP2K1;MAPK1;RXRA"
"BP_positive_regulation_of_canonical_Wnt_signaling_pathway%0090263",0.618181818181818,0.969294149958803,0.296022567725219,0.918140726867866,135,56,"USP8;VPS35;ILK;UBR5;CSNK1G2;USP47;LRRK1;CSNK1G3"
"BP_flagellated_sperm_motility%0030317",0.631147540983607,0.970564663023679,-0.375824094853249,-0.893786558302986,461,30,"LY6K;SLIRP;TMF1;ARMC3;ING2;ATP2B4"
"BP_anaphase-promoting_complex-dependent_catabolic_process%0031145",0.625,0.970564663023679,-0.413763073428889,-0.888684140453089,409,18,"ANAPC13;UBE2S;UBE2C"
"BP_lipid_storage%0019915",0.626506024096386,0.970564663023679,0.365813015334628,0.90326188273665,207,19,"CRY1;B4GALNT1;STAT5B;STAT5A;LDAH;DGAT2;PNPLA2"
"BP_receptor-mediated_endocytosis%0006898",0.6309963099631,0.970564663023679,0.309299204558313,0.895697741323165,170,36,"GAK;TGFBR2;DNAJC13;HPSE;ITGB2;CAP1;DNM2;LDLRAD3;HMMR;CLTC"
"BP_positive_regulation_of_myoblast_differentiation%0045663",0.62962962962963,0.970564663023679,0.323356715121142,0.891949175476145,169,30,"ILK;RIPOR2;MAPK14;SMARCC2;KAT5;ACTL6A;AKIRIN1;NR2C2"
"BP_cellular_response_to_hypoxia%0071456",0.629719853836784,0.970564663023679,-0.343329722628852,-0.91555148909381,516,71,"HIGD1A;FAM162A;FOXO3;CDKN1B;FOS;RTN4;BAD;NOP53;CBL"
"BP_positive_regulation_of_protein_localization_to_plasma_membrane%1903078",0.626050420168067,0.970564663023679,-0.382992281431216,-0.893192901837947,446,28,"STX4A;PPP1R9B;LGALS3;ATP2B4;CIB1;RER1;CNPY4"
"BP_G2/M_transition_of_mitotic_cell_cycle%0000086",0.628415300546448,0.970564663023679,-0.368877316473694,-0.881555355246032,459,31,"BIRC5;ARPP19;UBE2A;CALM3"
"BP_negative_regulation_of_MAP_kinase_activity%0043407",0.627941176470588,0.970564663023679,-0.394695062314261,-0.882906339040573,426,22,"SPRY2;GSTP1;APOE;CD300A"
"BP_positive_regulation_of_viral_genome_replication%0045070",0.622699386503068,0.970564663023679,0.361188279116538,0.906981911968434,202,20,"CNOT7;RAD23A;ADAR;DDB1;STAU1;PKN2;PDE12"
"BP_regulation_of_cell_size%0008361",0.621387283236994,0.970564663023679,0.370902064156219,0.90621030690974,214,18,"IQGAP3;E2F4;VAV3;MSN;MTOR;CREB1;RAC1;RPTOR"
"BP_antigen_processing_and_presentation%0019882",0.622613803230543,0.970564663023679,-0.400801775177139,-0.890358925597401,423,21,"PSMB9;H2-AA;H2-AB1;FLT3;PSMB8;CD74;PSAP"
"BP_attachment_of_spindle_microtubules_to_kinetochore%0008608",0.630026809651475,0.970564663023679,0.366571468639584,0.884959030595048,234,16,"ZFP207;NSL1;KNL1"
"WP_White_fat_cell_differentiation%WP2872",0.875993640699523,0.971210340775558,-0.335189065948556,-0.69353555644273,550,16,"CEBPB;CEBPA;CEBPD;DDIT3;IRF3"
"WP_p53_signaling%WP2902",0.867768595041322,0.971210340775558,0.262569150611089,0.807008808488155,209,50,"TSC2;CCNB1;CASP8;EI24;ATR;DDB2;PPM1D;SHISA5;RRM2;CCND3;RRM2B;CHEK2;PIDD1;TRP53;ATM;SESN1;CCNG1;CASP9;GTSE1;SESN2;PTEN;CASP3;COP1"
"RA_Transport_of_inorganic_cations/anions_and_amino_acids/oligopeptides%R-MMU-425393",0.928763440860215,0.973731503173745,-0.273948243631517,-0.659572034630783,690,35,"SLC16A10;SLC43A2;SLC36A1;SLC26A2;CALM1;SLC20A1;SLC7A1;SLC4A8"
"RA_TBC/RABGAPs%R-MMU-8854214",0.933709449929478,0.977097435520997,-0.280504766569328,-0.641178295837015,661,26,"GABARAPL2;TBC1D13;GABARAP;MAP1LC3B;RAB11A"
"RA_Fatty_acid_metabolism%R-MMU-8978868",0.938775510204082,0.977695232937354,-0.262625876806651,-0.702312312911773,781,76,"DBI;ACBD6;MCEE;ALOX5AP;HACD4;ACOT13;CBR4;HADH;ACADM;MCAT;PTGES3;DECR1;PCCB;MECR"
"RA_Polymerase_switching_on_the_C-strand_of_the_telomere%R-MMU-174411",0.939490445859873,0.977695232937354,0.251477927985488,0.656403063622574,294,22,"POLD1;POLA1;CHTF18;RFC5;CTC1;POLD2;RFC1;PRIM2"
"RA_DNA_Damage/Telomere_Stress_Induced_Senescence%R-MMU-2559586",0.936170212765957,0.977695232937354,-0.286918619682247,-0.600372408939985,615,15,"CDKN1B"
"BP_negative_regulation_of_endoplasmic_reticulum_stress-induced_intrinsic_apoptotic_signaling_pathway%1902236",0.637958532695375,0.979587214405028,-0.432066024981953,-0.885603326270526,399,15,"SELENOS;PARK7;TXNDC12"
"KEGG_Endocrine_and_other_factor-regulated_calcium_reabsorption%mmu04961",0.884450784593438,0.98107145854062,-0.306411468277846,-0.70103479344696,619,28,"CLTA;AP2S1;ATP2B1;CLTB;ATP2B4"
"RA_PKMTs_methylate_histone_lysines%R-MMU-3214841",0.944979367262724,0.981592958983235,-0.273890537759224,-0.641572838933454,686,30,"SETD1A;SETD1B;KMT2B;EZH2;DOT1L;SETD7;WDR5;SETD3;EED;EHMT2;SUZ12;ASH1L;SETD6"
"RA_Transport_of_bile_salts_and_organic_acids,_metal_ions_and_amine_compounds%R-MMU-425366",0.947530864197531,0.982430711865948,0.245372663123038,0.639081201289456,306,21,"SLC22A3;SLC31A1;SLC40A1"
"BP_mismatch_repair%0006298",0.641768292682927,0.982530218001295,-0.406756006335271,-0.873634297204428,420,18,"RNASEH2C;RPA3;RNASEH2A;RPA2;PCNA"
"BP_regulatory_ncRNA-mediated_gene_silencing%0031047",0.641148325358852,0.982530218001295,-0.43126972978554,-0.883971164439089,401,15,"DDX17;TNRC6A;PABPC1;TNRC6C"
"BP_membrane_protein_ectodomain_proteolysis%0006509",0.644970414201183,0.983082657769205,-0.392918338697357,-0.864821330890482,435,20,"PSENEN;PRTN3;PSEN2"
"BP_phagocytosis,_engulfment%0006911",0.644444444444445,0.983082657769205,0.367686450355403,0.889817969340838,231,17,"BIN2;MYH9;ELMO1;ITGB2;RAC1"
"BP_regulation_of_double-strand_break_repair%2000779",0.643465909090909,0.983082657769205,-0.383932632646969,-0.885222306627743,452,27,"ACTB;MEAF6;PPP4C;YEATS4;DEK;EPC2"
"RA_Metabolism_of_steroids%R-MMU-8957322",0.955696202531646,0.983650753245551,-0.255919169208141,-0.648658654951156,754,50,"HSD17B11;FDX1;SUMO2;RAN;TSPO"
"RA_Chondroitin_sulfate/dermatan_sulfate_metabolism%R-MMU-1793185",0.952732644017725,0.983650753245551,-0.271370879953208,-0.588524722508548,644,18,"B3GAT3;HEXA;CSGALNACT2;B4GALT7;DSE;XYLT1;CHST14;XYLT2"
"RA_Transmission_across_Chemical_Synapses%R-MMU-112315",0.952258064516129,0.983650753245551,-0.260621541359821,-0.651775089715499,737,44,"COMT;AP2S1;NAAA"
"RA_RHOBTB2_GTPase_cycle%R-MMU-9013418",0.954074074074074,0.983650753245551,-0.264189442732564,-0.576088739466303,643,19,"HSP90AA1;HSP90AB1;TXNL1;HNRNPC;CCT2;DDX39B"
"BP_positive_regulation_of_cell_cycle%0045787",0.649859943977591,0.987634878255841,-0.373768672505948,-0.87674880350494,463,29,"RPS15A;BIRC5"
"BP_cellular_response_to_cAMP%0071320",0.649006622516556,0.987634878255841,0.327406627365327,0.880301955012853,195,26,"PIK3CG;PDE4D;CRTC1"
"RA_Cholesterol_biosynthesis%R-MMU-191273",0.963302752293578,0.987867849801975,0.24093600273813,0.611416747625502,314,19,"LSS;NSDHL;SREBF2;SQLE;DHCR7"
"RA_Signaling_by_MET%R-MMU-6806834",0.961690885072655,0.987867849801975,-0.257835169243937,-0.630416494600023,727,38,"RPS27A;SPINT2;CBL;PTPN2"
"BP_centrosome_cycle%0007098",0.651162790697675,0.988168094655243,-0.358808714767962,-0.878078827394246,475,37,"PCLAF;NPM1;UXT;HAUS1;CHD3"
"BP_regulation_of_cell_population_proliferation%0042127",0.653061224489796,0.98944020533709,0.269604327173793,0.897978422175816,95,89,"STAT6;DNMT1;CTNNA1;TOPORS;TGFBR2;E2F4;NF2;EMILIN1;RIOX2;PIAS1;SHC1;JUP;STAT1;PLA2G4A;MBD2;ERBB3;STAT2"
"BP_regulation_of_cell_division%0051302",0.653907496012759,0.98944020533709,-0.422911866368738,-0.86684009831848,409,15,"RACK1;CIB1;ZBTB18"
"RA_Regulation_of_TP53_Activity%R-MMU-5633007",0.967555040556199,0.990424523332982,-0.250498819643383,-0.693883705043303,834,101,"RPS27A;RPA3;TAF15;ING2;TAF10;MEAF6;CHD3;RMI2;CSNK2B;TAF4;CSNK2A2;TAF3;BRPF3;PIP4K2B;CSNK2A1"
"RA_Metabolism_of_vitamins_and_cofactors%R-MMU-196854",0.974025974025974,0.992945326278659,0.219109663656149,0.718292045028456,149,82,"SLC2A3;MTHFD1L;FASN;PANK4;MTHFD1;SHMT1;LRP10;MTR;NADK"
"RA_SUMOylation%R-MMU-2990846",0.984126984126984,0.992945326278659,0.226276298777732,0.78909492577284,123,121,"NUP160;NUP188;NUP107;DNMT1;TOPORS;POM121;NUP214;NR1H2;HIPK2;PIAS1;BLM;MBD1;TOP2B;PML;BRCA1;IKBKG;AURKB;TOP2A;MRTFA;NUP133;SENP1;SMC5;STAG2;RXRA;CTBP1;SP100;NCOA1;UBA2;L3MBTL2;SIN3A;RPA1;NUP93;PIAS3;NUP98;SCMH1"
"RA_Nonhomologous_End-Joining_(NHEJ)%R-MMU-5693571",0.981538461538462,0.992945326278659,0.205426348996436,0.531616755695367,318,20,"PRKDC;KAT5;DCLRE1C;XRCC6;PAXIP1;POLL;POLM;RIF1;NHEJ1"
"RA_Metabolism_of_porphyrins%R-MMU-189445",0.977203647416413,0.992945326278659,-0.248883504011849,-0.52078456607138,642,15,"BLVRA;FLVCR1;BLVRB"
"RA_Deubiquitination%R-MMU-5688426",0.976190476190476,0.992945326278659,0.225445199338664,0.831489529596002,81,181,"WDR48;MYC;ARRB1;USP8;USP19;RNF123;USP7;USP47;RAD23A;USP37;BECN1;KAT2A;TNIP1;PSME3;TRAF6;DDX58;PSMD1;SKP2;ASXL2;RHOT1;MAP3K7;BRCA1;DDB2;ACTL6A;IKBKG;MYSM1;PSMF1;USP22;TADA2B;IFIH1;RIPK1;USP15;JOSD1;USP33;USP10;USP25;USP12;MCRS1"
"RA_Synthesis_of_very_long-chain_fatty_acyl-CoAs%R-MMU-75876",0.982558139534884,0.992945326278659,0.23235169228392,0.550667697094745,337,15,"ACSL5;ACSL1;ELOVL6"
"RA_Sialic_acid_metabolism%R-MMU-4085001",0.973053892215569,0.992945326278659,0.230070047301606,0.556616107257183,324,16,"GNE;ST3GAL3;GLB1;CTSA;ST6GALNAC4"
"RA_RUNX1_interacts_with_co-factors_whose_precise_effect_on_RUNX1_targets_is_not_known%R-MMU-8939243",0.983216783216783,0.992945326278659,-0.245528946062229,-0.569823978984689,702,29,"CSNK2B;CSNK2A2;CSNK2A1;CBX8;EP300;ARID1A;SMARCE1;SMARCB1;CBX4;SMARCA2;RNF2"
"BP_sensory_perception_of_sound%0007605",0.661784287616511,0.994652406417112,-0.352363501920018,-0.89461934136534,496,49,"RPL38;SOD1;NDUFS4;CDKN1B;SPRY2;DIAPH1"
"BP_positive_regulation_of_filopodium_assembly%0051491",0.662721893491124,0.994652406417112,-0.389173556201234,-0.856578987728467,447,20,"MIEN1;RALA"
"BP_rhythmic_process%0048511",0.662790697674419,0.994652406417112,0.299278806590102,0.89039280267343,170,42,"USP7;SIK1;CRTC1;DTL;ATG7;CIPC;MTOR;PRKDC;DDB1;TOP2A;PRKAA1;BTRC;CCAR2;SIN3A;FBXW7;CUL4A;KDM5C"
"BP_determination_of_adult_lifespan%0008340",0.662568306010929,0.994652406417112,-0.357360744012373,-0.85403266498031,484,31,"SOD1;COQ7"
"BP_mitotic_metaphase_chromosome_alignment%0007080",0.659488559892328,0.994652406417112,-0.355259854470548,-0.880986496498391,489,41,"CHMP4B;CHMP5;PINX1;CHMP2A;SKA1;CHMP3;NUDC"
"BP_positive_regulation_of_angiogenesis%0045766",0.663101604278075,0.994652406417112,0.279984249087878,0.900915082357551,123,68,"PRKCB;XBP1;TGFBR2;ADD1;PXN;HIPK2;EMILIN1;JUP;ITGB2L;HGF;ITGB1;ITGB2;VEGFA;BRCA1"
"BP_camera-type_eye_development%0043010",0.66875,0.99615249780894,0.320802484349382,0.853211883535419,213,24,"MED1;ABI2;PKNOX1;TBC1D20;RXRA;SLC25A25;TBC1D32;FKRP;SKI"
"BP_regulation_of_mitotic_cell_cycle%0007346",0.668900804289544,0.99615249780894,-0.352758258165088,-0.873006106800279,498,40,"GMNN;BIRC5;RPA3;CDKN1B;CKS2;PIM1"
"BP_positive_regulation_of_endocytosis%0045807",0.671779141104295,0.99615249780894,0.347479877393121,0.872558667572055,218,20,"CKAP5;MYH9;ADD1;ITGB1;DNM2;AP2B1;EEF2K"
"BP_negative_regulation_of_telomere_maintenance_via_telomerase%0032211",0.66715976331361,0.99615249780894,-0.385980293577875,-0.849550551130237,450,20,"PINX1;TEN1;DCP2;TERF1;TERF2"
"BP_endoplasmic_reticulum_unfolded_protein_response%0030968",0.668900804289544,0.99615249780894,-0.353268433616808,-0.874268688964078,498,40,"SELENOS;ERLEC1;TMBIM4;STUB1;DDIT3;ATF4;CREB3;DERL2"
"BP_neural_precursor_cell_proliferation%0061351",0.670769230769231,0.99615249780894,0.33528585993233,0.88080677385894,217,23,"GAK;ORC3;ILK;RSU1"
"BP_sphingolipid_biosynthetic_process%0030148",0.671641791044776,0.99615249780894,-0.393015386201118,-0.855914095771044,449,19,"HACD4;CERS4;KDSR;ORMDL2;CERS5;ORMDL1;HACD3;B4GALT6"
"BP_macrophage_cytokine_production%0010934",0.667651403249631,0.99615249780894,-0.379212779084534,-0.853881958146064,451,23,"CUEDC2;PSEN2;PYCARD"
"BP_adult_locomotory_behavior%0008344",0.673611111111111,0.997444127436995,0.323143457185157,0.877600311488589,193,28,"KALRN;ARCN1;HIPK2;IDUA;ATP1A3;INPP5F;TSHR;WDR47"
"BP_protein_stabilization%0050821",0.674576271186441,0.997450383891062,-0.316921824545958,-0.905354143127282,596,146,"RPL23;HYPK;NPM1;RPL11;HSP90AA1;CDKN2A;PARK7;TYROBP;HSP90AB1;RTN4;CCNH;STUB1;PIM1;UBE2B;PRKRA;PPIB;NOP53;SUMO1;SOX4"
"BP_neuron_migration%0001764",0.840909090909091,0.999327531071451,0.269764476932484,0.836698886970773,184,56,"AU040320;ACAP3;TUBGCP2;ABI2;MARK2;TOP2B;NDEL1;RAC1;PSEN1"
"BP_positive_regulation_of_lamellipodium_assembly%0010592",0.792899408284024,0.999327531071451,-0.34732975754053,-0.764479927737438,535,20,"BRK1;HSP90AA1"
"BP_positive_regulation_of_transcription_elongation_by_RNA_polymerase_II%0032968",0.900793650793651,0.999327531071451,-0.282360738216505,-0.715146082995446,680,47,"MED31;MED11;EAPP;MED30;MED10;NCBP2;CDK9;CCNK;MED4;MED7;LDB1;MED28"
"BP_positive_regulation_of_interferon-beta_production%0032728",0.70668485675307,0.999327531071451,-0.340279568517223,-0.837958490823041,517,39,"HSP90AA1;ISG15;HMGB2;TRIM56;TRADD;HMGB1;IRF3;ZC3HAV1"
"BP_protein_K63-linked_ubiquitination%0070534",0.869507323568575,0.999327531071451,-0.293077801788825,-0.744098263799848,652,49,"UBE2S;CDKN2A;UBE2V2;STUB1;UBE2B;TRIM56;XIAP;UBE2T;TRIM12A"
"BP_defense_response_to_protozoan%0042832",0.853582554517134,0.999327531071451,-0.335152820831987,-0.708677500156967,547,17,"BATF;HRAS;NRAS;CCDC88B;SLC11A1;TSPAN32"
"BP_endoplasmic_reticulum_calcium_ion_homeostasis%0032469",0.731903485254692,0.999327531071451,0.339465515885436,0.819521156333614,272,16,"PML;ATP2A3;PSEN1;KCTD17;ATP2A2;PACS2;GRINA"
"BP_positive_regulation_of_insulin_secretion_involved_in_cellular_response_to_glucose_stimulus%0035774",0.777777777777778,0.999327531071451,0.29969527565872,0.813919209631556,223,28,"ARRB1;MYH9;ABCC8;ATG7;NADK;RAC1;FTO;C2CD2L"
"BP_spermatid_development%0007286",0.69758064516129,0.999327531071451,-0.343547685985275,-0.855155960006148,518,42,"SLIRP;TMF1;ARMC3;ING2;CIB1"
"BP_neuron_differentiation%0030182",0.8,0.999327531071451,-0.299412181399355,-0.807173083021468,667,75,"FUOM;FOS;RTN4;CEBPB;PPIA;IER2;DDX6;SOX4;THAP11;GAS7;ID1;ITM2C;ATF4;LSM1;CDK5;LDB1;PIN1;NOTCH1;VHL;CCND1"
"BP_sodium_ion_transmembrane_transport%0035725",0.948863636363636,0.999327531071451,-0.263476455609644,-0.607490002005986,667,27,"WNK1;SLC20A1;TPCN1;ATP1B1;SLC4A8;SLC5A3;SLC4A7"
"BP_oogenesis%0048477",0.927710843373494,0.999327531071451,0.281332912967451,0.694664448749347,307,19,"DDX20;MLH1;ZSCAN21;METTL3;DIAPH2"
"BP_cellular_response_to_retinoic_acid%0071300",0.797014925373134,0.999327531071451,-0.346623948661535,-0.754882210742269,533,19,"NDUFA13"
"BP_lipid_catabolic_process%0016042",0.870218579234973,0.999327531071451,-0.303559158430613,-0.725455835307698,636,31,"HINT2;NAAA;IAH1;LPL"
"BP_negative_regulation_of_transforming_growth_factor_beta_receptor_signaling_pathway%0030512",0.94750656167979,0.999327531071451,-0.259058042025606,-0.659395577945765,721,48,"SPRY2;ING2;STUB1;ZBTB7A;SAP30;ARID4B;FKBP1A;SIRT1;SAP30L;LEMD3;ARID4A;PIN1;ING1"
"BP_autophagy%0006914",0.941176470588235,0.999327531071451,0.227684636286741,0.79597216287694,111,132,"BCAS3;RMC1;XBP1;VPS39;VPS41;TM9SF1;BECN1;RNF41;CHMP1B;ATP13A2;ATG7;PIK3CB;EI24;TBC1D25;PTPN22;TGFBRAP1;DNM2;PSEN1;LRRK2;VMP1;EPG5;VPS11;PRKAA1;LRSAM1;AMBRA1;VPS16;USP10;CHMP7;TBC1D5;CLTC;RUBCN;PIK3C3;WDR47;WDR41;ATG9A;RNF166;VPS18;ULK2;ABL1;UVRAG;AP5Z1;ULK1;DRAM1;TRP53;ATG4D;ATG14;1600014C10RIK;SQSTM1;CLEC16A;SIRT2;VPS51;VPS4B"
"BP_odontogenesis_of_dentin-containing_tooth%0042475",0.846385542168675,0.999327531071451,0.305039304156162,0.753200035621287,280,19,"CTNNA1;NF2;TRAF6"
"BP_methylation%0032259",0.807486631016043,0.999327531071451,0.262478960290689,0.844587704121848,150,68,"CARM1;PCIF1;DNMT1;LCMT2;SMYD5;PRDM10;MTR;ARMT1;KMT5B;NSD3;EZH1;PRMT9;THUMPD2"
"BP_protein_homotetramerization%0051289",0.70668485675307,0.999327531071451,-0.340536068987569,-0.838590138347351,517,39,"SSBP1;SOD2;ACOT13;CBR4;APIP;KCNN4;THG1L"
"BP_GPI_anchor_biosynthetic_process%0006506",0.763239875389408,0.999327531071451,0.319655155732221,0.813039968185552,244,21,"PIGN;PIGG;PIGU"
"BP_brain_development%0007420",0.732718894009217,0.999327531071451,-0.313422235698796,-0.867899677019494,635,98,"CXCR4;UPF3B;NDUFS4;UFC1;UTP3;SETD1A;IER3IP1;DIAPH1;RTN4;BPTF;SOX4;CX3CR1;CHD8;PBX2;PTCH1"
"BP_heterochromatin_formation%0031507",0.922024623803009,0.999327531071451,-0.271906848939921,-0.665412062892708,673,37,"POLE3;CBX5;CBX8;CBX1;MIS18A;SIRT1;EZH2;BAZ2A;UTY;KMT2D;DNMT3B"
"BP_cell_motility%0048870",0.73841059602649,0.999327531071451,0.304296903462491,0.818166575240061,222,26,"ELMO2;CTNNA1;MYH9;ELMO1;TMOD3;RAC1;ADAM17;MAP2K1"
"BP_negative_regulation_of_cell_population_proliferation%0008285",0.940265486725664,0.999327531071451,-0.254472079728239,-0.736929090264531,849,167,"PDCD5;NPM1;TFAP4;BAX;CDKN1B;SPRY2;IFITM3;EEF1E1;PHF14;CDKN2A;BAK1;TIAL1;FOXO4;ATG101;CIB1;SOD2;GAL;CEBPA;IFI35;SOX4;DHCR24;PTPN2"
"BP_positive_regulation_of_cold-induced_thermogenesis%0120162",0.930809399477807,0.999327531071451,-0.265955064448878,-0.682442767022383,712,51,"CXCR4;FABP4;G0S2;FABP5;CEBPB;HADH;PLAC8;DECR1;ADRB2;IGF1R;ADIPOR2;OMA1;KDM6B;APC"
"BP_developmental_growth%0048589",0.7828418230563,0.999327531071451,0.326147130287634,0.787368556865187,291,16,"GNAS;SMAD4;SRF;SMAD3"
"BP_regulation_of_cell_growth%0001558",0.893296853625171,0.999327531071451,-0.285488354702571,-0.697444058270614,652,36,"LAMTOR2;NPM1;MEAF6;CD44;DCUN1D5;PTTG1;CREB3;JADE2"
"BP_endosomal_transport%0016197",0.784552845528455,0.999327531071451,0.275574248571819,0.833718398507196,192,47,"ARHGAP1;WASHC5;EPS15L1;ALS2;ITSN2;WASHC2;ANKFY1;AP5B1;REPS1;VPS16"
"BP_adipose_tissue_development%0060612",0.942815249266862,0.999327531071451,-0.273501785535042,-0.617991352832127,642,24,"DHRS7B;SELENOM;PUM2;ASNSD1;CD2AP;AMER1;HRAS"
"BP_positive_regulation_of_multicellular_organism_growth%0040018",0.739263803680982,0.999327531071451,0.328509060165985,0.824920942111092,240,20,"SGIP1;CREB1;STAT5B;TSHR;HSF1;STAT5A;EZR;GPAM"
"BP_RNA_polymerase_II_preinitiation_complex_assembly%0051123",0.850666666666667,0.999327531071451,-0.297537294994724,-0.748334196840653,637,45,"GTF2F2;MED31;MED11;TAF10;MED30;GTF2A2;TAF4;TAF3;MED10;TAF12;MED4;MED7;MED28;GTF2B"
"BP_positive_regulation_of_transcription_initiation_by_RNA_polymerase_II%0060261",0.699363057324841,0.999327531071451,-0.333246480828557,-0.863245278941928,548,55,"SUB1;XPA;ZNHIT1;MED31;MED11;TAF10;NFKBIA;MED30;GTF2A2;TAF4;TAF3"
"BP_interstrand_cross-link_repair%0036297",0.707282913165266,0.999327531071451,-0.358597691905295,-0.836301222124773,504,28,"CENPX;CENPS;NUCKS1;FANCL;HMCES;SPRTN"
"BP_nervous_system_development%0007399",0.847533632286996,0.999327531071451,-0.282048167334683,-0.79507100415642,755,114,"CXCR4;NAP1L1;NME1;RBM45;BAX;TBCB;TCF4;FOS;NDUFV2;RTN4;SEMA4B;PURA;KIF2A;POFUT1;GAL;SOX4"
"BP_regulation_of_protein_stability%0031647",0.887456037514654,0.999327531071451,-0.275742149144804,-0.753491300019184,756,88,"DDRGK1;TOMM7;NPM1;DPM3;PINX1;CDKN2A;TARDBP;STUB1;RNF149;UBL4A;PYCARD;SUMO1;SOX4"
"BP_B_cell_homeostasis%0001782",0.822981366459627,0.999327531071451,0.298494843482798,0.778918807588182,264,22,"DOCK11;NCKAP1L;GAPT;IKBKG;PKN1;SASH3;DOCK10;SOS2"
"BP_spindle_organization%0007051",0.713888888888889,0.999327531071451,0.344797555240527,0.83442579986631,256,17,"CKAP5;KIF11;RGS14;KIZ;AURKB;SPAG5;UVRAG;AURKA;CEP72"
"BP_regulation_of_cell_cycle%0051726",0.705434782608696,0.999327531071451,-0.306233086963015,-0.894110088938102,648,180,"PCLAF;BIRC5;RACK1;NPM1;BAX;ACTB;CDK11B;CDKN1B;INO80D;SFPQ;CDKN2A;BAK1;HSP90AB1;MEAF6;TARDBP;MNT;YEATS4;NOP53;CSNK2A2;SON;PSMG2;XIAP;TFPT;CSNK2A1;GADD45A;CDKN3;EPC2;CDK9;DDIT3;CCNK;GRK5;YY1;JADE2;GADD45B;LEMD3;HRAS;INO80E;CCNL1;COPS5;INO80;UCHL5;NRAS;MORF4L2;TRRAP;KAT2B;CCND1;APC"
"BP_autophagosome_assembly%0000045",0.904545454545454,0.999327531071451,0.253551044054349,0.790698410880068,198,57,"BECN1;TRIM32;ATG7;WIPI2;TRAF6;PSEN1;ATG2A;VMP1;ATP2A2;ATG13;AMBRA1;UBXN2A;PACS2;PIK3C3;ATG9A;IFI47;ULK2;AP5Z1;ULK1;ATG4D;ATG14"
"BP_mitophagy%0000423",0.875471698113208,0.999327531071451,0.265464437675969,0.775566451130279,231,38,"BECN1;BCL2L13;ATG7;ABI2;PINK1;EIF2S1;ATG13;AMBRA1;ATG9A;ULK2;ULK1;TRP53;ATG4D;ATG14;SQSTM1;SNX7"
"BP_negative_regulation_of_cardiac_muscle_cell_apoptotic_process%0010667",0.781350482315113,0.999327531071451,0.292619507378601,0.790934119203094,242,25,"ILK;JAK2;MFN2;ATG7;AMBRA1;HSF1;CFLAR;SIRT4"
"BP_regulation_of_G1/S_transition_of_mitotic_cell_cycle%2000045",0.822834645669291,0.999327531071451,-0.303213997401863,-0.7717883123593,626,48,"ACTB;CDKN1B;CDKN2A;CCNH;MNAT1;BCL7C"
"BP_immunoglobulin_mediated_immune_response%0016064",0.854864433811802,0.999327531071451,-0.346760265600585,-0.710752586128836,535,15,"FCER1G"
"BP_positive_regulation_of_chemokine_production%0032722",0.904411764705882,0.999327531071451,-0.293208117120823,-0.655886860469527,614,22,"AIF1;PYCARD;LPL"
"BP_positive_regulation_of_interleukin-6_production%0032755",0.788535031847134,0.999327531071451,-0.311885520889003,-0.807911617876278,618,55,"AIF1;CYBA;FCER1G;TYROBP;PYCARD;LPL;POU2F2;AKIRIN2;BSG;LAPTM5;HMGB1"
"BP_regulation_of_apoptotic_process%0042981",0.860702151755379,0.999327531071451,-0.279831332622122,-0.795921771585188,759,130,"ANP32B;ANP32A;BAX;ACTB;CDK11B;HSP90AA1;RBM25;SERBP1;ANP32E;RPS3;PRDX2;MEAF6;TARDBP;ZBTB7A;BAD;YEATS4;NOP53;PYCARD"
"BP_positive_regulation_of_NF-kappaB_transcription_factor_activity%0051092",0.902994011976048,0.999327531071451,-0.273545815724217,-0.737441003214354,753,75,"DDRGK1;NPM1;MTDH;RPS3;LAMTOR5;PPIA;CIB1;ZBTB7A;PSMA6;PYCARD"
"BP_protein_glycosylation%0006486",0.680051813471503,0.999327531071451,-0.339807694689875,-0.876322776439442,524,53,"DPM3;B3GAT3;OSTC;NPC1;B3GNT8;NUS1;TRIP11;B4GALT3;FUT7;B4GALT1;ST3GAL1"
"BP_DNA_recombination%0006310",0.761154855643045,0.999327531071451,-0.320136562179858,-0.814862305719473,579,48,"SLX1B;INO80D;KIN;NSMCE1;HMGB2;RPAIN;NSMCE3;TFPT"
"BP_cellular_response_to_hydrogen_peroxide%0070301",0.788018433179724,0.999327531071451,0.278887998858275,0.859427878595767,170,55,"NET1;STAT6;BECN1;PLEKHA1;ECT2;TOP2B;CAPN1;RIPK3;RIPK1;PRKAA1;PDGFRB;HSF1;IL18RAP"
"BP_melanosome_organization%0032438",0.81658692185008,0.999327531071451,-0.367414348847927,-0.753087145588072,511,15,"BLOC1S1;BLOC1S2"
"BP_muscle_organ_development%0007517",0.777777777777778,0.999327531071451,0.299974369655518,0.814677179421993,223,28,"RIPOR2;XBP1;PRR14;UNC45A;ITGB1;CD164;KMT5B;SGCB"
"BP_bone_mineralization%0030282",0.925714285714286,0.999327531071451,-0.288085792804282,-0.659845489397347,647,26,"MTSS1;ATF4;TMEM38B;GLA;FOSL2;SBDS;ROGDI;NFIX;ERCC2"
"BP_circadian_regulation_of_gene_expression%0032922",0.75390625,0.999327531071451,0.288759905717004,0.846889751947949,192,40,"NCOA2;MYBBP1A;PML;CRY1;KDM8"
"BP_positive_regulation_of_neurogenesis%0050769",0.757352941176471,0.999327531071451,-0.351030768268963,-0.78523224659999,514,22,"CXCR4;NAP1L1;FAIM"
"BP_positive_regulation_of_protein_phosphorylation%0001934",0.764705882352941,0.999327531071451,0.25572487845423,0.877302271756242,90,117,"RAF1;FBH1;IQGAP3;NPTN;ARRB1;AKT1;ILK;XBP1;DVL3;PDE4D;HIPK2;GNAS;AGRN;MTOR;EIF4G3;VEGFA;MAP2K3;RAC1;PSEN1;PINK1;CSF1R;MPRIP;LRRK2;AXIN1;FIZ1;DVL2;RIPK1;DVL1;PECAM1;RALB;MAP2K4;SEMA4D"
"BP_somitogenesis%0001756",0.843076923076923,0.999327531071451,0.284568223439855,0.747569906113597,273,23,"MED12;KAT2A;PRKDC;PSEN1;PALB2;TRP53;ATM;TMED2;RBPJ;SMAD3;ABI1;ZEB2"
"BP_negative_regulation_of_angiogenesis%0016525",0.75235531628533,0.999327531071451,-0.324632717953596,-0.805036193196996,558,41,"NAXE;SPRY2;TCF4;FOXO4;ATP2B4;ROCK1;GADD45A;PGK1;NGP;H2-M3;ADRB2;SYNJ2BP"
"BP_positive_regulation_of_intracellular_protein_transport%0090316",0.819875776397516,0.999327531071451,0.300395592526029,0.783878790015361,263,22,"DCTN1;RIPOR1;ASPH"
"BP_regulation_of_DNA_repair%0006282",0.876165113182423,0.999327531071451,-0.290674466668042,-0.737996411391414,657,49,"ENY2;INO80D;TAF10;BARD1;TFPT;UIMC1;TAF12;CDK9;YY1;INO80;UCHL5;TRRAP;KAT2B;ATXN7"
"BP_regulation_of_mitotic_metaphase/anaphase_transition%0030071",0.768211920529801,0.999327531071451,0.296445699261933,0.79705695243684,231,26,"CDC23;CDC6;SMARCC2;PLK1;ACTL6A"
"BP_positive_regulation_of_T_cell_differentiation%0045582",0.877840909090909,0.999327531071451,-0.309679146718093,-0.714018203355931,617,27,"ACTB;BAD;H2-AA"
"BP_regulation_of_G0_to_G1_transition%0070316",0.729850746268657,0.999327531071451,-0.37262271517754,-0.811502667637871,488,19,"ACTB;BCL7C;ARID1A;BCL7B;SMARCE1;SMARCB1"
"BP_positive_regulation_of_stem_cell_population_maintenance%1902459",0.9280868385346,0.999327531071451,-0.270375841204858,-0.664862614149735,683,38,"ACTB;ING2;BCL7C;SAP30;ARID4B;BRD9;ARID1A;SAP30L;BICRA;ARID4A"
"BP_regulation_of_nucleotide-excision_repair%2000819",0.908419497784343,0.999327531071451,-0.293383736553688,-0.660618769392336,614,23,"ACTB;BCL7C;HMGB1;ARID1A;BCL7B;SMARCE1;SMARCB1"
"BP_membrane_fission%0090148",0.698670605612999,0.999327531071451,-0.365772641725344,-0.823618498054551,472,23,"CHMP4B;CHMP5;CHMP2A"
"BP_phosphorylation%0016310",0.679190751445087,0.999327531071451,0.355822555177133,0.869367140530839,234,18,"AKT1;COQ8A;MTOR;LRRK2;STAT3;EPHA7;PAK1"
"BP_lipid_homeostasis%0055088",0.768488745980707,0.999327531071451,0.29528665977562,0.798143282566175,238,25,"THADA;NR1H2;ATP13A2;PNPLA8;HPS1;ABHD4;ACOX1;ABHD8;HPS6;ACACA;PNPLA2"
"BP_DNA-templated_transcription%0006351",0.804780876494024,0.999327531071451,0.269989540304812,0.834829310393114,201,49,"MYC;DNMT1;CBFA2T2;MEF2A;STAT1;MKRN2;TCEANC;MAPK1;SMAD4;XAB2;HINFP"
"BP_negative_regulation_of_Wnt_signaling_pathway%0030178",0.943699731903485,0.999327531071451,0.25544176156372,0.616675090742484,351,16,"TSC2;RNF43;AXIN1"
"BP_animal_organ_regeneration%0031100",0.907488986784141,0.999327531071451,-0.295522495860149,-0.656486842623429,617,21,"BAK1;GSTP1;UPF2;FPGS;CDK1;NOTCH1;ANXA3"
"BP_response_to_glucocorticoid%0051384",0.94273127753304,0.999327531071451,-0.269399196646845,-0.598455381534372,641,21,"CTSL;HMGB1;FOSL2;PDCD7;ANXA3"
"BP_negative_regulation_of_canonical_Wnt_signaling_pathway%0090090",0.873885350318471,0.999327531071451,-0.285562358514961,-0.739723814092978,685,55,"PFDN5;FOXO3;CCDC88C;APOE;CHD8;DDIT3;AMER1;NOTCH1;GSK3B;APC;SDHAF2"
"BP_double-strand_break_repair_via_homologous_recombination%0000724",0.816784869976359,0.999327531071451,-0.298484999578832,-0.808405405556248,690,82,"SEM1;SWI5;SLX1B;RPA3;SFPQ;NSMCE1;NUCKS1;RMI2;PPP4C;RPA2"
"BP_endoderm_development%0007492",0.899521531100479,0.999327531071451,-0.323561033470956,-0.663201249173379,563,15,"TNRC6A;TNRC6C;BPTF"
"BP_female_pregnancy%0007565",0.877142857142857,0.999327531071451,-0.308842386846572,-0.707387385930098,613,26,"COMT;FOS"
"BP_lactation%0007595",0.781388478581979,0.999327531071451,-0.340686337089628,-0.767131100723938,528,23,"NME1;APRT;USF2"
"BP_response_to_insulin%0032868",0.926568758344459,0.999327531071451,-0.272377389135754,-0.68094481094841,693,43,"KHK;RPS6;FOS;VPS13C;HADH;SRSF5;CD2AP;GGH;EIF6;SIRT1"
"BP_negative_regulation_of_gene_expression%0010629",0.842696629213483,0.999327531071451,0.242194572456616,0.883673211134706,74,172,"MYC;DGKQ;XDH;IQGAP3;AKT1;VPS35;CNOT7;WWP2;KDM4A;DNMT1;RBL2;CCNB1;POU2F1;NR1H2;OLR1;EMILIN1;HDAC5;TBK1;BRIP1;CREB1;MBD1;PTPN22;ANAPC2;VEGFA;MAP3K7;TIPARP;RB1;PSEN1;PINK1;LGALS9;FLOT2;AXIN1;ABCC2;MAP2K1;PRKAA1"
"BP_cerebral_cortex_development%0021987",0.943569553805774,0.999327531071451,-0.260919558777606,-0.664133805352036,718,48,"BAX;PPP1R9B;FOS;ZBTB18;CSNK2A1;AKIRIN2;TUBB2A;PAFAH1B1"
"BP_liver_development%0001889",0.935828877005348,0.999327531071451,0.234170007861805,0.753497000655456,174,68,"CAD;PKD1;XBP1;UGT1A7C;MED1;ATG7;HGF"
"BP_regulation_of_mitochondrion_organization%0010821",0.864864864864865,0.999327531071451,-0.343618887956011,-0.710977597041843,543,16,"FIS1;PARL"
"BP_negative_regulation_of_canonical_NF-kappaB_signal_transduction%0043124",0.841269841269841,0.999327531071451,-0.300512468587839,-0.761119680304486,635,47,"NFKBIL1;TMSB4X;GSTP1;NKIRAS1;NFKBIA;PYCARD"
"BP_positive_regulation_of_transforming_growth_factor_beta_receptor_signaling_pathway%0030511",0.94478527607362,0.999327531071451,0.262365120966378,0.658826525683401,307,20,"HIPK2;SDCBP;MEN1;AXIN1;FURIN;SMAD4;SNW1"
"BP_negative_regulation_of_protein-containing_complex_assembly%0031333",0.881028938906752,0.999327531071451,0.262563297250182,0.709693868689835,273,25,"RAF1;TFIP11;TMC8;CRBN"
"BP_protein_destabilization%0031648",0.759259259259259,0.999327531071451,-0.323056702469916,-0.818218343017781,573,47,"SERF2;NPM1;CDKN2A;ISOC2A;COMMD1;CCDC88C;UTP25;ID1;EP300;SIRT1;FBXO4;FBXL3;CREBBP"
"BP_multicellular_organism_growth%0035264",0.838709677419355,0.999327531071451,0.243451104776171,0.807353296647282,129,86,"WDR48;STIL;PLEKHA1;KAT2A;PDE4D;ADD1;CLIC4;GNAS;MTOR;SP2;RMI1;HEG1;LLGL2;APBA1;ATP1A3;PALB2"
"BP_intrinsic_apoptotic_signaling_pathway_in_response_to_DNA_damage_by_p53_class_mediator%0042771",0.844285714285714,0.999327531071451,-0.320603615546198,-0.734325867108486,590,26,"RPS27L;PYCARD;TMEM109;AEN;EP300;SIRT1"
"BP_cartilage_development%0051216",0.731534090909091,0.999327531071451,-0.35221759047043,-0.812097856130388,514,27,"DDRGK1;FBXW4;ZBTB7A;TRIP11;EP300;FOSL2;SMAD5"
"BP_oocyte_maturation%0001556",0.745308310991957,0.999327531071451,0.335131668978835,0.809058593681245,277,16,"WASHC5;CCNB1;RPS6KA2;PTK2B;BRCA2;PLCB1"
"BP_positive_regulation_of_cytokinesis%0032467",0.793846153846154,0.999327531071451,0.301096001466503,0.790988912347999,257,23,"CDC6;ECT2;CUL3;AURKB;KIF23;PKN2;RACGAP1;SVIL;KIF20B;CIT;GIPC1"
"BP_semaphorin-plexin_signaling_pathway%0071526",0.806970509383378,0.999327531071451,0.314817885209081,0.760018043800714,300,16,"FLNA;PLXNB3;RAC1;SEMA4D;PLXNC1"
"BP_phospholipid_biosynthetic_process%0008654",0.800578034682081,0.999327531071451,0.314733914942015,0.768976895028492,276,18,"PLD1;ACSL5;ISYNA1;AGPAT2;MBOAT1;LPCAT3"
"BP_positive_regulation_of_osteoblast_differentiation%0045669",0.835570469798658,0.999327531071451,0.275937201711716,0.749073787900088,248,27,"ILK;LRP5;GNAS;VEGFA;MEN1"
"BP_cell_surface_receptor_signaling_pathway%0007166",0.778801843317972,0.999327531071451,0.280229167931956,0.863560857055044,168,55,"BTLA;PKD1;ADGRG3;ADGRE5;SYK;MAPK1;PECAM1;NRG2;ADGRE1;ADGRL4;MLKL;OSMR;TSHR"
"BP_oligodendrocyte_differentiation%0048709",0.722741433021807,0.999327531071451,0.326384795989901,0.830156746697919,231,21,"EXOC4;MIOS;MTOR;CNP;NF1;GRK2"
"BP_activation_of_innate_immune_response%0002218",0.703753351206434,0.999327531071451,-0.343446788265223,-0.849962081897355,524,40,"HEXIM1;HSP90AA1;SFPQ;PYCARD;MNDAL;TRIM12A;IFI203;HMGB1;AIM2;TRIM30A;TRIM12C"
"BP_mitotic_G2_DNA_damage_checkpoint_signaling%0007095",0.921708185053381,0.999327531071451,0.243818676664038,0.704799680468756,258,34,"TICRR;DTL;BLM;PLK1;BRCA1;NBN;RINT1;MBTPS1;TAOK2;ATM;TAOK3;TOPBP1;CCNG1"
"BP_response_to_UV%0009411",0.806451612903226,0.999327531071451,-0.308256417294192,-0.767309235989349,599,42,"PCLAF;XPA;TIPIN;UBE2A;RPAIN;UBE2B"
"BP_response_to_ionizing_radiation%0010212",0.844961240310077,0.999327531071451,0.273484492020855,0.813651411246376,217,42,"TICRR;PRKDC;KAT5;BRCA1;RRM1;DCLRE1C;RAD54L;XRCC6;PAXIP1;RFWD3;RAD54B;ATM;TOPBP1;USP28;NABP1"
"BP_associative_learning%0008306",0.861333333333333,0.999327531071451,0.298355970999858,0.709354600260772,322,15,"SPECC1;ABL1;SRF;PPT1"
"BP_positive_regulation_of_dendritic_spine_development%0060999",0.834319526627219,0.999327531071451,-0.33319728950337,-0.733374075419157,563,20,"LLPH"
"BP_protein-containing_complex_assembly%0065003",0.70940170940171,0.999327531071451,-0.325569504112844,-0.86644146567428,580,69,"VAMP8;GMNN;TFAP4;DNAJC15;DNAJB14;STX4A;TAF10"
"BP_hair_follicle_development%0001942",0.695121951219512,0.999327531071451,-0.387039857878876,-0.831287771936197,455,18,"DBI;PSEN2;PUM2"
"BP_negative_regulation_of_protein_localization_to_plasma_membrane%1903077",0.866666666666667,0.999327531071451,0.295296674732298,0.714631412741518,311,17,"NUMB;AP2M1;CLTC;TMED2;HECTD1;TGFB1;PPFIA1;PPP2R5A"
"BP_mRNA_destabilization%0061157",0.944776119402985,0.999327531071451,-0.271412972792822,-0.591086754729804,632,19,"RIDA;ROCK1"
"BP_positive_regulation_of_bone_mineralization%0030501",0.871951219512195,0.999327531071451,-0.323129134326118,-0.69401973118152,571,18,"ISG15;ATP2B1;BMPR2;ATRAID;ADRB2"
"BP_cell_chemotaxis%0060326",0.791390728476821,0.999327531071451,0.291971973037344,0.785028393414107,238,26,"ELMO2;BIN2;PLXNB3;HGF;VEGFA;RAC1;KIT;PDGFRB"
"BP_intraciliary_transport%0042073",0.811764705882353,0.999327531071451,-0.335050895007871,-0.749486343632371,551,22,"IFT20;SSNA1;CLUAP1;IFT27;ARL3;IFT22;KIF3B;IFT46;IFT74"
"BP_chromosome_segregation%0007059",0.82172373081464,0.999327531071451,-0.296279413833448,-0.806450486771337,695,86,"CENPX;CENPW;CENPS;SPC24;ITGB3BP;SRPK1;RPS3;CIAO1;CENPK;SKA1;TOP1;CENPH;PTTG1;PMF1;KNSTRN;BEX6;MIS18A"
"BP_regulation_of_autophagy%0010506",0.691119691119691,0.999327531071451,0.297560181460997,0.881624518377722,178,41,"PIK3R4;RMC1;XBP1;BECN1;WAC;PIK3R2;MTOR;RPTOR;LRRK2;ERCC4;USP33;USP10;PIK3C3;WDR41;ULK2;UVRAG;ULK1;DRAM1;ATM"
"BP_in_utero_embryonic_development%0001701",0.868421052631579,0.999327531071451,0.239221425703873,0.894120282902735,65,189,"INPP5B;ZFP335;PKD1;TGFBR2;STIL;CCNB1;SEC24D;APBA3;MYH9;KAT2A;CMIP;SEC24C;ADD1;MED1;PITPNB;TRAF6;KIDINS220;CUL3;NSUN2;ITGB1;SP2;VEGFA;ENO1;HEG1;NBN;C2CD3;GATAD2A;AXIN1;APBA1;PALB2;RRN3;KDM8;PLCG1;RXRA;SMPD4;PDGFRB;SMAD4;HSF1;INPP5K;NMT1;HINFP;BAP1;NCOR2;GPI1;MSH2;SIN3A;GNA12;VPS54;RPA1;NRBP1;CUL4A"
"BP_regulation_of_cell_adhesion%0030155",0.72821270310192,0.999327531071451,-0.356686809821625,-0.803159725657525,492,23,"CXCR4;PLAU;PLAUR"
"BP_regulation_of_ERK1_and_ERK2_cascade%0070372",0.744548286604361,0.999327531071451,0.323474119975681,0.822753468848138,238,21,"CEACAM1;SYK;MAP2K1;YWHAZ;PTPN6;EPHA7;TRAF7;NF1;FRS2;L1CAM;FN1"
"BP_positive_regulation_of_transcription_by_RNA_polymerase_III%0045945",0.801608579088472,0.999327531071451,0.320651017300135,0.774100107906219,298,16,"MYO1C;MTOR;MYBBP1A;RPTOR;ERCC6;SF3B1;ELL"
"BP_cardiac_muscle_cell_differentiation%0055007",0.804477611940299,0.999327531071451,-0.344179035483139,-0.749557646550131,538,19,"IFT20;CACYBP;ACADM;FOXP1;ARID1A;KDM6B"
"BP_response_to_nutrient%0007584",0.69205298013245,0.999327531071451,0.31544734120229,0.848146885109113,208,26,"GNPAT;ADSL;MTOR;AGL;ACSL1;AACS;GCLM"
"BP_response_to_xenobiotic_stimulus%0009410",0.917420814479638,0.999327531071451,-0.263305604277923,-0.751216796557205,810,136,"SOD1;COMT;FOXO3;CDKN1B;HSP90AA1;CDKN2A;BAK1;FOS;MGST1;PAM;TSPO;UBE2B;SOD2;HADH;TERF1;TOP1;NPC1;PTCH1;UQCRFS1;CDK1"
"BP_keratinocyte_differentiation%0030216",0.719557195571956,0.999327531071451,0.294611213443191,0.86320511532143,194,37,"GAK;SAV1;CLIC4;MED1;LATS2;MAP2K1;ASAH1;ANXA1;RBPJ;PTGS1;TGM1;SMARCA4;PLEC;CASP3;LATS1"
"BP_positive_regulation_of_interferon-alpha_production%0032727",0.677914110429448,0.999327531071451,0.344443339785884,0.864933600968253,220,20,"TBK1;STAT1;PTPN22;IFIH1;MAVS;IRF7;SETD2;DHX36;TLR4;TRIM65"
"BP_stem_cell_differentiation%0048863",0.790983606557377,0.999327531071451,-0.325730100428197,-0.774652794709943,578,30,"PHF5A;FOXO4;HOXA7;BMPR2;DNMT3L;METTL5;VSIR;SMAD5;GSK3B;EZH2"
"BP_negative_regulation_of_inflammatory_response%0050728",0.761363636363636,0.999327531071451,-0.318223392259753,-0.826852063915246,602,59,"SOD1;SELENOS;FPR2;TMSB4X;PGLYRP1;CD44;CLEC12A;PTPN2;APOE"
"BP_ERAD_pathway%0036503",0.859550561797753,0.999327531071451,0.254587475053532,0.823653909853687,152,72,"UBE4A;USP19;STT3B;UBE2J1;ECPAS;MAN1C1;NRROS;NPLOC4;FAF1;BAG6;EDEM2;EDEM1;AMFR;TMEM67;UGGT1;UBE4B;FOXRED2;MAN1A"
"BP_negative_regulation_of_cell_cycle%0045786",0.889355742296919,0.999327531071451,-0.299527051628734,-0.702600307222579,634,29,"GMNN;CDKN2A;CEBPA;RRP8;SIRT1;RHOB;CDK5"
"BP_epithelial_cell_differentiation%0030855",0.690615835777126,0.999327531071451,-0.375377347775465,-0.848184426001027,470,24,"DNPH1;CD63;PCNA;PGK1;CDK1;GSTK1;PIH1D1;TST;ALDOC"
"BP_negative_regulation_of_MAPK_cascade%0043409",0.6875,0.999327531071451,0.321093965229748,0.87203425487049,197,28,"SH2B3;NF2;DAG1;PIK3R2;PIK3CB;SPRED2"
"BP_type_I_interferon-mediated_signaling_pathway%0060337",0.68944099378882,0.999327531071451,0.329960364435221,0.861027716989877,221,22,"TYK2;JAK1;STAT1;STAT2;IFIH1;MYD88;SIN3A;IRF7;IFNAR1;IRAK1"
"BP_fertilization%0009566",0.783094098883573,0.999327531071451,-0.374894767952663,-0.768419718986615,490,15,"BAX"
"BP_negative_regulation_of_hippo_signaling%0035331",0.766666666666667,0.999327531071451,0.330427736937201,0.799650184582954,275,17,"MAPK14;MAP2K3;STRN4;VCP;SLMAP;CIT;PPP2R1A;MARK3"
"BP_negative_regulation_of_DNA-binding_transcription_factor_activity%0043433",0.691460055096419,0.999327531071451,-0.348308603853147,-0.846407303465293,501,35,"PURA;PIM1;SUMO1;TAF3;KAT6A;PTCH1;ID1;DDIT3;PHB2;SIRT1;HES6;IGF1R;EZH2"
"BP_endoplasmic_reticulum_organization%0007029",0.733333333333333,0.999327531071451,0.307564596129179,0.848388096162775,197,30,"GAK;SEC31A;SEC16A;SEC16B;SEC61A1;TOR1AIP2;LRRK2"
"BP_protein_sumoylation%0016925",0.847682119205298,0.999327531071451,0.276351990246643,0.743030766491979,255,26,"TOPORS;PIAS1;ZMIZ2;IFIH1;SENP1;UBA2;PIAS3"
"BP_response_to_unfolded_protein%0006986",0.893499308437068,0.999327531071451,-0.294698739418902,-0.705026052797291,645,32,"MANF;HSP90AA1;UPF2;UBXN4;DDIT3;CREB3"
"BP_mitotic_spindle_assembly_checkpoint_signaling%0007094",0.714814814814815,0.999327531071451,0.310499692611339,0.856484284566423,192,30,"ZFP207;BUB1B;KNTC1;BUB1;PLK1;ZW10;ZWILCH"
"BP_antiviral_innate_immune_response%0140374",0.71042471042471,0.999327531071451,0.293605589981854,0.869907679145197,183,41,"NLRP1A;TBK1;TRAF6;HCFC2;RNF135;DHX15;IFIT2;IFIH1;UAP1;MAVS;PDE12;DHX58"
"BP_protein_maturation%0051604",0.940959409594096,0.999327531071451,0.244278100825304,0.715730076017851,254,37,"RNF123;CASP8;TSPAN5;CASP7;TMEM260;PSEN1;FURIN;MBTPS1"
"BP_DNA_methylation-dependent_constitutive_heterochromatin_formation%0006346",0.711180124223603,0.999327531071451,0.323081655346883,0.843077805968575,228,22,"DNMT1;MBD2;MBD1;PPM1D"
"BP_positive_regulation_of_protein_ubiquitination%0031398",0.856777493606138,0.999327531071451,-0.297360361215048,-0.768759731347458,669,57,"BIRC5;NPM1;STUB1;NSMCE3;COMMD1;XIAP;RCHY1;PSMD10;SPRTN;LAPTM5;AMER1;UBE2L3;FBXO4;GSK3B;UBE3A"
"BP_negative_regulation_of_GTPase_activity%0034260",0.94392523364486,0.999327531071451,-0.279479906052174,-0.59095764336248,605,17,"SPRY2;WNK1"
"BP_positive_regulation_of_protein_targeting_to_membrane%0090314",0.775914634146341,0.999327531071451,-0.361607220190098,-0.776663318437714,508,18,"FIS1;CIB1;ITGB1BP1;MIEF2;CDK5;HRAS"
"BP_positive_regulation_of_erythrocyte_differentiation%0045648",0.75776397515528,0.999327531071451,0.314767290192848,0.821381567212587,243,22,"MAPK14;MED1;KAT7;NCKAP1L;STAT1;PRKDC;STAT5B;ABCB10;STAT3;ETS1"
"BP_regulation_of_gene_expression%0010468",0.806451612903226,0.999327531071451,0.246145609496117,0.894338754675054,74,164,"NCOA2;MYC;ZFP335;PLCG2;TMTC3;SAV1;KDM4A;CEP128;DNMT1;TGFBR2;KDM3A;APBA3;TBK1;MAP3K4;KDM4B;ACO1;PSEN1;MEN1;LRRK2;APBA1;ATP7A;SART3;AFF2;SORT1;PPP2CB;FUT8;UBXN2A;PTCD2;PATZ1;ADNP2;TIFAB;MYD88;HMG20A;DROSHA;KDM4C;IRF7;SLC4A5"
"BP_positive_regulation_of_cardiac_muscle_cell_apoptotic_process%0010666",0.758713136729222,0.999327531071451,0.332438994847131,0.802558070609593,282,16,"CAPN1;ATP2A2;SMAD4;TRP53;PTEN"
"BP_cellular_response_to_lipopolysaccharide%0071222",0.690092165898618,0.999327531071451,-0.320655503824431,-0.887929369731109,598,98,"CAMP;SELENOS;CHMP5;TRIM41;NFKBIL1;GSTP1;HMGB2;PDCD4;CEBPB;TSPO;PYCARD;CX3CR1;FCGR4;GFER"
"BP_positive_regulation_of_cell_migration%0030335",0.848739495798319,0.999327531071451,0.247850592228544,0.857640352050971,100,121,"NUMB;AKT1;ACTN4;ILK;PPM1F;XBP1;FERMT3;MYO1C;CASP8;PLD1;JAK2;CASS4;NEDD9;TRIM32;RIPOR1;SDCBP;HGF;ITGB1;VEGFA;FER;ITGA5;CSF1R;ADAM17;MAP2K1;FURIN;PECAM1;SEMA4D;ELP3;KIT;CPNE3;PDGFRB;RDX;CARMIL2;PREX1"
"BP_positive_regulation_of_blood_vessel_endothelial_cell_migration%0043536",0.9,0.999327531071451,0.265388461507011,0.705831781727597,287,24,"AKT1;VEGFA;MAP2K3;ADAM17;PLCG1;ETS1;STAT5A;COL18A1;TGFB1;HIF1A"
"BP_positive_regulation_of_actin_filament_polymerization%0030838",0.871527777777778,0.999327531071451,0.272182070004,0.747512244953179,250,29,"MYO1C;NCKAP1L;MTOR;RAC1;FER;NCK2;ICAM1;PTK2B"
"BP_ephrin_receptor_signaling_pathway%0048013",0.91304347826087,0.999327531071451,0.270490159515966,0.705840911877112,293,22,"SIPA1L1;GIT1;CSF1R;DIAPH2;KIT;PDGFRB;NCK2;EPHA7"
"BP_cellular_response_to_virus%0098586",0.906976744186047,0.999327531071451,-0.277795196215517,-0.678649779667832,662,36,"BAX;HSP90AA1;PENK;POU2F2;FLT3;IRF3;ZC3HAV1;CREBBP"
"BP_negative_regulation_of_fibroblast_proliferation%0048147",0.774305555555556,0.999327531071451,0.296899894330589,0.815396497403956,222,29,"MYC;TSC2;TRIM32;MEN1;MED25"
"BP_mRNA_transport%0051028",0.948412698412698,0.999327531071451,-0.258617538574645,-0.655010752818503,716,47,"CETN3;CETN2;ALYREF;SRSF7;IWS1;HNRNPA3"
"BP_brain_morphogenesis%0048854",0.776,0.999327531071451,0.328087363438782,0.78004230906724,290,15,"ZFP335;FANCD2;PSEN1;FANCC"
"BP_negative_regulation_of_cellular_senescence%2000773",0.947222222222222,0.999327531071451,0.263157508887973,0.636853166466021,340,17,"MAP3K3;PRKDC;RBL1;ABL1"
"BP_response_to_estradiol%0032355",0.867768595041322,0.999327531071451,-0.295919940848596,-0.719100235838192,629,35,"CDKN1B;GSTP1;PENK;PCNA;PTCH1"
"BP_cellular_response_to_glucose_stimulus%0071333",0.761255115961801,0.999327531071451,-0.324255049307649,-0.798497167912789,557,39,"RACK1;USF2;FOXO3"
"BP_response_to_calcium_ion%0051592",0.762962962962963,0.999327531071451,0.295617727020187,0.825583066342164,205,31,"SLC25A12;AHCYL1;SEC31A;PLA2G4A;SLC25A13;VPS54;ANXA11;ENTPD6;PTK2B"
"BP_vasodilation%0042311",0.933431952662722,0.999327531071451,-0.284340316307581,-0.62583887428158,630,20,"SOD2;APOE;SIRT1;ADRB2;KAT2B"
"BP_defense_response%0006952",0.796875,0.999327531071451,0.29170777369831,0.775831083552325,254,24,"STAT6;STAT1;STAT2;STAT5B;HSF1;IFI47;STAT3;STAT5A;TLR1;TGFB1;TNFRSF1A"
"BP_sodium_ion_transport%0006814",0.91044776119403,0.999327531071451,-0.300515957974593,-0.6544676200106,609,19,"COMMD3;CPOX;FXYD5;SLC20A1;COMMD9;ATP1B1"
"BP_positive_regulation_of_proteolysis%0045862",0.881057268722467,0.999327531071451,-0.308214487835244,-0.684681399230974,599,21,"BAK1;AURKAIP1;STUB1;BAD"
"BP_cellular_response_to_mechanical_stimulus%0071260",0.774703557312253,0.999327531071451,0.279913588744316,0.834802840023733,195,43,"PIEZO1;AKT1;RIPOR2;DAG1;CASP2;RAC1"
"BP_intrinsic_apoptotic_signaling_pathway_in_response_to_endoplasmic_reticulum_stress%0070059",0.848739495798319,0.999327531071451,-0.311592537288734,-0.726678463419522,605,28,"BAX;BAK1;CEBPB;DDIT3;ATF4;TNFRSF10B;GSK3B;TMBIM6;UBE2K"
"BP_ATP_metabolic_process%0046034",0.910404624277457,0.999327531071451,0.277911573784127,0.679010328900755,314,18,"AMPD3;ATP7A;NT5E;AMPD2;SLC25A25;FIGNL1;VCP;SELENON"
"BP_fatty_acid_beta-oxidation%0006635",0.934336525307797,0.999327531071451,-0.269242324318343,-0.657755233226355,682,36,"MTLN;ACAA1A;HADH;AUH;ACADM"
"BP_cellular_response_to_cadmium_ion%0071276",0.81769436997319,0.999327531071451,0.310403611792713,0.749361319375794,304,16,"AKT1;MAPK1;MMP9;HSF1;GSN;MAPK9;CYP2A5"
"BP_regulation_of_insulin_secretion%0050796",0.749221183800623,0.999327531071451,-0.37730239950736,-0.797802389436376,480,17,"UQCC2;HADH;SLC16A1"
"BP_cellular_response_to_ionizing_radiation%0071479",0.788331071913162,0.999327531071451,-0.317619695770949,-0.781036723897661,580,38,"SWI5;RPL26;EEF1D;BARD1;MNDAL;GADD45A;IFI203;SIRT1;FBXO4;RHOB"
"BP_protein_metabolic_process%0019538",0.725333333333333,0.999327531071451,0.341127927479151,0.811046830481813,271,15,"PREP;PSEN1;LTA4H;DCAF11;ACACA;TGM1"
"BP_positive_regulation_of_neuron_differentiation%0045666",0.938973647711512,0.999327531071451,-0.275286501297733,-0.665849806651415,676,34,"UPF3B;TCF4"
"BP_embryonic_digit_morphogenesis%0042733",0.864583333333333,0.999327531071451,0.269233616575395,0.731190746759823,248,28,"LRP5;MAP3K20;C2CD3;IFT140;SMAD4;GNA12;TBC1D32"
"BP_vascular_endothelial_growth_factor_signaling_pathway%0038084",0.816,0.999327531071451,0.309089543743058,0.734874147186904,305,15,"MYO1C;VEGFA;CSF1R;KIT;EPHA7;AXL;PIK3CD"
"BP_positive_regulation_of_MAPK_cascade%0043410",0.698717948717949,0.999327531071451,0.268425177505139,0.872817358385263,108,82,"RAF1;PLCG2;IQGAP3;ARRB1;ILK;JAK2;IQGAP1;SHC1;HGF;VEGFA;GSDME;MAP2K3;MAP3K7;SYK;DHX33;MAP2K1;RIPK1"
"BP_hepatocyte_growth_factor_receptor_signaling_pathway%0048012",0.861333333333333,0.999327531071451,0.299133217215832,0.711202537732874,322,15,"HGF;RAC1;CSF1R;KIT;PDGFRB;EPHA7;PAK1"
"BP_skeletal_muscle_tissue_development%0007519",0.845618915159944,0.999327531071451,-0.307761108402514,-0.737987418580922,607,33,"MYL6;PSMA6;ZBTB18;ASNSD1;EP300;FOXP1;CDK5;SIN3B"
"BP_response_to_activity%0014823",0.950284090909091,0.999327531071451,-0.26207133388145,-0.604250253697152,668,27,"FOS;SOD2;CBL;HADH;CDK1"
"BP_decidualization%0046697",0.903426791277259,0.999327531071451,-0.304160890800705,-0.643145354417937,579,17,"IL11RA1;CTSL;BSG"
"BP_cellular_response_to_tumor_necrosis_factor%0071356",0.843137254901961,0.999327531071451,-0.295823275797815,-0.759515617103227,644,52,"CAMP;FABP4;FOS;RPS3;NFKBIA;CIB1;PYCARD;CEBPA;CX3CR1;GFER;TRADD"
"BP_post-embryonic_development%0009791",0.909090909090909,0.999327531071451,0.240753355744973,0.761839039012394,189,60,"TMTC3;PLEKHA1;GNAS;ATG7;MTOR;ACO1;TIPARP;HEG1;PSEN1;LLGL2"
"BP_B_cell_activation%0042113",0.842607313195549,0.999327531071451,-0.354846328669805,-0.734208155952925,529,16,"IGBP1;PFDN1;LAT2"
"BP_heme_biosynthetic_process%0006783",0.950715421303657,0.999327531071451,-0.284853947875718,-0.589387785325954,597,16,"TMEM14C;CPOX;SNX3;FXN;PGRMC1"
"BP_positive_regulation_of_neuron_apoptotic_process%0043525",0.926767676767677,0.999327531071451,-0.274570612820461,-0.713427370278791,733,59,"FIS1;BAX;FOXO3"
"BP_BMP_signaling_pathway%0030509",0.744868035190616,0.999327531071451,-0.355808444174822,-0.803967481727903,507,24,"PDCD4;BMPR2;ID1;NOTCH2;MEGF8;VSIR;SMAD5;FKBP8"
"BP_T_cell_proliferation%0042098",0.870967741935484,0.999327531071451,0.269033464421185,0.760749100590408,242,32,"DOCK2;TSC2;NCSTN;MSN"
"BP_osteoclast_differentiation%0030316",0.929264909847434,0.999327531071451,-0.278668730766911,-0.674030581326115,669,34,"FCER1G;GLO1;TYROBP;FOS"
"BP_tumor_necrosis_factor-mediated_signaling_pathway%0033209",0.685362517099863,0.999327531071451,-0.348675641407544,-0.851809716080153,500,36,"RACK1;FOXO3;TMSB4X;TXNDC17;NFKBIA;PYCARD;TRADD;TNFRSF18;AIM2"
"BP_positive_regulation_of_T_cell_activation%0050870",0.853582554517134,0.999327531071451,0.293817303718208,0.747321627646554,273,21,"FBXO38;FCHO1;PRKAA1"
"BP_positive_regulation_of_nitric_oxide_biosynthetic_process%0045429",0.788888888888889,0.999327531071451,0.294920855489696,0.813511523291555,212,30,"AKT1;JAK2;NFATC3;PIK3CB;ITGB2L;MTOR;ITGB2;DNM2"
"BP_mitotic_G2/M_transition_checkpoint%0044818",0.861271676300578,0.999327531071451,0.295324354215895,0.721554284904671,297,18,"ATR;BRCA1;ETAA1;NBN;RAD50;RBBP8;NABP1"
"BP_isotype_switching%0045190",0.776,0.999327531071451,0.329062780229723,0.78236140590149,290,15,"PCYT1A;MSH6;MLH1;NBN;EXO1"
"BP_DNA_unwinding_involved_in_DNA_replication%0006268",0.726470588235294,0.999327531071451,-0.360198128838836,-0.805739016337501,493,22,"SSBP1;PURB;PURA;GINS1"
"BP_negative_regulation_of_non-canonical_NF-kappaB_signal_transduction%1901223",0.711890243902439,0.999327531071451,-0.381872458002231,-0.820189182882086,466,18,"NDUFC2"
"BP_regulation_of_actin_filament_polymerization%0030833",0.84,0.999327531071451,0.285773488077526,0.750736175211159,272,23,"CYFIP1;CYFIP2;PIK3R2;PLEKHG2;GBA2;PREX1"
"BP_protein_complex_oligomerization%0051259",0.903485254691689,0.999327531071451,0.279599443818449,0.674995393598863,336,16,"SLC31A1;BLM;MCU;IFIH1;OPA1;HGSNAT;SLC9A1;DNM1L"
"BP_cellular_response_to_interleukin-4%0071353",0.715817694369973,0.999327531071451,0.344551136217249,0.831798613866024,266,16,"XBP1;FASN;PML;MCM2"
"BP_spleen_development%0048536",0.792592592592593,0.999327531071451,0.286866081424832,0.8011420070086,213,31,"SAMD9L;PRKDC;PKN1;ADAM17;SLC40A1;RIPK3;PCID2;ABL1;CTC1;MYB"
"BP_roof_of_mouth_development%0060021",0.928571428571429,0.999327531071451,-0.279236556968734,-0.655004914070964,662,29,"ANP32B;SUMO1;PAK1IP1"
"BP_negative_regulation_of_epithelial_to_mesenchymal_transition%0010719",0.806970509383378,0.999327531071451,0.314434187359174,0.759091739092507,300,16,"TSC2;VEGFA;SPRED2;ADIPOR1"
"BP_regulation_of_canonical_Wnt_signaling_pathway%0060828",0.89544235924933,0.999327531071451,0.283064270871522,0.683360010740089,333,16,"KPNA1;PSEN1;FAM53B;LRRK2;AXIN1;BTRC;CCNYL1"
"BP_animal_organ_morphogenesis%0009887",0.704206241519674,0.999327531071451,-0.340684535836063,-0.837753883952721,518,38,"CXCR4;GMNN"
"BP_wound_healing%0042060",0.767025089605735,0.999327531071451,0.29170261363255,0.824850921197739,213,32,"NFATC1;FNTB;HPSE;PECAM1;NBEAL2;CORO1B;CFLAR;PAK1;NF1;ELK3;PLEC;FN1;EVPL"
"BP_cholesterol_transport%0030301",0.763955342902711,0.999327531071451,-0.379879414045849,-0.778636720336329,478,15,"NPC2;NPC1;ABCG1;ABCA1"
"BP_symbiont_entry_into_host_cell%0046718",0.719225449515906,0.999327531071451,-0.340890784373636,-0.81553414383727,519,32,"VAMP8;SIVA1"
"BP_blood_vessel_remodeling%0001974",0.803738317757009,0.999327531071451,-0.362470563299839,-0.766440610710507,515,17,"BAX;BAK1;BMPR2"
"BP_lung_alveolus_development%0048286",0.720170454545455,0.999327531071451,-0.355504179855051,-0.819675649703011,506,27,"PHF14;PSEN2;NKIRAS1;BMPR2;HOPX;ATXN1;TMEM38B;FOSL2;MAPK8IP3;MAN2A1;RC3H2"
"BP_negative_regulation_of_protein_binding%0032091",0.725915875169607,0.999327531071451,-0.336061209573394,-0.826384980683231,534,38,"RACK1;BAX;CDKN2A;PARK7;MITD1;SLPI;DHRS7B;STUB1"
"BP_positive_regulation_of_type_II_interferon_production%0032729",0.867158671586716,0.999327531071451,0.265597805893096,0.769143118808065,234,36,"TYK2;JAK2;PDE4D;PDE4B;PTPN22;SASH3;CARMIL2;ABL2;ABL1;ARID5A;IFNAR1;IL12RB1;TLR4;ULBP1"
"BP_positive_regulation_of_protein_kinase_activity%0045860",0.719557195571956,0.999327531071451,0.292367452717543,0.846665181080798,194,36,"ALS2;IQGAP1;PXN;LRP8;MTOR;MAP2K3;PSEN1;LRRK2;AXIN1;WDR59;XRCC6;CACUL1"
"BP_cellular_response_to_transforming_growth_factor_beta_stimulus%0071560",0.796448087431694,0.999327531071451,-0.322619510595014,-0.767255175931992,582,30,"PDCD5;PENK;CX3CR1;KMT2A"
"BP_positive_regulation_of_extrinsic_apoptotic_signaling_pathway%2001238",0.900293255131965,0.999327531071451,-0.299462676357941,-0.676651321025698,613,24,"G0S2;PYCARD;ITM2C;TNFSF14;PAK2"
"BP_DNA-templated_DNA_replication%0006261",0.744868035190616,0.999327531071451,-0.355158830052327,-0.8024996452032,507,24,"POLE4;POLE3;ORC6;CHRAC1;RPAIN;BAZ1A"
"BP_positive_regulation_of_cell_adhesion%0045785",0.806451612903226,0.999327531071451,0.283420819213676,0.801432393435819,224,32,"TSC2;PIK3R2;VAV3;TGM2;VEGFA"
"BP_negative_regulation_of_ERK1_and_ERK2_cascade%0070373",0.70479704797048,0.999327531071451,0.296302480803485,0.86816049573523,190,37,"ARRB1;XBP1;EMILIN1;TNIP1;RGS14;SPRED2;NLRP12;SMAD4"
"BP_negative_regulation_of_JNK_cascade%0046329",0.884718498659517,0.999327531071451,0.28684854568099,0.692495823135202,329,16,"AKT1;MEN1;TAOK3;ITCH"
"BP_natural_killer_cell_mediated_cytotoxicity%0042267",0.933014354066986,0.999327531071451,-0.296816592267594,-0.608383316914222,584,15,"PRDX1"
"BP_protein_N-linked_glycosylation%0006487",0.907335907335907,0.999327531071451,0.255392921855721,0.756689489240826,234,41,"PGM3;STT3B;STT3A;EXT2;ENTPD5"
"BP_anterograde_synaptic_vesicle_transport%0048490",0.778309409888357,0.999327531071451,-0.376479092405464,-0.771667099998235,487,15,"BLOC1S1;BLOC1S2"
"BP_negative_regulation_of_fat_cell_differentiation%0045599",0.852760736196319,0.999327531071451,0.29681771882553,0.745340637257023,277,20,"ZFP36L2;VEGFA;AXIN1;SORT1;NCOR2;SIRT2;E2F1;TGFB1;ASXL1;SMAD3"
"BP_cellular_response_to_type_II_interferon%0071346",0.808030112923463,0.999327531071451,-0.308201250080559,-0.802707446470594,643,61,"VAMP8;AIF1;STX4A;STX8;CALM3;PIM1"
"BP_positive_regulation_of_protein_localization_to_nucleus%1900182",0.870967741935484,0.999327531071451,-0.309779046386522,-0.699961689759883,593,24,"CDKN2A;PARK7;LAMTOR5;CDK1;CD2AP;HNRNPM;CREBBP;TFRC"
"BP_positive_regulation_of_endothelial_cell_proliferation%0001938",0.801428571428571,0.999327531071451,-0.336741803075101,-0.771289544297626,560,26,"CYBA;HMGB2;MYDGF;EMC10;PDCD6;EGFL7;SIRT1;PDCL3;NRAS;POLD4"
"BP_embryo_implantation%0007566",0.772727272727273,0.999327531071451,-0.34535001813986,-0.780336130140208,526,24,"SOD1;IL11RA1;BSG;H3F3B;H2-Q7;ARID1A;FUT7"
"BP_regulation_of_protein_localization%0032880",0.760765550239234,0.999327531071451,0.270279167780021,0.855270410704961,158,60,"USP8;AKT1;RALGAPB;PPM1F;DVL3;TBC1D1;AAK1;DVL1;CEP120;STX6;SGK1"
"BP_gluconeogenesis%0006094",0.92962962962963,0.999327531071451,0.240098218358256,0.662288419826714,250,30,"KAT2A;ENO1;CRY1;SLC25A13;PCX;GPI1;FBP1;PGAM1;PER2;PPP4R3B;CRTC2;C1QTNF12;SLC25A10;SLC25A11;GPD2"
"BP_negative_regulation_of_innate_immune_response%0045824",0.737215909090909,0.999327531071451,-0.349556610001191,-0.805962510841735,518,27,"BANF1;PIM1;LYAR;MNDAL"
"BP_negative_regulation_of_cGAS/STING_signaling_pathway%0160049",0.738437001594896,0.999327531071451,-0.39170055800202,-0.802866453299816,462,15,"BANF1"
"BP_regulation_of_cell_migration%0030334",0.89238845144357,0.999327531071451,-0.283252267269447,-0.720978553764117,679,48,"CXCR4;CDKN1B;TMSB4X;RTN4;KIF2A;STMN1;LMO4;ROCK1;EGFL7;MACF1;BEX6;RHOB;CDK5;LDB1"
"BP_receptor_internalization%0031623",0.835125448028674,0.999327531071451,0.278810058301686,0.788394490421112,232,32,"NEDD4L;RAB31;NEDD4;ITGB1;ITGB2;AP2M1;DNM2;SYK;SCYL2;RALB;CLTC"
"BP_tRNA_methylation%0030488",0.706222865412446,0.999327531071451,-0.363572355531163,-0.827176784846851,487,25,"METTL1;TRMT112"
"BP_lysosome_localization%0032418",0.788079470198676,0.999327531071451,0.293556875028235,0.789289737579045,237,26,"KIF1B;DEF8;MYH9;VPS33B;NDEL1"
"BP_sensory_perception_of_pain%0019233",0.952153110047847,0.999327531071451,-0.282067041640892,-0.578151245099392,596,15,"PENK;CDK5;NLGN2"
"BP_positive_regulation_of_fibroblast_proliferation%0048146",0.828125,0.999327531071451,0.274826119281585,0.806024033735835,211,40,"MYC;FNTB;CCNB1;CDC6;PRKDC;PML"
"BP_microglial_cell_activation%0001774",0.861244019138756,0.999327531071451,-0.3429856075754,-0.703015690586592,539,15,"AIF1;CX3CR1;NAMPT"
"BP_positive_regulation_of_mitotic_cell_cycle%0045931",0.927641099855282,0.999327531071451,-0.287065361840394,-0.65311292081359,640,25,"BIRC5;LGMN;CDK1;PAFAH1B1;HMGB1"
"BP_negative_regulation_of_cysteine-type_endopeptidase_activity%2000117",0.717709720372836,0.999327531071451,-0.334854290540268,-0.839400530362082,538,44,"BIRC5;IGBP1;PARK7;LAMTOR5;PLAUR;CD44;MNDAL;XIAP;CSNK2A1;ARL6IP1;IFI203;NAIP5;PAK2;PIH1D1;DNAJB6;RPS6KA3"
"BP_regulation_of_DNA_damage_checkpoint%2000001",0.947535771065183,0.999327531071451,-0.286667485826508,-0.593140154300973,595,16,"BARD1;RPA2;RNASEH2B;FBXO4"
"BP_epidermis_development%0008544",0.873900293255132,0.999327531071451,-0.309164627842034,-0.698573379454082,595,24,"CDKN2A;SATB1;INSR;PTCH1;YBX1;IGF1R;NOTCH1"
"BP_coronary_vasculature_development%0060976",0.797333333333333,0.999327531071451,0.320051286836649,0.760936179276482,298,15,"DNM2;AP2B1;CNTRL;SMARCA4;DCTN5;NDST1;TAB1;SNX17;ZBTB14"
"BP_cholesterol_biosynthetic_process%0006695",0.830769230769231,0.999327531071451,0.290492201471088,0.763132387570926,269,23,"G6PDX;LSS;PRKAA1;NSDHL;DHCR7"
"BP_protein_targeting_to_membrane%0006612",0.85625,0.999327531071451,0.272961674123501,0.725973630111453,273,24,"MYO1C;EXOC4;VPS37C;ZDHHC6;ZDHHC7;ZDHHC9;VPS37B"
"BP_dorsal/ventral_pattern_formation%0009953",0.899841017488076,0.999327531071451,-0.322073513427044,-0.666398328710317,565,16,"PTCH1;AIDA;FKBP8;ARL13B;APC"
"BP_cellular_response_to_cytokine_stimulus%0071345",0.908419497784343,0.999327531071451,-0.29360188869956,-0.661109987494058,614,23,"CXCR4;NFKBIA;FLT3;CDK9;HAX1;NFAT5"
"BP_negative_regulation_of_T_cell_receptor_signaling_pathway%0050860",0.792,0.999327531071451,0.322564896573598,0.76691239830166,296,15,"CEACAM1;DGKZ;PTPN22;BTRC;PTPN6;CBLB;UBASH3A"
"BP_monoatomic_ion_transport%0006811",0.934817170111288,0.999327531071451,-0.293556162765112,-0.60739343067277,587,16,"WNK1;TSPO"
"BP_neuronal_stem_cell_population_maintenance%0097150",0.915470494417863,0.999327531071451,-0.306874786673779,-0.628999541998723,573,15,"FOXO3"
"BP_bone_resorption%0045453",0.878612716763006,0.999327531071451,0.288457167723179,0.704775960434227,303,18,"RAB3D;LRRK1;TRAF6;RAC1"
"BP_response_to_gamma_radiation%0010332",0.784565916398714,0.999327531071451,0.29062194555669,0.78553482161586,243,25,"MYC;FANCD2;PRKDC;PML;MEN1;PRKAA1"
"BP_chromosome_organization%0051276",0.887052341597796,0.999327531071451,-0.288329528989978,-0.700655155922358,643,35,"BANF1;CENPW;SFPQ"
"BP_positive_regulation_of_ubiquitin-dependent_protein_catabolic_process%2000060",0.942073170731707,0.999327531071451,-0.275992856334839,-0.59277999912013,617,18,"BCAP31;LAPTM5"
"BP_positive_regulation_of_protein_secretion%0050714",0.78877400295421,0.999327531071451,-0.336566811039765,-0.757855071106522,533,23,"IER3IP1;PPIA;PPID;CD2AP;KCNN4;EP300;ABCG1"
"BP_positive_regulation_of_B_cell_proliferation%0030890",0.841059602649007,0.999327531071451,0.279336476384869,0.751055188609914,253,26,"VAV3;NCKAP1L;SASH3;IRS2;NFATC2;MEF2C;TLR4"
"BP_positive_regulation_of_macrophage_cytokine_production%0060907",0.943283582089552,0.999327531071451,-0.27400059886261,-0.596722120940587,631,19,"RTN4;PYCARD;LAPTM5;H2-M3;SIRT1;CD74"
"BP_epithelial_cell_proliferation%0050673",0.945280437756498,0.999327531071451,-0.26217286800016,-0.641591006665043,690,37,"BAX;BAK1;PURA;BAD;PTCH1;B4GALT1;NOTCH1;APC;MKI67;POLR3G"
"BP_positive_regulation_of_MAP_kinase_activity%0043406",0.711656441717791,0.999327531071451,0.335367739288599,0.84214380969534,231,20,"PIK3CG;CEACAM1;PSEN1;LRRK2;KIT;PDGFRB;MAP2K6;PIK3R5"
"BP_positive_regulation_of_defense_response_to_virus_by_host%0002230",0.951219512195122,0.999327531071451,-0.267469815603719,-0.574474133728583,623,18,"HSP90AA1;PYCARD;CREB3;AIM2"
"BP_interleukin-1-mediated_signaling_pathway%0070498",0.766666666666667,0.999327531071451,0.330899061201253,0.800790810785347,275,17,"TRAF6;RPS6KA4;MYD88;IRAK1;IL1RAP;RPS6KA5;PLCB1;IKBKB;IRAK3;IRAK2;MAPK3"
"BP_regulation_of_protein-containing_complex_assembly%0043254",0.757621951219512,0.999327531071451,-0.369195756797515,-0.792962047264268,496,18,"DUT;APOE;AIDA"
"BP_blastocyst_formation%0001825",0.716593245227607,0.999327531071451,-0.370139515139927,-0.822244414649803,487,21,"SF3B6;PTPN18;RTN4"
"BP_cellular_response_to_organic_cyclic_compound%0071407",0.869986168741356,0.999327531071451,-0.300679216059084,-0.719333517592655,628,32,"CDKN1B;TMF1;NFKBIA;CEBPA;SLC16A1;CDK1;PAK2;SMAD5"
"BP_positive_regulation_of_insulin_secretion%0032024",0.869565217391304,0.999327531071451,0.262758432491898,0.7632292142393,239,35,"PRKCB;JAK2;GNAS;PRKACA;MCU;AACS;IRS2;TM7SF3;PTBP1;OGA;ITPR1;PLCB1;SERP1"
"BP_stem_cell_proliferation%0072089",0.870769230769231,0.999327531071451,0.274908556371906,0.722193649004548,282,23,"NFATC1;RNF43;MEN1;L3MBTL2;FOXM1;TRP53;RBPJ;NF1;TGFB1;BRCA2"
"BP_glycogen_metabolic_process%0005977",0.781931464174455,0.999327531071451,0.316201369279367,0.80425529389705,250,21,"AKT1;PYGB;PHKB;PHKG2;AGL;GYS1;IL6ST;PHKA2"
"BP_mammary_gland_development%0030879",0.77511961722488,0.999327531071451,-0.37729567900436,-0.773340853004387,485,15,"NME1;LBH;PTCH1;IGF1R;GPAT4"
"BP_negative_regulation_of_proteolysis%0045861",0.825153374233129,0.999327531071451,0.308436266079152,0.774516036381715,268,20,"IDE;AKT1;NR1H2;BAG6;UBXN2A"
"BP_stress_granule_assembly%0034063",0.836041358936484,0.999327531071451,-0.32410622685597,-0.729797292968905,565,23,"RPS23;PRRC2C;DDX6;PUM2;CIRBP;TIA1;ATXN2"
"BP_gene_expression%0010467",0.931972789115646,0.999327531071451,-0.260780210614265,-0.73967523193918,821,127,"SOD1;NDUFS6;COMT;TAF15;NPC2;DDX17;DIAPH1;TAF10;TARDBP"
"BP_peptide_cross-linking%0018149",0.947535771065183,0.999327531071451,-0.286753868886357,-0.593318888423191,595,16,"STFA2L1;STFA2;CSTDC4;STFA3;CSTDC5;STFA1;THBS1;CSTA2"
"BP_TOR_signaling%0031929",0.698170731707317,0.999327531071451,-0.386206468191121,-0.829497809888141,457,18,"RPS6;EIF4EBP2;TIPRL"
"BP_extrinsic_apoptotic_signaling_pathway_via_death_domain_receptors%0008625",0.745179063360882,0.999327531071451,-0.330187193248691,-0.802371370631513,540,35,"BAX;BLOC1S2;BEX3;HMGB2;BAD;GABARAP;TRADD"
"BP_non-canonical_NF-kappaB_signal_transduction%0038061",0.864485981308411,0.999327531071451,-0.327016918328228,-0.691474210524579,554,17,"TAB2;NFKBIA"
"BP_regulation_of_endocytosis%0030100",0.702412868632708,0.999327531071451,0.351149627425169,0.847728370768334,261,16,"TSC2;RUFY1;PACSIN2"
"BP_vesicle_fusion%0006906",0.684287812041116,0.999327531071451,-0.380961156846631,-0.846284091816708,465,21,"VAMP8;STX4A;STX8"
"BP_positive_regulation_of_ERAD_pathway%1904294",0.718068535825545,0.999327531071451,-0.386220509260991,-0.816659648971415,460,17,"BCAP31;STUB1;TMEM259"
"BP_myeloid_cell_differentiation%0030099",0.9,0.999327531071451,0.265607999302027,0.706415668276895,287,24,"JAK2;PRKX;PML;TIFAB;MYB;CLEC5A"
"BP_keratinocyte_proliferation%0043616",0.861685214626391,0.999327531071451,-0.345826891752142,-0.715546150425421,541,16,"CDKN2A;CTSL;PTCH1"
"BP_homeostasis_of_number_of_cells_within_a_tissue%0048873",0.939218523878437,0.999327531071451,-0.279999861461425,-0.637037942070305,648,25,"BAX;KMT2A;FLT3;FOSL2;NOTCH1"
"BP_limb_morphogenesis%0035108",0.730462519936204,0.999327531071451,-0.395710660203955,-0.811085937460523,457,15,"BAX;BAK1;FLVCR1;PTCH1;MEGF8"
"BP_miRNA_processing%0035196",0.8060413354531,0.999327531071451,-0.368315044345394,-0.76207610920553,506,16,"PRKRA;PUM2;RBM3;SNIP1;ZC3H7B"
"BP_suppression_of_viral_release_by_host%0044790",0.9375,0.999327531071451,-0.279615151616003,-0.600559998291473,614,18,"TRIM56;CHMP3;TRIM12A;TRIM30A;TRIM12C;TRIM25;TRIM27"
"BP_cellular_response_to_leukemia_inhibitory_factor%1990830",0.826555023923445,0.999327531071451,-0.294085875961472,-0.792439408438799,690,74,"RPS16;SPRY2;EEF1E1;EIF4A2;SRSF7;CACYBP;SRSF3;CHCHD4;GSTT2;MRPL15;LAPTM5;MGA;PMM1;RNF138;SIRT1;MPC1;PDCD10;TFRC;UBTF;ARID5B;BCAT2;NCL;TRIM25"
"BP_adult_walking_behavior%0007628",0.720858895705521,0.999327531071451,0.333107338730149,0.836467705184607,234,20,"OXR1;HIPK2;ATG7;IDUA;AXIN1"
"BP_regulation_of_protein_binding%0043393",0.870481927710844,0.999327531071451,0.300834179145868,0.742816782498196,288,19,"HDAC5;PLK1;ATR;PSEN1;SNAPIN;CBLB"
"BP_fibroblast_proliferation%0048144",0.887052341597796,0.999327531071451,-0.288622584282232,-0.701367294919037,643,35,"BRK1;PRDX1;CKS2;KMT2A;CDK1;RNASEH2B;XRCC4;PTGES3;HRAS"
"BP_cytokine_production%0001816",0.766768292682927,0.999327531071451,-0.365767223541877,-0.785598211956173,502,18,"FABP4;TREM3;NFAT5;FOSL2"
"BP_homeostasis_of_number_of_cells%0048872",0.807407407407407,0.999327531071451,0.287636528328258,0.793418389913733,217,30,"WDR48;AP3B1;EPG5;SART3;RRN3;POC1B;CARMIL2;VPS54"
"BP_tumor_necrosis_factor_production%0032640",0.901492537313433,0.999327531071451,-0.304998401790499,-0.664229545319988,603,19,"FCER1G;PSEN2"
"BP_embryo_development%0009790",0.909959072305593,0.999327531071451,-0.284152921862983,-0.69974331578245,666,39,"BIRC5;PSEN2;CKS2;TAF10"
"BP_cellular_response_to_interleukin-7%0098761",0.736089030206677,0.999327531071451,-0.389538714188011,-0.805989742343895,462,16,"HDGF;HNRNPH1;LSP1;HMGB1;YBX1"
"BP_neuron_projection_development%0031175",0.990697674418605,0.999621906303934,-0.236450744079431,-0.64874161348531,851,90,"UPF3B;BLOC1S1;BLOC1S2;PPP1R9B;DIAPH1;CD44;STMN1;APOE;ROCK1;RAB11A;CD2AP;BLOC1S5;CDK5;VIM;IGF1R;MAP4;GSK3B"
"BP_defense_response_to_virus%0051607",0.993212669683258,0.999621906303934,-0.219432420773618,-0.625719202478653,877,135,"BST2;VAMP8;TRIM41;DDX17;IFITM3;ISG15;TRIM56;PYCARD;MNDAL;TTC4;EXOSC5;IRF2"
"BP_potassium_ion_transmembrane_transport%0071805",0.984662576687117,0.999621906303934,0.225753875914961,0.566891823047147,320,20,"KCNAB2;ATP1A3;TMCO3;ABCB8;KCNIP3;SLC9A1;SLC9A9;TMEM175;SLC12A4;SLC1A3"
"BP_hemopoiesis%0030097",0.996216897856242,0.999621906303934,-0.206923529629298,-0.538225586363929,789,60,"GLRX5;NKAP;SOD2;PBXIP1;FLT3"
"BP_positive_regulation_of_tumor_necrosis_factor_production%0032760",0.958549222797927,0.999621906303934,0.224833160273629,0.721107523980794,184,66,"PLCG2;JAK2;FRMD8;ABCC8;PSEN1;CSF1R;ADAM17;LGALS9;SYK;LRRK2;SASH3;IFIH1;RIPK1"
"BP_lipid_metabolic_process%0006629",0.996363636363636,0.999621906303934,-0.21618741756165,-0.57711540758982,821,70,"MTLN;FABP5;LACTB;ABHD11;ACOT13;RIDA;APOE;SLC16A1;CD2AP;MGST2"
"BP_cellular_response_to_glucose_starvation%0042149",0.969333333333333,0.999621906303934,-0.246774464282515,-0.620660917593247,726,45,"HIGD1A;FOXO3;MNDAL;RRP8;IFI203;ATF4;SH3GLB1;SIRT1"
"BP_microtubule_cytoskeleton_organization%0000226",0.966666666666667,0.999621906303934,-0.249817699305261,-0.675393186826209,811,80,"BIRC5;UXT;CETN3;CETN2;DST;CALML4;BCCIP;KIF2A;SON;GABARAP;SSNA1;TUBB5;TUBB2A;KNSTRN;PAFAH1B1"
"BP_mRNA_stabilization%0048255",0.991477272727273,0.999621906303934,-0.226105210875765,-0.521324209750205,697,27,"TAF15;CIRBP;YBX1;FAM76B;FUS"
"BP_positive_regulation_of_canonical_NF-kappaB_signal_transduction%0043123",0.997695852534562,0.999621906303934,-0.220330884361223,-0.610119773245111,865,98,"S100A13;MTDH;RBX1;TAB2;FAIM;LAMTOR5;PYCARD;XIAP;CX3CR1;TRADD;TRIM12A"
"BP_positive_regulation_of_ERK1_and_ERK2_cascade%0070374",0.978155339805825,0.999621906303934,-0.238450684471562,-0.638651582271863,805,72,"CXCR4;FPR2;SPRY2;CIB1;CD44;PYCARD;APOE;NOTCH2;HMGB1;PHB2;NELFE;HRAS"
"BP_negative_regulation_of_translation%0017148",0.978723404255319,0.999621906303934,-0.246864483974101,-0.648250949782268,781,65,"RACK1;SERBP1;MALSU1;RPS3;PURA;DDX6;MRPL13;RIDA;CIRBP;YBX1;CNOT9;IREB2;PAIP2;TIA1"
"BP_protein_localization_to_cilium%0061512",0.96865671641791,0.999621906303934,-0.256936086993894,-0.559558801745721,648,19,"IFT20;ATP6V1D"
"BP_positive_regulation_of_cell_differentiation%0045597",0.969187675070028,0.999621906303934,-0.254787800454373,-0.594201674222567,691,28,"ACTB;HSP90AB1;ARID1A;GSK3B;APC;PA2G4;SMARCE1;SMARCB1"
"BP_positive_regulation_of_double-strand_break_repair%2000781",0.962447844228095,0.999621906303934,-0.263942450761537,-0.632913654693083,691,33,"ACTB;MGMT;UBE2V2;BCL7C"
"BP_cerebellum_development%0021549",0.988795518207283,0.999621906303934,-0.235568754319459,-0.552573392810089,705,29,"PFDN1;ZBTB18;SDF4;CDK5;LDB1;IGF1R"
"BP_negative_regulation_of_neuron_projection_development%0010977",0.992063492063492,0.999621906303934,0.203956985166847,0.617724585568103,249,45,"GAK;FLNA;CBFA2T2;DENND5A;ADAM17;INPP5J;LRRK2"
"BP_fibroblast_growth_factor_receptor_signaling_pathway%0008543",0.9875,0.999621906303934,0.212360971537562,0.564798944379884,315,24,"IQGAP1;KIF16B;CSF1R;KIT;PDGFRB;EPHA7;SHCBP1;CRKL"
"BP_DNA_repair-dependent_chromatin_remodeling%0140861",0.993975903614458,0.999621906303934,0.224090743056063,0.553322648434247,329,19,"UBR5;KAT5;USP3;TRIP12;DTX3L"
"BP_canonical_NF-kappaB_signal_transduction%0007249",0.990437158469945,0.999621906303934,-0.224126128523163,-0.533017770232937,724,30,"PRDX1;NFKBIA;ROCK1;TRADD;EP300;CREBBP"
"BP_extracellular_matrix_organization%0030198",0.996282527881041,0.999621906303934,0.218602677403502,0.642411596900468,267,39,"EMILIN1;COL6A4;TFIP11;IDUA;MMP19;ATP7A;POMT1;MMP9;NPHP3;FKRP;COL18A1;ADAMTS10;SMARCA4;NF1;COL19A1;COL1A1"
"BP_energy_homeostasis%0097009",0.988571428571429,0.999621906303934,-0.231972824353639,-0.531321660546103,691,26,"PRCP;CEBPA;BOLA3;RRP8;METRNL;SIRT1"
"BP_regulation_of_mRNA_stability%0043488",0.981792717086835,0.999621906303934,-0.246891643748525,-0.579133483286892,700,29,"DCP2;PUM2;PABPC4;RC3H1;VIM"
"BP_ceramide_biosynthetic_process%0046513",0.993865030674847,0.999621906303934,0.214736095011421,0.53922501167114,323,20,"SGMS2;SMPD4;P2RX1;ASAH1"
"BP_platelet_activation%0030168",0.973520249221184,0.999621906303934,-0.259225495145815,-0.548129881231048,624,17,"PPIA;C1GALT1C1;GLA;RAP2B;PDIA6"
"BP_nucleosome_disassembly%0006337",0.997333333333333,0.999621906303934,0.192603652233835,0.457923755577064,373,15,"SMARCC2;SMARCA4;ATAD2;SMARCD1;SUPT16;ARID2;CEBPG;SSRP1;SMARCD2;SMARCC1;ATAD2B;GRWD1;SMARCB1;SMARCE1;ARID1A"
"BP_positive_regulation_of_microtubule_polymerization%0031116",0.958883994126285,0.999621906303934,-0.263070424643347,-0.584396365356373,652,21,"CDKN1B;RPS3"
"BP_response_to_endoplasmic_reticulum_stress%0034976",0.954491017964072,0.999621906303934,-0.249163802232833,-0.671710527893909,796,75,"DDRGK1;FIS1;UFC1;BCAP31;CEBPB;TARDBP"
"BP_regulation_of_embryonic_development%0045995",0.990424076607387,0.999621906303934,-0.223367950437243,-0.54568477934185,723,36,"INO80D;TFPT;INSR;YY1;INO80;UCHL5;KAT2B"
"BP_negative_regulation_of_endothelial_cell_apoptotic_process%2000352",0.995230524642289,0.999621906303934,-0.212611991729842,-0.43991284612304,625,16,"ID1;PDPK1;ANGPT1;GATA2;ITGB3;NFE2L2;TNIP2;KRIT1;PAK4;TNFAIP3;ANGPTL4;BRAF;MAPK7;ICAM1;ABL1;ABL2"
"BP_positive_regulation_of_interleukin-10_production%0032733",0.957943925233645,0.999621906303934,-0.266613869602349,-0.563752529809933,614,17,"ISG15;FCER1G;PYCARD"
"BP_protein_dephosphorylation%0006470",0.99740932642487,0.999621906303934,-0.191725429294906,-0.494436597932525,769,53,"PHPT1;CTDSP1;DUSP19;PTPN2"
"BP_fatty_acid_biosynthetic_process%0006633",0.967164179104478,0.999621906303934,-0.259184505920576,-0.564455438162801,647,19,"NDUFAB1;CBR4;LPL;MCAT"
"BP_brain-derived_neurotrophic_factor_receptor_signaling_pathway%0031547",0.986666666666667,0.999621906303934,0.224286678585419,0.53325156087408,369,15,"CSF1R;ATP1A3;KIT;PDGFRB;EPHA7"
"BP_negative_regulation_of_gene_expression,_epigenetic%0045814",0.991792065663475,0.999621906303934,-0.222663342806156,-0.543963432752335,724,36,"MPHOSPH8;ING2;MNDAL;DNMT3L;IFI203;N6AMT1"
"BP_negative_regulation_of_epithelial_cell_proliferation%0050680",0.957592339261286,0.999621906303934,-0.260033469698812,-0.63525813016742,699,36,"NPM1;CDKN1B;RIDA;PTCH1;MTSS1;B4GALT1;NOTCH1;APC;CELF1"
"BP_negative_regulation_of_protein_catabolic_process%0042177",0.976190476190476,0.999621906303934,-0.241387851967756,-0.562951073483269,696,28,"AGAP2;PARK7;ATRAID;RGP1;PIN1;SNX3;RIC1;MYCBP2;MDM4"
"BP_skeletal_muscle_tissue_regeneration%0043403",0.983914209115282,0.999621906303934,0.220775175707611,0.532984703361502,366,16,"DAG1;KPNA1;PKM;CFLAR;FKRP;SELENON;HDGFL2"
"BP_positive_regulation_of_Wnt_signaling_pathway%0030177",0.960294117647059,0.999621906303934,-0.263887873106128,-0.590299444323494,652,22,"CSNK2A1;PBXIP1;ZRANB1;MACF1"
"BP_positive_regulation_of_T_cell_receptor_signaling_pathway%0050862",0.993640699523052,0.999621906303934,-0.220494010589806,-0.456221433995583,624,16,"RPS3;KCNN4"
"BP_T_cell_activation%0042110",0.983402489626556,0.999621906303934,-0.238707561346033,-0.571074888479372,710,32,"RBX1;SATB1;CD44"
"BP_nuclear_envelope_organization%0006998",0.992050874403816,0.999621906303934,-0.229542509168668,-0.474943570647335,623,16,"REEP3;LEMD3;CTDNEP1;REEP4;LEMD2"
"BP_multicellular_organismal-level_iron_ion_homeostasis%0060586",0.980555555555556,0.999621906303934,0.243833557158743,0.590088322478097,352,17,"EIF2AK1;FECH;SLC40A1"
"BP_T_cell_differentiation_in_thymus%0033077",0.977142857142857,0.999621906303934,-0.243865591407273,-0.558561423466745,683,26,"RPS6;NKAP"
"BP_anterior/posterior_pattern_specification%0009952",0.969571230982019,0.999621906303934,-0.255442973383106,-0.611112051562253,700,32,"HOXA7;BMPR2;BPTF;KMT2A;YY1;HES6;APC"
"BP_peroxisome_organization%0007031",0.983914209115282,0.999621906303934,0.229254876112233,0.553455984112456,366,16,"ABCD2;ABCD1;PEX3;PEX1;PEX5;PEX19;ABCD3"
"BP_microtubule-based_process%0007017",0.957055214723926,0.999621906303934,0.251380903821692,0.631243996450359,311,20,"KIF17;KIFC3;MAP3K11;XRN2"
"RA_Transport_of_vitamins,_nucleosides,_and_related_molecules%R-MMU-425397",0.992625368731563,0.999728233624097,-0.207919142181757,-0.45449943300114,672,21,"SLC25A4;SLC35A3;SLC33A1;SLCO3A1;ARL2"
"RA_RAB_geranylgeranylation%R-MMU-8873719",0.994535519125683,0.999863387978142,-0.21843656615091,-0.516489485059739,727,31,"RABGGTB;RAB24;RAB11A;RAB5C;RAB33B;CHML;RAB10;RAB8A;RAB2A"
"KEGG_Valine,_leucine_and_isoleucine_degradation%mmu00280",0.947368421052632,1,-0.264584917736138,-0.639357445105101,701,39,"MCEE;ACAA1A;HADH;AUH;ACADM"
"KEGG_Lysine_degradation%mmu00310",0.995555555555556,1,0.181960114014591,0.54270568103937,223,45,"ALDH3A2;EHHADH;ALDH9A1;KMT5B;NSD3;EZH1;COLGALT1;HADHA;SUV39H1;SETDB2;SETD2"
"KEGG_N-Glycan_biosynthesis%mmu00510",0.990527740189445,1,-0.222621831024859,-0.536278367896579,731,38,"DPM3;ALG5;B4GALT3;ALG10B;SRD5A3;B4GALT1"
"KEGG_Glyoxylate_and_dicarboxylate_metabolism%mmu00630",0.939209726443769,1,0.251593865590069,0.642592174236901,308,20,"CAT;SHMT1;ACO1"
"KEGG_Propanoate_metabolism%mmu00640",1,1,0.19970383715246,0.529408473807836,299,25,"ECHDC1;EHHADH;ACOX1;ACSS2;ACOX3;HADHA;ACACA;PCCA;ALDH6A1;HIBCH"
"KEGG_NF-kappa_B_signaling_pathway%mmu04064",0.99252801992528,1,-0.234297277481594,-0.610806833749632,796,60,"TAB2;NFKBIA;PLAU;CSNK2B;CSNK2A2;XIAP;CSNK2A1;GADD45A;TRADD;TNFSF14;GADD45B"
"KEGG_p53_signaling_pathway%mmu04115",0.997530864197531,1,-0.206884300052471,-0.535993244904794,807,56,"SIVA1;BAX;CDKN2A"
"KEGG_Lysosome%mmu04142",0.977246871444824,1,-0.2413546189344,-0.678407548537922,858,111,"CLTA;ATP6V0B;DNASE2A;NPC2;CTSS;CD63;CTSL;CLTB;LGMN;AP1S1;GNPTG;CTSZ;ACP2"
"KEGG_Peroxisome%mmu04146",0.940520446096654,1,-0.272300213716481,-0.707430535503466,758,57,"SOD1;PRDX5;PRDX1;ACAA1A;SOD2;DHRS4;PEX16;MPV17L2"
"KEGG_Longevity_regulating_pathway%mmu04213",0.907877169559413,1,-0.287899068335593,-0.701758815914382,679,40,"SOD1;FOXO3;SOD2;EIF4EBP2"
"KEGG_Ferroptosis%mmu04216",0.993103448275862,1,0.206512382348924,0.570541668892925,287,29,"ACSL5;ATG7;NCOA4;SLC40A1;ACSL1;GCLM;TRP53"
"KEGG_Necroptosis%mmu04217",0.939181286549708,1,-0.259471448488181,-0.713519554440292,802,90,"CHMP4B;CHMP5;BAX;HSP90AA1;SLC25A4;HSP90AB1;CHMP2A;PPIA;PYCARD;XIAP;CHMP3;PPID;GLUL;TRADD"
"KEGG_NOD-like_receptor_signaling_pathway%mmu04621",0.995540691192865,1,-0.228497046977413,-0.654389869557603,892,129,"TXN1;CAMP;CYBA;GABARAPL2;TAB2;HSP90AA1;HSP90AB1;NFKBIA;PSTPIP1;PYCARD;GABARAP;XIAP;SUGT1;MAP1LC3B"
"KEGG_Renin_secretion%mmu04924",0.982014388489209,1,0.211050719994344,0.579106604826177,272,30,"GNAS;PDE3B;PRKACA;CREB1;PRKACB;PLCB4;GNAI3"
"KEGG_Alcoholic_liver_disease%mmu04936",0.927272727272727,1,0.235922730218679,0.793920226079398,152,79,"AKT1;FASN;MAPK14;CASP8;TBK1;ALDH3A2;TRAF6;MAP2K3;ALDH9A1;MAP3K7;IKBKG;RIPK1;PRKAA1;ACOX1;IKBKE;ADIPOR1;MAP2K4;MAP2K6;PRKAG1;ACOX3;MYD88"
"KEGG_Gastric_acid_secretion%mmu04971",0.967032967032967,1,0.226453052521106,0.642112539058762,263,34,"PRKCB;GNAS;PRKACA;PRKACB;ADCY3;ATP1A3;PLCB4;GNAI3;ADCY7;ATP1A1;SLC9A1;ITPR1;PLCB1;EZR;CFTR"
"KEGG_Protein_digestion_and_absorption%mmu04974",0.931623931623932,1,-0.285502494615284,-0.647130355077536,653,26,"PRCP;SLC16A10;SLC36A1;KCNN4;ATP1B1;COL6A3"
"KEGG_Mineral_absorption%mmu04978",0.921804511278195,1,-0.291178279144892,-0.62650664099963,612,19,"ATP2B1;ATP2B4;ATOX1;SLC30A1;ATP1B1"
"KEGG_Amphetamine_addiction%mmu05031",0.923076923076923,1,0.256950797779053,0.695422084205385,275,27,"PRKCB;GNAS;PRKACA;CREB1;PRKACB"
"KEGG_Pertussis%mmu05133",0.989596879063719,1,-0.218270914938202,-0.539111718430169,760,43,"FOS;CALM3;C1QB;CALML4;PYCARD"
"KEGG_Legionellosis%mmu05134",0.979139504563233,1,-0.232513011350221,-0.573565622825677,750,42,"EEF1G;NFKBIA;SEC22B;PYCARD;EEF1A1"
"KEGG_Tuberculosis%mmu05152",0.949828962371722,1,-0.253756134457645,-0.712223575786901,832,109,"CAMP;ATP6V0B;BAX;CTSS;FCER1G;CALM3;CALML4;CEBPB;BAD;H2-AA;H2-AB1;FCGR4;LSP1;TRADD"
"KEGG_Epstein-Barr_virus_infection%mmu05169",0.967813540510544,1,-0.248126897271007,-0.717529149429919,871,152,"SEM1;BAX;CDKN1B;TAB2;ISG15;BAK1;CIR1;PSMC5;NFKBIA;H2-K1;PSMD7;H2-T22;H2-Q6;CD44;H2-T23;SAP30;H2-AA;H2-AB1;PSMD13;GADD45A;H2-Q4;TRADD;PSMD4;IRF3;H2-Q7;TAP1;GADD45B;H2-M3;SAP30L;TAP2;PSMC1;VIM;IFNAR2"
"KEGG_Transcriptional_misregulation_in_cancer%mmu05202",0.948036951501155,1,-0.258104980353043,-0.720187081568373,820,105,"BAX;TAF15;CDKN1B;BAK1;CEBPB;PLAU;CEBPA;KMT2A;GADD45A;FLT3;LYL1;CDK9;DDIT3;H3F3B;GADD45B;LDB1;IGF1R;FUS;LMO2;UTY;JMJD1C;DOT1L;SP1;PRCC;ITGB7"
"KEGG_Prostate_cancer%mmu05215",0.986453201970443,1,-0.24525642749394,-0.645041613368301,800,64,"CDKN1B;HSP90AA1;GSTP1;HSP90AB1;NFKBIA;PLAU;BAD;ATF4;HSP90B1;CREB3;EP300;HRAS;CREBBP;IGF1R;GSK3B;NRAS;CCND1;E2F3;CDK2;PDPK1;GRB2"
"KEGG_Lipid_and_atherosclerosis%mmu05417",0.934579439252336,1,0.231343063665509,0.845057612345063,99,134,"NFATC1;AKT1;XBP1;MAPK14;CASP8;JAK2;POU2F1;OLR1;NFATC3;TBK1;PIK3R2;VAV3;PIK3CB;TRAF6;ARHGEF1;CASP7;MAP2K3;MAP3K7;RAC1;ATF6;IKBKG;EIF2S1;PLCG1;MAPK1;IKBKE;MAP2K4;RXRA;MMP9;PLCB4;MAP2K6;MYD88;STAT3;IRF7;HSPA4;ICAM1;NFATC2;TRP53"
"WP_Fatty_Acid_Beta_Oxidation%WP1269",1,1,0.179223375764262,0.486738898465859,287,28,"ACSL5;CRAT;ACSL1;ACSS2;HADHA;HADHB;CPT2;PNPLA2"
"WP_Delta-Notch_Signaling_Pathway%WP265",0.978343949044586,1,-0.236133728325316,-0.611683357222469,767,55,"PSENEN;RBX1;CIR1;PSEN2;NFKBIA;POFUT1;SAP30;NOTCH2;SKP1A;YY1;EP300;HES6;NOTCH1;GSK3B"
"WP_Apoptosis%WP1254",0.969387755102041,1,-0.257843571541713,-0.668485200049146,759,58,"BIRC5;BAX;BAK1;NFKBIA;BAD;XIAP;IRF2;TRADD"
"WP_Spinal_Cord_Injury%WP2432",1,1,0.190274663026634,0.563754220496493,258,41,"MYC;RB1;MAPK1;MMP9;ICAM1;TRP53;PTPRA;ANXA1;PLA2G6;TLR4;CCNG1;E2F1;TGFB1"
"WP_TCA_Cycle%WP434",1,1,-0.176752815494341,-0.412212903062829,713,28,"PDHB;SDHC;DLST"
"WP_Mitochondrial_LC-Fatty_Acid_Beta-Oxidation%WP401",0.995230524642289,1,-0.202446886057872,-0.418880351526124,625,16,"HADH;ACADM"
"WP_Lung_fibrosis%WP3632",0.921965317919075,1,0.270922054185003,0.661933112801989,318,18,"RTEL1;HGF;DPP9;MMP9;PARN"
"WP_Id_Signaling_Pathway%WP512",0.95,1,0.249539729120368,0.663680216602778,303,24,"RBL2;VEGFA;RB1;RBL1;SMAD4;ELK4"
"WP_Triacylglyceride_Synthesis%WP386",0.977671451355662,1,-0.259496852504668,-0.531889254065893,612,15,"AGPAT5;LPL;AGPAT4"
"WP_TGF_Beta_Signaling_Pathway%WP113",0.947916666666667,1,0.232796586912854,0.639345197492648,272,29,"TGFBR2;JAK1;STAT1;SMAD4;STAT3;MAPK9;TGFB1;SMAD3;SKI;TGFBR1;ZEB2"
"RA_SUMO_E3_ligases_SUMOylate_target_proteins%R-MMU-3108232",1,1,0.21878309826616,0.736214818941818,115,115,"NUP160;NUP188;NUP107;DNMT1;TOPORS;POM121;NUP214;NR1H2;HIPK2;PIAS1;BLM;MBD1;TOP2B;PML;BRCA1;IKBKG;AURKB;TOP2A;MRTFA;NUP133;SMC5;STAG2;RXRA;CTBP1;SP100;NCOA1;L3MBTL2;SIN3A;RPA1;NUP93;PIAS3;NUP98;SCMH1;SP3;NUP155;NUP88;ESR1;CASP8AP2"
"RA_SLC-mediated_transmembrane_transport%R-MMU-425407",1,1,-0.173436172391957,-0.46915967689295,849,81,"SLC39A1;SLC25A4;SLC16A10;SLC43A2;SLC36A1;SLC26A2;CALM1;SLC35A3;SLC20A1;SLC30A1;SLC7A1;SLC33A1;SLC4A8;SLC2A1;SLC5A3;SLC50A1;SLCO3A1;ARL2;SLC39A6;SLC15A4;SLC5A11"
"RA_TNFR1-induced_proapoptotic_signaling%R-MMU-5357786",0.996941896024465,1,0.187558195444697,0.456060087829571,325,17,"RIPK1;RBCK1;SPATA2;USP21;USP4;MIB2;TNFAIP3;RNF31"
"BP_regulation_of_cell_morphogenesis%0022604",1,1,0.153840949384672,0.372302109720437,359,17,"RAC1;ZMYM4;PDZD8;ZMYM3;PHIP"
"BP_positive_regulation_of_JNK_cascade%0046330",1,1,0.192253923347761,0.591884513256352,229,53,"DVL3;HIPK2;MAP3K7;MINK1;AXIN1;MAP3K11;DVL2;RIPK1;MAP2K4;TAOK2;MYD88;ASB3;NAIP2;PTK2B;TAOK3"
