pathway,pval,padj,ES,NES,nMoreExtreme,size,leadingEdge
RA_mRNA_Splicing_-_Major_Pathway%R-MMU-72163,0.001278772,0.031309087,-0.499485253,-1.649288286,0,176,POLR2L;SNRPF;POLR2F;RBM8A;SNRPD1;LSM7;SNRPE;DDX23;LSM5;LUC7L3;LSM4;POLR2H;MAGOH;UBL5;LSM8;SF3B6;LSM6;SNRNP27;SNRPD3;UPF3B;SNRPD2;ZMAT2;BCAS2;MAGOHB;RBMX2;PRKRIP1;POLR2I;SNRPG;BUD31;LSM3;PHF5A;U2AF1;SRSF9;PPIL3;CWC15;CCDC12;ACIN1;SYF2;HNRNPH1;FAM32A;PPIG;NCBP2;ISY1;SNRNP70;HNRNPA3;GTF2F2;LSM2;NKAP;RBM25;POLR2E;SNRPC;SRSF3;RBM17;POLR2G;LENG1;SRSF5;ALYREF;NSRP1;SNRPA1;SMNDC1
RA_mRNA_Splicing%R-MMU-72172,0.001267427,0.031309087,-0.509092751,-1.687517845,0,182,POLR2L;SNRPF;POLR2F;RBM8A;SNRPD1;LSM7;SNRPE;DDX23;LSM5;LUC7L3;LSM4;POLR2H;MAGOH;UBL5;LSM8;SF3B6;LSM6;SNRNP27;ZCRB1;SNRPD3;UPF3B;SNRPD2;ZMAT2;BCAS2;MAGOHB;RBMX2;PRKRIP1;POLR2I;SNRPG;BUD31;LSM3;SNRNP48;PHF5A;U2AF1;SRSF9;PPIL3;CWC15;CCDC12;ACIN1;SYF2;HNRNPH1;FAM32A;SNRNP25;PPIG;NCBP2;ISY1;SNRNP70;HNRNPA3;GTF2F2;LSM2;NKAP;RBM25;POLR2E;SNRPC;SRSF3;RBM17;POLR2G;LENG1;SRSF5;ZMAT5;ALYREF;NSRP1;SNRPA1;SMNDC1
RA_Major_pathway_of_rRNA_processing_in_the_nucleolus_and_cytosol%R-MMU-6791226,0.001308901,0.031309087,-0.677184006,-2.191355469,0,144,RPS21;RPL38;RPS12;RPL22;RPLP1;RPL35A;RPLP2;RPL23;RPS27L;RPS15A;RPS20;RPS24;RPL34;RPL30;RPS15;RPS29;RPS23;RPS28;RPS16;RPS17;RPS10;RPL36A;RPL27A;RPS9;RPL37A;RPL28;RPS14;RPL31;RPL39;RPL18;RPL26;RPL27;RPSA;RPL8;RPS25;RPS5;RPL11;EMG1;RPL32;FCF1;RPS13;RPL24;RPS4X;RPS8;RPS6;RPL14;RPL19;RPS19;EXOSC3;RPL7;RPL18A;RPL6;RPL9;RPL13;RPLP0;MPHOSPH6;RPL23A;RPS18;FBL;EXOSC2;RPS3;RPS11;NIP7
RA_rRNA_processing%R-MMU-72312,0.001308901,0.031309087,-0.677184006,-2.191355469,0,144,RPS21;RPL38;RPS12;RPL22;RPLP1;RPL35A;RPLP2;RPL23;RPS27L;RPS15A;RPS20;RPS24;RPL34;RPL30;RPS15;RPS29;RPS23;RPS28;RPS16;RPS17;RPS10;RPL36A;RPL27A;RPS9;RPL37A;RPL28;RPS14;RPL31;RPL39;RPL18;RPL26;RPL27;RPSA;RPL8;RPS25;RPS5;RPL11;EMG1;RPL32;FCF1;RPS13;RPL24;RPS4X;RPS8;RPS6;RPL14;RPL19;RPS19;EXOSC3;RPL7;RPL18A;RPL6;RPL9;RPL13;RPLP0;MPHOSPH6;RPL23A;RPS18;FBL;EXOSC2;RPS3;RPS11;NIP7
RA_rRNA_processing_in_the_nucleus_and_cytosol%R-MMU-8868773,0.001308901,0.031309087,-0.677184006,-2.191355469,0,144,RPS21;RPL38;RPS12;RPL22;RPLP1;RPL35A;RPLP2;RPL23;RPS27L;RPS15A;RPS20;RPS24;RPL34;RPL30;RPS15;RPS29;RPS23;RPS28;RPS16;RPS17;RPS10;RPL36A;RPL27A;RPS9;RPL37A;RPL28;RPS14;RPL31;RPL39;RPL18;RPL26;RPL27;RPSA;RPL8;RPS25;RPS5;RPL11;EMG1;RPL32;FCF1;RPS13;RPL24;RPS4X;RPS8;RPS6;RPL14;RPL19;RPS19;EXOSC3;RPL7;RPL18A;RPL6;RPL9;RPL13;RPLP0;MPHOSPH6;RPL23A;RPS18;FBL;EXOSC2;RPS3;RPS11;NIP7
RA_TP53_Regulates_Metabolic_Genes%R-MMU-5628897,0.001470588,0.031309087,-0.694225381,-1.889771614,0,40,LAMTOR4;LAMTOR2;NDUFA4;COX4I1;COX6B1;COX8A;COX20;COX6A1;MT-CO2;COX5A;COX16;COX7B;PRDX5;LAMTOR5;MT-CO1
RA_The_citric_acid_(TCA)_cycle_and_respiratory_electron_transport%R-MMU-1428517,0.001356852,0.031309087,-0.739361418,-2.332050212,0,109,NDUFA5;NDUFA1;NDUFA3;UQCRQ;NDUFB3;UQCRH;NDUFA2;NDUFB7;NDUFS6;NDUFB8;NDUFB10;NDUFAF2;NDUFA4;NDUFA13;NDUFS5;NDUFB11;COX4I1;ETFB;COX6B1;COX8A;COX20;COX6A1;MT-CO2;COX5A;NDUFB9;NDUFB6;NDUFS4;NDUFA6;NDUFC2;NDUFB2;COX16;COX7B;NDUFB5;UQCR10;NDUFC1;NDUFS7;NDUFAF3;NDUFA7;NDUFA12;NDUFA8;FAHD1
RA_Mitochondrial_translation%R-MMU-5368287,0.001390821,0.031309087,-0.742782109,-2.240926069,0,80,MRPS25;MRPL52;MRPL51;MRPS21;MRPL23;MRPS28;MRPS12;GADD45GIP1;MRPL24;MRPS33;MRPS18C;MRPS14;MRPL34;MRPL12;MRPL13;CHCHD1;MRPL54;MRPS24;AURKAIP1;MRPL14;MRPL47;MRPS15;MRPS26;MRPL57;MRPL2;MRPL20;MRPL21;MRPL55;MRPL41;MRPL11;MRPL48;MRPL22;MRPS16;MRPL18;MRPS18A;MRPS23;MRPL58;MRPL42;MRPL30;MRPL28;MRPL9;MRPS17;MRPL40;MRPL17;MRPL16;MTRF1L;MRPL10;MRPL15;MRPL36
RA_Mitochondrial_translation_elongation%R-MMU-5389840,0.001398601,0.031309087,-0.74438637,-2.227515134,0,77,MRPS25;MRPL52;MRPL51;MRPS21;MRPL23;MRPS28;MRPS12;GADD45GIP1;MRPL24;MRPS33;MRPS18C;MRPS14;MRPL34;MRPL12;MRPL13;CHCHD1;MRPL54;MRPS24;AURKAIP1;MRPL14;MRPL47;MRPS15;MRPS26;MRPL57;MRPL2;MRPL20;MRPL21;MRPL55;MRPL41;MRPL11;MRPL48;MRPL22;MRPS16;MRPL18;MRPS18A;MRPS23;MRPL58;MRPL42;MRPL30;MRPL28;MRPL9;MRPS17;MRPL40;MRPL17;MRPL16
RA_Mitochondrial_translation_termination%R-MMU-5419276,0.001396648,0.031309087,-0.744894776,-2.238697696,0,79,MRPS25;MRPL52;MRPL51;MRPS21;MRPL23;MRPS28;MRPS12;GADD45GIP1;MRPL24;MRPS33;MRPS18C;MRPS14;MRPL34;MRPL12;MRPL13;CHCHD1;MRPL54;MRPS24;AURKAIP1;MRPL14;MRPL47;MRPS15;MRPS26;MRPL57;MRPL2;MRPL20;MRPL21;MRPL55;MRPL41;MRPL11;MRPL48;MRPL22;MRPS16;MRPL18;MRPS18A;MRPS23;MRPL58;MRPL42;MRPL30;MRPL28;MRPL9;MRPS17;MRPL40;MRPL17;MRPL16;MTRF1L;MRPL10;MRPL15;MRPL36
RA_Translation%R-MMU-72766,0.001251564,0.031309087,-0.787365344,-2.624199116,0,187,RPS21;RPL38;RPS12;RPL22;RPLP1;RPL35A;RPLP2;RPL23;RPS27L;RPS15A;RPS20;RPS24;RPL34;RPL30;RPS15;RPS29;RPS23;MRPS25;RPS28;MRPL52;MRPL51;RPS16;RPS17;RPS10;RPL36A;RPL27A;RPS9;RPL37A;RPL28;MRPS21;RPS14;MRPL23;RPL31;MRPS28;SRP9;MRPS12;GADD45GIP1;RPL39;RPL18;RPL26;RPL27;RPSA;RPL8;MRPL24;MRPS33;MRPS18C;SRP14;RPS25;MRPS14;RPS5;RPL11;RPL32;MRPL34;RPS13;MRPL12;RPL24;RPS4X;EIF3K;RPS8;MRPL13;RPS6;CHCHD1;MRPL54;EIF1AX;MRPS24;EEF1D;RPL14;RPL19;AURKAIP1;RPS19;MRPL14;MRPL47;MRPS15;MRPS26;RPL7;RPL18A;RPL6;MRPL57;RPL9;RPL13;MRPL2;MRPL20;EIF4B;RPLP0;EIF4A2;MRPL21;RPL23A;RPS18;EIF2S3X;EEF1G;MRPL55;MRPL41;TRMT112;RPS3;PABPC1;RPS11;MRPL11;MRPL48;MRPL22;RPL5;MRPS16;MRPL18;MRPS18A;EIF2S2;MRPS23;MRPL58;RPL15;EIF3I;MRPL42;MRPL30;MRPL28
"RA_Respiratory_electron_transport,_ATP_synthesis_by_chemiosmotic_coupling,_and_heat_production_by_uncoupling_proteins.%R-MMU-163200",0.001414427,0.031309087,-0.812846278,-2.414710691,0,74,NDUFA5;NDUFA1;NDUFA3;UQCRQ;NDUFB3;UQCRH;NDUFA2;NDUFB7;NDUFS6;NDUFB8;NDUFB10;NDUFAF2;NDUFA4;NDUFA13;NDUFS5;NDUFB11;COX4I1;ETFB;COX6B1;COX8A;COX20;COX6A1;MT-CO2;COX5A;NDUFB9;NDUFB6;NDUFS4;NDUFA6;NDUFC2;NDUFB2;COX16;COX7B;NDUFB5;UQCR10;NDUFC1;NDUFS7;NDUFAF3;NDUFA7;NDUFA12;NDUFA8
RA_Ribosomal_scanning_and_start_codon_recognition%R-MMU-72702,0.001470588,0.031309087,-0.82298934,-2.300669707,0,49,RPS21;RPS12;RPS27L;RPS15A;RPS20;RPS24;RPS15;RPS29;RPS23;RPS28;RPS16;RPS17;RPS10;RPS9;RPS14;RPSA;RPS25;RPS5;RPS13;RPS4X;EIF3K;RPS8;RPS6;EIF1AX;RPS19;EIF4B;EIF4A2;RPS18;EIF2S3X;RPS3;RPS11
"RA_Activation_of_the_mRNA_upon_binding_of_the_cap-binding_complex_and_eIFs,_and_subsequent_binding_to_43S%R-MMU-72662",0.001447178,0.031309087,-0.823816548,-2.315957546,0,50,RPS21;RPS12;RPS27L;RPS15A;RPS20;RPS24;RPS15;RPS29;RPS23;RPS28;RPS16;RPS17;RPS10;RPS9;RPS14;RPSA;RPS25;RPS5;RPS13;RPS4X;EIF3K;RPS8;RPS6;EIF1AX;RPS19;EIF4B;EIF4A2;RPS18;EIF2S3X;RPS3;PABPC1;RPS11
RA_Translation_initiation_complex_formation%R-MMU-72649,0.001470588,0.031309087,-0.825046517,-2.306420552,0,49,RPS21;RPS12;RPS27L;RPS15A;RPS20;RPS24;RPS15;RPS29;RPS23;RPS28;RPS16;RPS17;RPS10;RPS9;RPS14;RPSA;RPS25;RPS5;RPS13;RPS4X;EIF3K;RPS8;RPS6;EIF1AX;RPS19;EIF4B;EIF4A2;RPS18;EIF2S3X;RPS3;PABPC1;RPS11
RA_Respiratory_electron_transport%R-MMU-611105,0.00140647,0.031309087,-0.825398781,-2.436455818,0,70,NDUFA5;NDUFA1;NDUFA3;UQCRQ;NDUFB3;UQCRH;NDUFA2;NDUFB7;NDUFS6;NDUFB8;NDUFB10;NDUFAF2;NDUFA4;NDUFA13;NDUFS5;NDUFB11;COX4I1;ETFB;COX6B1;COX8A;COX20;COX6A1;MT-CO2;COX5A;NDUFB9;NDUFB6;NDUFS4;NDUFA6;NDUFC2;NDUFB2;COX16;COX7B;NDUFB5;UQCR10;NDUFC1;NDUFS7;NDUFAF3;NDUFA7;NDUFA12;NDUFA8
RA_Nonsense-Mediated_Decay_(NMD)%R-MMU-927802,0.001408451,0.031309087,-0.830799134,-2.524227111,0,87,RPS21;RPL38;RPS12;RPL22;RPLP1;RPL35A;RPLP2;RPL23;RPS27L;RPS15A;RPS20;RBM8A;RPS24;RPL34;RPL30;RPS15;RPS29;RPS23;RPS28;RPS16;RPS17;RPS10;RPL36A;RPL27A;RPS9;RPL37A;RPL28;RPS14;MAGOH;RPL31;RPL39;UPF3B;RPL18;RPL26;RPL27;RPSA;RPL8;RPS25;MAGOHB;RPS5;RPL11;RPL32;RPS13;RPL24;RPS4X;RPS8;RPS6;RPL14;RPL19;RPS19;RPL7;RPL18A;RPL6;RPL9;RPL13;RPLP0;RPL23A;RPS18;NCBP2;RPS3;PABPC1;RPS11
RA_Nonsense_Mediated_Decay_(NMD)_enhanced_by_the_Exon_Junction_Complex_(EJC)%R-MMU-975957,0.001408451,0.031309087,-0.830799134,-2.524227111,0,87,RPS21;RPL38;RPS12;RPL22;RPLP1;RPL35A;RPLP2;RPL23;RPS27L;RPS15A;RPS20;RBM8A;RPS24;RPL34;RPL30;RPS15;RPS29;RPS23;RPS28;RPS16;RPS17;RPS10;RPL36A;RPL27A;RPS9;RPL37A;RPL28;RPS14;MAGOH;RPL31;RPL39;UPF3B;RPL18;RPL26;RPL27;RPSA;RPL8;RPS25;MAGOHB;RPS5;RPL11;RPL32;RPS13;RPL24;RPS4X;RPS8;RPS6;RPL14;RPL19;RPS19;RPL7;RPL18A;RPL6;RPL9;RPL13;RPLP0;RPL23A;RPS18;NCBP2;RPS3;PABPC1;RPS11
RA_Complex_I_biogenesis%R-MMU-6799198,0.001494768,0.031309087,-0.837361302,-2.305321593,0,45,NDUFA5;NDUFA1;NDUFA3;NDUFB3;NDUFA2;NDUFB7;NDUFS6;NDUFB8;NDUFB10;NDUFAF2;NDUFA13;NDUFS5;NDUFB11;NDUFB9;NDUFB6;NDUFS4;NDUFA6;NDUFC2;NDUFB2;NDUFB5;NDUFC1;NDUFS7;NDUFAF3;NDUFA7;NDUFA12;NDUFA8
"RA_Formation_of_the_ternary_complex,_and_subsequently,_the_43S_complex%R-MMU-72695",0.001501502,0.031309087,-0.841024322,-2.293114802,0,42,RPS21;RPS12;RPS27L;RPS15A;RPS20;RPS24;RPS15;RPS29;RPS23;RPS28;RPS16;RPS17;RPS10;RPS9;RPS14;RPSA;RPS25;RPS5;RPS13;RPS4X;EIF3K;RPS8;RPS6;EIF1AX;RPS19;RPS18;EIF2S3X;RPS3;RPS11
RA_Eukaryotic_Translation_Initiation%R-MMU-72613,0.001396648,0.031309087,-0.841508187,-2.577656065,0,91,RPS21;RPL38;RPS12;RPL22;RPLP1;RPL35A;RPLP2;RPL23;RPS27L;RPS15A;RPS20;RPS24;RPL34;RPL30;RPS15;RPS29;RPS23;RPS28;RPS16;RPS17;RPS10;RPL36A;RPL27A;RPS9;RPL37A;RPL28;RPS14;RPL31;RPL39;RPL18;RPL26;RPL27;RPSA;RPL8;RPS25;RPS5;RPL11;RPL32;RPS13;RPL24;RPS4X;EIF3K;RPS8;RPS6;EIF1AX;RPL14;RPL19;RPS19;RPL7;RPL18A;RPL6;RPL9;RPL13;EIF4B;RPLP0;EIF4A2;RPL23A;RPS18;EIF2S3X;RPS3;PABPC1;RPS11
RA_Cap-dependent_Translation_Initiation%R-MMU-72737,0.001396648,0.031309087,-0.841508187,-2.577656065,0,91,RPS21;RPL38;RPS12;RPL22;RPLP1;RPL35A;RPLP2;RPL23;RPS27L;RPS15A;RPS20;RPS24;RPL34;RPL30;RPS15;RPS29;RPS23;RPS28;RPS16;RPS17;RPS10;RPL36A;RPL27A;RPS9;RPL37A;RPL28;RPS14;RPL31;RPL39;RPL18;RPL26;RPL27;RPSA;RPL8;RPS25;RPS5;RPL11;RPL32;RPS13;RPL24;RPS4X;EIF3K;RPS8;RPS6;EIF1AX;RPL14;RPL19;RPS19;RPL7;RPL18A;RPL6;RPL9;RPL13;EIF4B;RPLP0;EIF4A2;RPL23A;RPS18;EIF2S3X;RPS3;PABPC1;RPS11
RA_L13a-mediated_translational_silencing_of_Ceruloplasmin_expression%R-MMU-156827,0.001371742,0.031309087,-0.851359613,-2.579885036,0,83,RPS21;RPL38;RPS12;RPL22;RPLP1;RPL35A;RPLP2;RPL23;RPS27L;RPS15A;RPS20;RPS24;RPL34;RPL30;RPS15;RPS29;RPS23;RPS28;RPS16;RPS17;RPS10;RPL36A;RPL27A;RPS9;RPL37A;RPL28;RPS14;RPL31;RPL39;RPL18;RPL26;RPL27;RPSA;RPL8;RPS25;RPS5;RPL11;RPL32;RPS13;RPL24;RPS4X;EIF3K;RPS8;RPS6;EIF1AX;RPL14;RPL19;RPS19;RPL7;RPL18A;RPL6;RPL9;RPL13;EIF4B;RPLP0;EIF4A2;RPL23A;RPS18;EIF2S3X;RPS3;PABPC1;RPS11
RA_GTP_hydrolysis_and_joining_of_the_60S_ribosomal_subunit%R-MMU-72706,0.001375516,0.031309087,-0.851943014,-2.584118195,0,84,RPS21;RPL38;RPS12;RPL22;RPLP1;RPL35A;RPLP2;RPL23;RPS27L;RPS15A;RPS20;RPS24;RPL34;RPL30;RPS15;RPS29;RPS23;RPS28;RPS16;RPS17;RPS10;RPL36A;RPL27A;RPS9;RPL37A;RPL28;RPS14;RPL31;RPL39;RPL18;RPL26;RPL27;RPSA;RPL8;RPS25;RPS5;RPL11;RPL32;RPS13;RPL24;RPS4X;EIF3K;RPS8;RPS6;EIF1AX;RPL14;RPL19;RPS19;RPL7;RPL18A;RPL6;RPL9;RPL13;EIF4B;RPLP0;EIF4A2;RPL23A;RPS18;EIF2S3X
RA_Nonsense_Mediated_Decay_(NMD)_independent_of_the_Exon_Junction_Complex_(EJC)%R-MMU-975956,0.001420455,0.031309087,-0.872051052,-2.559832152,0,68,RPS21;RPL38;RPS12;RPL22;RPLP1;RPL35A;RPLP2;RPL23;RPS27L;RPS15A;RPS20;RPS24;RPL34;RPL30;RPS15;RPS29;RPS23;RPS28;RPS16;RPS17;RPS10;RPL36A;RPL27A;RPS9;RPL37A;RPL28;RPS14;RPL31;RPL39;RPL18;RPL26;RPL27;RPSA;RPL8;RPS25;RPS5;RPL11;RPL32;RPS13;RPL24;RPS4X;RPS8;RPS6;RPL14;RPL19;RPS19;RPL7;RPL18A;RPL6;RPL9;RPL13;RPLP0;RPL23A;RPS18;NCBP2;RPS3;PABPC1;RPS11
RA_Formation_of_a_pool_of_free_40S_subunits%R-MMU-72689,0.001414427,0.031309087,-0.87243034,-2.585815526,0,73,RPS21;RPL38;RPS12;RPL22;RPLP1;RPL35A;RPLP2;RPL23;RPS27L;RPS15A;RPS20;RPS24;RPL34;RPL30;RPS15;RPS29;RPS23;RPS28;RPS16;RPS17;RPS10;RPL36A;RPL27A;RPS9;RPL37A;RPL28;RPS14;RPL31;RPL39;RPL18;RPL26;RPL27;RPSA;RPL8;RPS25;RPS5;RPL11;RPL32;RPS13;RPL24;RPS4X;EIF3K;RPS8;RPS6;EIF1AX;RPL14;RPL19;RPS19;RPL7;RPL18A;RPL6;RPL9;RPL13;RPLP0;RPL23A;RPS18
RA_SRP-dependent_cotranslational_protein_targeting_to_membrane%R-MMU-1799339,0.001430615,0.031309087,-0.889222934,-2.576630586,0,64,RPS21;RPL38;RPS12;RPL22;RPLP1;RPL35A;RPLP2;RPL23;RPS27L;RPS15A;RPS20;RPS24;RPL34;RPL30;RPS15;RPS29;RPS23;RPS28;RPS16;RPS17;RPS10;RPL36A;RPL27A;RPS9;RPL37A;RPL28;RPS14;RPL31;SRP9;RPL39;RPL18;RPL26;RPL27;RPSA;RPL8;SRP14;RPS25;RPS5;RPL11;RPL32;RPS13;RPL24;RPS4X;RPS8;RPS6;RPL14;RPL19;RPS19;RPL7;RPL18A;RPL6;RPL9;RPL13;RPLP0;RPL23A;RPS18
KEGG_Spliceosome%mmu03040,0.00130719,0.034321373,-0.526754566,-1.677672354,0,119,SNRPF;RBM8A;SNRPD1;LSM7;SNRPE;DDX23;RP9;LSM5;LSM4;TRA2A;MAGOH;LSM8;SF3B6;LSM6;SNRNP27;SNRPD3;SNRPD2;ZMAT2;BCAS2;MAGOHB;SNRPG;BUD31;SNRPB2;LSM3;PHF5A;U2AF1;SRSF9;CWC15;CCDC12;ACIN1;SYF2;PRPF38B;NCBP2;ISY1;SNRNP70
KEGG_Chemical_carcinogenesis%mmu05208,0.00128866,0.034321373,-0.657641902,-2.142513293,0,151,NDUFA5;NDUFA1;NDUFA3;UQCRQ;NDUFB3;UQCRH;NDUFA2;NDUFB7;NDUFS6;COX6C;SOD1;NDUFB8;NDUFB10;NDUFA4;ATP5G3;NDUFA13;NDUFS5;NDUFB11;COX4I1;COX6B1;COX5B;COX8A;COX6A1;UQCRB;ATP5H;COX5A;NDUFB9;COX6B2;NDUFA11;NDUFB6;COX7A2;NDUFS4;NDUFA6;NDUFC2;NDUFB2;COX7B;NDUFB5;CYBA;UQCR10;NDUFC1;ATP5E;FOXO3;NDUFS7;NDUFA7;NDUFA12;ATP5J;MGST1;NDUFA8;ATP5D;ATP5G1;NDUFAB1;SOD2;NDUFV3;GSTT2;FOS;NFKBIA;NDUFV2
KEGG_Parkinson_disease%mmu05012,0.001257862,0.034321373,-0.677599763,-2.256078086,0,182,NDUFA5;SEM1;NDUFA1;NDUFA3;UQCRQ;NDUFB3;UQCRH;NDUFA2;NDUFB7;NDUFS6;RPS27A;COX6C;SOD1;NDUFB8;NDUFB10;TXN1;NDUFA4;ATP5G3;NDUFA13;NDUFS5;NDUFB11;COX4I1;COX6B1;COX5B;COX8A;COX6A1;UQCRB;ATP5H;COX5A;NDUFB9;COX6B2;NDUFA11;NDUFB6;COX7A2;NDUFS4;NDUFA6;NDUFC2;BAX;NDUFB2;SLC39A1;COX7B;NDUFB5;UQCR10;NDUFC1;ATP5E;PSMB5;NDUFS7;PSMB4;NDUFA7;NDUFA12;ATP5J;PSMB6;NDUFA8;PSMA7;PARK7;PSMD9;CALM3;CALML4;ATP5D;PSMB1;ATP5G1;NDUFAB1;NDUFV3;TUBB5;PSMA3;NDUFV2;PSMA6
KEGG_Diabetic_cardiomyopathy%mmu05415,0.00130039,0.034321373,-0.689999236,-2.220527611,0,135,NDUFA5;NDUFA1;NDUFA3;UQCRQ;NDUFB3;UQCRH;NDUFA2;NDUFB7;NDUFS6;COX6C;NDUFB8;NDUFB10;NDUFA4;ATP5G3;NDUFA13;NDUFS5;NDUFB11;COX4I1;COX6B1;COX5B;COX8A;COX6A1;UQCRB;ATP5H;COX5A;NDUFB9;COX6B2;NDUFA11;NDUFB6;COX7A2;NDUFS4;NDUFA6;NDUFC2;NDUFB2;COX7B;NDUFB5;CYBA;UQCR10;NDUFC1;ATP5E;NDUFS7;NDUFA7;NDUFA12;ATP5J;NDUFA8;MPC2
KEGG_Prion_disease%mmu05020,0.001262626,0.034321373,-0.693865966,-2.301781025,0,178,NDUFA5;SEM1;NDUFA1;NDUFA3;UQCRQ;NDUFB3;UQCRH;NDUFA2;NDUFB7;NDUFS6;COX6C;SOD1;NDUFB8;NDUFB10;NDUFA4;ATP5G3;NDUFA13;NDUFS5;NDUFB11;COX4I1;COX6B1;COX5B;COX8A;COX6A1;UQCRB;ATP5H;COX5A;NDUFB9;COX6B2;NDUFA11;NDUFB6;COX7A2;NDUFS4;NDUFA6;NDUFC2;BAX;NDUFB2;COX7B;NDUFB5;CYBA;UQCR10;NDUFC1;ATP5E;PSMB5;NDUFS7;PSMB4;NDUFA7;NDUFA12;ATP5J;PSMB6;NDUFA8;PSMA7;PSMD9;ATP5D;PSMB1;ATP5G1;NOTCH1;NDUFAB1;NDUFV3;TUBB5;CSNK2A2;PSMA3;NDUFV2;PSMA6;SLC25A4;BAD;C1QB;PSMA2;PSMD13;ATF4;ATP5O;PSMC5;C1QC;PSMD7
KEGG_Thermogenesis%mmu04714,0.00128866,0.034321373,-0.706401385,-2.303712488,0,152,NDUFA5;ATP5K;NDUFA1;NDUFA3;UQCRQ;NDUFB3;UQCRH;NDUFA2;NDUFB7;ATP5L;NDUFS6;COX6C;NDUFB8;NDUFB10;NDUFAF2;NDUFA4;ATP5G3;NDUFA13;NDUFS5;NDUFB11;COX4I1;ATP5J2;COX6B1;COX5B;COX8A;COX20;COX6A1;UQCRB;ATP5H;COX5A;NDUFB9;COX6B2;NDUFA11;NPR1;NDUFB6;ACTB;COX7A2;NDUFS4;NDUFA6;NDUFC2;NDUFB2;COX16;COX7B;NDUFB5;UQCR10;NDUFC1;ATP5E;RPS6;NDUFS7;NDUFAF3;NDUFA7;NDUFA12;ATP5J;NDUFA8
KEGG_Non-alcoholic_fatty_liver_disease%mmu04932,0.00130719,0.034321373,-0.725619185,-2.296989884,0,111,NDUFA5;NDUFA1;NDUFA3;UQCRQ;NDUFB3;UQCRH;NDUFA2;NDUFB7;NDUFS6;COX6C;NDUFB8;NDUFB10;NDUFA4;NDUFA13;NDUFS5;NDUFB11;COX4I1;COX6B1;COX5B;COX8A;COX6A1;UQCRB;COX5A;NDUFB9;COX6B2;NDUFA11;NDUFB6;COX7A2;NDUFS4;NDUFA6;NDUFC2;BAX;NDUFB2;COX7B;NDUFB5;UQCR10;NDUFC1;NDUFS7;NDUFA7;NDUFA12;NDUFA8
KEGG_Retrograde_endocannabinoid_signaling%mmu04723,0.001432665,0.034321373,-0.740782745,-2.154433076,0,66,NDUFA5;NDUFA1;NDUFA3;NDUFB3;NDUFA2;NDUFB7;NDUFS6;NDUFB8;NDUFB10;NDUFA4;NDUFA13;NDUFS5;NDUFB11;NDUFB9;NDUFA11;NDUFB6;NDUFS4;NDUFA6;NDUFC2;NDUFB2;NDUFB5;NDUFC1;NDUFS7;NDUFA7;NDUFA12;NDUFA8
KEGG_Coronavirus_disease%mmu05171,0.001303781,0.034321373,-0.772377583,-2.489983612,0,140,RPS21;RPL38;RPL17;RPS12;RPL22;RPLP1;RPL35A;RPLP2;RPL23;RPS27L;RPS15A;RPS20;RPS24;FAU;RPL34;RPL36AL;RPL30;RPS15;RPS29;RPS27A;RPS23;RPS28;RPS3A1;RPS16;RPS17;RPS10;RPL36A;RPL27A;RPS9;RPL37A;RPL28;RPS14;RPL31;RPL21;RPL39;RPL18;RPL7A;RPL26;RPL27;RPSA;RPL8;RPL36;RPS25;TAB2;RPS5;RPL11;RPL32;RPS13;RPL24;RPS4X;RPS8;RPL10A;RPS6;RPL14;RPL19;RPS19;RPL7;RPL18A;RPL6;RPL9;RSL24D1;RPL13;RPLP0;RPL23A;RPS18
KEGG_Cardiac_muscle_contraction%mmu04260,0.001560062,0.034321373,-0.819964727,-2.068643478,0,31,UQCRQ;UQCRH;COX6C;COX4I1;COX6B1;COX5B;COX8A;COX6A1;UQCRB;COX5A;COX6B2;COX7A2;COX7B;UQCR10
KEGG_Oxidative_phosphorylation%mmu00190,0.001345895,0.034321373,-0.824036225,-2.544227559,0,93,NDUFA5;ATP5K;NDUFA1;NDUFA3;UQCRQ;NDUFB3;UQCRH;NDUFA2;NDUFB7;ATP5L;NDUFS6;COX6C;NDUFB8;NDUFB10;NDUFA4;ATP5G3;NDUFA13;NDUFS5;NDUFB11;COX4I1;ATP6V1G1;ATP5J2;COX6B1;COX5B;COX8A;COX6A1;UQCRB;ATP5H;COX5A;NDUFB9;COX6B2;NDUFA11;ATP6V1F;NDUFB6;COX7A2;NDUFS4;NDUFA6;NDUFC2;NDUFB2;ATP6V0B;COX7B;NDUFB5;UQCR10;NDUFC1;ATP5E;NDUFS7;NDUFA7;NDUFA12;ATP5J;NDUFA8
KEGG_Ribosome%mmu03010,0.001312336,0.034321373,-0.846710817,-2.674127603,0,109,RPS21;RPL38;RPL17;RPS12;RPL22;RPLP1;RPL35A;RPLP2;RPL23;RPS27L;RPS15A;RPS20;RPS24;FAU;RPL34;RPL36AL;RPL30;RPS15;RPS29;RPS27A;RPS23;RPS28;RPS3A1;RPS16;RPS17;RPS10;RPL36A;RPL27A;RPS9;RPL37A;RPL28;MRPS21;RPS14;MRPL23;RPL31;RPL21;MRPS12;RPL39;RPL18;RPL7A;RPL26;RPL27;RPSA;RPL8;MRPL24;RPL36;MRPS18C;RPS25;MRPS14;RPS5;RPL11;RPL32;MRPL34;RPS13;MRPL12;RPL24;RPS4X;RPS8;RPL10A;MRPL13;RPS6;RPL14;RPL19;RPS19;MRPL14;MRPS15;RPL7;RPL18A;RPL6;RPL9;RSL24D1;RPL13;MRPL2;MRPL20;RPLP0;MRPL21;RPL23A;RPS18;RPS3;RPS11;MRPL11;MRPL22;RPL5;MRPS16;MRPL18;MRPS18A
RA_Synthesis_of_PIPs_at_the_Golgi_membrane%R-MMU-1660514,0.002439024,0.043521954,0.760908021,1.828072341,0,16,SACM1L;PIK3R4;FIG4;PI4KA;VAC14;PIK3C3;PI4K2A;PIK3C2G;INPP5E;PI4K2B
RA_Nuclear_Pore_Complex_(NPC)_Disassembly%R-MMU-3301854,0.002680965,0.043521954,0.720934092,1.997605821,0,28,NUP160;NUP107;POM121;CCNB1;NUP214;NUP188;NUP133;RANBP2;NUP93;NUP155;NUP88;NUP98;AAAS;TPR;SEH1L
RA_SUMOylation_of_ubiquitinylation_proteins%R-MMU-3232142,0.00295858,0.043521954,0.651568569,1.872135087,0,34,NUP160;NUP107;POM121;NUP214;NUP188;NUP133;RANBP2;NUP93;NUP155;NUP88;NUP98;AAAS;TPR;PML;SEH1L
RA_SUMOylation_of_DNA_replication_proteins%R-MMU-4615885,0.003039514,0.043521954,0.647597421,1.928863398,0,39,NUP160;NUP107;POM121;NUP214;TOP2A;NUP188;TOP2B;NUP133;RANBP2;AURKB;NUP93;NUP155;NUP88;NUP98;INCENP;AAAS;TPR;SEH1L
RA_PI_Metabolism%R-MMU-1483255,0.003225806,0.043521954,0.641335627,2.048848993,0,60,SACM1L;PIP5K1C;PIK3R4;FIG4;PLEKHA1;RUFY1;PIK3CG;PITPNB;PI4KA;VAC14;PIK3C3;INPP5J;MTMR14;MTMR6;PI4K2A;PIK3C2G;PLEKHA3;MTMR4;INPP5E;MTMR2;PI4K2B;PIK3R2;MTMR9;PIK3CB;SBF1
RA_Activation_of_ATR_in_response_to_replication_stress%R-MMU-176187,0.002890173,0.043521954,0.637561558,1.819644998,0,33,CDC6;MCM6;MCM2;MCM5;ORC3;ORC5;CDC25C;MCM7;RAD9A;RFC5;RPA1;ATRIP;MCM4;MCM10;ORC1;ORC4
RA_Glycolysis%R-MMU-70171,0.003003003,0.043521954,0.626174039,1.94151679,0,46,NUP160;PFKP;NUP107;POM121;HK3;NUP214;NUP188;NUP133;RANBP2;NUP93;NUP155;ENO1;NUP88;NUP98;GNPDA1;AAAS;TPR;PFKL;SEH1L;GNPDA2
RA_Transport_of_Mature_mRNA_Derived_from_an_Intronless_Transcript%R-MMU-159231,0.003021148,0.043521954,0.624716638,1.851487324,0,38,NUP160;NUP107;POM121;CPSF3;NUP214;NUP188;NUP133;RANBP2;CPSF1;NUP93;NUP155;NUP88;NUP98;AAAS;TPR;SEH1L;NCBP1;WDR33
RA_Transport_of_Mature_mRNAs_Derived_from_Intronless_Transcripts%R-MMU-159234,0.003039514,0.043521954,0.623905035,1.858295827,0,39,NUP160;NUP107;POM121;CPSF3;NUP214;NUP188;NUP133;RANBP2;CPSF1;NUP93;NUP155;NUP88;NUP98;AAAS;TPR;SEH1L;NCBP1;WDR33
RA_Factors_involved_in_megakaryocyte_development_and_platelet_production%R-MMU-983231,0.003225806,0.043521954,0.609677421,1.947711801,0,60,KIF20A;DOCK2;SH2B2;KIF1B;KIF11;KIF2C;DOCK8;KIF13B;KIF18A;RAC1;DOCK11;AKAP10;KIF18B;KIF23;KIF20B;MFN2;PRKACA;DOCK5;SH2B3;CAPZA2;DOCK10;KIF22;KDM1A;RCOR1;RACGAP1;VPS45;CDC42
RA_COPI-dependent_Golgi-to-ER_retrograde_traffic%R-MMU-6811434,0.003225806,0.043521954,0.600811454,1.919388055,0,60,KIF20A;COPB1;COPG1;COPA;COPG2;COPB2;KIF1B;ARFGAP2;TMED7;KIF11;KIF2C;NBAS;ARCN1;KIF13B;KIF18A;GBF1;KIF18B;KIF23;ZW10;KIF20B
RA_Glucose_metabolism%R-MMU-70326,0.003246753,0.043521954,0.598513752,1.89506742,0,58,NUP160;PFKP;NUP107;POM121;HK3;NUP214;SLC25A12;NUP188;NUP133;RANBP2;NUP93;SLC25A13;NUP155;ENO1;NUP88;NUP98;GNPDA1;AAAS;TPR;PFKL;SEH1L;GNPDA2
RA_CDC42_GTPase_cycle%R-MMU-9013148,0.003236246,0.043521954,0.591345491,1.844907842,0,53,ARHGEF11;ARHGAP1;FAM13B;DOCK8;RASGRF2;DOCK11;ARHGEF6;ARHGAP31;ARHGAP45;VAV3;ECT2;ABR;SRGAP2;ARHGAP33;FGD2;PIK3R2;DOCK10;RACGAP1;CDC42;DEPDC1B;ARAP1;ARHGAP39;KTN1;PLEKHG2;PREX1;TAGAP
RA_G_alpha_(q)_signalling_events%R-MMU-416476,0.003003003,0.043521954,0.564058283,1.74892052,0,46,DGKQ;KALRN;DAGLB;DGKZ;RPS6KA1;P2RY2;DGKH;GNA15;RPS6KA2;DGKA;ANXA1;GNA11;DGKG;ITPR1;CREB1;PIK3R2;ITPR2
RA_mRNA_Splicing_-_Minor_Pathway%R-MMU-72165,0.002949853,0.043521954,-0.606697188,-1.659873192,1,41,POLR2L;SNRPF;POLR2F;SNRPD1;SNRPE;DDX23;POLR2H;SF3B6;ZCRB1;SNRPD3;SNRPD2;POLR2I;SNRPG;SNRNP48
RA_Golgi-to-ER_retrograde_transport%R-MMU-8856688,0.003521127,0.044025649,0.545867283,1.849951489,0,85,KIF20A;COPB1;COPG1;COPA;COPG2;DCTN1;COPB2;KIF1B;ARFGAP2;TMED7;KIF11;KIF2C;PLA2G4A;RAB3GAP2;NBAS;ARCN1;KIF13B;KIF18A;GBF1;KIF18B;KIF23;ZW10;KIF20B
RA_EML4_and_NUDC_in_mitotic_spindle_formation%R-MMU-9648025,0.003597122,0.044025649,0.529551597,1.775676042,0,82,PPP2R1B;CLASP2;BUB1B;CKAP5;BUB1;NUP160;NUP107;KIF2C;NUP133;CENPO;RANBP2;KIF18A;XPO1;CLIP1;PLK1;ZWILCH;AURKB;ERCC6L;CLASP1;KNTC1;ZW10;NUP98;PPP2R5B;PPP2R5C;INCENP;MAD1L1;NDC80;CENPI
RA_Resolution_of_Sister_Chromatid_Cohesion%R-MMU-2500257,0.003496503,0.044025649,0.525843497,1.799163244,0,91,PPP2R1B;CLASP2;BUB1B;CKAP5;BUB1;NUP160;NUP107;CCNB1;KIF2C;NUP133;CENPO;SMC1A;RANBP2;KIF18A;XPO1;CLIP1;PLK1;ZWILCH;AURKB;ERCC6L;CLASP1;STAG1;KNTC1;ZW10;NUP98;PPP2R5B;PPP2R5C;INCENP;MAD1L1;NDC80;CENPI;STAG2;NDEL1;SMC3
RA_Mitotic_Spindle_Checkpoint%R-MMU-69618,0.003484321,0.044025649,0.52153426,1.792221621,0,94,PPP2R1B;CLASP2;BUB1B;CDC23;CKAP5;BUB1;NUP160;NUP107;ANAPC2;KIF2C;NUP133;CENPO;RANBP2;KIF18A;CDC16;UBE2E1;XPO1;ANAPC1;CLIP1;PLK1;ZWILCH;AURKB;ERCC6L;CLASP1;KNTC1;ZW10;NUP98;PPP2R5B;PPP2R5C;INCENP;MAD1L1;NDC80;CENPI
RA_RAC1_GTPase_cycle%R-MMU-9013149,0.003773585,0.044156863,0.574800599,1.988737712,0,107,ARHGEF11;ARHGAP1;ESYT1;DOCK2;KALRN;ERBIN;FAM13B;IQGAP3;NCKAP1L;NISCH;GIT2;DOCK8;RASGRF2;IQGAP1;ITGB1;RAC1;DOCK11;MPP7;CYFIP1;TIAM2;ARHGEF6;VRK2;FMNL1;ARHGAP31;ARHGAP45;VAV3;VAV1;PKN1;ALS2;IQGAP2;ARHGAP15;ECT2;DOCK5;GIT1;ABR;SRGAP2;SWAP70;ARHGAP33;PIK3R2;DOCK10;CYFIP2;RACGAP1;CDC42;DEPDC1B;ARAP1;ARHGAP39;KTN1;PLEKHG2
RA_Phospholipid_metabolism%R-MMU-1483257,0.003921569,0.044156863,0.539223535,1.903568695,0,121,SACM1L;PIP5K1C;PIK3R4;FIG4;GNPAT;PLEKHA1;RUFY1;PIK3CG;OSBPL8;PCYT1A;PITPNB;PLA2G4A;PI4KA;VAC14;PIK3C3;INPP5J;CDIPT;HADHB;MTMR14;HADHA;MTMR6;DGAT2;ABHD4;MBOAT1;PI4K2A;PIK3C2G;PLEKHA3;MTMR4;OSBPL5;LPCAT3;INPP5E;PNPLA8;MTMR2;PI4K2B;PIK3R2;MTMR9;PIK3CB;CHPT1;SBF1;AGK;PNPLA2;SYNJ2;AGPAT2;MTMR3;PI4KB;PTDSS2;BMX;PITPNM1;CPNE3
"RA_Platelet_activation,_signaling_and_aggregation%R-MMU-76002",0.003861004,0.044156863,0.483713828,1.702703663,0,118,RAF1;VCL;DGKQ;ACTN4;TLN1;PLCG2;DAGLB;FERMT3;FLNA;ARRB1;PRKCB;PIK3CG;DGKZ;PLA2G4A;MAGED2;RAC1;TOR4A;DGKH;SHC1;FN1;PTPN6;COL1A2;HGF;VEGFA;VAV3;VAV1;GNA15;DGKA;GNA11;DGKG;ABCC4;ITPR1;COL1A1;PIK3R2;ACTN1;PIK3CB;ITPR2;PLEK;GNA12;APBB1IP;PECAM1
RA_Intra-Golgi_and_retrograde_Golgi-to-ER_traffic%R-MMU-6811442,0.00390625,0.044156863,0.455862985,1.612721712,0,125,KIF20A;COPB1;COPG1;COPA;COPG2;DCTN1;COPB2;KIF1B;COG1;ARFGAP2;TMED7;KIF11;KIF2C;PLA2G4A;RAB3GAP2;NBAS;ARCN1;KIF13B;KIF18A;COG4;GBF1;VPS52;COG2;KIF18B;KIF23;ZW10;KIF20B;COG5;VPS53
RA_GPCR_downstream_signalling%R-MMU-388396,0.004065041,0.044874861,0.483035486,1.73912752,0,138,PPP2R1B;GRK6;ARHGEF11;DGKQ;AKT1;KALRN;DAGLB;ARRB1;PIK3CG;NET1;DGKZ;RPS6KA1;PLA2G4A;PDE4D;P2RY2;RASGRF2;ITGB1;DGKH;ARHGEF1;CNR2;TIAM2;ARHGEF6;ADCY3;FN1;VAV3;VAV1;GNA15;RPS6KA2;DGKA;ECT2;PRKACA;CAMKK1;ANXA1;GNA11;DGKG;ABR;ARHGEF3;FGD2;GNB5;ITPR1;CREB1;PLEKHG5;PIK3R2;ITPR2;GNA12
RA_RHO_GTPase_Effectors%R-MMU-195258,0.004291845,0.045330113,0.475380754,1.760805298,0,165,PPP2R1B;CLASP2;BUB1B;CKAP5;PIK3R4;PRC1;FLNA;NCOA2;BUB1;NUP160;NUP107;IQGAP3;NCKAP1L;CTNNA1;KIF2C;MYH9;FMNL3;NUP133;CENPO;LIMK1;IQGAP1;RANBP2;PIK3C3;KIF18A;RAC1;XPO1;CDC25C;CLIP1;PLK1;CYFIP1;ZWILCH;AURKB;MEN1;ERCC6L;NF2;FMNL1;CLASP1;KNTC1;ZW10;NUP98;PKN1;PPP2R5B;IQGAP2;DIAPH2;PPP2R5C;INCENP;MAD1L1;NDC80;CENPI
RA_Mitotic_Prometaphase%R-MMU-68877,0.004347826,0.045330113,0.47262214,1.720704033,0,152,PPP2R1B;ODF2;CLASP2;BUB1B;NCAPH;DCTN1;CKAP5;BUB1;NCAPG;NUP160;NUP107;CCNB1;KIF2C;TUBGCP4;NUP133;SMC2;CENPO;SMC1A;TUBGCP2;RANBP2;KIF18A;XPO1;CLIP1;PLK1;ZWILCH;TUBG1;AURKB;ERCC6L;CLASP1;STAG1;KNTC1;ZW10;NUP98;PPP2R5B;TUBGCP6;NEDD1;PPP2R5C;INCENP;MAD1L1;NDC80;CENPI;PRKACA;STAG2
RA_Signaling_by_GPCR%R-MMU-372790,0.004255319,0.045330113,0.469317035,1.694484733,0,145,PPP2R1B;GRK6;ARHGEF11;DGKQ;AKT1;KALRN;DAGLB;ARRB1;PIK3CG;NET1;DGKZ;RPS6KA1;PLA2G4A;PDE4D;P2RY2;RASGRF2;ITGB1;DGKH;ARHGEF1;CNR2;ADGRE5;TIAM2;ARHGEF6;ADCY3;FN1;VAV3;VAV1;GNA15;RPS6KA2;DGKA;ECT2;PRKACA;CAMKK1;ANXA1;GNA11;DGKG;ABR;ARHGEF3;FGD2;GNB5;ITPR1;CREB1;PLEKHG5;PIK3R2;ITPR2;GNA12
RA_TP53_Regulates_Transcription_of_DNA_Repair_Genes%R-MMU-6796648,0.004477612,0.045834464,-0.614519841,-1.644767648,2,37,POLR2L;POLR2F;POLR2H;GTF2H5;POLR2I;ELOB;ELOC;GTF2F2;MNAT1;POLR2E;CCNH;NELFE;POLR2G
KEGG_Central_carbon_metabolism_in_cancer%mmu05230,0.003278689,0.045993031,0.635334205,1.942759154,0,49,MYC;RAF1;HK1;AKT1;PFKP;G6PDX;HK3;MTOR;IDH1;PKM;PDK1;MAP2K1;TRP53;PIK3R2;PIK3CB;PFKL;SIRT3;GLS
KEGG_Inositol_phosphate_metabolism%mmu00562,0.003236246,0.045993031,0.630976655,1.993324955,0,57,SACM1L;PIP5K1C;INPP5B;PLCG2;FIG4;PIK3CG;PI4KA;PIK3C3;INPP5J;CDIPT;MTMR14;MTMR6;PLCG1;ISYNA1;PI4K2A;PIK3C2G;MTMR4;INPP5E;INPP5A;MTMR2;PI4K2B;PIK3CB
KEGG_Amoebiasis%mmu05146,0.002994012,0.045993031,0.628970119,1.925923128,0,43,VCL;ACTN4;PRKCB;ITGB2;GNAS;FN1;COL1A2;GNA15;ITGB2L;PRKACA;GNA11;RAB7B;COL1A1;PIK3R2;ACTN1;PIK3CB
KEGG_Phosphatidylinositol_signaling_system%mmu04070,0.003484321,0.045993031,0.615365731,2.027198564,0,72,SACM1L;PPIP5K2;PIP5K1C;DGKQ;INPP5B;PLCG2;PRKCB;DGKZ;PI4KA;PIK3C3;DGKH;CDIPT;MTMR14;MTMR6;PLCG1;DGKA;PI4K2A;PIK3C2G;MTMR4;INPP5E;DGKG;INPP5A;ITPR1;MTMR2;PI4K2B;PIK3R2;PIK3CB;ITPR2
KEGG_Choline_metabolism_in_cancer%mmu05231,0.003225806,0.045993031,0.605047694,1.928917153,0,59,PIP5K1C;RAF1;DGKQ;AKT1;PRKCB;TSC2;PCYT1A;DGKZ;PLA2G4A;MTOR;RAC1;DGKH;PLCG1;DGKA;MAP2K1;DGKG;SLC22A3;PIK3R2;PIK3CB;CHPT1
KEGG_B_cell_receptor_signaling_pathway%mmu04662,0.003205128,0.045993031,0.535536067,1.704745492,0,58,RAF1;PLCG2;AKT1;PIK3AP1;PRKCB;RAC1;NFATC1;PTPN6;DAPP1;VAV3;VAV1;NFATC3;MAP2K1;IKBKG;PIK3R2;PIK3CB;BCL10;SYK
KEGG_Fc_gamma_R-mediated_phagocytosis%mmu04666,0.003401361,0.045993031,0.507836002,1.663194643,0,69,PIP5K1C;RAF1;PLCG2;AKT1;PRKCB;PLA2G4A;LIMK1;HCK;RAC1;DNM2;VAV3;VAV1;PLCG1;GSN;MAP2K1;SCIN;PIK3R2;PIK3CB;SYK;PAK1;CDC42
KEGG_Proteasome%mmu03050,0.002941176,0.045993031,-0.629534327,-1.687582162,1,41,SEM1;PSMB9;POMP;PSMB5;PSMB4;PSMB10;PSMB6;PSMA7;PSMD9;PSMB1;PSMA3;PSMA6;PSMA2;PSMD13;PSMC5;PSMD7;PSMD4;PSMB3;PSMA4
KEGG_Phospholipase_D_signaling_pathway%mmu04072,0.003759398,0.046659597,0.520493531,1.72414072,0,76,PIP5K1C;RAF1;DGKQ;PLCG2;AKT1;TSC2;PIK3CG;DGKZ;PLA2G4A;MTOR;DGKH;SHC1;GNAS;ADCY3;DNM2;PLCG1;DGKA;MAP2K1;DGKG;PIK3R2;PIK3CB;GNA12
KEGG_Focal_adhesion%mmu04510,0.004065041,0.046659597,0.518791201,1.795260717,0,100,PIP5K1C;ZYX;RAF1;VCL;ACTN4;ILK;TLN1;FLNB;AKT1;FLNA;PRKCB;ITGB1;RAC1;SHC1;ITGB5;FN1;COL1A2;HGF;PXN;VEGFA;PARVG;VAV3;VAV1;COL6A4;MAP2K1
KEGG_Chemokine_signaling_pathway%mmu04062,0.003984064,0.046659597,0.49401788,1.713282922,0,99,GRK6;RAF1;JAK3;PLCG2;AKT1;DOCK2;ARRB1;PRKCB;PIK3CG;HCK;RAC1;SHC1;STAT1;ADCY3;PXN;STAT2;VAV3;ELMO1;VAV1;PLCG1;MAP2K1;IKBKG;PRKACA;JAK2
RA_Cell_Cycle_Checkpoints%R-MMU-69620,0.004926108,0.049524982,0.425024565,1.604855272,0,187,PPP2R1B;CLASP2;BUB1B;CDC23;CKAP5;BUB1;NUP160;NUP107;BLM;CDC6;CCNB1;ANAPC2;KIF2C;MCM6;RMI1;MCM2;MCM5;NUP133;CENPO;ORC3;RANBP2;KIF18A;CDC16;ORC5;UBE2E1;XPO1;ANAPC1;CDC25C;CLIP1;PLK1;PSMD1;MCM7;ZWILCH;AURKB;TOP3A;ERCC6L;CLASP1;RAD9A;RFC5;EXO1;RPA1;KNTC1;ATRIP;MCM4;WRN;ZW10;MCM10;NUP98;PPP2R5B;ORC1;PSMF1;PPP2R5C;INCENP;MAD1L1;NDC80;ORC4;CENPI;KAT5;PSMD5;NDEL1
RA_Regulation_of_Glucokinase_by_Glucokinase_Regulatory_Protein%R-MMU-170822,0.00530504,0.05101486,0.724744859,1.966121937,1,26,NUP160;NUP107;POM121;NUP214;NUP188;NUP133;RANBP2;NUP93;NUP155;NUP88;NUP98;AAAS;TPR;SEH1L
RA_Kinesins%R-MMU-983189,0.005208333,0.05101486,0.716096755,1.880860234,1,23,KIF20A;KIF1B;KIF11;KIF2C;KIF13B;KIF18A;KIF18B;KIF23;KIF20B
RA_SUMOylation_of_SUMOylation_proteins%R-MMU-4085377,0.005617978,0.05101486,0.669971848,1.89679729,1,31,NUP160;NUP107;POM121;NUP214;NUP188;NUP133;RANBP2;TOPORS;NUP93;NUP155;NUP88;NUP98;AAAS;TPR;SEH1L
"RA_PI5P,_PP2A_and_IER3_Regulate_PI3K/AKT_Signaling%R-MMU-6811558",0.005586592,0.05101486,0.628556485,1.793612665,1,32,PPP2R1B;PIP5K1C;AKT1;RAC1;HGF;VAV1;PPP2R5B;PPP2R5C;PIK3R2;PIK3CB
RA_Transport_of_the_SLBP_Dependant_Mature_mRNA%R-MMU-159230,0.005586592,0.05101486,0.615157163,1.75537713,1,32,NUP160;NUP107;POM121;NUP214;NUP188;NUP133;RANBP2;NUP93;NUP155;NUP88;NUP98;AAAS;TPR;SEH1L;NCBP1
RA_Costimulation_by_the_CD28_family%R-MMU-388841,0.005586592,0.05101486,0.610801998,1.74294948,1,32,PPP2R1B;BTLA;AKT1;MTOR;RAC1;PTPN6;VAV1;PPP2R5B;PPP2R5C;PIK3R2;MAPKAP1
WP_Oxidative_phosphorylation%WP1248,0.001501502,0.051051051,-0.831381539,-2.295707228,0,45,NDUFA5;ATP5K;NDUFA3;NDUFA2;NDUFB7;ATP5L;NDUFS6;NDUFB8;NDUFB10;NDUFA4;ATP5G3;NDUFS5;ATP5J2;ATP5H;NDUFB9;NDUFA11;NDUFB6;NDUFS4;NDUFA6;NDUFC2;NDUFB2;NDUFB5;NDUFC1;ATP5E;NDUFS7;NDUFA7;ATP5J;NDUFA8;ATP5D;ATP5G1
WP_Electron_Transport_Chain%WP295,0.001402525,0.051051051,-0.832884436,-2.470088454,0,72,NDUFA5;ATP5K;NDUFA1;NDUFA3;UQCRQ;NDUFB3;UQCRH;NDUFA2;NDUFB7;ATP5L;NDUFS6;COX6C;NDUFB10;ATPIF1;NDUFA4;ATP5G3;NDUFS5;COX4I1;ATP5J2;COX6B1;COX5B;COX8A;COX6A1;UQCRB;ATP5H;COX5A;NDUFB9;NDUFB6;COX7A2;NDUFS4;NDUFA6;NDUFC2;NDUFB2;COX7B;NDUFB5;UQCR10;NDUFC1;ATP5E;NDUFS7;NDUFA7;NDUFA12;ATP5J;NDUFA8
WP_Cytoplasmic_Ribosomal_Proteins%WP163,0.001422475,0.051051051,-0.886005492,-2.610404322,0,67,RPS21;RPL38;RPL17;RPS12;RPL22;RPLP1;RPL35A;RPLP2;RPS15A;RPS20;RPS24;FAU;RPL34;RPL30;RPS15;RPS29;RPS27A;RPS23;RPS28;RPS3A1;RPS16;RPS17;RPS10;RPL36A;RPL27A;RPL37A;RPL28;RPS14;RPL31;RPL21;RPL39;RPL18;RPL7A;RPL26;RPL27;RPSA;RPL8;RPL36;RPS25;RPS5;RPL11;RPL32;RPS13;RPL24;RPS4X;RPS8;RPL10A;RPS6;RPL19;RPS19;RPL7;RPL18A;RPL6;RPL9;RPL13;RPLP0;RPL23A;RPS18
RA_G_alpha_(12/13)_signalling_events%R-MMU-416482,0.00591716,0.052878745,0.588472264,1.690842109,1,34,ARHGEF11;KALRN;NET1;RASGRF2;ARHGEF1;TIAM2;ARHGEF6;VAV3;VAV1;ECT2;ABR;ARHGEF3;FGD2;PLEKHG5;GNA12;PLEKHG2;ARHGEF2;PREX1
RA_Regulation_of_HSF1-mediated_heat_shock_response%R-MMU-3371453,0.006153846,0.054134615,0.538166453,1.675961159,1,48,NUP160;NUP107;POM121;NUP214;NUP188;NUP133;RANBP2;NUP93;NUP155;RPA1;HSF1;NUP88;NUP98;HSPA5;AAAS;BAG5;TPR;SEH1L
RA_RAC2_GTPase_cycle%R-MMU-9013404,0.006493506,0.056243756,0.537094061,1.700594937,1,58,ARHGAP1;ESYT1;DOCK2;ERBIN;NCKAP1L;GIT2;ANKLE2;IQGAP1;ITGB1;MPP7;CYFIP1;VRK2;VAV3;VAV1;GIT1;ABR;SWAP70;PIK3R2;DOCK10;RACGAP1;CDC42;DEPDC1B;ARHGAP39;PREX1
KEGG_Carbohydrate_digestion_and_absorption%mmu04973,0.005208333,0.057291667,0.725140958,1.896298968,1,23,HK1;MGAM;AKT1;PRKCB;HK3;ATP1A3;ATP1A1;PIK3R2;PIK3CB
RA_MHC_class_II_antigen_presentation%R-MMU-2132295,0.006968641,0.057727012,0.552756566,1.818377843,1,72,KIF20A;AP1M1;DCTN1;AP1B1;KIF1B;OSBPL1A;AP2A1;KIF11;KIF2C;KIF13B;KIF18A;SEC24D;CLTC;CTSE;KIF18B;KIF23;SEC31A;DNM2;SEC24C;AP2M1;ACTR1B;KIF20B
RA_Amplification_of_signal_from_the_kinetochores%R-MMU-141424,0.007067138,0.057727012,0.530840537,1.770217935,1,80,PPP2R1B;CLASP2;BUB1B;CKAP5;BUB1;NUP160;NUP107;KIF2C;NUP133;CENPO;RANBP2;KIF18A;XPO1;CLIP1;PLK1;ZWILCH;AURKB;ERCC6L;CLASP1;KNTC1;ZW10;NUP98;PPP2R5B;PPP2R5C;INCENP;MAD1L1;NDC80;CENPI
RA_Amplification__of_signal_from_unattached__kinetochores_via_a_MAD2__inhibitory_signal%R-MMU-141444,0.007067138,0.057727012,0.530840537,1.770217935,1,80,PPP2R1B;CLASP2;BUB1B;CKAP5;BUB1;NUP160;NUP107;KIF2C;NUP133;CENPO;RANBP2;KIF18A;XPO1;CLIP1;PLK1;ZWILCH;AURKB;ERCC6L;CLASP1;KNTC1;ZW10;NUP98;PPP2R5B;PPP2R5C;INCENP;MAD1L1;NDC80;CENPI
RA_RHO_GTPases_Activate_Formins%R-MMU-5663220,0.007194245,0.057727012,0.500746665,1.729020836,1,98,PPP2R1B;CLASP2;BUB1B;CKAP5;BUB1;NUP160;NUP107;KIF2C;FMNL3;NUP133;CENPO;RANBP2;KIF18A;RAC1;XPO1;CLIP1;PLK1;ZWILCH;AURKB;ERCC6L;FMNL1;CLASP1;KNTC1;ZW10;NUP98;PPP2R5B;DIAPH2;PPP2R5C;INCENP;MAD1L1;NDC80;CENPI
RA_RNA_Polymerase_I_Transcription_Initiation%R-MMU-73762,0.007429421,0.057727012,-0.597283133,-1.615104548,4,39,POLR2L;POLR2F;POLR2H;GTF2H5;TAF1D;ZNRD1;CHD3;POLR1C;MNAT1;POLR2E;GATAD2B;CCNH
RA_RNA_Polymerase_I_Promoter_Clearance%R-MMU-73854,0.007429421,0.057727012,-0.597283133,-1.615104548,4,39,POLR2L;POLR2F;POLR2H;GTF2H5;TAF1D;ZNRD1;CHD3;POLR1C;MNAT1;POLR2E;GATAD2B;CCNH
RA_RNA_Polymerase_I_Transcription%R-MMU-73864,0.007429421,0.057727012,-0.597283133,-1.615104548,4,39,POLR2L;POLR2F;POLR2H;GTF2H5;TAF1D;ZNRD1;CHD3;POLR1C;MNAT1;POLR2E;GATAD2B;CCNH
RA_Cytoprotection_by_HMOX1%R-MMU-9707564,0.00748503,0.057727012,-0.614892204,-1.618613195,4,35,NDUFA4;COX4I1;COX6B1;COX8A;COX20;COX6A1;MT-CO2;COX5A;COX16;COX7B
KEGG_Long-term_depression%mmu04730,0.005847953,0.058562555,0.633085378,1.831796061,1,34,PPP2R1B;RAF1;PRKCB;PLA2G4A;GNAS;PPP2R1A;MAP2K1;GNA11;ITPR1;ITPR2;GNA12
KEGG_Aminoacyl-tRNA_biosynthesis%mmu00970,0.006097561,0.058562555,0.627929051,1.908237879,1,42,LARS;IARS;AARS;VARS;FARSB;DARS;TARS;DARS2;NARS2;EPRS;IARS2;GARS;TARSL2;TARS2;RARS2;KARS
KEGG_VEGF_signaling_pathway%mmu04370,0.005698006,0.058562555,0.622555113,1.82831667,1,36,RAF1;PLCG2;AKT1;PRKCB;PLA2G4A;RAC1;MAPKAPK3;PXN;VEGFA;PLCG1;MAPK14;MAP2K1;PIK3R2;PIK3CB
KEGG_Glycolysis_/_Gluconeogenesis%mmu00010,0.00621118,0.058562555,0.54800588,1.649408913,1,41,HK1;PFKP;PGM1;HK3;ALDH3A2;PGM2;ENO1;PKM;ALDH9A1;ALDH2;PFKL;DLD;FBP1;GPI1;HK2;LDHB;DLAT;PGAM1;ADH5;ACSS2
"KEGG_Parathyroid_hormone_synthesis,_secretion_and_action%mmu04928",0.006472492,0.058921995,0.530064936,1.674533686,1,57,RAF1;ARHGEF11;MEF2D;ARRB1;PRKCB;PDE4D;MEF2A;ARHGEF1;GNAS;ADCY3;LRP5;MAP2K1;PRKACA;GNA11;ITPR1;CREB1;ITPR2;GNA12
RA_NRAGE_signals_death_through_JNK%R-MMU-193648,0.008264463,0.060427176,0.640180153,1.795747293,2,30,ARHGEF11;KALRN;NET1;RASGRF2;ARHGEF1;TIAM2;ARHGEF6;VAV3;VAV1;ECT2;ABR;ARHGEF3;FGD2;PLEKHG5;PLEKHG2;ARHGEF2;PREX1
RA_Transcriptional_regulation_by_small_RNAs%R-MMU-5578749,0.008264463,0.060427176,0.593154934,1.66383847,2,30,NUP160;NUP107;POM121;NUP214;NUP188;NUP133;RANBP2;NUP93;NUP155;NUP88;NUP98;AAAS;TPR;SEH1L
RA_RHOU_GTPase_cycle%R-MMU-9013420,0.008264463,0.060427176,0.576333869,1.61665428,2,30,SPTBN1;GIT2;IQGAP1;WWP2;CLTC;ARHGEF6;WDR6;ARHGAP31;PEAK1;GIT1;STAM2;SRGAP2;PIK3R2;NCK2;CDC42;DEPDC1B
RA_Formation_of_the_Early_Elongation_Complex%R-MMU-113418,0.007949126,0.060427176,-0.663063621,-1.667135515,4,28,POLR2L;POLR2F;POLR2H;GTF2H5;POLR2I;NCBP2;GTF2F2;MNAT1;POLR2E;CCNH;NELFE;POLR2G
RA_Transport_of_the_SLBP_independent_Mature_mRNA%R-MMU-159227,0.008426966,0.060825411,0.616099556,1.744276229,2,31,NUP160;NUP107;POM121;NUP214;NUP188;NUP133;RANBP2;NUP93;NUP155;NUP88;NUP98;AAAS;TPR;SEH1L;NCBP1
RA_Opioid_Signalling%R-MMU-111885,0.00867052,0.061791176,0.579259808,1.65324775,2,33,PPP2R1B;PLA2G4A;PDE4D;ADCY3;GNA15;PRKACA;CAMKK1;GNA11;GNB5
WP_IL-9_Signaling_Pathway%WP10,0.002506266,0.063909774,0.724122178,1.882400557,0,20,JAK3;AKT1;JAK1;TYK2;VCP;SHC1;STAT1;MAP2K1;KAT5
RA_Signaling_by_NTRKs%R-MMU-166520,0.009259259,0.065162037,0.555516919,1.676024833,2,41,PPP2R1B;AP2A1;RPS6KA1;KIDINS220;RAC1;CLTC;MAPKAPK3;PPP2R1A;AP2M1;RPS6KA2;CREB1;PIK3R2;PIK3CB;AP2B1
KEGG_Thyroid_hormone_signaling_pathway%mmu04919,0.007462687,0.065671642,0.481546034,1.636730911,1,86,MYC;RAF1;PLCG2;AKT1;NCOA2;PRKCB;MED16;TSC2;PFKP;KAT2A;MTOR;STAT1;MED12;RCAN1;ATP1A3;PLCG1;MED1;ATP2A2;MAP2K1;SIN3A;PRKACA;TRP53;ATP1A1;NCOA1;PIK3R2;PIK3CB;PFKL
RA_Cellular_response_to_chemical_stress%R-MMU-9711123,0.009589041,0.066649755,-0.480830561,-1.506606525,6,105,RPS27A;SOD1;NDUFA4;BACH1;COX4I1;COX6B1;COX8A;COX20;COX6A1;MT-CO2;COX5A;RBX1;COX16;COX7B;CYBA;PRDX5;PSMB5;PSMB6;GSTP1;PSMA7;PSMD9;MT-CO1;PSMB1;SOD2;CCS;BLVRA;PSMD13;PRDX2;PSMC5;PSMD7;PSMD10
RA_RNA_Polymerase_III_Transcription_Initiation_From_Type_2_Promoter%R-MMU-76066,0.009708738,0.066658773,-0.669984823,-1.613989523,5,23,POLR2L;POLR2F;POLR2H;GTF3C6;POLR1C;POLR3GL;POLR2E
KEGG_Morphine_addiction%mmu05032,0.00802139,0.066666667,0.654114806,1.787845505,2,26,GRK6;ARRB1;PRKCB;PDE4D;GNAS;ADCY3
KEGG_Endometrial_cancer%mmu05213,0.008982036,0.066666667,0.51055869,1.563344202,2,43,MYC;RAF1;ILK;AKT1;MLH1;DDB2;CTNNA1
KEGG_Fc_epsilon_RI_signaling_pathway%mmu04664,0.009090909,0.066666667,0.507852007,1.556605355,2,44,RAF1;PLCG2;AKT1;PLA2G4A;ALOX5;RAC1;VAV3;VAV1;PLCG1;MAPK14;MAP2K1;MAP2K3;PIK3R2;PIK3CB;SYK
KEGG_Regulation_of_actin_cytoskeleton%mmu04810,0.008298755,0.066666667,0.43227126,1.539144559,1,123,PIP5K1C;RAF1;VCL;ACTN4;AKT1;IQGAP3;NCKAP1L;MYH9;LIMK1;IQGAP1;ITGB1;RAC1;ARHGEF1;ITGB2;CYFIP1;ITGB5;ARHGEF6;FN1;MSN;PXN;VAV3;VAV1;IQGAP2;DIAPH2;ITGB2L;GSN;MAP2K1;GIT1;SCIN;EZR;ITGA5;SSH1;PIK3R2;ACTN1;PIK3CB;GNA12
KEGG_MAPK_signaling_pathway%mmu04010,0.00877193,0.066666667,0.420721766,1.547726766,1,149,MYC;RAF1;FLNB;AKT1;FLNA;ARRB1;PRKCB;RPS6KA1;PLA2G4A;MAP3K4;RASGRF2;MAP3K3;RAC1;TGFBR2;NFATC1;MAPKAPK3;HGF;VEGFA;CSF1R;PPM1A;RPS6KA2;ELK4;MAPK14;NFATC3;MAP2K1;MKNK1;IKBKG;PRKACA;MAP2K3;TRP53
KEGG_PI3K-Akt_signaling_pathway%mmu04151,0.008733624,0.066666667,0.399808939,1.507646771,1,162,PPP2R1B;MYC;RAF1;JAK3;AKT1;PIK3AP1;TSC2;PIK3CG;BRCA1;JAK1;RBL2;ITGB1;MTOR;RAC1;ITGB5;FN1;COL1A2;HGF;PPP2R1A;VEGFA;CSF1R;PRKAA1;PKN1;PPP2R5B;COL6A4;PPP2R5C;PPP2R3C;MAP2K1;IKBKG;TRP53;JAK2;YWHAQ;GYS1;IFNAR1;ITGA5;GNB5;CREB1;COL1A1;PIK3R2;PIK3CB;IBSP;SYK;ERBB3
WP_Integrin-mediated_Cell_Adhesion%WP6,0.003367003,0.067460317,0.606153787,1.969441585,0,68,ZYX;RAF1;VCL;ILK;TLN1;AKT1;GIT2;ITGB1;RAC1;SHC1;ITGB2;ITGB5;PXN;CAPN1;VAV3;MAP2K1;MAP2K3;ITGA5;PIK3R2;ACTN1
WP_Focal_Adhesion%WP85,0.003968254,0.067460317,0.508279965,1.75085343,0,102,PIP5K1C;ZYX;RAF1;VCL;ILK;TLN1;AKT1;PIK3R4;FLNA;PIK3CG;HCK;ITGB1;RAC1;SHC1;ITGB2;ITGB5;FN1;COL1A2;HGF;PXN;CAPN1;VEGFA
RA_RHOA_GTPase_cycle%R-MMU-8980692,0.010452962,0.069408242,0.468747955,1.610824606,2,94,ARHGEF11;ARHGAP1;DOCK2;KALRN;ERBIN;IQGAP3;NET1;SCFD1;FMNL3;ANLN;RASGRF2;IQGAP1;ARHGEF1;JUP;ARHGAP31;ARHGAP45;VAV3;VAV1;PKN1;ECT2;ABR;AAAS;ARHGEF3;STK10;PLEKHG5;PIK3R2;STOM;RACGAP1;DEPDC1B;ARAP1;ARHGAP39;KTN1;ARHGEF2;PREX1;TAGAP;ARHGAP19;FLOT2
RA_Formation_of_RNA_Pol_II_elongation_complex%R-MMU-112382,0.010479042,0.069408242,-0.567312046,-1.570648965,6,47,POLR2L;POLR2F;POLR2H;GTF2H5;POLR2I;ELOB;ELOC;NCBP2;GTF2F2;MNAT1;POLR2E;CCNH;NELFE;IWS1;POLR2G
RA_RNA_Polymerase_II_Transcription_Elongation%R-MMU-75955,0.010479042,0.069408242,-0.567312046,-1.570648965,6,47,POLR2L;POLR2F;POLR2H;GTF2H5;POLR2I;ELOB;ELOC;NCBP2;GTF2F2;MNAT1;POLR2E;CCNH;NELFE;IWS1;POLR2G
RA_mRNA_Capping%R-MMU-72086,0.011164274,0.070849438,-0.650214598,-1.601232007,6,25,POLR2L;POLR2F;POLR2H;GTF2H5;POLR2I;NCBP2;GTF2F2;MNAT1;POLR2E;CCNH;POLR2G
RA_RNA_Polymerase_I_Promoter_Escape%R-MMU-73772,0.0112,0.070849438,-0.654556106,-1.596454495,6,24,POLR2L;POLR2F;POLR2H;GTF2H5;TAF1D;ZNRD1;POLR1C;MNAT1;POLR2E;CCNH
RA_RNA_Polymerase_III_Transcription_Initiation_From_Type_1_Promoter%R-MMU-76061,0.0112,0.070849438,-0.660786224,-1.611649677,6,24,POLR2L;POLR2F;POLR2H;GTF3C6;POLR1C;POLR3GL;POLR2E
RA_RNA_Polymerase_I_Transcription_Termination%R-MMU-73863,0.0112,0.070849438,-0.665880957,-1.62407567,6,24,POLR2L;POLR2F;POLR2H;GTF2H5;TAF1D;ZNRD1;POLR1C;MNAT1;POLR2E;CCNH
RA_Negative_regulation_of_the_PI3K/AKT_network%R-MMU-199418,0.012048193,0.072818987,0.561831989,1.642299745,3,37,PPP2R1B;PIP5K1C;AKT1;RAC1;HGF;VAV1;PPP2R5B;PPP2R5C
RA_Synthesis_of_PIPs_at_the_plasma_membrane%R-MMU-1660499,0.012158055,0.072818987,0.554604062,1.651883469,3,39,PIP5K1C;PLEKHA1;RUFY1;PIK3CG;INPP5J;MTMR14;MTMR6;PI4K2A;PIK3C2G;PLEKHA3;PI4K2B;PIK3R2;MTMR9;PIK3CB
RA_Selective_autophagy%R-MMU-9663891,0.011940299,0.072818987,-0.583722826,-1.551368248,7,36,TOMM7;TOMM5;RPS27A;TOMM22;TOMM20;DYNLL1;PARK7
RA_ROS_and_RNS_production_in_phagocytes%R-MMU-1222556,0.011784512,0.072818987,-0.705896311,-1.644328246,6,19,ATP6V1G1;ATP6V1F;ATP6V0B;CYBA;ATP6V1D
RA_PINK1-PRKN_Mediated_Mitophagy%R-MMU-5205685,0.011864407,0.072818987,-0.750016955,-1.666271759,6,15,TOMM7;TOMM5;RPS27A;TOMM22;TOMM20
KEGG_Galactose_metabolism%mmu00052,0.01038961,0.074131274,0.652968119,1.685134312,3,22,HK1;MGAM;PFKP;PGM1;HK3;PGM2
RA_COPI-mediated_anterograde_transport%R-MMU-6807878,0.013071895,0.075096705,0.4890065,1.577058231,3,63,COPB1;COPG1;COPA;COPG2;DCTN1;SPTBN1;COPB2;COG1;ARFGAP2;TMED7;ARCN1;COG4;GBF1;COG2;COG5;CAPZA2;TMEM115;COG6;USO1;NSF;GOSR2
RA_Metabolism_of_carbohydrates%R-MMU-71387,0.012765957,0.075096705,0.401370403,1.447999067,2,143,PAPSS2;NUP160;PFKP;MAN2B1;NUP107;HMMR;POM121;PGM1;HK3;NUP214;SLC25A12;NUP188;NUP133;RANBP2;NUP93;PGM2;SLC25A13;NUP155;MAN2B2;ENO1;PHKG2;ST3GAL3;NUP88;PAPSS1;NUP98;GNPDA1;GLB1L;TKFC;GYS1;EXT2;AAAS;NDST2;TPR;B3GALT5;PFKL;SEH1L;B4GALT5;GNPDA2;ABCC5;GBE1;MAN2C1;UGP2;HGSNAT;FBP1
RA_Mitotic_Anaphase%R-MMU-68882,0.012931034,0.075096705,0.391723914,1.452006694,2,166,PPP2R1B;CLASP2;BUB1B;CDC23;CKAP5;BUB1;NUP160;NUP107;POM121;CCNB1;ANAPC2;KIF2C;NUP188;ANKLE2;NUP133;CENPO;SMC1A;RANBP2;KIF18A;ESPL1;CDC16;UBE2E1;XPO1;ANAPC1;CLIP1;PLK1;PSMD1;ZWILCH;AURKB;ERCC6L;NUP93;CLASP1;STAG1;NUP155;SIRT2;KNTC1;ZW10;NUP98;PPP2R5B;PSMF1;PPP2R5C;INCENP;MAD1L1;NDC80;CHMP7;CENPI;STAG2;PSMD5;NDEL1
RA_Mitotic_Metaphase_and_Anaphase%R-MMU-2555396,0.013043478,0.075096705,0.390810617,1.450657493,2,167,PPP2R1B;CLASP2;BUB1B;CDC23;CKAP5;BUB1;NUP160;NUP107;POM121;CCNB1;ANAPC2;KIF2C;NUP188;ANKLE2;NUP133;CENPO;SMC1A;RANBP2;KIF18A;ESPL1;CDC16;UBE2E1;XPO1;ANAPC1;CLIP1;PLK1;PSMD1;ZWILCH;AURKB;ERCC6L;NUP93;CLASP1;STAG1;NUP155;SIRT2;KNTC1;ZW10;NUP98;PPP2R5B;PSMF1;PPP2R5C;INCENP;MAD1L1;NDC80;CHMP7;CENPI;STAG2;PSMD5;NDEL1
KEGG_Serotonergic_synapse%mmu04726,0.011396011,0.07917229,0.568138596,1.66850652,3,36,RAF1;PRKCB;PLA2G4A;ALOX5;GNAS;MAP2K1;PRKACA;GNB5;ITPR1;ITPR2
WP_EPO_Receptor_Signaling%WP1249,0.007518797,0.0796875,0.658744495,1.71244721,2,20,RAF1;AKT1;PIK3CG;SHC1;STAT1;PDK1;MAP2K1;JAK2
WP_Kit_Receptor_Signaling_Pathway%WP407,0.006024096,0.0796875,0.546748952,1.723057226,1,53,RAF1;AKT1;SH2B2;PRKCB;PIK3CG;RPS6KA1;HCK;CLTC;SHC1;STAT1;PTPN6;SH3KBP1;VAV1;PLCG1;MAP2K1;JAK2;TEC;PIK3R2;SPRED2
WP_Primary_Focal_Segmental_Glomerulosclerosis_FSGS%WP2573,0.011111111,0.0796875,0.541291895,1.603922968,3,37,VCL;ACTN4;ILK;TLN1;AKT1;MYH9;AGRN;ITGB1;LRP5;DAG1;PLCG1
WP_ESC_Pluripotency_Pathways%WP339,0.009118541,0.0796875,0.526735024,1.621390472,2,46,MYC;RAF1;AKT1;JAK1;MTOR;DVL3;LRP5;MAP2K1;DVL2;MAP2K3;AXIN1
WP_Amino_Acid_metabolism%WP662,0.009615385,0.0796875,0.492995834,1.574300487,2,61,CAD;IARS;ACLY;VARS;FARSB;PCX;PYCR1;IDH1;EHHADH;EPRS;HIBADH;PKM;WARS;SDHA;ALDH18A1;OGDH;HDC;GOT2;ACO2;GLS;DLD;HIBCH;ASNS;FH1;MCCC1;ASS1
WP_Chemokine_signaling_pathway%WP2292,0.007722008,0.0796875,0.486478142,1.66213705,1,97,GRK6;RAF1;JAK3;AKT1;DOCK2;ARRB1;PRKCB;PIK3CG;HCK;RAC1;SHC1;STAT1;TIAM2;ADCY3;PXN;STAT2;VAV3;ELMO1;VAV1;MAP2K1;IKBKG;PRKACA;JAK2;GNB5;PIK3R2;PIK3CB
WP_Insulin_Signaling%WP65,0.0125,0.0796875,0.461301023,1.605698423,2,112,RAF1;XBP1;AKT1;PIK3R4;SH2B2;PRKCB;TSC2;PIK3CG;RPS6KA1;MAP3K4;MTOR;PIK3C3;MAP3K3;RAC1;MINK1;SHC1;MYO1C;MAP3K9;MAP4K5;PRKAA1;RPS6KA2;MAPK14;MAP2K1;PIK3C2G;CAP1;MAP2K3;GYS1;ARHGAP33;RPS6KA4;PIK3R2;PIK3CB;PFKL
WP_Regulation_of_Actin_Cytoskeleton%WP523,0.01119403,0.0796875,0.447592684,1.488452235,2,84,PIP5K1C;RAF1;VCL;PIK3R4;PIK3CG;LIMK1;IQGAP1;PIK3C3;RAC1;ARHGEF1;ARHGEF6;FN1;MSN;PXN;VAV1;GSN;MAP2K1;PIK3C2G;GIT1;EZR;SSH1;PIK3R2;ACTN1;PIK3CB;GNA12
WP_IL-6_signaling_Pathway%WP387,0.011111111,0.0796875,0.447432654,1.483816685,2,83,PPP2R1B;RAF1;AKT1;JAK1;TYK2;MAP3K4;HCK;RAC1;SHC1;STAT1;PPP2R1A;PXN;VAV1;PLCG1;PPP2R5B;RPS6KA2;MAPK14;PPP2R5C;MAP2K1;JAK2;TEC;NCOA1;PIK3R2
WP_EGFR1_Signaling_Pathway%WP572,0.012345679,0.0796875,0.437292638,1.563550916,2,129,MYC;RAF1;PLCG2;AKT1;EPS15L1;PRKCB;CEACAM1;PIK3CG;AP2A1;RPS6KA1;JAK1;SH2D3C;MAP3K4;MAP3K3;RAC1;SHC1;STAT1;RIPK1;APPL2;PTPN6;PXN;STAT2;SH3KBP1;VAV3;VAV1;PLCG1;RPS6KA2;ELK4;MAPK14;MAP2K1;SIN3A;TNIP1;MAP2K3;PLEC;JAK2;GIT1
WP_Fatty_Acid_Biosynthesis%WP336,0.019047619,0.08284264,0.653778959,1.645731923,7,17,FASN;ACLY;PCX;ACSL5;ECHDC1;ACSL1;ACACA
WP_One_Carbon_Metabolism%WP435,0.014851485,0.08284264,0.638064165,1.692021748,5,21,MTHFD1L;DNMT1;MTHFD1;MTR;SHMT1;GART;AHCYL2;ATIC
WP_p38_MAPK_Signaling_Pathway%WP350,0.018324607,0.08284264,0.597573236,1.700568703,6,29,MYC;MEF2D;PLA2G4A;RAC1;SHC1;STAT1;RIPK1;MAP3K9;MAPK14;MKNK1
WP_FAS_pathway_and_Stress_induction_of_HSP_regulation%WP571,0.016,0.08284264,0.590775047,1.690807436,5,30,SPTAN1;CASP8;PARP1;PRKDC;FAF1;MAPKAPK3
WP_DNA_Replication%WP150,0.017595308,0.08284264,0.53317393,1.598238224,5,40,POLE;POLD1;CDC6;POLA1;MCM6;MCM2;MCM5;ORC3;ORC5;MCM7;RFC5;RPA1;MCM4;MCM10;ORC1;ORC4;RFC1;POLE2;ORC2;CDC45;MCM3;POLA2;PRIM1;PRIM2
WP_MicroRNAs_in_Cardiomyocyte_Hypertrophy%WP1560,0.019672131,0.08284264,0.482539218,1.518295714,5,59,RAF1;AKT1;PRKCB;PIK3CG;MTOR;RAC1;HDAC5;LRP5;RCAN1;MAPK14;MAP2K1;IKBKG;MAP2K3;HDAC9;PIK3R2;PIK3CB
WP_MAPK_signaling_pathway%WP493,0.016129032,0.08284264,0.426142731,1.48546284,3,110,MYC;RAF1;AKT1;FLNA;ARRB1;PRKCB;CASP8;MAP3K4;RAC1;MINK1;TGFBR2;CASP2;PPM1A;MAPK14;MAP2K1;HSPA5;IKBKG;PRKACA;TRP53
WP_Focal_Adhesion-PI3K-Akt-mTOR-signaling_pathway%WP2841,0.01659751,0.08284264,0.406313634,1.486845616,3,146,PPP2R1B;RAF1;JAK3;AKT1;PIK3R4;STRADA;TSC2;PIK3CG;JAK1;ITGB1;MTOR;ITGB2;ITGB5;FN1;SLC2A3;COL1A2;HGF;PPP2R1A;VEGFA;CSF1R;PRKAA1;PPP2R5B;PPP2R5C;PPP2R3C;MAP2K1;PIK3C2G;IKBKG;ACACA;JAK2;GYS1;COL11A2;IFNAR1;RAB11B;ITGA5;CREB1;COL1A1;PIK3R2;ULK1;PIK3CB
WP_PluriNetWork:_mechanisms_associated_with_pluripotency%WP1763,0.020304569,0.08284264,0.357962666,1.360859699,3,195,MYC;RAF1;MEF2D;CAD;ZFP143;DNMT1;AKT1;NEDD4L;PARP1;USP7;BRCA1;JAK1;POU2F1;WWP2;RBL2;HCK;ITGB1;MTOR;SMARCA4;DDB1;MED12;LRP5;PPP2R1A;MYBL2;KDM3A;PSEN1;CTR9;HNRNPU;SMARCAD1;EZH1;DGKA;MAP2K1;SIN3A;PRKACA;XPO4;AXIN1;KAT5;TRP53;ELP4;IPO9;RIF1;CREB1;GATAD2A;NCOA1
KEGG_Hepatitis_C%mmu05160,0.012244898,0.08288854,0.439396856,1.520799037,2,101,PPP2R1B;MYC;RAF1;AKT1;CASP8;JAK1;TYK2;STAT1;EIF2AK1;RIPK1;PPP2R1A;EIF2S1;SCARB1;STAT2;TBK1;MAP2K1;IKBKG;TRP53;YWHAQ;IFNAR1;PIK3R2;PIK3CB
RA_Signaling_by_NTRK1_(TRKA)%R-MMU-187037,0.015197568,0.085179133,0.547939181,1.632032178,4,39,PPP2R1B;AP2A1;RPS6KA1;KIDINS220;CLTC;MAPKAPK3;PPP2R1A;AP2M1;RPS6KA2;CREB1;PIK3R2;PIK3CB;AP2B1
RA_SUMOylation_of_RNA_binding_proteins%R-MMU-4570464,0.015432099,0.085179133,0.54458551,1.643044177,4,41,NUP160;NUP107;POM121;NUP214;NUP188;NUP133;RANBP2;NUP93;NUP155;NUP88;NUP98;AAAS;TPR;SEH1L
RA_RHOC_GTPase_cycle%R-MMU-9013106,0.015384615,0.085179133,0.516925252,1.609811685,4,48,ARHGEF11;ARHGAP1;ERBIN;IQGAP3;FMNL3;ANLN;IQGAP1;ARHGEF1;JUP;PKN1;ABR;STK10;STOM;RACGAP1;DEPDC1B;ARHGAP39;PREX1;FLOT2;SLK
RA_Signaling_by_FGFR%R-MMU-190236,0.015243902,0.085179133,-0.602429213,-1.570616297,9,33,POLR2L;POLR2F;RPS27A;POLR2H;SPRY2;POLR2I;NCBP2;GTF2F2;CBL;POLR2E;POLR2G
RA_Signaling_by_FGFR2%R-MMU-5654738,0.015649452,0.08554021,-0.620820772,-1.586712249,9,30,POLR2L;POLR2F;RPS27A;POLR2H;SPRY2;POLR2I;NCBP2;GTF2F2;CBL;POLR2E;POLR2G
RA_L1CAM_interactions%R-MMU-373760,0.015915119,0.085790476,0.589511525,1.599254587,5,26,NUMB;SPTBN1;AP2A1;ITGB1;RAC1;CLTC;SDCBP;MSN;DNM2;AP2M1
RA_RNA_Pol_II_CTD_phosphorylation_and_interaction_with_CE%R-MMU-77075,0.016,0.085790476,-0.64587652,-1.575285088,9,24,POLR2L;POLR2F;POLR2H;GTF2H5;POLR2I;GTF2F2;MNAT1;POLR2E;CCNH;POLR2G
"KEGG_Growth_hormone_synthesis,_secretion_and_action%mmu04935",0.013422819,0.088590604,0.485743784,1.599770156,3,70,RAF1;PLCG2;AKT1;PRKCB;MTOR;SHC1;STAT1;GNAS;ADCY3;PLCG1;MAPK14;MAP2K1;PRKACA;MAP2K3;JAK2;GNA11;ITPR1;CREB1;PIK3R2;PIK3CB;ITPR2
KEGG_GnRH_secretion%mmu04929,0.013850416,0.089183163,0.623208267,1.782501656,4,31,RAF1;AKT1;ARRB1;PRKCB;MAP2K1;GNA11;ITPR1;PIK3R2;PIK3CB;ITPR2
RA_HDMs_demethylate_histones%R-MMU-3214842,0.017241379,0.091574496,0.653938085,1.650629026,6,20,KDM2B;PHF8;KDM4A;KDM4B;KDM5B;RIOX2;KDM3A
RA_Postmitotic_nuclear_pore_complex_(NPC)_reformation%R-MMU-9615933,0.01758794,0.09254215,0.644575228,1.65468232,6,21,NUP160;NUP107;POM121;NUP188;NUP133;NUP93;NUP155;NUP98
RA_RHOB_GTPase_cycle%R-MMU-9013026,0.017964072,0.093646041,0.522545231,1.626825281,5,47,ARHGEF11;ARHGAP1;ERBIN;IQGAP3;NET1;ANLN;ARHGEF1;JUP;PKN1;ECT2;ABR;ARHGEF3;STK10;PIK3R2;STOM;RACGAP1;DEPDC1B;ARHGAP39;ARHGEF2;PREX1;FLOT2;SLK
RA_Cyclin_A/B1/B2_associated_events_during_G2/M_transition%R-MMU-69273,0.019323671,0.094601974,0.647016264,1.599123248,7,18,PPP2R1B;CCNB1;XPO1;PLK1;PPP2R1A;PPME1
RA_HDR_through_Single_Strand_Annealing_(SSA)%R-MMU-5685938,0.018567639,0.094601974,0.590840907,1.562980355,6,24,BLM;RMI1;TOP3A;RAD9A;RFC5;EXO1;RPA1;ATRIP;WRN;KAT5
RA_Semaphorin_interactions%R-MMU-373755,0.018567639,0.094601974,0.590747634,1.562733615,6,24,PIP5K1C;ARHGEF11;TLN1;LIMK1;RAC1
RA_RNA_Polymerase_II_Promoter_Escape%R-MMU-73776,0.019174041,0.094601974,-0.564725116,-1.545041085,12,41,POLR2L;POLR2F;POLR2H;GTF2H5;TAF15;POLR2I;TAF4;TAF10;TAF12;TAF3;GTF2F2;MNAT1;POLR2E;CCNH;POLR2G;GTF2A2;TAF13;ERCC2
RA_RNA_Polymerase_II_Transcription_Pre-Initiation_And_Promoter_Opening%R-MMU-73779,0.019174041,0.094601974,-0.564725116,-1.545041085,12,41,POLR2L;POLR2F;POLR2H;GTF2H5;TAF15;POLR2I;TAF4;TAF10;TAF12;TAF3;GTF2F2;MNAT1;POLR2E;CCNH;POLR2G;GTF2A2;TAF13;ERCC2
RA_RNA_Polymerase_II_Transcription_Initiation%R-MMU-75953,0.019174041,0.094601974,-0.564725116,-1.545041085,12,41,POLR2L;POLR2F;POLR2H;GTF2H5;TAF15;POLR2I;TAF4;TAF10;TAF12;TAF3;GTF2F2;MNAT1;POLR2E;CCNH;POLR2G;GTF2A2;TAF13;ERCC2
RA_RNA_Polymerase_II_Transcription_Initiation_And_Promoter_Clearance%R-MMU-76042,0.019174041,0.094601974,-0.564725116,-1.545041085,12,41,POLR2L;POLR2F;POLR2H;GTF2H5;TAF15;POLR2I;TAF4;TAF10;TAF12;TAF3;GTF2F2;MNAT1;POLR2E;CCNH;POLR2G;GTF2A2;TAF13;ERCC2
RA_DAP12_interactions%R-MMU-2172127,0.02173913,0.101149838,0.646409645,1.59762397,8,18,PLCG2;RAC1;VAV3;PLCG1;CD300LB;PIK3R2;PIK3CB;SYK;CLEC5A
RA_Nuclear_Envelope_Breakdown%R-MMU-2980766,0.021084337,0.101149838,0.545974134,1.595945406,6,37,NUP160;NUP107;POM121;CCNB1;NUP214;NUP188;NUP133;RANBP2;NUP93;NUP155;NUP88;NUP98;AAAS;TPR;SEH1L
RA_Separation_of_Sister_Chromatids%R-MMU-2467813,0.021008403,0.101149838,0.406527381,1.444292185,4,133,PPP2R1B;CLASP2;BUB1B;CDC23;CKAP5;BUB1;NUP160;NUP107;ANAPC2;KIF2C;NUP133;CENPO;SMC1A;RANBP2;KIF18A;ESPL1;CDC16;UBE2E1;XPO1;ANAPC1;CLIP1;PLK1;PSMD1;ZWILCH;AURKB;ERCC6L;CLASP1;STAG1;KNTC1;ZW10;NUP98;PPP2R5B;PSMF1;PPP2R5C;INCENP;MAD1L1;NDC80;CENPI;STAG2;PSMD5;NDEL1
RA_RNA_Polymerase_III_Transcription%R-MMU-74158,0.021671827,0.101149838,-0.59198297,-1.532076232,13,31,POLR2L;POLR2F;POLR2H;SNAPC5;GTF3C6;POLR1C;POLR3GL
RA_RNA_Polymerase_III_Transcription_Initiation%R-MMU-76046,0.021671827,0.101149838,-0.59198297,-1.532076232,13,31,POLR2L;POLR2F;POLR2H;SNAPC5;GTF3C6;POLR1C;POLR3GL
RA_Mitophagy%R-MMU-5205647,0.021523179,0.101149838,-0.658084716,-1.561159115,12,21,TOMM7;TOMM5;RPS27A;TOMM22;TOMM20
RA_Nuclear_Events_(kinase_and_transcription_factor_activation)%R-MMU-198725,0.022332506,0.103059025,0.66707999,1.611217435,8,17,PPP2R1B;RPS6KA1;PPP2R1A;RPS6KA2;CREB1
KEGG_Relaxin_signaling_pathway%mmu04926,0.016835017,0.103359173,0.487350823,1.564602569,4,64,RAF1;AKT1;ARRB1;TGFBR2;SHC1;GNAS;ADCY3;COL1A2;VEGFA;GNA15;MAPK14;MAP2K1;PRKACA;GNB5;CREB1;COL1A1;PIK3R2;PIK3CB
KEGG_Glycerophospholipid_metabolism%mmu00564,0.016447368,0.103359173,0.487154737,1.513524606,4,53,DGKQ;GNPAT;PCYT1A;DGKZ;PLA2G4A;PNPLA7;DGKH;CDIPT;MBOAT1;DGKA;LPCAT3;DGKG
KEGG_Glycerolipid_metabolism%mmu00561,0.01734104,0.104046243,0.530664262,1.570546355,5,37,DGKQ;DGKZ;ALDH3A2;DGKH;ALDH9A1;DGAT2;MBOAT1;DGKA;ALDH2;TKFC;DGKG;AGK;PNPLA2;AGPAT2
WP_Glutathione_and_one_carbon_metabolism%WP730,0.027027027,0.106029106,0.628113244,1.6098887,10,19,DNMT1;G6PDX;CHDH;MTR;SHMT1;IDH1
BP_positive_regulation_of_neutrophil_chemotaxis%0090023,0.002352941,0.109794796,0.761231172,1.857032159,0,15,RIPOR2;NCKAP1L;RAC1;SELL;MOSPD2
BP_cell_projection_organization%0030030,0.00273224,0.109794796,0.755092362,2.228807287,0,35,MYO7A;ILK;AKT1;TSC2;KIF17;CUL3;ITGB1;MTOR
BP_phosphatidylinositol-mediated_signaling%0048015,0.002380952,0.109794796,0.737332958,1.856059099,0,17,PLCG2;PIK3CG;PI4KA;PIK3C3;PLCL2;PLCG1;PIK3C2G;PIK3CB
BP_lamellipodium_assembly%0030032,0.002463054,0.109794796,0.734540548,1.971428699,0,22,VCL;ITGB1;RAC1;CYFIP1;ARHGEF6;PXN;VAV3
BP_DNA_biosynthetic_process%0071897,0.002380952,0.109794796,0.730703939,1.839372132,0,17,POLE;LIG3;POLD1;POLA1
BP_DNA_replication_initiation%0006270,0.002487562,0.109794796,0.708405777,1.920655237,0,23,CDC6;POLA1;MCM6;MCM2;MCM5;ORC3;ORC5;MCM7;MCM4;MCM10;ORC1;ORC4;ORC2;CDC45;MCM3;NOC3L;POLA2;PRIM1;PRIM2
BP_microtubule_bundle_formation%0001578,0.002487562,0.109794796,0.707683747,1.918697644,0,23,KIF20A;PRC1;MAP1S;CCDC66;CLIP1;PLK1;CLASP1
BP_vesicle_docking_involved_in_exocytosis%0006904,0.002380952,0.109794796,0.704615315,1.773700271,0,17,EXOC1;EXOC2;EXOC4;VPS11;EXOC6;PLEK;EXOC7;EXOC3;VPS18;STXBP2;EXOC5
BP_post-translational_protein_modification%0043687,0.002475248,0.109794796,0.69999429,1.856248365,0,21,DCAF1;PADI4;PRKCB;STT3A;STT3B;AURKB;SIRT2;PKN1;JAK2;RPS6KA4
BP_phosphatidylinositol_dephosphorylation%0046856,0.002487562,0.109794796,0.699681967,1.897002929,0,23,SACM1L;INPP5B;FIG4;INPP5J;MTMR6;MTMR4;INPP5E;INPP5A;MTMR2;MTMR9;SYNJ2;MTMR3
BP_meiotic_cell_cycle%0051321,0.002777778,0.109794796,0.653665542,1.936901671,0,37,CLASP2;MLH1;NBN;TUBGCP4;XRN1;SMC1A;TUBGCP2;PMS2;EXO1;RPA1;SIRT2;TUBGCP6;STAG2;SMC3;KLHDC3
BP_phagocytosis%0006909,0.00304878,0.109794796,0.615221729,1.933797471,0,52,MYO7A;PIP5K1C;ELMO2;HCK;ITGB1;EIF2AK1;WASHC5;DNM2;TM9SF4;ELMO1;VAV1;UNC13D;ABL2;ANXA1;ABR;PECAM1;CDC42SE2;MYO1G;MYD88;IRF8
BP_glucose_metabolic_process%0006006,0.002890173,0.109794796,0.596140134,1.832606926,0,42,MYC;HK1;AKT1;PGM1;G6PDX;NISCH;HK3;KBTBD2;PGM2;PKM;PRKAA1;MAPK14
BP_cell-matrix_adhesion%0007160,0.002932551,0.109794796,0.580655565,1.78880777,0,43,ZYX;ILK;FERMT3;EMILIN1;MKLN1;ITGB1;ITGB2;HPSE;ITGB5;FN1
BP_integrin-mediated_signaling_pathway%0007229,0.003067485,0.109794796,0.560761726,1.753316537,0,51,ZYX;ILK;TLN1;FERMT3;CTNNA1;CUL3;ITGB1;ITGB2;ITGB5;FN1;PXN;VAV3;VAV1;ITGB2L;TEC;ITGA5;PLEK;SYK;LIMS1;CDC42
BP_RNA_splicing%0008380,0.00260078,0.109794796,-0.50009509,-1.601621668,1,133,SREK1IP1;SNRPF;RBM8A;RP9;LUC7L3;TRA2A;MAGOH;ARGLU1;SNRNP27;MAGOHB;WTAP;PRKRIP1;TAF15;SNRNP48;FRG1;ARL6IP4;SRSF9;PPIL3;ACIN1;HNRNPH1;SRPK1;PRPF38B;NCBP2;CIR1;PABPC1;HNRNPA3;CD2BP2;TARDBP;RBM25;SRSF3;SREK1;CRIPT;IWS1;ZRANB2;THOC7;SRSF5;ZMAT5;ALYREF;SON;NSRP1;LSM10;SMNDC1;RSRC1;WBP4;LARP7;YBX1;SRSF7;SFPQ;LGALS3
"BP_mRNA_splicing,_via_spliceosome%0000398",0.001308901,0.109794796,-0.509367102,-1.624572868,0,126,SNRPF;RBM8A;SNRPD1;LSM7;SNRPE;DDX23;LSM5;LSM4;TRA2A;UBL5;LSM8;SF3B6;LSM6;ZCRB1;SNRPD3;SNRPD2;ZMAT2;BCAS2;MAGOHB;RBMX2;SNRPG;BUD31;SNRPB2;LSM3;PHF5A;U2AF1;ZRSR2;CWC15;SYF2;SNRNP25;NCBP2;FRA10AC1;ISY1;SNRNP70
BP_rRNA_processing%0006364,0.001324503,0.109794796,-0.532869386,-1.677731247,0,109,PIN4;RPL35A;RPS24;RPS15;RPS28;RPS16;RPS17;NPM3;DDX17;LSM6;RPL26;RPL27;RPS25;RPL11;POP5;NSA2;FRG1;RPS6;CDKN2A;RPL14;RPS19;AK6;EXOSC3;RPL7
BP_ribosomal_small_subunit_biogenesis%0042274,0.001408451,0.109794796,-0.624065747,-1.846755158,0,70,RPS12;RPS15A;RPS24;RPS15;RPS27A;RPS23;RPS28;RPS3A1;RPS16;RPS17;RPS9;RPS14;RPS25;RPS5;EMG1;FCF1;RPS13;RPS4X;RPS8;NOL7;RPS6;NPM1;RPS19;AK6
BP_mitochondrial_translation%0032543,0.001371742,0.109794796,-0.710812416,-2.160829088,0,86,MRPS25;MRPL52;MRPL51;MRPS21;MRPL23;MRPS28;MRPS12;GADD45GIP1;MRPL24;MRPS33;MRPS18C;MRPS14;MRPL34;MRPL12;MRPL13;CHCHD1;MRPL54;MRPS24;AURKAIP1;MRPL14;MRPL47;MRPS15;MRPS26;MRPL43;MRPL57;MRPL2;MRPL20;MRPL21;MRPL55;MRPL41;MRPL11;MRPL48;MRPL22;MRPS16;MRPL18;MRPS18A;MRPS23;MRPL58;MRPL42;MRPL30;MRPL28;MRPL9;MRPS17;MRPL40;MRPL17;MRPL16;MRPL10;MRPL15;MRPL36;MRPS10
BP_translation%0006412,0.001375516,0.109794796,-0.725324635,-2.190012564,0,81,RPL23;RPS27L;RPS24;RPS29;RPS23;MRPL52;MRPL51;RPS3A1;RPS17;RPL27A;RPS9;RPS14;MRPL23;MRPS12;RACK1;MRPL24;MRPS18C;MRPS14;RPS5;RPL11;RPL32;MRPL34;MRPL12;RPL24;RPS4X;RPL10A;MRPL13;AIMP1;RPL19;MRPL43;RPL7;EEF1E1;MRPL57;RPL9;RSL24D1;MRPL2;MRPL20;MRPL55;MRPL41;MRPL11;MRPL22;MRPS18A
"BP_mitochondrial_electron_transport,_NADH_to_ubiquinone%0006120",0.001666667,0.109794796,-0.742484952,-1.791503304,0,23,NDUFS6;NDUFB8;NDUFB9;NDUFB6;NDUFC2;DNAJC15;NDUFS7;NDUFA7;NDUFA8;MT-ND6;MT-ND1;NDUFV2
BP_aerobic_respiration%0009060,0.00148368,0.109794796,-0.785053227,-2.209775383,0,52,NDUFA5;NDUFA1;NDUFA3;NDUFB3;NDUFA2;NDUFB7;NDUFS6;NDUFB8;NDUFB10;NDUFA13;NDUFS5;NDUFB11;NDUFB9;NDUFA11;NDUFB6;NDUFS4;NDUFA6;NDUFC2;NDUFB2;BLOC1S1;NDUFB5;NDUFC1;NDUFS7;NDUFA7;NDUFA12;NDUFA8;MT-CO1;MT-ND1;NDUFAB1;NDUFV3;NDUFV2
BP_mitochondrial_respiratory_chain_complex_I_assembly%0032981,0.001492537,0.109794796,-0.818330171,-2.309547117,0,53,NDUFA5;NDUFA1;NDUFA3;NDUFB3;NDUFA2;NDUFB7;NDUFS6;NDUFB8;NDUFB10;NDUFAF2;NDUFA13;NDUFS5;NDUFB11;NDUFB9;NDUFA11;NDUFB6;NDUFS4;NDUFA6;NDUFC2;NDUFB2;NDUFB5;NDUFC1;DMAC1;NDUFS7;NDUFAF3;NDUFA12;NDUFA8;MT-ND6;MT-ND1;NDUFAB1
BP_antimicrobial_humoral_immune_response_mediated_by_antimicrobial_peptide%0061844,0.001718213,0.109794796,-0.829145887,-1.87641947,0,17,ROMO1;FAU;RPL30;RPL39;CAMP;RPS19;S100A9;PGLYRP1
BP_proton_motive_force-driven_mitochondrial_ATP_synthesis%0042776,0.00152439,0.109794796,-0.835857998,-2.278789848,0,42,NDUFA5;NDUFA1;NDUFA3;NDUFB3;NDUFA2;NDUFB7;NDUFS6;NDUFB8;NDUFB10;NDUFA13;NDUFS5;NDUFB11;NDUFB9;NDUFA11;NDUFB6;NDUFS4;NDUFA6;NDUFC2;NDUFB2;NDUFB5;NDUFC1;NDUFS7;NDUFA7;NDUFA12;NDUFA8
BP_cytoplasmic_translation%0002181,0.001402525,0.109794796,-0.870463282,-2.581536175,0,72,RPS21;RPL38;RPL17;RPS12;RPL22;RPLP1;RPL35A;RPLP2;RPL23;RPS15A;RPS20;RPS24;FAU;RPL34;RPL30;RPS15;RPS29;RPS27A;RPS23;RPS28;RPS16;RPS17;RPS10;RPL36A;RPL27A;RPS9;RPL37A;RPL28;RPS14;RPL31;RPL21;RPL39;RPL18;RPL7A;RPL26;RPL27;RPSA;RPL8;RPL36;RPS25;RPS5;RPL11;RPL32;RPS13;RPL24;RPS4X;RPS8;RPL10A;RPS6;RPL14;RPL19;RPS19;RPL7;RPL18A;RPL6;RPL9;RPL13;RPLP0;RPL23A;RPS18;RWDD1;RPS3;RPS11
BP_translation_at_postsynapse%0140242,0.001536098,0.109794796,-0.888970358,-2.386640631,0,39,RPL38;RPL17;RPS12;RPL22;RPL35A;RPLP2;RPL23;RPS15A;RPS24;RPL34;RPS27A;RPS28;RPS16;RPS10;RPL36A;RPL27A;RPL37A;RPL28;RPS14;RPL7A;RPL26;RPL27;RPL8;RPL36;RPS5;RPL32;RPL24;RPL10A;RPL14;RPL7;RPL6;RPL9;RPL13;RPL23A
BP_translation_at_presynapse%0140236,0.001540832,0.109794796,-0.8918062,-2.381125402,0,38,RPL38;RPL17;RPS12;RPL22;RPL35A;RPLP2;RPL23;RPS15A;RPS24;RPL34;RPS27A;RPS28;RPS16;RPS10;RPL36A;RPL27A;RPL37A;RPL28;RPS14;RPL7A;RPL26;RPL27;RPL8;RPL36;RPS5;RPL32;RPL24;RPL10A;RPL14;RPL7;RPL6;RPL9;RPL13;RPL23A
RA_RNA_Polymerase_II_Pre-transcription_Events%R-MMU-674695,0.024113475,0.110373061,-0.501670148,-1.466065891,16,67,POLR2L;POLR2F;POLR2H;GTF2H5;TAF15;POLR2I;ELOB;ELOC;TAF4;NCBP2;TAF10;TAF12;TAF3;GTF2F2;MNAT1;POLR2E;CCNH;NELFE;IWS1;POLR2G;GTF2A2
RA_G2/M_DNA_damage_checkpoint%R-MMU-69473,0.026011561,0.112650067,0.530319225,1.513567927,8,33,BLM;CCNB1;RMI1;CDC25C;TOP3A;RAD9A;RFC5;EXO1;RPA1;ATRIP;WRN;KAT5
RA_Mitotic_Prophase%R-MMU-68875,0.025641026,0.112650067,0.492952604,1.539736695,7,52,NCAPG2;BLZF1;NUP160;NUP107;POM121;CCNB1;NUP214;NUP188;NUP133;SMC2;RANBP2;NUP93;NUP155;NUP88;NCAPD3;NUP98;AAAS;TPR;SMC4;SEH1L;GORASP2
RA_RAC3_GTPase_cycle%R-MMU-9013423,0.025974026,0.112650067,0.481030357,1.523081058,7,58,ARHGAP1;ESYT1;ERBIN;NCKAP1L;GIT2;ITGB1;MPP7;CYFIP1;VRK2;ARHGAP15;GIT1;ABR;SRGAP2;SWAP70;PIK3R2;DOCK10;RACGAP1;CDC42;DEPDC1B;ARHGAP39;PREX1
RA_Cellular_response_to_heat_stress%R-MMU-3371556,0.025806452,0.112650067,0.473454742,1.512526719,7,60,NUP160;NUP107;POM121;NUP214;NUP188;NUP133;VCP;RANBP2;MTOR;NUP93;NUP155;RPA1;HSF1;NUP88;NUP98;HSPA5;AAAS;HDAC6;BAG5;TPR
RA_RNA_Polymerase_II_Transcription_Termination%R-MMU-73856,0.026011561,0.112650067,-0.507160267,-1.453172691,17,60,SNRPF;RBM8A;SNRPE;MAGOH;SNRPD3;UPF3B;MAGOHB;SNRPG;SARNP;U2AF1;NUDT21;SRSF9;NCBP2;CHTOP;PABPN1;CPSF7;SRSF3;THOC7;SRSF5;ALYREF;LSM10;SRSF11
RA_UCH_proteinases%R-MMU-5689603,0.025936599,0.112650067,-0.515436855,-1.475914411,17,58,RPS27A;INO80D;NEDD8;PSMB5;HIST1H2AB;PSMB6;UCHL3;PSMA7;PSMD9;YY1;PSMB1;HIST1H2AC;MBD6;PSMD13;BARD1;PSMC5;PSMD7;PSMD10;TFPT;PSMD4
RA_RNA_Polymerase_III_Transcription_Initiation_From_Type_3_Promoter%R-MMU-76071,0.025518341,0.112650067,-0.612870544,-1.509267761,15,25,POLR2L;POLR2F;POLR2H;SNAPC5;POLR1C;POLR3GL;POLR2E
BP_double-strand_break_repair%0006302,0.003267974,0.113071895,0.544550947,1.754074035,0,63,LIG3;MSH2;PARP1;DDX1;TDP1;BRCA1;PRKDC;NBN;VCP;BRCA2;PLK1;RAD50;ATR;EME1;DCLRE1C;WRN;XRCC6;RAD54L;KAT5;TRP53
BP_MAPK_cascade%0000165,0.003424658,0.114670791,0.501023835,1.627598136,0,70,MYC;RAF1;MAP3K4;IQGAP1;MEF2A;MAP3K3;MINK1;MEN1;NF2;PTPN6;PXN;HSF1;MAP3K9;MAP4K5;MAPK14;MAP2K1;MAP3K15;MAP2K3
RA_SUMOylation_of_chromatin_organization_proteins%R-MMU-4551638,0.027027027,0.116154322,0.497267117,1.541827665,8,46,NUP160;NUP107;POM121;NUP214;NUP188;NUP133;RANBP2;NUP93;NUP155;NUP88;NUP98;AAAS;TPR;L3MBTL2;SEH1L
KEGG_Chagas_disease%mmu05142,0.01980198,0.116171617,0.471137755,1.501974919,5,62,PPP2R1B;AKT1;CASP8;TGFBR2;GNAS;PPP2R1A;GNA15;MAPK14;IKBKG;GNA11;PIK3R2;PIK3CB;MYD88;TGFB1;C3;PPP2CB;IFNGR1;GNAI3;MAPK1;PPP2R2D;RELA
BP_cytoskeleton_organization%0007010,0.003623188,0.117527174,0.514822984,1.699230989,0,79,ODF2;PSTPIP2;MAST3;AKT1;DOCK2;SYNE3;FMNL3;NAA25;PACSIN2;MICAL2;MTOR;RAC1;ADD1;SVIL;PXN;SH3KBP1;PRPF40A;STRADB
RA_G_alpha_(s)_signalling_events%R-MMU-418555,0.027638191,0.117881072,0.601610344,1.544387615,10,21,GRK6;ARRB1;PDE4D;ITGB1;FN1
KEGG_Apelin_signaling_pathway%mmu04371,0.021276596,0.119511091,0.46091385,1.526637431,5,74,RAF1;MEF2D;AKT1;PIK3R4;PIK3CG;MEF2A;MTOR;PIK3C3;BECN1;HDAC5;ADCY3;NRF1;PRKAA1;MAP2K1;PRKACA;SLC8A1;GNB5;ITPR1;ITPR2
KEGG_Cell_cycle%mmu04110,0.020833333,0.119511091,0.427477596,1.496626129,4,109,MYC;BUB1B;CDC23;BUB1;CUL1;CDC6;CCNB1;ANAPC2;PRKDC;MCM6;MCM2;MCM5;SMC1A;ORC3;RBL2;ESPL1;CDC16;ORC5;ANAPC1;CDC25C;PLK1;MCM7;E2F4;TFDP1;ATR;STAG1;TTK;MCM4;ORC1;MAD1L1;ORC4;STAG2;TRP53;YWHAQ
BP_Golgi_organization%0007030,0.003861004,0.121446121,0.583802072,1.973982231,0,90,TRAPPC8;CLASP2;ATP8B2;BLZF1;COG1;DYM;TMED7;GOLPH3L;GAK;CORO7;CLTC;COG4;TRAPPC11;GBF1;NPLOC4;STX17;UBXN2A;CLASP1;COG2;TRAPPC12;FBXW8;ZW10;KIFC3;COG5;MYO18A;PI4K2A;SEC16B;TJAP1;BAG5;COG6;USO1;ATP8B4;PI4K2B
RA_Platelet_homeostasis%R-MMU-418346,0.029177719,0.123511697,0.568241184,1.541551405,10,26,PPP2R1B;PLA2G4A;PAFAH2;PTPN6;PPP2R5B;ATP2A2;PPP2R5C;SLC8A1;ITPR1;ITPR2;PECAM1
RA_Antigen_processing-Cross_presentation%R-MMU-1236975,0.029411765,0.12357331,-0.532079012,-1.487428821,19,49,H2-Q4;VAMP8;CYBA;H2-Q6;PSMB5;PSMB6;PSMA7;PSMD9;PSMB1;H2-Q7;LNPEP;H2-T22;PSMD13;PSMC5;PSMD7;PSMD10;PSMD4;H2-K1;TAP1;PSME1;SEC22B;TAP2
KEGG_Hippo_signaling_pathway%mmu04390,0.022875817,0.12446959,0.470568022,1.501812248,6,61,PPP2R1B;MYC;SAV1;CTNNA1;DVL3;TGFBR2;ITGB2;LLGL2;NF2;PPP2R1A;BTRC;ITGB2L;DVL2;AXIN1;YWHAQ
KEGG_PD-L1_expression_and_PD-1_checkpoint_pathway_in_cancer%mmu05235,0.02310231,0.12446959,0.463180648,1.476607871,6,62,RAF1;AKT1;JAK1;MTOR;MAP3K3;STAT1;NFATC1;PTPN6;PLCG1;MAPK14;NFATC3;MAP2K1;IKBKG;MAP2K3;JAK2;PIK3R2;PIK3CB
KEGG_ECM-receptor_interaction%mmu04512,0.023746702,0.124898621,0.587897646,1.589659907,8,25,HMMR;AGRN;ITGB1;ITGB5;FN1;COL1A2;DAG1;COL6A4;ITGA5;COL1A1;IBSP
KEGG_Inflammatory_mediator_regulation_of_TRP_channels%mmu04750,0.02484472,0.124898621,0.496710256,1.495017395,7,41,PLCG2;PRKCB;PLA2G4A;P2RY2;GNAS;ADCY3;PLCG1;MAPK14;PRKACA;MAP2K3;ITPR1;PIK3R2;PIK3CB;ITPR2
KEGG_AMPK_signaling_pathway%mmu04152,0.025547445,0.124898621,0.451590395,1.52659122,6,82,PPP2R1B;AKT1;FASN;STRADA;TSC2;PFKP;MTOR;PPP2R1A;PRKAA1;PPP2R5B;STRADB;PPP2R5C;PPP2R3C;ACACA;GYS1;RAB11B;EEF2K;CREB1;PIK3R2;ULK1;PIK3CB;PFKL
KEGG_Autophagy%mmu04140,0.025104603,0.124898621,0.414500042,1.461027834,5,116,SUPT20;RAF1;AKT1;PIK3R4;RRAGC;TSC2;MTOR;PIK3C3;BECN1;ATG7;ATG13;STX17;EIF2S1;MTMR14;SQSTM1;PRKAA1;TBK1;WIPI2;MAP2K1;MTMR4;PRKACA;RAB7B;ITPR1;PIK3R2;LAMP1;ULK1;PIK3CB;ATG4D;CTSB
KEGG_Hepatitis_B%mmu05161,0.025423729,0.124898621,0.410156551,1.446187871,5,117,MYC;RAF1;JAK3;AKT1;PRKCB;CASP8;DDB2;JAK1;STAT6;TYK2;TGFBR2;DDB1;STAT1;NFATC1;STAT2;TBK1;MAPK14;NFATC3;MAP2K1;IKBKG;MAP2K3;TRP53;JAK2;YWHAQ;IFNAR1;CREB1;PIK3R2;PIK3CB;IFIH1;MAVS
RA_Peptide_ligand-binding_receptors%R-MMU-375276,0.030612245,0.127664399,-0.669247118,-1.53876789,17,18,CXCR4;PENK;HEBP1;GAL;FPR2;C5AR2;CX3CR1;CCL6
RA_RHOQ_GTPase_cycle%R-MMU-9013406,0.031055901,0.128562294,0.5269265,1.576385199,9,40,ARHGAP1;IQGAP3;GIT2;IQGAP1;WWP2;MPP7;JUP;GIT1;SRGAP2;ARHGAP33;STOM;CDC42;DEPDC1B;PREX1
BP_chromatin_looping%0140588,0.004219409,0.128816083,0.507717633,1.799358592,0,128,SNRNP200;MTREX;RECQL;AQR;FBH1;BLM;DHX29;DDX20;DDX1;DDX41;MCM6;MCM2;MCM5;DHX8;VCP;DHX15;MOV10;DHX30;MCM7;RAD50;ERCC6L;DHX34;RNF213;ASCC3;BRIP1;RECQL4;PMS2;DDX31;RTEL1;DDX11;MCM4;WRN;SMARCAD1;MORC2A;DHX32;DHX36;RAD54L;HSPA5;DDX56;ATAD2;RECQL5;DHX33;ENTPD1;MCM9;AFG3L2;IGHMBP2;NSF;UPF1;IFIH1;VPS4B;AFG3L1;SUPV3L1;DHX58;MCM3;DDX54;DDX21;DHX9;YME1L1
WP_Glycogen_Metabolism%WP317,0.036745407,0.129242465,0.533506357,1.494264224,13,28,PPP2R1B;PYGB;PGM2;PPP2R1A;PHKG2;PPP2R5B;PPP2R5C;PYGL;GYS1;GBE1;UGP2;PPP2R5D;PPP2CB;AGL;PHKA2
WP_IL-2_Signaling_Pathway%WP450,0.035947712,0.129242465,0.448998989,1.446287943,10,63,RAF1;JAK3;AKT1;PIK3CG;JAK1;MTOR;SHC1;STAT1;PTPN6;VAV1;ITM2B;MAPK14;MAP2K1;MKNK1;JAK2;STAM2;CREB1;PIK3R2;PIK3CB;SYK;EIF3B
WP_Proteasome_Degradation%WP519,0.036474164,0.129242465,-0.526472966,-1.446315089,23,44,PSMB9;PSMB5;PSMB4;PSMB10;PSMB6;PSMA7;PSMD9;PSMB1;H2AFZ;PSMA3;PSMA6;PSMA2;PSMD13;PSMC5;PSMD7;UBE2B;PSMD4;PSMA4
RA_SUMOylation_of_DNA_damage_response_and_repair_proteins%R-MMU-3108214,0.032679739,0.134297028,0.455673046,1.469557007,9,63,NUP160;NUP107;BLM;POM121;NUP214;BRCA1;NUP188;NUP133;RANBP2;NUP93;NUP155;RPA1;NUP88;NUP98;SMC5;SP100;STAG2;AAAS;TPR;PML;SEH1L
KEGG_Yersinia_infection%mmu05135,0.028225806,0.135483871,0.411925821,1.428680447,6,102,PIP5K1C;AKT1;ELMO2;GIT2;RPS6KA1;LIMK1;ITGB1;RAC1;ARHGEF1;NFATC1;FN1;PXN;VAV3;ELMO1;VAV1;PKN1;PLCG1;RPS6KA2;TBK1;MAPK14;NFATC3;MAP2K1;IKBKG;MAP2K3;ITGA5;PIK3R2;PIK3CB
KEGG_Starch_and_sucrose_metabolism%mmu00500,0.030150754,0.139645596,0.652346004,1.594161813,11,18,HK1;MGAM;PGM1;HK3;PYGB;PGM2;PYGL;GYS1;GBE1;UGP2;AGL;GPI1;HK2
KEGG_Progesterone-mediated_oocyte_maturation%mmu04914,0.029900332,0.139645596,0.444351796,1.432168331,8,65,RAF1;CDC23;AKT1;BUB1;CCNB1;ANAPC2;RPS6KA1;CDC16;ANAPC1;CDC25C;PLK1;ADCY3;RPS6KA2;MAPK14;MAP2K1;MAD1L1;PRKACA;STK10;PIK3R2;PIK3CB;KIF22
RA_Transport_to_the_Golgi_and_subsequent_modification%R-MMU-948021,0.034351145,0.140142715,0.383477092,1.355520679,8,119,COPB1;COPG1;COPA;COPG2;DCTN1;SPTBN1;COPB2;COG1;PPP6R1;ARFGAP2;TMED7;SCFD1;TRAPPC9;ARCN1;SEC24D;COG4;GBF1;STX17;COG2;SEC31A;SEC24C;SEC23A;MAN1C1
KEGG_TGF-beta_signaling_pathway%mmu04350,0.032069971,0.141080451,0.50937403,1.482310694,10,35,PPP2R1B;MYC;CUL1;TGFBR2;E2F4;TFDP1;PPP2R1A
KEGG_Amino_sugar_and_nucleotide_sugar_metabolism%mmu00520,0.03313253,0.141080451,0.490921316,1.473718115,10,40,HK1;PGM3;PGM1;GNE;HK3;UAP1;PGM2
KEGG_Fanconi_anemia_pathway%mmu03460,0.032786885,0.141080451,0.475317156,1.453450402,9,49,WDR48;FANCI;MLH1;BLM;BRCA1;FANCC;RMI1;FANCD2;TOP3B;BRCA2;TOP3A;BRIP1;PMS2;ATR;REV1;EME1;RPA1;ATRIP
KEGG_Signaling_pathways_regulating_pluripotency_of_stem_cells%mmu04550,0.03236246,0.141080451,0.45933334,1.451084762,9,57,MYC;RAF1;JAK3;AKT1;JAK1;DVL3;SMARCAD1;MAPK14;MAP2K1;DVL2;AXIN1;JAK2;RIF1;PIK3R2;PIK3CB
KEGG_Natural_killer_cell_mediated_cytotoxicity%mmu04650,0.0330033,0.141080451,0.447270668,1.425887266,9,62,RAF1;PLCG2;PRKCB;RAC1;SHC1;ITGB2;NFATC1;PTPN6;VAV3;VAV1;PLCG1;ITGB2L;MAP2K1;IFNAR1;PIK3R2;PIK3CB;SYK;PAK1
BP_regulation_of_mitotic_spindle_organization%0060236,0.004761905,0.14122449,0.725540223,1.786653348,1,16,PKD1;DCTN1;SASS6;TPX2;CLTC;STIL
BP_microtubule_nucleation%0007020,0.004950495,0.142739274,0.689715597,1.828991274,1,21,CLASP2;TUBGCP4;TUBGCP2;TPX2;TUBG1;CLASP1;CCDC57;TUBGCP6;NEDD1;NDEL1
RA_Antigen_activates_B_Cell_Receptor_(BCR)_leading_to_generation_of_second_messengers%R-MMU-983695,0.037220844,0.142984127,0.628738405,1.518609904,14,17,PLCG2;PTPN6;DAPP1;SH3KBP1;VAV1;ITPR1;ITPR2;SYK
RA_Cargo_trafficking_to_the_periciliary_membrane%R-MMU-5620920,0.037333333,0.142984127,0.559714531,1.497414291,13,25,PKD1;BBS9;EXOC1;EXOC2;EXOC4;UNC119B;GBF1;INPP5E;NPHP3;EXOC7;EXOC3
RA_Fcgamma_receptor_(FCGR)_dependent_phagocytosis%R-MMU-2029480,0.035598706,0.142984127,0.476153664,1.485526892,10,53,PLCG2;ELMO2;NCKAP1L;MYH9;LIMK1;HCK;RAC1;MYO1C;CYFIP1;MYO5A;NF2;VAV3;ELMO1;VAV1;PLCG1;PIK3R2;PIK3CB;SYK;CYFIP2;CDC42
RA_G1/S_DNA_Damage_Checkpoints%R-MMU-69615,0.037147103,0.142984127,-0.539258632,-1.458201347,24,39,RPS27A;CDKN1B;PSMB5;PSMB6;PSMA7;PSMD9;PSMB1;PSMD13;PSMC5;PSMD7;PSMD10;MDM4;PSMD4;CDK2;PSME1
RA_RUNX1_regulates_transcription_of_genes_involved_in_differentiation_of_HSCs%R-MMU-8939236,0.037147103,0.142984127,-0.541484152,-1.464219343,24,39,RPS27A;PSMB5;PSMB6;PSMA7;PSMD9;PSMB1;LDB1;MNAT1;CCNH;PSMD13;PSMC5;PSMD7;PSMD10;PSMD4;LMO2;PSME1;TCF3
RA_p53-Dependent_G1_DNA_Damage_Response%R-MMU-69563,0.037257824,0.142984127,-0.542327313,-1.454417208,24,38,RPS27A;CDKN1B;PSMB5;PSMB6;PSMA7;PSMD9;PSMB1;PSMD13;PSMC5;PSMD7;PSMD10;MDM4;PSMD4;CDK2;PSME1
RA_p53-Dependent_G1/S_DNA_damage_checkpoint%R-MMU-69580,0.037257824,0.142984127,-0.542327313,-1.454417208,24,38,RPS27A;CDKN1B;PSMB5;PSMB6;PSMA7;PSMD9;PSMB1;PSMD13;PSMC5;PSMD7;PSMD10;MDM4;PSMD4;CDK2;PSME1
RA_Transferrin_endocytosis_and_recycling%R-MMU-917977,0.037037037,0.142984127,-0.644310302,-1.500868628,21,19,ATP6V1G1;ATP6V1F;ATP6V0B;ATP6V1D
RA_Insulin_receptor_recycling%R-MMU-77387,0.03672788,0.142984127,-0.677743503,-1.538558689,21,17,ATP6V1G1;ATP6V1F;ATP6V0B;ATP6V1D
BP_cellular_respiration%0045333,0.005154639,0.144608526,-0.799418594,-1.787919504,2,16,UQCRQ;UQCRH;MTLN;UQCRB;NDUFS4;BAX;UQCR10;SDHAF4
WP_MAPK_Cascade%WP251,0.042606516,0.144862155,0.601016826,1.562380552,16,20,RAF1;MAP3K3;RASA3;MAPK14;MAP2K1;MAP2K3;SIPA1
RA_Oxygen-dependent_proline_hydroxylation_of_Hypoxia-inducible_Factor_Alpha%R-MMU-1234176,0.038235294,0.145449126,-0.541433166,-1.473851371,25,40,RPS27A;RBX1;ELOB;PSMB5;ELOC;PSMB6;PSMA7;PSMD9;PSMB1;PSMD13;PSMC5;PSMD7;PSMD10;PSMD4;VHL
RA_Antimicrobial_peptides%R-MMU-6803157,0.038851351,0.146800744,-0.675309448,-1.522945135,22,16,CAMP;PRTN3;S100A9;PGLYRP1;ATOX1;S100A8;RNASE6
RA_SUMOylation%R-MMU-2990846,0.039215686,0.147189542,0.383332523,1.353241732,9,121,DNMT1;NUP160;NUP107;BLM;POM121;NUP214;BRCA1;TOP2A;NUP188;TOP2B;NUP133;RANBP2;TOPORS;AURKB;UBA2;NUP93;NR1H2;NUP155;RPA1;NUP88;MBD1;NUP98;SMC5;SP100;INCENP;SIN3A;IKBKG;STAG2;AAAS;HIPK2;TPR;NCOA1;PML;L3MBTL2;CASP8AP2;SEH1L
KEGG_Tryptophan_metabolism%mmu00380,0.035175879,0.147403685,0.650460987,1.569244419,13,17,CAT;ALDH3A2;EHHADH;KYAT3;4930438A08RIK;HADHA;ALDH9A1;ALDH2
RA_MAPK_targets/_Nuclear_events_mediated_by_MAP_kinases%R-MMU-450282,0.039702233,0.147685302,0.624867607,1.509260655,15,17,PPP2R1B;RPS6KA1;PPP2R1A;RPS6KA2;CREB1
RA_TNFR1-induced_NFkappaB_signaling_pathway%R-MMU-5357956,0.039872408,0.147685302,-0.591256043,-1.456039442,24,25,RPS27A;RACK1;TAB2;XIAP;TRADD
RA_ER_to_Golgi_Anterograde_Transport%R-MMU-199977,0.040441176,0.148209898,0.412193805,1.42283121,10,102,COPB1;COPG1;COPA;COPG2;DCTN1;SPTBN1;COPB2;COG1;PPP6R1;ARFGAP2;TMED7;SCFD1;TRAPPC9;ARCN1;SEC24D;COG4;GBF1;STX17;COG2;SEC31A;SEC24C;SEC23A;COG5;SEC16B;CAPZA2;TMEM115;COG6;USO1;NSF;GOSR2
RA_ER-Phagosome_pathway%R-MMU-1236974,0.040540541,0.148209898,-0.671907796,-1.515273794,23,16,H2-Q4;VAMP8;H2-Q6;H2-Q7;H2-T22;H2-K1;TAP1;SEC22B;TAP2;H2-T23;VAMP3
RA_Developmental_Biology%R-MMU-1266738,0.040983607,0.148863035,0.372751443,1.334957477,9,137,PIP5K1C;ARHGEF11;MEF2D;NUMB;TLN1;SPTBN1;KALRN;AP2A1;CTNNA1;NCSTN;LIMK1;ITGB1;KRT80;MEF2A;RAC1;CLTC;SHC1;SDCBP;JUP;MSN;DAG1;DNM2;SH3KBP1;VAV3;AP2M1;PLCG1
WP_Wnt_Signaling_Pathway_NetPath%WP539,0.045454545,0.149560117,0.440381628,1.410012315,13,62,RAF1;AKT1;ARRB1;PRKCB;CUL1;DVL3;RAC1;MARK2;CDC25C;LRP5;JUP;BTRC;DVL2;AXIN1;HIPK2;TBP
WP_IL-7_Signaling_Pathway%WP297,0.047222222,0.150520833,0.48096563,1.425167877,16,37,RAF1;JAK3;AKT1;JAK1;CLTC;SHC1;STAT1
RA_Deadenylation-dependent_mRNA_decay%R-MMU-429914,0.041968162,0.151462021,-0.512172615,-1.439847301,28,50,LSM7;LSM5;LSM4;LSM6;LSM3;DCP2;EXOSC3;EIF4B;EIF4A2;PAN3;PAIP1;EXOSC2;PABPC1;DDX6;LSM2;EXOSC7;EXOSC5;CNOT6L
KEGG_Gastric_cancer%mmu05226,0.037162162,0.153293919,0.424584375,1.381966814,10,68,MYC;RAF1;AKT1;MLH1;DDB2;CTNNA1;MTOR;DVL3;TGFBR2;SHC1;LRP5;JUP;HGF;MAP2K1;DVL2;AXIN1;TRP53
KEGG_Insulin_signaling_pathway%mmu04910,0.03875969,0.157423971,0.418332183,1.435370012,9,92,RAF1;HK1;AKT1;FASN;SH2B2;TSC2;HK3;MTOR;PYGB;SHC1;PHKG2;PRKAA1;MAP2K1;MKNK1;PYGL;PRKACA;ACACA;GYS1;INPP5A;MKNK2;PIK3R2;PIK3CB;EXOC7;PPP1CA;RPTOR;FBP1;FLOT2;PDE3B;PRKAB1;SOS2;PHKA2;RPS6KB2;HK2;MAPK1;LIPE;CBLB;PHKB
KEGG_Oocyte_meiosis%mmu04114,0.04,0.15761194,0.409490971,1.388895928,10,83,PPP2R1B;CDC23;BUB1;CUL1;CCNB1;ANAPC2;RPS6KA1;SMC1A;ESPL1;CDC16;ANAPC1;CDC25C;PLK1;ADCY3;PPP2R1A;BTRC;PPP2R5B;RPS6KA2;MAPK14;PPP2R5C;MAP2K1;MAD1L1;PRKACA;YWHAQ;SMC3;ITPR1;ITPR2;STAG3
KEGG_Type_I_diabetes_mellitus%mmu04940,0.039735099,0.15761194,-0.639854978,-1.483666939,23,18,H2-Q4;H2-AB1;H2-Q6;H2-Q7;H2-T22;H2-AA;H2-K1
BP_mitotic_spindle_organization%0007052,0.005780347,0.157894737,0.569720319,1.751389218,1,42,CLASP2;ILK;KIF4;CKAP5;CCNB1;DLGAP5;MAP1S;PLK1;TUBG1;AURKB;CLASP1;WDR62;INTS13;INCENP;NDC80;STIL
BP_phosphatidylinositol_3-kinase/protein_kinase_B_signal_transduction%0043491,0.005952381,0.158424908,0.552358687,1.709350371,1,45,ILK;XBP1;AKT1;PIK3R4;PLEKHA1;PIK3CG;KBTBD2;PIK3C3;ATP1A3;PIK3C2G;PIK3R2;PIK3CB;ERBB3
RA_Interferon_Signaling%R-MMU-913531,0.044642857,0.159075497,0.496388079,1.519316419,14,42,FLNB;TYK2;EIF4G1;UBE2E1;PTPN6;UBA7;NEDD4;PLCG1;KPNA1;DDX58;EIF4G3;JAK2;ABCE1;IFNAR1
RA_Signaling_by_VEGF%R-MMU-194138,0.044585987,0.159075497,0.459183728,1.46833666,13,59,AKT1;ELMO2;PRKCB;NCKAP1L;CTNNA1;MTOR;RAC1;CYFIP1;MAPKAPK3;JUP;PXN;VEGFA;VAV3;ELMO1;VAV1;PLCG1;PRKACA;PIK3R2;MAPKAP1;PIK3CB;CYFIP2;NCK2;CDC42
RA_VEGFA-VEGFR2_Pathway%R-MMU-4420097,0.045454545,0.159943182,0.463448316,1.467411236,13,58,AKT1;ELMO2;PRKCB;NCKAP1L;CTNNA1;MTOR;RAC1;CYFIP1;MAPKAPK3;JUP;PXN;VEGFA;VAV3;ELMO1;VAV1;PLCG1;PRKACA;PIK3R2;MAPKAP1;PIK3CB;CYFIP2;NCK2;CDC42
RA_Toll_Like_Receptor_4_(TLR4)_Cascade%R-MMU-166016,0.045296167,0.159943182,0.437967199,1.463099989,12,78,PPP2R1B;PLCG2;CASP8;CD180;CUL1;RPS6KA1;RIPK3;ITGB2;RIPK1;MAPKAPK3;PPP2R1A;DNM2;RPS6KA2;TBK1;MAPK14;USP14;IKBKG;MAP2K3
RA_Cell-Cell_communication%R-MMU-1500931,0.045945946,0.160265031,0.52149777,1.45295669,16,29,ILK;FLNA;CTNNA1;IQGAP1;ITGB1;ARHGEF6;JUP;PXN;PLEC;PVR;ACTN1;LIMS1;NCK2
RA_Deposition_of_new_CENPA-containing_nucleosomes_at_the_centromere%R-MMU-606279,0.0464,0.160265031,-0.579535936,-1.431941328,28,26,CENPW;CENPX;CENPS;NPM1;HIST1H2AB;MIS18A;HIST1H2AC;CENPK;CENPH;ITGB3BP
RA_Nucleosome_assembly%R-MMU-774815,0.0464,0.160265031,-0.579535936,-1.431941328,28,26,CENPW;CENPX;CENPS;NPM1;HIST1H2AB;MIS18A;HIST1H2AC;CENPK;CENPH;ITGB3BP
RA_Activation_of_the_pre-replicative_complex%R-MMU-68962,0.046831956,0.160770678,0.513774279,1.44117053,16,30,POLE;CDC6;POLA1;MCM6;MCM2;MCM5;ORC3;ORC5;MCM7;RPA1;MCM4;MCM10;ORC1;ORC4;POLE2;ORC2;CDC45;MCM3;POLA2;PRIM1;PRIM2
WP_Glycolysis_and_Gluconeogenesis%WP157,0.052054795,0.160896638,0.493084985,1.443873556,18,33,HK1;PFKP;HK3;PCX;SLC2A3;ENO1;PKM;PFKL;GOT2;DLD;FBP1;GPI1;HK2;LDHB;DLAT;PGAM1
KEGG_ErbB_signaling_pathway%mmu04012,0.043046358,0.162346263,0.455379797,1.417878722,12,54,MYC;RAF1;PLCG2;AKT1;PRKCB;MTOR;SHC1;PLCG1;MAP2K1;ABL2;PIK3R2;PIK3CB;ERBB3;PAK1;NCK2
KEGG_Leukocyte_transendothelial_migration%mmu04670,0.041935484,0.162346263,0.455080531,1.450815615,12,59,VCL;ACTN4;PLCG2;PRKCB;CTNNA1;ITGB1;RAC1;ITGB2;MSN;PXN;VAV3;VAV1;PLCG1;MAPK14;ITGB2L;EZR;PIK3R2;ACTN1;PIK3CB;PECAM1;SIPA1;RASSF5;CDC42
KEGG_Chemical_carcinogenesis%mmu05207,0.042471042,0.162346263,0.408226699,1.411956284,10,94,MYC;RAF1;ARNT;UGT1A7C;AKT1;ARRB1;PRKCB;CDC6;RPS6KA1;MTOR;GNAS;ADCY3;VEGFA;KPNA3;RPS6KA2;KPNA4;KPNA1;MAP2K1;PRKACA;JAK2;CREB1;PIK3R2;PIK3CB
KEGG_Colorectal_cancer%mmu05210,0.043771044,0.162754304,0.433346909,1.391227131,12,64,MYC;RAF1;AKT1;MSH2;MLH1;DDB2;MSH6;MTOR;RAC1;TGFBR2
WP_IL-3_Signaling_Pathway%WP373,0.054545455,0.163636364,0.401181133,1.328633378,14,81,RAF1;VCL;AKT1;PRKCB;JAK1;STAT6;TYK2;HCK;RAC1;SHC1;STAT1;PTPN6;PXN;VAV1;MAPK14;MAP2K1;PRKACA;JAK2;TEC;CREB1;PIK3R2
BP_DNA_duplex_unwinding%0032508,0.006557377,0.166013595,0.519758375,1.635404716,1,59,RECQL;FBH1;BLM;DDX1;CHTF18;NBN;RAD50;ERCC6L;ASCC3;BRIP1;RECQL4;RFC5;RTEL1;DDX11;WRN;POT1A;SMARCAD1;XRCC6;DHX36;RAD54L;ANXA1;RECQL5;MCM9;IGHMBP2;UPF1
BP_small_GTPase-mediated_signal_transduction%0007264,0.006410256,0.166013595,0.499740414,1.595838187,1,61,DOCK7;ARHGAP1;DOCK2;RUFY1;RHOBTB2;DOCK8;SH2D3C;RASGRF2;G3BP2;RAC1;DOCK11;TIAM2;ARHGAP31;VAV3;VAV1;ARHGAP15;NUCB1;YWHAQ;ARHGAP33;DNAJA3;USO1;DOCK10
BP_DNA_replication%0006260,0.006756757,0.166988417,0.485460335,1.57923822,1,69,POLE;LIG3;POLD1;KAT7;BLM;POLA1;CHTF18;RMI1;CHAF1A;ORC3;ORC5;RECQL4;RPA1;TICRR;WRN;ORC1;SIN3A;ORC4;SLX4;POLL;RECQL5;CHAF1B;MCM9;UPF1;RBBP7;DTL;FAM111A
KEGG_Citrate_cycle_(TCA_cycle)%mmu00020,0.045945946,0.168281489,0.529540472,1.465987368,16,27,ACLY;PCX;ACO1;IDH1;SDHA;IDH3G;OGDH;IDH3A;IDH3B;ACO2;DLD
KEGG_Bacterial_invasion_of_epithelial_cells%mmu05100,0.047169811,0.168281489,0.462759651,1.418160428,14,45,VCL;ILK;ELMO2;CTNNA1;ITGB1;RAC1;CLTC;SHC1;FN1;PXN;DNM2;ELMO1
KEGG_Sphingolipid_signaling_pathway%mmu04071,0.04676259,0.168281489,0.408066017,1.383591772,12,81,PPP2R1B;RAF1;AKT1;PRKCB;RAC1;ASAH1;SGMS2;NSMAF;PPP2R1A;PPP2R5B;MAPK14;PPP2R5C;PPP2R3C;MAP2K1;TRP53;PIK3R2;PIK3CB;GNA12
KEGG_Rap1_signaling_pathway%mmu04015,0.048387097,0.16909621,0.381654409,1.323690248,11,102,RAF1;TLN1;AKT1;PRKCB;ITGB1;RAC1;ITGB2;GNAS;ADCY3;HGF;VEGFA;CSF1R;VAV3;SIPA1L1;VAV1;PLCG1;MAPK14;ITGB2L;MAP2K1;MAP2K3;RAPGEF6;PIK3R2;PIK3CB;APBB1IP;SIPA1;RASSF5;CDC42;TLN2;FPR1
KEGG_Allograft_rejection%mmu05330,0.049319728,0.16909621,-0.653626246,-1.476255855,28,16,H2-Q4;H2-AB1;H2-Q6;H2-Q7;H2-T22;H2-AA;H2-K1
KEGG_Graft-versus-host_disease%mmu05332,0.049319728,0.16909621,-0.653626246,-1.476255855,28,16,H2-Q4;H2-AB1;H2-Q6;H2-Q7;H2-T22;H2-AA;H2-K1
WP_IL-5_Signaling_Pathway%WP151,0.059016393,0.171990632,0.436151482,1.372338043,17,59,RAF1;AKT1;SH2B2;PRKCB;PIK3CG;RPS6KA1;PLA2G4A;JAK1;HCK;ALOX5;RAC1;SHC1;ITGB2;STAT1;SDCBP;PTPN6;DNM2;VAV1;MAPK14
RA_Inhibition_of_the_proteolytic_activity_of_APC/C_required_for_the_onset_of_anaphase_by_mitotic_spindle_checkpoint_components%R-MMU-141405,0.050724638,0.17203597,0.587852032,1.452896787,20,18,BUB1B;CDC23;ANAPC2;CDC16;UBE2E1;ANAPC1
RA_Inactivation_of_APC/C_via_direct_inhibition_of_the_APC/C_complex%R-MMU-141430,0.050724638,0.17203597,0.587852032,1.452896787,20,18,BUB1B;CDC23;ANAPC2;CDC16;UBE2E1;ANAPC1
RA_Inositol_phosphate_metabolism%R-MMU-1483249,0.051351351,0.17208816,0.511261824,1.424438089,18,29,PPIP5K2;PLCG2;INPP5J;PLCG1;ISYNA1;INPP5A
RA_Iron_uptake_and_transport%R-MMU-917937,0.051204819,0.17208816,-0.539359075,-1.415746661,33,34,RPS27A;ATP6V1G1;NEDD8;ATP6V1F;ATP6V0B
RA_Cyclin_E_associated_events_during_G1/S_transition%R-MMU-69202,0.052552553,0.174041689,-0.518031039,-1.412449811,34,42,RPS27A;CDKN1B;PSMB5;PSMB6;CCND1;PSMA7;PSMD9;PSMB1;MNAT1;CCNH;PSMD13;PSMC5;PSMD7;PSMD10;PSMD4
RA_FGFR2_alternative_splicing%R-MMU-6803529,0.052364865,0.174041689,-0.657874899,-1.483627069,30,16,POLR2L;POLR2F;POLR2H;POLR2I;NCBP2;GTF2F2;POLR2E;POLR2G
RA_Cyclin_A:Cdk2-associated_events_at_S_phase_entry%R-MMU-69656,0.053175775,0.175075799,-0.513941144,-1.411812439,35,44,RPS27A;CDKN1B;PSMB5;PSMB6;CCND1;PSMA7;PSMD9;PSMB1;MNAT1;CCNH;PSMD13;PSMC5;PSMD7;PSMD10;PSMD4
RA_SUMO_E3_ligases_SUMOylate_target_proteins%R-MMU-3108232,0.053846154,0.176252236,0.383732172,1.350278748,13,115,DNMT1;NUP160;NUP107;BLM;POM121;NUP214;BRCA1;TOP2A;NUP188;TOP2B;NUP133;RANBP2;TOPORS;AURKB;NUP93;NR1H2;NUP155;RPA1;NUP88;MBD1;NUP98;SMC5;SP100;INCENP;SIN3A;IKBKG;STAG2;AAAS;HIPK2;TPR;NCOA1;PML;L3MBTL2;CASP8AP2;SEH1L
KEGG_Platelet_activation%mmu04611,0.052264808,0.176896274,0.404209706,1.337642423,14,73,TLN1;PLCG2;AKT1;FERMT3;PIK3CG;PLA2G4A;ITGB1;ARHGEF1;GNAS;ADCY3;COL1A2;MAPK14;PRKACA;ITPR1;COL1A1;PIK3R2;PIK3CB;ITPR2;APBB1IP;SYK;PPP1CA;TLN2
BP_protein_import_into_nucleus%0006606,0.007407407,0.17881137,0.485342147,1.609535578,1,83,AKT1;TSC2;NUP107;POM121;NUP214;ADAR;SPG11;NUP188;NUP133;NUP93;IPO11;APPL2;NUP155;NUP88;SQSTM1;CSE1L;KPNA3;NUP98;MED1;KPNA4;KPNA1;NFATC3;TRP53;IPO9;RANBP6;TPR;PML;SYK
KEGG_Tight_junction%mmu04530,0.054545455,0.18,0.401523797,1.361873171,14,83,PPP2R1B;ACTN4;NEDD4L;MYH9;ITGB1;RAC1;HSPA4;LLGL2;NF2;MSN;PPP2R1A;NEDD4;PRKAA1;TJP3;PRKACA;RAPGEF6;EZR;TJAP1
KEGG_Antigen_processing_and_presentation%mmu04612,0.054411765,0.18,-0.518662725,-1.390370509,36,41,H2-Q4;H2-AB1;H2-Q6;HSP90AA1;CTSL;H2-Q7;H2-T22;HSP90AB1;NFYA;CTSS;H2-AA;H2-K1;LGMN;TAP1;PSME1;RFXANK;TAP2;H2-T23;H2-DMA;HSPA2
RA_Homologous_DNA_Pairing_and_Strand_Exchange%R-MMU-5693579,0.055825243,0.180629952,0.620232757,1.44960703,22,15,BLM;RMI1;TOP3A;EXO1;WRN;KAT5;XRCC2;PALB2
RA_G-protein_beta:gamma_signalling%R-MMU-397795,0.055825243,0.180629952,0.611037244,1.428115291,22,15,AKT1;PIK3CG;ARHGEF6;CDC42
KEGG_Type_II_diabetes_mellitus%mmu04930,0.055555556,0.180632697,0.593128606,1.497731314,21,20,HK1;HK3;MTOR;PKM;ABCC8;PIK3R2;PIK3CB
KEGG_T_cell_receptor_signaling_pathway%mmu04660,0.056105611,0.180632697,0.41706626,1.337543982,16,63,RAF1;AKT1;NFATC1;PTPN6;VAV3;VAV1;PLCG1;MAPK14;NFATC3;MAP2K1;IKBKG;TEC;PIK3R2;PIK3CB;BCL10;PAK1;NCK2;CDC42;SOS2;MAPK1;MAP3K7;CBLB;MALT1;RELA;NFKBIE
KEGG_Thyroid_hormone_synthesis%mmu04918,0.057803468,0.1836613,0.471553765,1.395603775,19,37,PRKCB;TTF2;GNAS;ADCY3;ATP1A3;HSPA5;PRKACA;ATP1A1;ITPR1;CREB1;ITPR2;ATF6B;PDIA4
KEGG_Proteoglycans_in_cancer%mmu05205,0.05982906,0.1836613,0.376357107,1.320400847,13,112,MYC;RAF1;PLCG2;FLNB;AKT1;FLNA;PRKCB;IQGAP1;ITGB1;MTOR;RAC1;ARHGEF1;HPSE;ITGB5;FN1;MSN;PTPN6;COL1A2;HGF;PXN;VEGFA;VAV3;VAV1;PLCG1;MAPK14;MAP2K1;PRKACA;TRP53;EZR;ITGA5;ITPR1;COL1A1;PIK3R2;PIK3CB;ITPR2
KEGG_Protein_export%mmu03060,0.059405941,0.1836613,-0.614392403,-1.443542525,35,20,SRP9;SRP19;SPCS1;SRP14;SEC11C;SEC62;SEC11A
KEGG_Autoimmune_thyroid_disease%mmu05320,0.059602649,0.1836613,-0.627480951,-1.454974602,35,18,H2-Q4;H2-AB1;H2-Q6;H2-Q7;H2-T22;H2-AA;H2-K1
RA_Interleukin-2_family_signaling%R-MMU-451927,0.057291667,0.184315476,0.546541488,1.435515723,21,23,JAK3;SHC1;PTPN6;JAK2;PIK3R2;PIK3CB;SYK;STAT4;SOS2;STAT3;STAT5A;INPP5D;PTK2B;INPPL1;STAT5B
RA_Glycerophospholipid_biosynthesis%R-MMU-1483206,0.057877814,0.185143233,0.428451733,1.376928941,17,62,GNPAT;OSBPL8;PCYT1A;PITPNB;PLA2G4A;CDIPT;HADHB;HADHA;DGAT2;ABHD4;MBOAT1;OSBPL5;LPCAT3;PNPLA8;CHPT1;AGK;PNPLA2;AGPAT2;PTDSS2;PITPNM1;CPNE3;PLA2R1;GPD2
BP_mitotic_sister_chromatid_segregation%0000070,0.008130081,0.185781787,0.635417721,1.834054789,2,31,ZFP207;NCAPG2;KIF18A;ESPL1;PLK1;TUBG1;NSL1;KIF18B;KNTC1;KNL1;SPAG5;ZW10;NDC80;CENPI;NUSAP1
BP_mitotic_spindle_assembly%0090307,0.008333333,0.185781787,0.60162539,1.782699483,2,37,ZFP207;CLASP2;FLNA;KIF11;SMC1A;TPX2;CLTC;CLASP1;STAG1;MYBL2;SPICE1;STAG2;AAAS;SMC3
BP_microtubule-based_movement%0007018,0.008498584,0.185781787,0.587827863,1.749693122,2,38,KIF20A;KIF4;KIF11;KIF2C;KIF13B;KIF18A;KIF18B;KIF23;KIF24;KIF20B;KIFC3;DYNLT3
BP_actin_cytoskeleton_organization%0030036,0.008403361,0.185781787,0.458222257,1.623723725,1,127,SPTAN1;ACTN4;SPECC1;FLII;TLN1;FLNB;SPTBN1;SPECC1L;DOCK2;FLNA;SH2B2;NISCH;MYH9;FMNL3;PI4KA;PACSIN2;CAPZA1;MKLN1;LIMK1;RAC1;MINK1;SHC1;EPB41;ATP2C1;NF2;TMOD3;PARVG;SIPA1L1;ELMO1;GSN;FER;CAP1;ABL2;CORO1B;PLEC;ANXA1;ABR;EZR;CAPZA2;SSH1;NUAK2;ACTN1;PLEK
BP_protein_import_into_mitochondrial_matrix%0030150,0.008591065,0.185781787,-0.756359975,-1.71169948,4,17,ROMO1;TOMM7;DNAJC15;DNAJC19;TOMM20;DNLZ;TIMM17A
BP_axon_extension%0048675,0.00952381,0.192865106,0.693476771,1.745661655,3,17,VCL;RNF6;SPG11;LIMK1;ITGB1;CYFIP1
BP_protein_autoubiquitination%0051865,0.009345794,0.192865106,0.514031255,1.591632134,2,49,RAD18;NFX1;DDB2;BRCA1;CUL3;RNF10;WWP2;TRIM37;RNF41;RNF213;RNF115;HECTD1;LTN1
BP_transforming_growth_factor_beta_receptor_signaling_pathway%0007179,0.009345794,0.192865106,0.505970709,1.566673684,2,49,ZYX;PARP1;ITGB1;TGFBR2;ITGB5;HPGD;APPL2;COL1A2;PXN;USP15;LGALS9;DCP1A;NRROS;TRP53;HIPK2;CREB1;PML;ARAP1;GLG1;TGFB1;SMAD3;SMAD4;STAT3;MAP3K7;ADAM9
BP_defense_response_to_Gram-negative_bacterium%0050829,0.009661836,0.192865106,-0.649639812,-1.641268039,5,28,ROMO1;RPL30;CAMP;RPS19
WP_Novel_Jun-Dmp1_Pathway%WP3654,0.069651741,0.1973466,0.522037363,1.415366486,27,23,MYC;RAF1;MAP2K1;TRP53
RA_MET_promotes_cell_motility%R-MMU-8875878,0.063106796,0.200228206,0.604921167,1.413820805,25,15,ITGB1;RAC1;FN1;COL1A2;HGF;COL1A1
RA_RHOV_GTPase_cycle%R-MMU-9013424,0.063660477,0.200228206,0.535398432,1.416315662,23,24,SPTBN1;GIT2;IQGAP1;CLTC;WDR6;PEAK1;GIT1;TPM4;MAP3K11;NCK2;CDC42;DEPDC1B
RA_Regulation_of_actin_dynamics_for_phagocytic_cup_formation%R-MMU-2029482,0.063444109,0.200228206,0.465991952,1.381071257,20,38,ELMO2;NCKAP1L;MYH9;LIMK1;RAC1;MYO1C;CYFIP1;MYO5A;NF2;VAV3;ELMO1;VAV1
BP_substrate_adhesion-dependent_cell_spreading%0034446,0.010416667,0.200231481,0.634858891,1.756749257,3,26,ILK;FERMT3;RAC1;FN1;PXN;PARVG;FER;PEAK1
BP_skeletal_system_morphogenesis%0048705,0.01038961,0.200231481,0.618855018,1.724521121,3,27,MYC;WDR48;PLEKHA1;RECQL4;IDUA;PSEN1;COL11A2;TIPARP;COL1A1
KEGG_Bladder_cancer%mmu05219,0.067204301,0.202020202,0.512963668,1.440357198,24,29,MYC;RAF1;VEGFA;MAP2K1;TRP53
KEGG_Breast_cancer%mmu05224,0.067340067,0.202020202,0.403650777,1.29588997,19,64,MYC;RAF1;AKT1;DDB2;BRCA1;MTOR;DVL3;BRCA2;SHC1;LRP5;MAP2K1;DVL2;AXIN1;TRP53;NCOA1;PIK3R2;PIK3CB
BP_barbed-end_actin_filament_capping%0051016,0.011764706,0.202576112,0.70603757,1.722386737,4,15,FLII;CAPZA1;ADD1;SVIL;GSN;SCIN;CAPZA2
BP_microtubule_depolymerization%0007019,0.011764706,0.202576112,0.705365847,1.720748061,4,15,CLASP2;KIF2C;KIF18A;ARHGEF1;KIF18B;KATNB1;KIF24;NEDD1
BP_spinal_cord_development%0021510,0.011904762,0.202576112,0.66653964,1.677853879,4,17,PKD1;AKT1;ACTL6A;MTOR;MED12
BP_positive_regulation_of_telomere_maintenance%0032206,0.0125,0.202576112,0.655160324,1.80190729,4,24,MYC;NBN;MAP3K4;AURKB;RAD50;RTEL1;DHX36;NVL;SLX4;PML
BP_regulation_of_postsynaptic_neurotransmitter_receptor_internalization%0099149,0.012437811,0.202576112,0.64307131,1.74351808,4,23,PIP5K1C;NUMB;RNF216;NEDD4L;VAC14;SIRT2;NEDD4
BP_double-strand_break_repair_via_nonhomologous_end_joining%0006303,0.013333333,0.202576112,0.639961753,1.831580558,4,30,LIG3;MLH1;POLA1;PRKDC;TRP53BP1;PRPF19;DCLRE1C;DCLRE1A;XRCC6;XRCC1;POLL
BP_protein_export_from_nucleus%0006611,0.013020833,0.202576112,0.616974957,1.707261746,4,26,PKD1;STRADA;NUP214;ADAR;XPO5;XPO1;XPO7;CSE1L;PPM1A;STRADB;XPO6;PRKACA;XPO4;TPR
BP_establishment_of_cell_polarity%0030010,0.012987013,0.202576112,0.613166984,1.708670663,4,27,CLASP2;PKD1;TSC2;CORO7;EXOC4;MARK2;CLASP1
BP_phospholipid_transport%0015914,0.013020833,0.202576112,0.612218056,1.694098691,4,26,ATP8B2;ESYT1;OSBPL8;PITPNB;OSBPL2;SCARB1;ATP10A;OSBPL5;ATP11B
BP_regulation_of_cytokinesis%0032465,0.013550136,0.202576112,0.611835794,1.765988468,4,31,KIF20A;PIK3R4;PRC1;PIK3C3;BRCA2;BECN1;PLK1;AURKB;ATXN10;PRPF40A
BP_peptidyl-tyrosine_phosphorylation%0018108,0.013661202,0.202576112,0.569432388,1.680794455,4,35,JAK3;JAK1;HCK;PTPN6;PXN;TTK;VEGFA;CSF1R;DYRK3;FER;ABL2;JAK2;LRRK1;CLK3;SYK;WEE1;IL12RB1;PDGFRB;STAT5A;DYRK1A;ABL1;KIT
BP_endosome_organization%0007032,0.013661202,0.202576112,0.565317542,1.668648658,4,35,USP8;PIK3C3;DNAJC13;VPS11;VPS33B;WASHC5;SQSTM1;ALS2;CC2D1A;PLEKHF2;PI4K2A;PLEKHA3;STX6;PI4K2B;VPS4B;VPS18
BP_mitotic_cytokinesis%0000281,0.012539185,0.202576112,0.507508058,1.575724672,3,50,KIF20A;KIF4;SPTBN1;USP8;EXOC1;ANLN;EXOC2;EXOC4;STX2;PLK1;AURKB;KIF23;EXOC6;INCENP;ECT2;NUSAP1
BP_endocytosis%0006897,0.0125,0.202576112,0.450878283,1.562945972,2,111,MYO7A;HEATR5B;MYO1F;ARRB1;EPS15L1;RUFY1;CSNK1G3;PIK3CG;LY75;CSNK1G2;PIK3C3;RAC1;RAB31;SH3GL1;MYO1C;MYO5A;LRP5;AP3M1;MTMR6;DNM2;DENND1C;LRP10;ITSN2;TBC1D2B;USP33;RAB11B;MTMR9;PIK3CB;LRP8
BP_cell_migration%0016477,0.012345679,0.202576112,0.426426827,1.524699935,2,129,CLASP2;SPECC1L;DOCK2;CASS4;PIK3CG;NCKAP1L;CTNNA1;LCP1;FMNL3;CUL3;CORO7;EMILIN1;IQGAP1;ITGB1;RAC1;ITGB5;JUP;FMNL1;CLASP1;CARMIL2;PXN;VEGFA;SH3KBP1;VAV3;PRPF40A;VAV1;PLCG1;MYO18A;PIK3C2G;USP33;CORO1B;PEAK1;DOCK5;NEDD9;NDEL1;ABR;TMEM18
BP_release_of_cytochrome_c_from_mitochondria%0001836,0.013445378,0.202576112,-0.721245731,-1.685853283,7,19,FIS1;IFI27L2A;BAX;GGCT;BAK1;SOD2;BCL2;BAD;IFI27
RA_SCF(Skp2)-mediated_degradation_of_p27/p21%R-MMU-187577,0.06557377,0.205100182,-0.511889334,-1.372788421,43,38,RPS27A;CDKN1B;PSMB5;PSMB6;CCND1;PSMA7;PSMD9;PSMB1;PSMD13;PSMC5;PSMD7;PSMD10;PSMD4;CDK2;PSME1
WP_G_Protein_Signaling_Pathways%WP232,0.075301205,0.205611998,0.436305263,1.357064917,24,47,PRKCB;PDE4D;ARHGEF1;AKAP10;GNAS;ADCY3;GNA15;PRKACA;GNA11;GNB5;ITPR1;GNA12
WP_Oxidative_Stress_and_Redox_Pathway%WP4466,0.077151335,0.205611998,-0.4747425,-1.345816911,51,54,SOD1;TXN1;CYBA;GGCT;PRDX5;S100A9;MGST1;GSTP1;PRDX4;SOD2;CD44;GSTT2;MGST2;PRDX2;GSTK1;GSTM5;S100A8
WP_Selenium_metabolism/Selenoproteins%WP108,0.078616352,0.205611998,-0.520818922,-1.362494171,49,35,RPL30;SELENOW;SELENOT;SELENOH;SELENOS;MSRB1;SELENOM;TRNAU1AP
BP_negative_regulation_of_gene_expression_via_chromosomal_CpG_island_methylation%0044027,0.014285714,0.205952381,0.696084184,1.714117424,5,16,MYC;DNMT1;USP7;BRCA1
BP_intracellular_protein_transport%0006886,0.014150943,0.205952381,0.390455809,1.463390066,2,177,MYO7A;COPB1;COPG1;AP1M1;COPA;COPG2;AP1B1;AP3B1;VPS35;COPB2;AP2A1;TMED7;VPS26A;SCFD1;SPG11;SCFD2;RAB31;GGA2;STX2;CLTC;AP1G2;VPS11;STX17;XPO7;VPS33B;AP4E1;AP3M1;AP2M1;RFFL;CSE1L;SEC23A;VPS26C;VPS39;SEC23B;EXOC6
WP_Oxidative_Damage%WP1496,0.081037277,0.206645057,-0.568878199,-1.428768521,49,27,CDKN1B;BAK1;BCL2;BAD;C1QB;GADD45A;C1QC;PCNA;TNK2
RA_Transcriptional_regulation_by_RUNX1%R-MMU-8878171,0.066666667,0.207366483,-0.428014385,-1.309683153,47,90,RPS27A;PSMB5;HIST1H2AB;PSMB6;CCND1;PSMA7;PSMD9;CTSL;PSMB1;SETD1A;SETD1B;HIST1H2AC;LDB1;CSNK2A2;KAT2B;CBX8;MNAT1;ARID1A;CCNH;PSMD13;PSMC5;PSMD7;PSMD10;PSMD4;LMO2;CSNK2B;PHC3;EP300;KMT2B;PCGF5;PSME1;TCF3
RA_VxPx_cargo-targeting_to_cilium%R-MMU-5620916,0.067961165,0.210231516,0.602172068,1.407395617,27,15,PKD1;EXOC1;EXOC2;EXOC4;GBF1;EXOC7;EXOC3;ASAP1;EXOC5
KEGG_Adrenergic_signaling_in_cardiomyocytes%mmu04261,0.072368421,0.214665878,0.404787811,1.317355454,21,66,PPP2R1B;AKT1;PIK3CG;GNAS;ADCY3;PPP2R1A;ATP1A3;PPP2R5B;MAPK14;ATP2A2;PPP2R5C;PPP2R3C;PRKACA;SLC8A1;ATP1A1;TPM4;CREB1
KEGG_Neutrophil_extracellular_trap_formation%mmu04613,0.073260073,0.214896215,0.384186677,1.304674324,19,84,RAF1;PADI4;PLCG2;AKT1;PRKCB;MTOR;RAC1;ATG7;ITGB2;HDAC5;PLCG1;MAPK14;ITGB2L;MAP2K1;MPO;HDAC6;HDAC9;PIK3R2;PIK3CB
KEGG_GnRH_signaling_pathway%mmu04912,0.077181208,0.215342785,0.438554883,1.353688153,22,52,RAF1;PRKCB;PLA2G4A;MAP3K4;MAP3K3;GNAS;ADCY3;MAPK14;MAP2K1;PRKACA;MAP2K3;GNA11;ITPR1;ITPR2
KEGG_JAK-STAT_signaling_pathway%mmu04630,0.077490775,0.215342785,0.388238939,1.283380661,20,75,MYC;RAF1;JAK3;AKT1;JAK1;STAT6;TYK2;MTOR;STAT1;PTPN6;STAT2;JAK2;STAM2;IFNAR1;PIK3R2;PIK3CB;CSF3R;IL13RA1;STAT4;PIAS1;CCND3;CSF2RB2;IFNGR1;SOS2;CSF2RA;IL31RA;STAT3;OSMR;IL12RB1;PDGFRB;STAT5A;IL6ST
KEGG_Hepatocellular_carcinoma%mmu05225,0.077235772,0.215342785,0.3703934,1.281734772,18,100,MYC;RAF1;PLCG2;AKT1;PRKCB;DDB2;ACTL6A;SMARCC2;MTOR;DVL3;SMARCA4;TGFBR2;SHC1;TXNRD1;LRP5;HGF;PLCG1;MAP2K1;DVL2;AXIN1;TRP53
KEGG_Ubiquitin_mediated_proteolysis%mmu04120,0.075,0.215342785,0.363313288,1.285585537,17,118,CDC23;UBE4A;NEDD4L;PPIL2;DDB2;CUL1;UBR5;ANAPC2;BRCA1;UBA1;CUL3;RHOBTB2;MGRN1;WWP2;CDC16;UBE2E1;TRIM37;DDB1;CUL4B;ANAPC1;UBA2;UBE2J1;UBE2Q2;UBA7;CUL2;PRPF19;TRIM32;NEDD4;FBXW8;BTRC;HERC4
KEGG_Ras_signaling_pathway%mmu04014,0.076612903,0.215342785,0.361583348,1.264571576,18,106,RAF1;PLCG2;AKT1;RASAL3;PRKCB;PLA2G4A;RASGRF2;EXOC2;RAC1;SHC1;RASA3;RALGAPB;HGF;VEGFA;CSF1R;PLCG1;TBK1;MAP2K1;ABL2;IKBKG;PRKACA
BP_nucleocytoplasmic_transport%0006913,0.015197568,0.216096931,0.513419631,1.580403164,4,46,NUP160;NUP107;POM121;NUP214;NUP188;NUP133;RANBP2;XPO1;NUP93;XPO7;NUP155;NUP88;CSE1L;NUP98;NXT2;AXIN1;AAAS;TPR
RA_Toll_Like_Receptor_9_(TLR9)_Cascade%R-MMU-168138,0.070512821,0.216239054,0.412452101,1.323936034,21,61,PPP2R1B;PIK3R4;CASP8;CUL1;RPS6KA1;PIK3C3;MAPKAPK3;PPP2R1A;RPS6KA2;MAPK14;USP14;IKBKG;MAP2K3
RA_Toll-like_Receptor_Cascades%R-MMU-168898,0.070671378,0.216239054,0.378114068,1.305052049,19,97,PPP2R1B;PLCG2;PIK3R4;CASP8;CD180;CUL1;RPS6KA1;RIPK3;PIK3C3;ITGB2;RIPK1;MAPKAPK3;PPP2R1A;GSDME;DNM2;RPS6KA2;TBK1;MAPK14;USP14;IKBKG;MAP2K3
RA_Regulation_of_APC/C_activators_between_G1/S_and_early_anaphase%R-MMU-176408,0.071618037,0.21717537,0.526553054,1.392916552,26,24,BUB1B;CDC23;CUL1;CCNB1;ANAPC2;CDC16;UBE2E1;ANAPC1
RA_Formation_of_TC-NER_Pre-Incision_Complex%R-MMU-6781823,0.071748879,0.21717537,-0.495014673,-1.367486455,47,46,POLR2L;POLR2F;RPS27A;POLR2H;GTF2H5;RBX1;POLR2I;XPA;HMGN1;ISY1;MNAT1;POLR2E;CCNH;POLR2G
KEGG_beta-Alanine_metabolism%mmu00410,0.08040201,0.219487862,0.596351044,1.438703576,31,17,ALDH3A2;EHHADH;HADHA;ALDH9A1;ALDH2;ALDH6A1;HIBCH
KEGG_Base_excision_repair%mmu03410,0.080645161,0.219487862,0.502865876,1.400792012,29,28,POLE;LIG3;POLD1;PARP1;MUTYH;XRCC1;POLL
WP_Fatty_Acid_Beta_Oxidation%WP1269,0.089238845,0.21990528,0.48117192,1.347684009,33,28,ACSL5;HADHB;HADHA;CRAT;ACSL1;CPT2;ACADL;PNPLA2;ACADVL;DLD;GPD2;LIPE
WP_Signaling_of_Hepatocyte_Growth_Factor_Receptor%WP193,0.091863517,0.21990528,0.478190125,1.339332489,34,28,RAF1;ITGB1;HGF;PXN;MAP2K1;PAK1;RASA1;STAT3;MAPK1;CRKL;RAP1B;PTK2B
WP_Translation_Factors%WP307,0.092705167,0.21990528,-0.48676336,-1.337225723,60,44,EEF1B2;EEF1D;EIF4B;EIF4A2;EIF1;EIF2S3X;PAIP1;EEF1G;PABPC1;EIF4EBP2;EIF2S2;EIF3I
RA_Axon_guidance%R-MMU-422475,0.075471698,0.224820303,0.370998268,1.289220509,19,109,PIP5K1C;ARHGEF11;NUMB;TLN1;SPTBN1;KALRN;AP2A1;NCSTN;LIMK1;ITGB1;RAC1;CLTC;SHC1;SDCBP;MSN;DAG1;DNM2;SH3KBP1;VAV3;AP2M1;PLCG1;USP33;PLXNB3;PRKACA;EZR;CREB1;PIK3R2;PIK3CB
RA_Nervous_system_development%R-MMU-9675108,0.075471698,0.224820303,0.370998268,1.289220509,19,109,PIP5K1C;ARHGEF11;NUMB;TLN1;SPTBN1;KALRN;AP2A1;NCSTN;LIMK1;ITGB1;RAC1;CLTC;SHC1;SDCBP;MSN;DAG1;DNM2;SH3KBP1;VAV3;AP2M1;PLCG1;USP33;PLXNB3;PRKACA;EZR;CREB1;PIK3R2;PIK3CB
RA_Macroautophagy%R-MMU-1632852,0.075966851,0.224820303,-0.4321277,-1.304773152,54,82,TOMM7;LAMTOR4;TOMM5;RPS27A;LAMTOR2;CHMP4B;TOMM22;TOMM20;DYNLL1;PARK7;LAMTOR5;GABARAPL2;CSNK2A2;ATG101;CHMP2A
RA_Autophagy%R-MMU-9612973,0.075966851,0.224820303,-0.4321277,-1.304773152,54,82,TOMM7;LAMTOR4;TOMM5;RPS27A;LAMTOR2;CHMP4B;TOMM22;TOMM20;DYNLL1;PARK7;LAMTOR5;GABARAPL2;CSNK2A2;ATG101;CHMP2A
RA_FLT3_Signaling%R-MMU-9607240,0.076271186,0.224820303,-0.653524093,-1.451898832,44,15,RPS27A;CDKN1B;FOXO3;CBL
RA_Cell_surface_interactions_at_the_vascular_wall%R-MMU-202733,0.076923077,0.225560897,0.448032767,1.381522318,24,44,CEACAM1;ITGB1;SHC1;ITGB2;SELL;FN1;PTPN6;COL1A2;CD177;PLCG1;COL1A1;PIK3R2;PIK3CB;OLR1;PECAM1
RA_GPVI-mediated_activation_cascade%R-MMU-114604,0.077333333,0.225588946,0.511121084,1.367411373,28,25,PLCG2;PIK3CG;RAC1;PTPN6;COL1A2;VAV3;VAV1;COL1A1;PIK3R2;PIK3CB;SYK;CDC42
KEGG_Non-small_cell_lung_cancer%mmu05223,0.084142395,0.226285714,0.407442395,1.287155532,25,57,RAF1;JAK3;PLCG2;AKT1;PRKCB;DDB2
KEGG_Human_papillomavirus_infection%mmu05165,0.085714286,0.226285714,0.309775259,1.174689615,17,179,PPP2R1B;RAF1;AKT1;TSC2;CASP8;NFX1;JAK1;TYK2;RBL2;ITGB1;MTOR;DVL3;STAT1;GNAS;TUBG1;LLGL2;ITGB5;FN1;ATR;COL1A2;PPP2R1A;PXN;VEGFA;PKM;STAT2;PSEN1;PPP2R5B;TBK1;COL6A4;PPP2R5C;PPP2R3C;MAP2K1;DVL2;IKBKG;PRKACA;AXIN1;TRP53;IFNAR1;ITGA5;CREB1;COL1A1;PIK3R2;TBP;PIK3CB
KEGG_RNA_polymerase%mmu03020,0.085714286,0.226285714,-0.552824685,-1.379120685,53,28,POLR2L;POLR2F;POLR2H;POLR2I;POLR1D;POLR1C;POLR3GL;POLR2E;POLR2G
"KEGG_Alanine,_aspartate_and_glutamate_metabolism%mmu00250",0.086734694,0.226712467,0.564255708,1.402818243,33,19,CAD;ADSL;4930438A08RIK;ADSSL1;GOT2;GLS;ASNS;ASS1
BP_protein_folding%0006457,0.016172507,0.226852189,-0.463008378,-1.421524597,11,94,TBCA;HSPE1;PFDN5;PFDN2;PFDN6;PFDN4;PFDN1;WDR83OS;PPIL3;DNAJC1;HSP90AA1;DNAJC25;PPIG;PDRG1;STUB1;TBCC;DNLZ;HSP90AB1;P3H1;NUDCD2;PPIA;NKTR;CALR3;ARL2
KEGG_Rheumatoid_arthritis%mmu05323,0.08801214,0.227796126,-0.513822685,-1.337868977,57,35,ATP6V1G1;ATP6V1F;ATP6V0B;H2-AB1;CTSL;FOS;ATP6V1D;ATP6V0E
WP_Factors_and_pathways_affecting_insulin-like_growth_factor_(IGF1)-Akt_signaling%WP3675,0.098823529,0.228668478,0.577527667,1.408885356,41,15,ILK;AKT1;ITGB1;MTOR;PDK1
WP_Apoptosis_Modulation_by_HSP70%WP166,0.101176471,0.228668478,0.57527752,1.403396096,42,15,CASP8;RIPK1;CASP2;AIFM1;CASP7;CASP3;CASP9;TNFRSF1A;CASP6
WP_G1_to_S_cell_cycle_control%WP413,0.103125,0.228668478,0.416221598,1.307991753,32,56,MYC;POLE;MCM6;MCM2;E2F6;MCM5;ORC3;ORC5;MCM7;E2F4;TFDP1;RPA1;MCM4;ORC1;ORC4;TRP53;POLE2;ATM;TFDP2;RBL1;ORC2;CDC45;CCND3;MCM3;WEE1;POLA2;CDK7;PRIM1;RB1;PRIM2
RA_Formation_of_Incision_Complex_in_GG-NER%R-MMU-5696395,0.079104478,0.229566087,-0.502974745,-1.346216236,52,37,RPS27A;GTF2H5;RBX1;XPA;RPA3;CETN2;UBE2V2;SUMO2;MNAT1;CCNH
WP_Calcium_Regulation_in_the_Cardiac_Cell%WP553,0.105919003,0.229866773,0.409240902,1.281001239,33,55,GRK6;ARRB1;PRKCB;ANXA6;GNAS;ADCY3;ATP2A2;YWHAQ;SLC8A1;GNA11;GNB5;ITPR1;ITPR2
RA_Cell_junction_organization%R-MMU-446728,0.08040201,0.232135034,0.542228943,1.391950243,31,21,ILK;FLNA;CTNNA1;ITGB1;ARHGEF6;JUP;PXN;PLEC;PVR;ACTN1;LIMS1
KEGG_Bile_secretion%mmu04976,0.090909091,0.233009709,0.493333737,1.348394037,33,26,UGT1A7C;GNAS;ADCY3;SCARB1;ATP1A3;PRKACA;ATP1A1;ABCC4;ABCC2;ABCC3;PRKACB;SLC4A5;RXRA;HMGCR;ADCY7;SLC9A1
BP_positive_regulation_of_dendrite_morphogenesis%0050775,0.017241379,0.233573357,0.62957146,1.689702833,6,22,ILK;NUMB;ANAPC2;FBXW8;CUX1;HDAC6;CAPRIN1;CUL7;FBXO31;TNIK
BP_positive_regulation_of_vascular_associated_smooth_muscle_cell_proliferation%1904707,0.017326733,0.233573357,0.627928975,1.665145202,6,21,MEF2D;DNMT1;XBP1;HPGD;MFN2;JAK2
BP_protein_targeting_to_lysosome%0006622,0.017241379,0.233573357,0.622478978,1.670667364,6,22,PIK3R4;AP3B1;NCOA4;PIK3C3;BECN1;NEDD4;VPS53;GGA3;ATG14;SORT1;VPS4A;HGS
BP_lysosome_organization%0007040,0.017857143,0.236549338,0.505211555,1.563447047,5,45,MYO7A;AP3B1;VPS35;SPG11;MTOR;BECN1;IDUA;WASHC5;HPS4;HPS1
BP_cognition%0050890,0.018003273,0.236549338,-0.654506219,-1.608678324,10,25,COMT;RP9;GRCC10;NDUFS4
BP_B_cell_receptor_signaling_pathway%0050853,0.018372703,0.238385827,0.574874429,1.610129443,6,28,PLCG2;SH2B2;PRKCB;PLEKHA1;NCKAP1L;KLHL6;PTPN6;VAV3;NFAM1;TEC;SYK
RA_RAF_activation%R-MMU-5673000,0.084951456,0.23913835,0.58493878,1.367118003,34,15,PPP2R1B;PPP2R5B;PPP2R5C;JAK2;MARK3;MAP3K11;SHOC2;PPP2CB;BRAP
RA_Phosphorylation_of_the_APC/C%R-MMU-176412,0.084951456,0.23913835,0.583863828,1.364605626,34,15,CDC23;CCNB1;ANAPC2;CDC16;UBE2E1;ANAPC1
RA_ISG15_antiviral_mechanism%R-MMU-1169408,0.084880637,0.23913835,0.5143189,1.360552944,31,24,FLNB;EIF4G1;UBE2E1;UBA7;NEDD4;PLCG1;DDX58;EIF4G3
RA_RHOG_GTPase_cycle%R-MMU-9013408,0.083850932,0.23913835,0.428895264,1.335830352,26,49,ARHGAP1;ESYT1;DOCK2;KALRN;ERBIN;ELMO2;ANKLE2;ITGB1;MPP7;CYFIP1;VRK2;VAV3;VAV1;IQGAP2;DOCK5;LETM1;MAP3K11;CDC42;DEPDC1B;ARHGAP39;KTN1;PREX1
RA_PTEN_Regulation%R-MMU-6807070,0.083798883,0.23913835,-0.430048469,-1.292462435,59,79,LAMTOR4;RPS27A;LAMTOR2;PSMB5;XIAP;PSMB6;CHD3;PSMA7;PSMD9;LAMTOR5;PSMB1;STUB1;CSNK2A2;CBX8;GATAD2B;PSMD13;PSMC5;PSMD7;PSMD10;PSMD4;CSNK2B;PHC3
BP_Schwann_cell_development%0014044,0.019047619,0.241882865,0.670569617,1.651287433,7,16,RAF1;ILK;MED12;DAG1;MAP2K1
BP_cell_morphogenesis%0000902,0.01910828,0.241882865,0.490547282,1.5415716,5,57,ILK;AP3B1;NCKAP1L;SCFD1;MYH9;CUL3;SMARCA4;CYFIP1;ADD1;IDUA;HGF;STRADB;MED1;MAPK14;HPS1;CAP1;ECT2;THOC2;PLEC;SART3;SSH1;ITPR1;CFAP44
WP_Microglia_Pathogen_Phagocytosis_Pathway%WP3626,0.116147309,0.246813031,0.450150263,1.306722906,40,34,PLCG2;PIK3CG;NCKAP1L;HCK;PIK3C3;RAC1;ITGB2;PTPN6;VAV3;VAV1;PIK3R2;PIK3CB;SYK
RA_Hedgehog_ligand_biogenesis%R-MMU-5358346,0.088323353,0.247393273,-0.510951611,-1.345004889,58,35,RPS27A;PSMB5;PSMB6;ERLEC1;PSMA7;PSMD9;PSMB1;PSMD13;PSMC5;PSMD7;PSMD10;DERL2;PSMD4
RA_CD28_co-stimulation%R-MMU-389356,0.093137255,0.247490074,0.547295686,1.367441209,37,19,AKT1;MTOR;RAC1;VAV1;PIK3R2;MAPKAP1;CDC42;RICTOR
RA_Signaling_by_SCF-KIT%R-MMU-1433557,0.09375,0.247490074,0.517728985,1.359838392,35,23,SH2B2;RAC1;PTPN6;VAV1;FER;JAK2;SH2B3;TEC;PIK3R2
RA_RAB_GEFs_exchange_GTP_for_GDP_on_RABs%R-MMU-8876198,0.092814371,0.247490074,0.421565503,1.31244795,30,47,TRAPPC8;DENND4C;RAB3GAP2;TRAPPC9;RIN3;TRAPPC11;TRAPPC13;TRAPPC12;DENND1C;HPS4;ALS2;HPS1;MON1B;DENND2A;SBF1;DENND5A
RA_AURKA_Activation_by_TPX2%R-MMU-8854518,0.094155844,0.247490074,0.40395482,1.279037644,28,58,ODF2;DCTN1;CKAP5;HMMR;TPX2;PLK1;TUBG1;CLASP1
RA_MyD88-independent_TLR4_cascade%R-MMU-166166,0.092783505,0.247490074,0.393414262,1.290132525,26,70,PPP2R1B;CASP8;CUL1;RPS6KA1;RIPK3;RIPK1;MAPKAPK3;PPP2R1A;RPS6KA2;TBK1;MAPK14;USP14;IKBKG;MAP2K3
RA_TRIF(TICAM1)-mediated_TLR4_signaling%R-MMU-937061,0.092783505,0.247490074,0.393414262,1.290132525,26,70,PPP2R1B;CASP8;CUL1;RPS6KA1;RIPK3;RIPK1;MAPKAPK3;PPP2R1A;RPS6KA2;TBK1;MAPK14;USP14;IKBKG;MAP2K3
RA_Asparagine_N-linked_glycosylation%R-MMU-446203,0.090909091,0.247490074,0.319946239,1.1943022,19,176,COPB1;COPG1;COPA;COPG2;DCTN1;SPTBN1;PGM3;COPB2;COG1;PPP6R1;GNE;ARFGAP2;TMED7;SCFD1;TRAPPC9;ARCN1;VCP;SEC24D;COG4;GBF1;UAP1;STX17;COG2;ST3GAL3;SEC31A;SEC24C;SEC23A;MAN1C1
RA_Regulation_of_RUNX2_expression_and_activity%R-MMU-8939902,0.094512195,0.247490074,-0.514536896,-1.341468866,61,33,RPS27A;RBX1;PSMB5;PSMB6;PSMA7;PSMD9;PSMB1;STUB1;PSMD13;PSMC5;PSMD7;PSMD10;PSMD4
RA_Regulation_of_RUNX3_expression_and_activity%R-MMU-8941858,0.091614907,0.247490074,-0.521172184,-1.352609443,58,32,RPS27A;PSMB5;PSMB6;PSMA7;PSMD9;PSMB1;PSMD13;PSMC5;PSMD7;PSMD10;PSMD4;EP300;PSME1
RA_Ubiquitin_Mediated_Degradation_of_Phosphorylated_Cdc25A%R-MMU-69601,0.090766823,0.247490074,-0.531376193,-1.358107126,57,30,RPS27A;PSMB5;PSMB6;PSMA7;PSMD9;PSMB1;PSMD13;PSMC5;PSMD7;PSMD10;PSMD4
RA_p53-Independent_DNA_Damage_Response%R-MMU-69610,0.090766823,0.247490074,-0.531376193,-1.358107126,57,30,RPS27A;PSMB5;PSMB6;PSMA7;PSMD9;PSMB1;PSMD13;PSMC5;PSMD7;PSMD10;PSMD4
RA_p53-Independent_G1/S_DNA_damage_checkpoint%R-MMU-69613,0.090766823,0.247490074,-0.531376193,-1.358107126,57,30,RPS27A;PSMB5;PSMB6;PSMA7;PSMD9;PSMB1;PSMD13;PSMC5;PSMD7;PSMD10;PSMD4
RA_Asymmetric_localization_of_PCP_proteins%R-MMU-4608870,0.090766823,0.247490074,-0.532540813,-1.361083696,57,30,RPS27A;PSMB5;PSMB6;PSMA7;PSMD9;PSMB1;PSMD13;PSMC5;PSMD7;PSMD10;PSMD4
"RA_Gamma_carboxylation,_hypusine_formation_and_arylsulfatase_activation%R-MMU-163841",0.093851133,0.247490074,-0.567349344,-1.366741254,57,23,FN3KRP;DPH3;DHPS;DNAJC24;ARSB;SUMF2
KEGG_Fatty_acid_degradation%mmu00071,0.099173554,0.248233417,0.479877855,1.358566818,35,30,ALDH3A2;ACSL5;EHHADH;HADHB;HADHA;ALDH9A1;ALDH2;ACSL1;CPT2;ACADL;ACADVL
KEGG_Gap_junction%mmu04540,0.100609756,0.248233417,0.43291465,1.315601073,32,42,RAF1;PRKCB;GNAS;ADCY3;MAP2K1;PRKACA;GNA11;ITPR1;ITPR2;CSNK1D;SOS2;GNAI3;MAPK1;PDGFRB
KEGG_Kaposi_sarcoma-associated_herpesvirus_infection%mmu05167,0.1,0.248233417,0.343890655,1.225669162,23,125,MYC;RAF1;PLCG2;AKT1;CASP8;PIK3CG;JAK1;TYK2;HCK;MTOR;PIK3C3;RAC1;BECN1;STAT1;NFATC1;VEGFA;STAT2;RCAN1;PLCG1;TBK1;MAPK14;NFATC3;MAP2K1;IKBKG;TRP53;JAK2;IFNAR1;GNB5;ITPR1;CREB1;PIK3R2;PIK3CB;ITPR2
KEGG_Human_cytomegalovirus_infection%mmu05163,0.099137931,0.248233417,0.323067314,1.186852803,22,145,MYC;RAF1;ARHGEF11;AKT1;PRKCB;TSC2;CASP8;JAK1;MTOR;RAC1;ARHGEF1;GNAS;NFATC1;RIPK1;ADCY3;PXN;VEGFA;TBK1;MAPK14;NFATC3;MAP2K1;IKBKG;PRKACA;TRP53;GNA11;GNB5;ITPR1;CREB1;PIK3R2;PIK3CB;ITPR2;GNA12
KEGG_Acute_myeloid_leukemia%mmu05221,0.102649007,0.248617778,0.406501533,1.26569048,30,54,MYC;RAF1;AKT1;MTOR;JUP;CSF1R;MAP2K1;MPO;IKBKG;PIK3R2;PIK3CB;PML
KEGG_Salmonella_infection%mmu05132,0.101941748,0.248617778,0.30886652,1.172585914,20,183,MYC;RAF1;DCTN1;FLNB;AKT1;FLNA;ELMO2;CASP8;PIK3CG;NCKAP1L;VPS41;RIPK3;EXOC2;PIK3C3;RAC1;EXOC4;CYFIP1;VPS11;RIPK1;DNM2;CSE1L;KPNA3;ELMO1;PKN1;VPS39;ACTR1B;KPNA4;KPNA1;MAPK14;MAP2K1;PIK3C2G;VPS16;MLKL;IKBKG;MAP2K3;DYNLT3;NAIP2;RAB7B
WP_Nucleotide_Metabolism%WP87,0.119904077,0.249596241,0.527110909,1.342656121,49,18,POLD1;ADSL;POLA1;RRM1;IMPDH1
KEGG_C-type_lectin_receptor_signaling_pathway%mmu04625,0.10472973,0.251351351,0.379468064,1.229989907,30,67,RAF1;PLCG2;AKT1;CASP8;STAT1;NFATC1;STAT2;MAPK14;NFATC3;IKBKG;ITPR1;PIK3R2;PIK3CB;ITPR2;BCL10;SYK;PAK1
WP_Mitochondrial_LC-Fatty_Acid_Beta-Oxidation%WP401,0.123809524,0.252571429,0.537402797,1.323362202,51,16,EHHADH;HADHA;ACSL1;CPT2;ACADL;ACADVL
BP_positive_regulation_of_release_of_cytochrome_c_from_mitochondria%0090200,0.020512821,0.256533828,-0.676286483,-1.551888412,11,18,FAM162A;PDCD5;BAX;BAK1;PLAUR;BAD;PYCARD
RA_Synthesis_of_IP3_and_IP4_in_the_cytosol%R-MMU-1855204,0.099514563,0.257871997,0.573035985,1.339298808,40,15,PLCG2;INPP5J;PLCG1
RA_The_role_of_GTSE1_in_G2/M_progression_after_G2_checkpoint%R-MMU-8852276,0.099850969,0.257871997,-0.491973225,-1.31937726,66,38,RPS27A;PSMB5;PSMB6;PSMA7;HSP90AA1;PSMD9;PSMB1;HSP90AB1;PSMD13;PSMC5;PSMD7;PSMD10;PSMD4
RA_Stabilization_of_p53%R-MMU-69541,0.099378882,0.257871997,-0.515490449,-1.337863513,63,32,RPS27A;PSMB5;PSMB6;PSMA7;PSMD9;PSMB1;PSMD13;PSMC5;PSMD7;PSMD10;MDM4;PSMD4
RA_Cilium_Assembly%R-MMU-5617833,0.1015625,0.261094463,0.344116241,1.218607329,25,124,ODF2;PKD1;DCTN1;CKAP5;BBS9;KIF17;EXOC1;EXOC2;EXOC4;UNC119B;GBF1;PLK1;TUBG1;CLASP1;KIF24;NEDD1;CEP162;TMEM67;INPP5E;PRKACA;HDAC6;CEP78;NPHP3;EXOC7;EXOC3;IQCB1;PLK4;CSNK1D;ACTR1A;IFT140;PCM1;IFT172;CENPJ;ASAP1;CEP89
KEGG_Cellular_senescence%mmu04218,0.112033195,0.266457329,0.338957049,1.209519865,26,122,MYC;RAF1;AKT1;TSC2;CCNB1;NBN;RBL2;MTOR;TGFBR2;NFATC1;RAD50;E2F4;ATR;RAD9A;MYBL2;CAPN1;SQSTM1;BTRC;MAPK14;NFATC3;MAP2K1;MAP2K3;TRP53;HIPK2;ITPR1;PIK3R2;PIK3CB;ITPR2
KEGG_cGMP-PKG_signaling_pathway%mmu04022,0.113138686,0.266684046,0.363376957,1.228387667,30,82,RAF1;MEF2D;AKT1;GTF2IRD1;PIK3CG;GTF2I;MEF2A;NFATC1;ADCY3;ATP1A3;ATP2A2;NFATC3;MAP2K1;SLC8A1;GNA11;ATP1A1;ITPR1;CREB1;ITPR2;GNA12
WP_Tryptophan_metabolism%WP79,0.134292566,0.268585132,0.516653417,1.316018814,55,18,UBR5;CAT;ALDH3A2;ALDH9A1;WARS;ALDH2;OGDH
BP_centrosome_duplication%0051298,0.023529412,0.269165488,0.685104158,1.671319437,9,15,CKAP5;SASS6;BRCA1;BRCA2;NDC80;USP33;STIL
BP_negative_regulation_of_Rho_protein_signal_transduction%0035024,0.023529412,0.269165488,0.67786086,1.65364933,9,15,KCTD10;RIPOR2;CUL3;ITGB1;RIPOR1;ABL2
BP_regulation_of_myelination%0031641,0.023809524,0.269165488,0.657611478,1.619377827,9,16,AKT1;MTOR;CYFIP1;SIRT2;NSUN5
BP_phosphatidic_acid_biosynthetic_process%0006654,0.023809524,0.269165488,0.656994826,1.617859311,9,16,DGKQ;DGKZ;DGKH;ABHD4;DGKA;DGKG;ABHD8;AGPAT2
BP_phosphatidylinositol-3-phosphate_biosynthetic_process%0036092,0.026190476,0.269165488,0.6563772,1.616338398,10,16,PIK3R4;FIG4;PIK3CG;PIK3C3;BECN1;PIK3C2G;INPP5E;PIK3CB;ATM;ATG14
BP_homophilic_cell_adhesion_via_plasma_membrane_adhesion_molecules%0007156,0.026190476,0.269165488,0.640723578,1.612868129,10,17,NPTN;CEACAM1;PLXNB3;PVR;EMB;PIK3CB;PECAM1;L1CAM;PLXNB2;CELSR3
BP_necroptotic_process%0070266,0.026190476,0.269165488,0.639394085,1.609521448,10,17,CASP8;RIPK3;RIPK1;MLKL;PYGL;TRP53
BP_activation_of_protein_kinase_activity%0032147,0.022113022,0.269165488,0.637816057,1.634757543,8,19,STRADA;RIPK3;TPX2;STRADB;PPP2R3C;ECT2;AXIN1;SESN2
BP_neuroblast_proliferation%0007405,0.024630542,0.269165488,0.601389109,1.6140644,9,22,NUMB;DAGLB;CTNNA1;NBN;ITGB1;VEGFA;TRP53;ASPM;RACGAP1;HIF1A;KIFAP3
BP_glycolytic_process%0006096,0.025575448,0.269165488,0.573551484,1.583849242,9,25,HK1;PFKP;HK3;ENO1;PKM;OGDH;UCP2;PFKL;LIPA;GPI1;HK2
BP_non-motile_cilium_assembly%1905515,0.024456522,0.269165488,0.522126949,1.549971761,8,36,DCTN1;STIL;TBC1D32;NPHP3;CSNK1D;IFT140;PCM1;IFT172;CENPJ;CEP89;CC2D2A;TOGARAM1;EXOC5;BBS2;PIBF1;C2CD3;IFT57;IFT122
BP_protein_deubiquitination%0016579,0.023460411,0.269165488,0.503211465,1.55022811,7,43,USP19;USP8;USP7;USP37;USP15;JOSD1;USP10;USP21;USP54;USP33;USP4;USP39;USP22;USP3;OTUD5
BP_cell_population_proliferation%0008283,0.025316456,0.269165488,0.388103354,1.414853859,5,142,MYC;ILK;CARM1;NAA60;TSC2;CUL1;DDX41;FNTB;TYK2;ITGB1;BRCA2;STAT1;MCM7;TXNRD1;MEN1;ASCC3;BOP1;APPL2;VEGFA;HSF1;CSF1R;FBXW8;MCM10;PDK1;USPL1;ASPH;MELK;MRPS27;TRP53
BP_cell_differentiation%0030154,0.025380711,0.269165488,0.352911091,1.341655222,4,195,ODF2;RAF1;ARNT;JAK3;MEF2D;ILK;TMTC3;NEDD4L;TFIP11;ANAPC2;DDX41;JAK1;AGRN;TYK2;RBL2;HCK;MEF2A;ELF4;STX2;MMP19;CLPTM1;NR1H2;RNF114;PTPN6;CAND1;SQSTM1;TTLL7;HERC4;ELK4;UNC45A;ZCWPW1;ITSN2;ZFP39;DHX36;ECT2;COL19A1;JAK2
"BP_regulation_of_alternative_mRNA_splicing,_via_spliceosome%0000381",0.024922118,0.269165488,-0.579506505,-1.533205911,15,37,RBM8A;MAGOH;DDX17;ARGLU1;WTAP;ZBTB7A;RBM15;CELF1;RBM25;CELF2;NSRP1
BP_chaperone_cofactor-dependent_protein_refolding%0051085,0.024916944,0.269165488,-0.647506484,-1.57423935,14,24,HSPE1;SDF2;DNAJB14;TOR1B
BP_protein_targeting_to_mitochondrion%0006626,0.025996534,0.269165488,-0.700818274,-1.545475757,14,15,TOMM5;FIS1;TOMM22;TOMM20;TOMM34;BCAP31
BP_negative_regulation_of_vascular_associated_smooth_muscle_cell_proliferation%1904706,0.025996534,0.269165488,-0.701455296,-1.546880545,14,15,CDKN1B;GSTP1;PARK7;SOD2;PDCD4
KEGG_Endocytosis%mmu04144,0.115384615,0.269571137,0.30149564,1.149045113,23,184,GRK6;PIP5K1C;VPS35;ARRB1;EPS15L1;RUFY1;NEDD4L;USP8;ACAP3;AP2A1;WASHC2;GIT2;ARFGAP2;VPS26A;CAPZA1;RAB31;SH3GL1;CLTC;TGFBR2;GBF1;RNF41;RBSN;SNX4;WASHC5;DNM2;SH3KBP1;NEDD4;AP2M1
RA_Antiviral_mechanism_by_IFN-stimulated_genes%R-MMU-1169410,0.105820106,0.270803271,0.493199214,1.348630081,39,27,FLNB;EIF4G1;UBE2E1;UBA7;NEDD4;PLCG1;DDX58;EIF4G3;ABCE1
KEGG_Cholinergic_synapse%mmu04725,0.118032787,0.27163515,0.410554461,1.255415546,35,49,AKT1;PRKCB;PIK3CG;ADCY3;MAP2K1;PRKACA;JAK2;GNA11;GNB5;ITPR1;CREB1;PIK3R2;PIK3CB;ITPR2
KEGG_Insulin_resistance%mmu04931,0.119354839,0.27163515,0.386379521,1.231793947,36,59,AKT1;PRKCB;RPS6KA1;MTOR;PYGB;NR1H2;PRKAA1;RPS6KA2;PYGL;GYS1;CREB1;PIK3R2;PIK3CB
KEGG_mTOR_signaling_pathway%mmu04150,0.118367347,0.27163515,0.352205408,1.219020204,28,101,RAF1;TTI1;FNIP2;AKT1;STRADA;RRAGC;PRKCB;TSC2;RPS6KA1;MTOR;DVL3;CLIP1;DEPDC5;LRP5;MIOS;PRKAA1;STRADB;RPS6KA2;MAP2K1;DVL2;SESN2;PIK3R2;MAPKAP1;ULK1;PIK3CB
BP_negative_regulation_of_apoptotic_signaling_pathway%2001234,0.026755853,0.27228015,-0.651331298,-1.549988315,15,21,BAX;PSEN2;MNT;CDK11B;IGBP1;ING2;BCL2;CX3CR1
BP_Wnt_signaling_pathway%0016055,0.027027027,0.272369457,0.415107241,1.403582406,6,90,GRK6;MYC;PKD1;CSNK1G3;CUL3;CSNK1G2;HBP1;MARK2;CALCOCO1;DDB1;LRP5;CTR9;TLE1;PRKAA1;BTRC;CCAR2;DVL2;AXIN1;UBAC2
RA_Regulation_of_PTEN_stability_and_activity%R-MMU-8948751,0.108108108,0.274166058,-0.478087735,-1.303541448,71,42,RPS27A;PSMB5;XIAP;PSMB6;PSMA7;PSMD9;PSMB1;STUB1;CSNK2A2;PSMD13;PSMC5;PSMD7;PSMD10;PSMD4;CSNK2B
RA_Ubiquitin-dependent_degradation_of_Cyclin_D%R-MMU-75815,0.107981221,0.274166058,-0.525210987,-1.342349907,68,30,RPS27A;PSMB5;PSMB6;PSMA7;PSMD9;PSMB1;PSMD13;PSMC5;PSMD7;PSMD10;PSMD4
RA_Autodegradation_of_the_E3_ubiquitin_ligase_COP1%R-MMU-349425,0.109546166,0.276567226,-0.52444071,-1.340381211,69,30,RPS27A;PSMB5;PSMB6;PSMA7;PSMD9;PSMB1;PSMD13;PSMC5;PSMD7;PSMD10;PSMD4
BP_phospholipase_C-activating_G_protein-coupled_receptor_signaling_pathway%0007200,0.027777778,0.27724359,0.510562019,1.512866084,9,37,DGKQ;PIK3CG;DGKZ;MYH9;P2RY2;DGKH;VEGFA;GNA15;DGKA;ABL2;GNA11;DGKG;ITPR1;PLEK;TGM2;FPR1;PRKD2
BP_canonical_glycolysis%0061621,0.028235294,0.27912605,0.669263227,1.632675304,11,15,HK1;PFKP;ENO1;PKM;BCL2L13;PFKL
KEGG_Pancreatic_secretion%mmu04972,0.125364431,0.282873589,0.434946963,1.265723216,42,35,PRKCB;RAC1;GNAS;ADCY3;RAB3D;ATP1A3;ATP2A2;CPA3;ATP1A1;ITPR1;ITPR2
WP_Wnt_Signaling_Pathway_and_Pluripotency%WP723,0.148255814,0.285962601,0.397054068,1.230100755,50,44,PPP2R1B;MYC;PRKCB;DVL3;LRP5;PPP2R1A;PPP2R5C;DVL2;AXIN1;TRP53
WP_Metapathway_biotransformation%WP1251,0.14858841,0.285962601,-0.452138663,-1.254455264,99,46,COMT;MGST1;GSTP1;GSTT2;GSTCD;MGST2;NAT9;GSTK1;GSTM5;GAL3ST1;GPX1;GSS;NAT2;NAA20;AKR1A1;NAA30;CYP39A1;GSR
KEGG_Cysteine_and_methionine_metabolism%mmu00270,0.127840909,0.286016949,0.444095116,1.275739599,44,32,DNMT1;MTR;KYAT3;4930438A08RIK;LACC1;MAT2A;AHCYL2;GOT2;PSAT1;AHCYL1;GCLC;MTAP;ADI1;SRM;LDHB;GCLM
RA_Response_to_elevated_platelet_cytosolic_Ca2+%R-MMU-76005,0.114006515,0.286077236,0.408678175,1.280593874,34,54,VCL;ACTN4;TLN1;FERMT3;FLNA;PRKCB;MAGED2;TOR4A;FN1;HGF;VEGFA
RA_Nuclear_events_mediated_by_NFE2L2%R-MMU-9759194,0.114329268,0.286077236,-0.505266078,-1.317298563,74,33,RPS27A;RBX1;PSMB5;PSMB6;PSMA7;PSMD9;PSMB1;PSMD13;PSMC5;PSMD7;PSMD10;PSMD4;GSK3B;EP300
KEGG_Hedgehog_signaling_pathway%mmu04340,0.129032258,0.286256438,0.468338662,1.315054077,47,29,ARRB1;CSNK1G3;CUL1;CUL3;CSNK1G2;MGRN1;BTRC;PRKACA;IQCE;CSNK1D;DISP1
RA_Platelet_Aggregation_(Plug_Formation)%R-MMU-76009,0.118357488,0.287220973,0.536163077,1.325145733,48,18,TLN1;SHC1;FN1;COL1A2;COL1A1;APBB1IP;SYK
RA_Regulation_of_TP53_Degradation%R-MMU-6804757,0.117647059,0.287220973,0.508241514,1.324836105,45,22,PPP2R1B;USP7;MTOR;PPP2R1A;RFFL;RNF34;PPP2R5C;PHF20;MAPKAP1;CCNG1;RICTOR;PPP2CB
RA_Regulation_of_TP53_Expression_and_Degradation%R-MMU-6806003,0.117647059,0.287220973,0.508241514,1.324836105,45,22,PPP2R1B;USP7;MTOR;PPP2R1A;RFFL;RNF34;PPP2R5C;PHF20;MAPKAP1;CCNG1;RICTOR;PPP2CB
RA_Nuclear_Envelope_(NE)_Reassembly%R-MMU-2995410,0.117117117,0.287220973,0.414184801,1.284222429,38,46,NUP160;NUP107;POM121;CCNB1;NUP188;ANKLE2;NUP133;NUP93;NUP155;SIRT2;NUP98;CHMP7
RA_Organelle_biogenesis_and_maintenance%R-MMU-1852241,0.117647059,0.287220973,0.336768359,1.196455472,27,133,ODF2;PKD1;DCTN1;CKAP5;BBS9;KIF17;EXOC1;EXOC2;EXOC4;UNC119B;GBF1;PLK1;TUBG1;CLASP1;ATP5B;KIF24;NEDD1;CEP162;TMEM67;INPP5E;PRKACA;HDAC6;CEP78;NPHP3;GABPB1;EXOC7;EXOC3;IQCB1;PLK4;CSNK1D;ACTR1A;IFT140;PCM1;IFT172;CENPJ;ASAP1;CEP89
RA_MAPK_family_signaling_cascades%R-MMU-5683057,0.118110236,0.287220973,0.334427802,1.196297861,29,129,PPP2R1B;VCL;JAK3;TLN1;SPTBN1;KALRN;ARRB1;RASAL3;CUL3;FNTB;RASGRF2;IQGAP1;RAC1;XPO1;PSMD1;FN1;RASA3;HGF;PPP2R5B;ZDHHC9;PSMF1;PPP2R5C;PRKACA;JAK2;PSMD5;PIK3R2;PIK3CB;APBB1IP;SPRED2;MARK3;PSMC2;MAP3K11;PSMD2;PSME3
RA_GSK3B_and_BTRC:CUL1-mediated-degradation_of_NFE2L2%R-MMU-9762114,0.117647059,0.287220973,-0.512632202,-1.326713185,75,31,RPS27A;RBX1;PSMB5;PSMB6;PSMA7;PSMD9;PSMB1;PSMD13;PSMC5;PSMD7;PSMD10;PSMD4;GSK3B
RA_Chromatin_modifying_enzymes%R-MMU-3247509,0.11969112,0.287974788,0.345595746,1.215181159,30,117,KDM2B;CARM1;KANSL3;PADI4;PHF8;KDM4A;NCOA2;RBBP5;KAT7;KDM4B;ACTL6A;SMARCC2;SMARCA4;KDM5B;RIOX2;KDM3A;PRMT7
RA_Chromatin_organization%R-MMU-4839726,0.11969112,0.287974788,0.345595746,1.215181159,30,117,KDM2B;CARM1;KANSL3;PADI4;PHF8;KDM4A;NCOA2;RBBP5;KAT7;KDM4B;ACTL6A;SMARCC2;SMARCA4;KDM5B;RIOX2;KDM3A;PRMT7
BP_cell_adhesion_mediated_by_integrin%0033627,0.030075188,0.289055973,0.61521254,1.599283192,11,20,EMILIN1;ITGB1;ITGB2;ITGB5;ITGB2L;ADAM17;ITGA5;ITGA6;ADAM9;ICAM1
BP_regulation_of_mitochondrial_membrane_potential%0051881,0.029900332,0.289055973,-0.627135129,-1.524711831,17,24,NDUFS6;SOD1;NDUFS4;BAX;BAK1;DYNLL1;PARK7;SOD2;BCL2
BP_spliceosomal_snRNP_assembly%0000387,0.029900332,0.289055973,-0.629699499,-1.530946414,17,24,SNRPF;SNRPD1;SNRPE;LSM4;SNRPD3;SNRPD2;SNRPG
KEGG_ABC_transporters%mmu02010,0.13172043,0.289784946,0.466054183,1.298248712,48,28,ABCA9;ABCA2;ABCC10;ABCD2;ABCC8;ABCD1;ABCC4;ABCC5;ABCC2;ABCC3;ABCB8
BP_myelination%0042552,0.030555556,0.290978593,0.497048958,1.47282501,10,37,RAF1;FIG4;GNPAT;POMGNT1;MYO5A;NAB1;MAP2K1;MTMR2;AFG3L2;ERBB3;TNFRSF21
BP_regulation_of_synaptic_vesicle_exocytosis%2000300,0.03117506,0.291136874,0.622933741,1.586735895,12,18,PRKCB;GIT2;P2RY2;PREPL;GIT1;STXBP5;VPS18;P2RX1;LRRK2;FBXO45;DVL1
BP_pigmentation%0043473,0.031413613,0.291136874,0.535334711,1.523450851,11,29,MYC;DOCK7;AP3B1;FIG4;ARCN1;MFSD12;MYO5A;RECQL4
BP_lipid_transport%0006869,0.031161473,0.291136874,0.509374687,1.47864308,10,34,ABCA9;ABCA2;HDLBP;OSBPL1A;OSBPL9;ABCC10;SCARB1;LRP10
RA_Integrin_cell_surface_interactions%R-MMU-216083,0.123115578,0.29123559,0.517294137,1.327940363,48,21,ITGB1;ITGB2;ITGB5;FN1;COL1A2;COL1A1;PECAM1;IBSP
RA_Golgi_Associated_Vesicle_Biogenesis%R-MMU-432722,0.123076923,0.29123559,0.412178773,1.270965463,39,44,AP1M1;AP1B1;AP3B1;ARRB1;GAK;CLTC;AP4E1;DNM2
RA_FCERI_mediated_NF-kB_activation%R-MMU-2871837,0.122754491,0.29123559,-0.462769498,-1.281214525,81,47,RPS27A;TAB2;PSMB5;PSMB6;PSMA7;PSMD9;PSMB1;NFKBIA;PSMD13;PSMC5;PSMD7;PSMD10;PDPK1;CDC34;PSMD4
RA_AUF1_(hnRNP_D0)_binds_and_destabilizes_mRNA%R-MMU-450408,0.12195122,0.29123559,-0.500687119,-1.305360583,79,33,RPS27A;PSMB5;PSMB6;PSMA7;PSMD9;PSMB1;PABPC1;PSMD13;PSMC5;PSMD7;PSMD10;PSMD4
BP_cellular_oxidant_detoxification%0098869,0.031897927,0.293009273,-0.594285304,-1.514630959,19,30,SELENOW;SELENOT;SELENOS;PRDX5;S100A9;TXNDC17;PRDX4;MGST2;NXN;GSTK1;HP;S100A8;APOE;GPX1
KEGG_Malaria%mmu05144,0.135678392,0.293599143,0.554682049,1.338176657,53,17,ITGB2;HGF;ITGB2L;PECAM1;MYD88;VCAM1;TGFB1;LRP1;TLR4;ICAM1
KEGG_Mismatch_repair%mmu03430,0.135064935,0.293599143,0.505191034,1.303761578,51,22,MSH2;POLD1;MLH1;MSH6;PMS2;RFC5;EXO1;RPA1;MSH3
RA_Gene_Silencing_by_RNA%R-MMU-211000,0.126888218,0.298904044,0.435358578,1.290282407,41,38,NUP160;NUP107;POM121;NUP214;NUP188;NUP133;RANBP2;NUP93;NUP155;NUP88;NUP98;AAAS;TPR;SEH1L
RA_PLC_beta_mediated_events%R-MMU-112043,0.128078818,0.299733807,0.523710823,1.321917633,51,20,PLA2G4A;ADCY3;GNA15;PRKACA;CAMKK1;GNA11
RA_Interleukin-17_signaling%R-MMU-448424,0.130434783,0.299733807,0.421732116,1.261679315,41,40,PPP2R1B;CUL1;RPS6KA1;MAPKAPK3;PPP2R1A;RPS6KA2;MAPK14;IKBKG;MAP2K3
RA_MAP_kinase_activation%R-MMU-450294,0.130434783,0.299733807,0.421732116,1.261679315,41,40,PPP2R1B;CUL1;RPS6KA1;MAPKAPK3;PPP2R1A;RPS6KA2;MAPK14;IKBKG;MAP2K3
RA_G2/M_Checkpoints%R-MMU-69481,0.13028169,0.299733807,0.350325039,1.18725622,36,85,BLM;CDC6;CCNB1;MCM6;RMI1;MCM2;MCM5;ORC3;ORC5;CDC25C;PSMD1;MCM7;TOP3A;RAD9A;RFC5;EXO1;RPA1;ATRIP;MCM4;WRN;MCM10;ORC1;PSMF1;ORC4;KAT5;PSMD5
RA_Signaling_by_Interleukins%R-MMU-449147,0.128755365,0.299733807,0.314873807,1.151763862,29,155,PPP2R1B;JAK3;CASP8;CUL1;IL16;RPS6KA1;STAT6;TYK2;HCK;MAP3K3;SMARCA4;SHC1;PSMD1;MAPKAPK3;PTPN6;PPP2R1A;CSF1R;SQSTM1;VAV1;RPS6KA2;TBK1;PSMF1;MAPK14;USP14;IKBKG;PRKACA;MAP2K3;JAK2;PSMD5;TEC;CREB1;PIK3R2;PIK3CB;SYK;PSMC2;PSMD2;IL13RA1;PSME3;STAT4
RA_FBXL7_down-regulates_AURKA_during_mitotic_entry_and_in_early_mitosis%R-MMU-8854050,0.130434783,0.299733807,-0.50441719,-1.309124844,83,32,RPS27A;RBX1;PSMB5;PSMB6;PSMA7;PSMD9;PSMB1;PSMD13;PSMC5;PSMD7;PSMD10;PSMD4
BP_leukocyte_cell-cell_adhesion%0007159,0.034398034,0.301243781,0.619133375,1.586872803,13,19,FERMT3;ITGB1;ITGB2;CD177;ITGB2L;TNIP1;EZR;ITGA5;OLR1;PECAM1;SYK;VCAM1;L1CAM
BP_Golgi_to_plasma_membrane_protein_transport%0043001,0.034482759,0.301243781,0.591736067,1.588156663,13,22,SPTBN1;BLZF1;GOLPH3L;RAB31;GGA2;PREPL;NSF;GOLPH3;GGA3;GGA1;BBS2
BP_RNA_processing%0006396,0.034031414,0.301243781,0.534633519,1.521455404,12,29,EXOSC10;CHERP;DIS3;ADAR;DIS3L;XRN1;RNGTT;DNTTIP2;FASTKD2;U2SURP
BP_neuron_projection_morphogenesis%0048812,0.034188034,0.301243781,0.49739822,1.491760272,11,39,ILK;ZFP335;NCKAP1L;RAC1;MAP1S;MINK1;DNM2;KIF20B;ALS2;MAP2K1;SRGAP2;PAK1;ATP7A;WEE1;TNIK
BP_positive_regulation_of_phosphatidylinositol_3-kinase/protein_kinase_B_signal_transduction%0051897,0.034602076,0.301243781,0.424171718,1.386160259,9,73,ILK;XBP1;SPECC1L;PIK3AP1;CASS4;PIK3CG;OSBPL8;CAT;ITGB1;MTOR;RAC1;HPSE;FN1;PTPN6;HGF;VEGFA;CSF1R;VAV3;NEDD4;VAV1;FER;JAK2;SESN2
BP_proteolysis%0006508,0.034825871,0.301243781,0.343980193,1.302621265,6,188,NLRP1A;PITRM1;PREP;CASP8;TPP2;USP8;USP7;DPP9;XPNPEP1;USP37;ESPL1;MMP19;CTSE;DPP8;PREPL;IDE;CASP2;DPP3;HGF;CAPN1;CTSC;USP15;LTA4H;USP47;JOSD1;KDM8;BTRC;NUP98;USP10;USPL1;DNPEP;USP21;USP54;USP33;CPA3;ADAM17;USP4;UQCRC2;MYSM1;AFG3L2;CASP7;ATG4D;CTSB;TINAGL1;PEPD;FAM111A;MINDY3;AOPEP;TGM2;UFSP2;APEH;THOP1;CTSA;DLD;USP3;CLPX
BP_mitochondrial_fusion%0008053,0.034825871,0.301243781,-0.640813066,-1.520665915,20,20,FIS1;BAX;NME3;BAK1;PARL;THG1L
RA_DNA_Double-Strand_Break_Repair%R-MMU-5693532,0.131868132,0.301795765,0.352386755,1.217708296,35,99,POLE;SPIDR;KDM4A;POLD1;BLM;KDM4B;BRCA1;PRKDC;NBN;RMI1;BRCA2;TOP3A;RAD9A;EME1;RFC5;EXO1;RPA1;DCLRE1C;ATRIP;WRN;XRCC6;KAT5;SLX4;XRCC1;POLL;RIF1;RFC1;POLE2;ATM;XRCC2;POLM
RA_G-protein_mediated_events%R-MMU-112040,0.132992327,0.303136358,0.495598058,1.291878334,51,22,PLA2G4A;ADCY3;GNA15;PRKACA;CAMKK1;GNA11;GNAI3;PRKACB;ADCY7;PRKAR2B;GRK2
BP_response_to_X-ray%0010165,0.035714286,0.303385944,0.64160154,1.579953121,14,16,MSH2;BLM;BRCA2;TRP53;XRCC2;CASP3;ERCC6
BP_cellular_response_to_calcium_ion%0071277,0.036827195,0.303385944,0.485632709,1.445505163,12,38,PLCG2;NCSTN;CLIC4;CPNE2;IQGAP1;MEF2A;NFATC1;ADD1;MICU2;PRKAA1;NFATC3;ASPH;ECT2;EEF2K
BP_exocytosis%0006887,0.036809816,0.303385944,0.467280263,1.461030905,11,51,PIP5K1C;SNAP47;EXOC1;EXOC2;HCK;EXOC4;STX2;LLGL2;MYO5A;STX17;WASHC5;RAB3D;EXOC6;EXOC7;EXOC3;PAK1;MYO1G;STXBP5
BP_protein_K48-linked_ubiquitination%0070936,0.035714286,0.303385944,0.419045099,1.377545067,9,78,CDC23;RNF6;RNF216;NEDD4L;CUL1;UBR5;ANAPC2;KBTBD2;CUL3;CDC16;UBE2E1;FBXO9;ANAPC1;TOPORS;UBE2Q2;NT5C2;RNF115;FBXO38;RFFL;BTRC;RNF34
BP_proton_transmembrane_transport%1902600,0.036603221,0.303385944,-0.51165457,-1.44209121,24,50,UQCRH;NDUFA2;NDUFB7;NDUFS4;ATP6V0B;NDUFS7;SLC25A3;NDUFV2;ATP6V0E;SLC25A4
BP_ribosomal_large_subunit_biogenesis%0042273,0.036220472,0.303385944,-0.577485558,-1.486944755,22,32,RPL35A;RPL26;RPL11;NPM1;RPL14;RPL7;RSL24D1;NIP7;RPL5;MALSU1;MRTO4;WDR74;EIF6;NOP16;TMA16;EBNA1BP2;PAK1IP1;LTO1
BP_positive_regulation_of_D-glucose_import%0046326,0.037313433,0.304971207,0.571136168,1.548484933,14,23,C2CD5;AKT1;OSBPL8;MEF2A;MAPK14;MFN2
RA_Sensory_Perception%R-MMU-9709957,0.135549872,0.306484249,0.494453493,1.288894789,52,22,MYO7A;FNTB;LRP10
RA_Transcriptional_regulation_by_RUNX2%R-MMU-8878166,0.135294118,0.306484249,-0.467175904,-1.271713463,91,40,RPS27A;RBX1;PSMB5;PSMB6;CCND1;PSMA7;PSMD9;PSMB1;STUB1;PSMD13;PSMC5;PSMD7;PSMD10;PSMD4
RA_Regulation_of_TP53_Activity%R-MMU-5633007,0.137037037,0.308607407,0.347852957,1.199405552,36,101,PPP2R1B;TAF6;BLM;USP7;TAF1;RMI1;MTOR;TPX2;AURKB;TOP3A;RAD9A;RFC5;PPP2R1A;EXO1;RPA1;PPP1R13B;ATRIP;WRN;RFFL;RNF34;PPP2R5C;SMYD2;KAT5;PHF20;GATAD2A;MAPKAP1;TBP;PML
KEGG_Adherens_junction%mmu04520,0.144578313,0.310314428,0.410465616,1.232194639,47,40,VCL;ACTN4;CTNNA1;IQGAP1;RAC1;TGFBR2;PTPN6
RA_ESR-mediated_signaling%R-MMU-8939211,0.14017341,0.314412869,-0.437548909,-1.24455037,96,55,POLR2L;POLR2F;CDKN1B;POLR2H;POLR2I;USF2;FOXO3;HSP90AA1;GTF2F2;KAT2B;HSP90AB1;POLR2E;POLR2G;GTF2A2;PDPK1;SP1;CALM1
KEGG_Aldosterone-regulated_sodium_reabsorption%mmu04960,0.148241206,0.31561031,0.54773849,1.321425244,58,17,PRKCB;NEDD4L;ATP1A3;ATP1A1;PIK3R2;PIK3CB
RA_Degradation_of_AXIN%R-MMU-4641257,0.141566265,0.316277013,-0.487024377,-1.27837496,93,34,RPS27A;PSMB5;PSMB6;PSMA7;PSMD9;PSMB1;PSMD13;PSMC5;PSMD7;PSMD10;PSMD4
"RA_Cell_death_signalling_via_NRAGE,_NRIF_and_NADE%R-MMU-204998",0.142857143,0.317899492,0.416740678,1.246746627,45,40,ARHGEF11;KALRN;NET1;NCSTN;RASGRF2;ARHGEF1;TIAM2;ARHGEF6;CASP2;VAV3;SQSTM1;VAV1;ECT2;ABR;ARHGEF3;FGD2;PLEKHG5
RA_Regulation_of_mRNA_stability_by_proteins_that_bind_AU-rich_elements%R-MMU-450531,0.144300144,0.319846383,-0.440188153,-1.251465075,99,53,RPS27A;ANP32A;PSMB5;DCP2;EXOSC3;PSMB6;PSMA7;PSMD9;EXOSC2;PSMB1;PABPC1;PSMD13;EXOSC7;EXOSC5;PSMC5;PSMD7;PSMD10;PSMD4
BP_melanosome_assembly%1903232,0.04047619,0.320719738,0.631145597,1.554205209,16,16,AP1M1;AP1B1;AP3B1;AP3M1;HPS4;HPS1;AP1G1;AP3D1;HPS6;HPS3;HPS5
BP_toll-like_receptor_signaling_pathway%0002224,0.04047619,0.320719738,0.630374043,1.552305246,16,16,PLCG2;AP3B1;MAPKAPK3;TIFAB;TLR13;BCL10
BP_regulation_of_cilium_assembly%1902017,0.04047619,0.320719738,0.626481849,1.542720664,16,16,ODF2;IFT140;SYNE2;SYNE1
BP_positive_regulation_of_peptidyl-tyrosine_phosphorylation%0050731,0.03988604,0.320719738,0.474475472,1.423012048,13,39,DGKQ;PLCG2;AGRN;ITGB1;MTOR;VEGFA;ITGA5;PECAM1;LRRK1;SYK;ARHGEF2;TGFB1;RICTOR;TNFRSF14;RASA1;EHD4;ABL1;TLR4;ICAM1;NRP1;SEMA4D;BANK1
RA_O-linked_glycosylation%R-MMU-5173105,0.154494382,0.321602229,0.43942533,1.244083283,54,31,GALNT11;POMGNT1;DAG1;ST3GAL3;GALNT12;POMT1;POMT2;POMK;B4GALT5
RA_Toll_Like_Receptor_3_(TLR3)_Cascade%R-MMU-168164,0.149837134,0.321602229,0.390733988,1.22436573,45,54,PPP2R1B;CASP8;CUL1;RPS6KA1;MAPKAPK3;PPP2R1A;RPS6KA2;MAPK14;USP14;IKBKG;MAP2K3
RA_MyD88:MAL(TIRAP)_cascade_initiated_on_plasma_membrane%R-MMU-166058,0.15483871,0.321602229,0.385844071,1.216210214,47,55,PPP2R1B;CASP8;CUL1;RPS6KA1;MAPKAPK3;PPP2R1A;RPS6KA2;MAPK14;USP14;IKBKG;MAP2K3
RA_Toll_Like_Receptor_10_(TLR10)_Cascade%R-MMU-168142,0.15483871,0.321602229,0.385844071,1.216210214,47,55,PPP2R1B;CASP8;CUL1;RPS6KA1;MAPKAPK3;PPP2R1A;RPS6KA2;MAPK14;USP14;IKBKG;MAP2K3
RA_Toll_Like_Receptor_5_(TLR5)_Cascade%R-MMU-168176,0.15483871,0.321602229,0.385844071,1.216210214,47,55,PPP2R1B;CASP8;CUL1;RPS6KA1;MAPKAPK3;PPP2R1A;RPS6KA2;MAPK14;USP14;IKBKG;MAP2K3
RA_Toll_Like_Receptor_TLR1:TLR2_Cascade%R-MMU-168179,0.15483871,0.321602229,0.385844071,1.216210214,47,55,PPP2R1B;CASP8;CUL1;RPS6KA1;MAPKAPK3;PPP2R1A;RPS6KA2;MAPK14;USP14;IKBKG;MAP2K3
RA_Toll_Like_Receptor_TLR6:TLR2_Cascade%R-MMU-168188,0.15483871,0.321602229,0.385844071,1.216210214,47,55,PPP2R1B;CASP8;CUL1;RPS6KA1;MAPKAPK3;PPP2R1A;RPS6KA2;MAPK14;USP14;IKBKG;MAP2K3
RA_Toll_Like_Receptor_2_(TLR2)_Cascade%R-MMU-181438,0.15483871,0.321602229,0.385844071,1.216210214,47,55,PPP2R1B;CASP8;CUL1;RPS6KA1;MAPKAPK3;PPP2R1A;RPS6KA2;MAPK14;USP14;IKBKG;MAP2K3
RA_MyD88_cascade_initiated_on_plasma_membrane%R-MMU-975871,0.15483871,0.321602229,0.385844071,1.216210214,47,55,PPP2R1B;CASP8;CUL1;RPS6KA1;MAPKAPK3;PPP2R1A;RPS6KA2;MAPK14;USP14;IKBKG;MAP2K3
RA_Extracellular_matrix_organization%R-MMU-1474244,0.156050955,0.321602229,0.375388279,1.200383066,48,59,CEACAM1;EMILIN1;ITGB1;MMP19;ITGB2;ITGB5;FN1;COL1A2;CAPN1;CAST;COL19A1;COL11A2;COL1A1;PECAM1;CTSB;IBSP
RA_Toll_Like_Receptor_7/8_(TLR7/8)_Cascade%R-MMU-168181,0.156050955,0.321602229,0.37500709,1.199164135,48,59,PPP2R1B;CASP8;CUL1;RPS6KA1;MAPKAPK3;PPP2R1A;RPS6KA2;MAPK14;USP14;IKBKG;MAP2K3
RA_Recruitment_of_NuMA_to_mitotic_centrosomes%R-MMU-380320,0.151125402,0.321602229,0.373670303,1.200876119,46,62,ODF2;DCTN1;CKAP5;TUBGCP4;TUBGCP2;PLK1;TUBG1;CLASP1;TUBGCP6;NEDD1
RA_RAF/MAP_kinase_cascade%R-MMU-5673001,0.152671756,0.321602229,0.331479678,1.169111028,39,113,PPP2R1B;VCL;JAK3;TLN1;SPTBN1;ARRB1;RASAL3;CUL3;FNTB;RASGRF2;IQGAP1;PSMD1;FN1;RASA3;HGF;PPP2R5B;ZDHHC9;PSMF1;PPP2R5C;JAK2;PSMD5;PIK3R2;PIK3CB;APBB1IP;SPRED2;MARK3;PSMC2;MAP3K11;PSMD2;PSME3
RA_MAPK1/MAPK3_signaling%R-MMU-5684996,0.157088123,0.321602229,0.331165118,1.167411047,40,114,PPP2R1B;VCL;JAK3;TLN1;SPTBN1;ARRB1;RASAL3;CUL3;FNTB;RASGRF2;IQGAP1;PSMD1;FN1;RASA3;HGF;PPP2R5B;ZDHHC9;PSMF1;PPP2R5C;JAK2;PSMD5;PIK3R2;PIK3CB;APBB1IP;SPRED2;MARK3;PSMC2;MAP3K11;PSMD2;PSME3
RA_G2/M_Transition%R-MMU-69275,0.147286822,0.321602229,0.328257512,1.16257692,37,123,PPP2R1B;ODF2;DCTN1;CKAP5;CUL1;HMMR;CCNB1;TUBGCP4;TUBGCP2;TPX2;XPO1;CDC25C;PLK1;PSMD1;TUBG1;CLASP1;PPP2R1A
RA_Mitotic_G2-G2/M_phases%R-MMU-453274,0.15625,0.321602229,0.326081999,1.15359118,39,125,PPP2R1B;ODF2;DCTN1;CKAP5;CUL1;HMMR;CCNB1;TUBGCP4;TUBGCP2;TPX2;XPO1;CDC25C;PLK1;PSMD1;TUBG1;CLASP1;PPP2R1A
RA_Nucleotide_Excision_Repair%R-MMU-5696398,0.149584488,0.321602229,-0.386983791,-1.196446338,107,96,POLR2L;POLR2F;RPS27A;INO80D;POLR2H;GTF2H5;RBX1;POLR2I;XPA;RPA3;POLE4;CETN2;HMGN1;POLE3;YY1;UBE2V2;ISY1
RA_Dual_incision_in_TC-NER%R-MMU-6782135,0.148843931,0.321602229,-0.432438242,-1.23001375,102,55,POLR2L;POLR2F;RPS27A;POLR2H;GTF2H5;RBX1;POLR2I;XPA;RPA3;POLE4;HMGN1;POLE3;ISY1
RA_TNFR2_non-canonical_NF-kB_pathway%R-MMU-5668541,0.156950673,0.321602229,-0.450115818,-1.243452604,104,46,RPS27A;PSMB5;XIAP;PSMB6;PSMA7;PSMD9;PSMB1;PSMD13;PSMC5;PSMD7;PSMD10;PSMD4;TNFSF14;TNFRSF18;BIRC2;PSME1;UBE2M
RA_GLI3_is_processed_to_GLI3R_by_the_proteasome%R-MMU-5610785,0.149700599,0.321602229,-0.480873782,-1.265829431,99,35,RPS27A;RBX1;PSMB5;PSMB6;PSMA7;PSMD9;PSMB1;PSMD13;PSMC5;PSMD7;PSMD10;PSMD4;GSK3B
RA_Detoxification_of_Reactive_Oxygen_Species%R-MMU-3299685,0.147249191,0.321602229,-0.538836086,-1.298052982,90,23,SOD1;CYBA;PRDX5;GSTP1;SOD2;CCS;PRDX2
RA_VEGFR2_mediated_vascular_permeability%R-MMU-5218920,0.160194175,0.324099659,0.540078411,1.262270417,65,15,AKT1;CTNNA1;MTOR;RAC1;JUP
RA_Conversion_from_APC/C:Cdc20_to_APC/C:Cdh1_in_late_anaphase%R-MMU-176407,0.161290323,0.324099659,0.517645018,1.250282862,64,17,CDC23;ANAPC2;CDC16;UBE2E1;ANAPC1
RA_Visual_phototransduction%R-MMU-2187338,0.16080402,0.324099659,0.497716719,1.27768338,63,21,MYO7A;FNTB;LRP10
RA_TRAF6_mediated_induction_of_NFkB_and_MAP_kinases_upon_TLR7/8_or_9_activation%R-MMU-975138,0.162337662,0.324099659,0.376862546,1.193255677,49,58,PPP2R1B;CASP8;CUL1;RPS6KA1;MAPKAPK3;PPP2R1A;RPS6KA2;MAPK14;USP14;IKBKG;MAP2K3
RA_MyD88_dependent_cascade_initiated_on_endosome%R-MMU-975155,0.162337662,0.324099659,0.376862546,1.193255677,49,58,PPP2R1B;CASP8;CUL1;RPS6KA1;MAPKAPK3;PPP2R1A;RPS6KA2;MAPK14;USP14;IKBKG;MAP2K3
RA_Downstream_TCR_signaling%R-MMU-202424,0.15918958,0.324099659,-0.441167603,-1.240234177,109,50,RPS27A;TAB2;PSMB5;PSMB6;PSMA7;PSMD9;PSMB1;NFKBIA;PSMD13;PSMC5;PSMD7;PSMD10;PDPK1;CDC34;PSMD4
RA_Glutathione_conjugation%R-MMU-156590,0.161936561,0.324099659,-0.56564895,-1.284090667,96,17,GGCT;MGST1;GSTP1;MGST2;GSTK1;GSTM5;GSS
WP_Alpha6-Beta4_Integrin_Signaling_Pathway%WP488,0.175637394,0.32572753,0.406510063,1.209993447,61,38,AKT1;ERBIN;PIK3CG;MTOR;RAC1;SHC1;PLEC;PIK3R2;PIK3CB;PAK1;SMAD3;YWHAZ;ITGA6;CASP3
WP_Myometrial_Relaxation_and_Contraction_Pathways%WP385,0.173913043,0.32572753,0.358662997,1.165944222,51,67,GRK6;PLCG2;ARRB1;PRKCB;DGKZ;PDE4D;GNAS;ADCY3;PLCG1;ATP2A2;YWHAQ;SLC8A1;GNB5;ITPR1;CREB1;ITPR2;GABPB1
KEGG_Nucleocytoplasmic_transport%mmu03013,0.154440154,0.326177606,0.349445896,1.201729732,39,93,NUP160;THOC1;NUP107;POM121;CASC3;NUP214;NUP205;NUP188;XPO5;NUP133;RANBP2;XPO1;NUP93;IPO11;XPO7;TMEM33;NUP155;NUP88;CSE1L;KPNA3;NUP98;KPNA4;KPNA1;XPO6;NXT2;THOC2;XPO4;IPO9;AAAS;TPR
KEGG_Human_T-cell_leukemia_virus_1_infection%mmu05166,0.156682028,0.328286153,0.301499636,1.131933231,33,165,MYC;JAK3;BUB1B;CDC23;TLN1;AKT1;ANAPC2;JAK1;KAT2A;VAC14;ESPL1;MAP3K3;CDC16;TGFBR2;ITGB2;XPO1;ANAPC1;NFATC1;ADCY3;ATR;CRTC1;ELK4;NFATC3;ITGB2L;MAP2K1;MAD1L1;IKBKG;PRKACA;KAT5;TRP53
KEGG_Th17_cell_differentiation%mmu04659,0.158064516,0.328575057,0.368826908,1.175835487,48,59,JAK3;JAK1;STAT6;TYK2;MTOR;TGFBR2;STAT1;NFATC1;PLCG1;MAPK14;NFATC3;IKBKG;JAK2;TGFB1;HIF1A;IFNGR1;SMAD3;SMAD4;STAT3;MAPK1;IL12RB1;RELA;STAT5A;NFKBIE;IL6ST
BP_intra-Golgi_vesicle-mediated_transport%0006891,0.041871921,0.329216418,0.577730657,1.550567632,16,22,COPB1;COPG1;COPA;COPG2;COPB2;COG2;COG5;COG6;NSF;GOSR2
BP_regulation_of_signal_transduction%0009966,0.0425,0.329216418,0.538821245,1.481936396,16,24,GRK6;PPP6R1;GNAS
BP_protein_autophosphorylation%0046777,0.042307692,0.329216418,0.393248301,1.341031959,10,96,CAD;SIK2;RIPK3;HCK;MTOR;MAP3K3;MINK1;MARK2;EIF2AK1;RIPK1;VRK2;ATR;TTK;EIF2S1;MAP3K9;CSF1R;FER;MELK;PRKACA;PEAK1;JAK2;EEF2K;STK24;STK10;ULK1;CLK3;SYK;MAP3K11;PAK1;ATM
KEGG_Osteoclast_differentiation%mmu04380,0.160447761,0.329875896,0.345215157,1.149294224,42,78,PLCG2;AKT1;JAK1;TYK2;RAC1;TGFBR2;STAT1;NFATC1;STAT2;CSF1R;SQSTM1;MAPK14;MAP2K1;IKBKG;IFNAR1;TEC;CREB1;PIK3R2;PIK3CB;SYK
KEGG_Synaptic_vesicle_cycle%mmu04721,0.161189358,0.329875896,-0.491174036,-1.239331801,102,30,ATP6V1G1;ATP6V1F;ATP6V0B;AP2S1;CLTA;CLTB;ATP6V1D;ATP6V0E
RA_Transcriptional_regulation_by_RUNX3%R-MMU-8878159,0.166666667,0.331566549,-0.454539606,-1.239335738,110,42,RPS27A;PSMB5;PSMB6;CCND1;PSMA7;PSMD9;PSMB1;KAT2B;PSMD13;PSMC5;PSMD7;PSMD10;PSMD4;EP300;MAML3;PSME1
RA_Cellular_response_to_hypoxia%R-MMU-1234174,0.168389956,0.333815299,-0.445023574,-1.222493714,113,44,RPS27A;RBX1;ELOB;PSMB5;ELOC;PSMB6;PSMA7;PSMD9;PSMB1;PSMD13;PSMC5;PSMD7;PSMD10;PSMD4;VHL;EP300
RA_Peroxisomal_protein_import%R-MMU-9033241,0.171597633,0.335267347,0.433648357,1.245990587,57,34,LONP2;GNPAT;CROT;CAT;HSD17B4;IDH1;EHHADH;CRAT;PEX14
RA_DNA_Damage_Bypass%R-MMU-73893,0.172619048,0.335267347,0.39266748,1.201854307,57,42,POLE;WDR48;RAD18;POLD1;VCP;DDB1;CUL4B;NPLOC4;REV1;RFC5;UBA7;RPA1
RA_Estrogen-dependent_gene_expression%R-MMU-9018519,0.171641791,0.335267347,-0.4643503,-1.23411023,114,36,POLR2L;POLR2F;POLR2H;POLR2I;USF2;HSP90AA1;GTF2F2;KAT2B;HSP90AB1;POLR2E;POLR2G;GTF2A2;SP1
RA_GPCR_ligand_binding%R-MMU-500792,0.170731707,0.335267347,-0.477012029,-1.243636347,111,33,CXCR4;RAMP1;PENK;HEBP1;GAL;FPR2;C5AR2;CX3CR1;CCL6;PTAFR;ADRB2;GPR65
RA_Processing_of_Capped_Intronless_Pre-mRNA%R-MMU-75067,0.173290938,0.335267347,-0.5020855,-1.262389523,108,28,SNRPF;SNRPE;SNRPD3;SNRPG;NUDT21;NCBP2;PABPN1;CPSF7
RA_mTORC1-mediated_signalling%R-MMU-166208,0.172818792,0.335267347,-0.54146523,-1.272868246,102,20,LAMTOR4;LAMTOR2;RPS6;EIF4B;LAMTOR5
RA_Signaling_by_ERBB4%R-MMU-1236394,0.172881356,0.335267347,-0.581734115,-1.292406953,101,15,RPS27A;PSENEN
RA_Regulation_of_insulin_secretion%R-MMU-422356,0.174019608,0.335524107,0.498885319,1.246485876,70,19,GNA15;ABCC8;PRKACA;GNA11;ITPR1;ITPR2;PRKACB;GNG12;RAPGEF3;PLCB3;PLCB1
"BP_retrograde_vesicle-mediated_transport,_Golgi_to_endoplasmic_reticulum%0006890",0.04398827,0.338220919,0.474222455,1.421525717,14,40,COPA;COPB2;GOLPH3L;PITPNB;SCFD1;NBAS;ARCN1;COG4;GBF1;SCYL1
WP_Signal_Transduction_of_S1P_Receptor%WP57,0.188235294,0.342522053,0.495048517,1.207676524,79,15,AKT1;PIK3C2G;RACGAP1;GNAI3;MAPK1;SPHK2
WP_Parkinsons_Disease_Pathway%WP3638,0.194373402,0.342522053,0.443909338,1.225845437,75,25,UBA1;UBE2J1;EPRS;CASP2;UBA7;MAPK14;PINK1;CASP7
WP_TYROBP_Causal_Network%WP3625,0.194767442,0.342522053,0.376717209,1.167095769,66,44,BIN2;NCKAP1L;RPS6KA1;ELF4;ITGB2;IGSF6;NRROS;SH2B3;ABCC4;GAPT;PLEK;APBB1IP;IL13RA1;ZFP36L2;C3
KEGG_Estrogen_signaling_pathway%mmu04915,0.168918919,0.343035343,0.356033028,1.154028684,49,67,RAF1;AKT1;NCOA2;SHC1;GNAS;ADCY3;FKBP5;MAP2K1;PRKACA;ITPR1;CREB1;NCOA1;PIK3R2;PIK3CB;ITPR2
RA_Downstream_signal_transduction%R-MMU-186763,0.178743961,0.343456827,0.493893894,1.220675973,73,18,STAT6;PLCG1;PIK3R2;PIK3CB;NCK2;RASA1;STAT3;STAT5A;CRKL
RA_Degradation_of_DVL%R-MMU-4641258,0.181137725,0.346872581,-0.463300904,-1.219571417,120,35,RPS27A;RBX1;PSMB5;PSMB6;PSMA7;PSMD9;PSMB1;PSMD13;PSMC5;PSMD7;PSMD10;PSMD4
RA_Platelet_degranulation%R-MMU-114608,0.182692308,0.346931575,0.385397516,1.203788544,56,52,VCL;ACTN4;TLN1;FERMT3;FLNA;MAGED2;TOR4A;FN1;HGF;VEGFA
RA_DNA_Replication%R-MMU-69306,0.183453237,0.346931575,0.332525412,1.148172132,50,98,POLE;CDC23;POLD1;CUL1;CDC6;POLA1;ANAPC2;MCM6;MCM2;MCM5;ORC3;CDC16;ORC5;UBE2E1;ANAPC1;PSMD1;MCM7;RFC5;RPA1;MCM4;MCM10;ORC1;PSMF1;KPNA1
RA_Transcription-Coupled_Nucleotide_Excision_Repair_(TC-NER)%R-MMU-6781827,0.181818182,0.346931575,-0.405477873,-1.183557785,127,66,POLR2L;POLR2F;RPS27A;POLR2H;GTF2H5;RBX1;POLR2I;XPA;RPA3;POLE4;HMGN1;POLE3;ISY1
RA_Amino_acids_regulate_mTORC1%R-MMU-9639288,0.184249629,0.346931575,-0.451985923,-1.222208495,123,39,LAMTOR4;LAMTOR2;ATP6V1G1;ATP6V1F;ATP6V0B
RA_Cellular_response_to_starvation%R-MMU-9711097,0.184249629,0.346931575,-0.451985923,-1.222208495,123,39,LAMTOR4;LAMTOR2;ATP6V1G1;ATP6V1F;ATP6V0B
BP_intermembrane_lipid_transfer%0120009,0.045563549,0.347757088,0.600874251,1.530545996,18,18,ESYT1;OSBPL8;PITPNB;OSBPL2;OSBPL5;PITPNM1;C2CD2L;ATG2A;GLTP
BP_inner_cell_mass_cell_proliferation%0001833,0.047058824,0.348907563,0.633927241,1.546472762,19,15,NCAPG2;BRCA2;INTS1;NDEL1;COPS2;TAF8;SETDB1;PALB2
BP_negative_regulation_of_T_cell_proliferation%0042130,0.04679803,0.348907563,0.564285528,1.514482334,18,22,BTLA;TSC2;RIPOR2;CEACAM1;PTPN6;GPNMB;MAD1L1
BP_endoplasmic_reticulum_to_Golgi_vesicle-mediated_transport%0006888,0.046153846,0.348907563,0.401294308,1.363066875,11,94,COPB1;COPG1;COPA;COPG2;MIA2;COPB2;TMED7;SCFD1;TRAPPC9;CUL3;ARCN1;VCP;SEC24D;TRAPPC11;STX17;TRAPPC13;TRAPPC12;SEC24C;ZW10
BP_behavioral_fear_response%0001662,0.046391753,0.348907563,-0.664404808,-1.485957824,26,16,COMT;DBI;PENK
BP_response_to_starvation%0042594,0.047619048,0.350557244,0.579014484,1.505184098,18,20,BCAS3;CAD;GNPAT;ADSL;ATG7;TRIM32
BP_maturation_of_5.8S_rRNA%0000460,0.049411765,0.351554562,0.632295242,1.542491483,20,15,NOL9;MTREX;EXOSC10;PRKDC;BOP1
BP_neuromuscular_junction_development%0007528,0.05,0.351554562,0.613680765,1.511197806,20,16,DCTN1;KALRN;NEDD4L;SPG11;AGRN;NEDD4;ALS2;DNAJA3;AFG3L2;PAK1
BP_positive_regulation_of_macroautophagy%0016239,0.050125313,0.351554562,0.574094203,1.492393521,19,20,TSC2;SUPT5;WAC;TBK1;IKBKG;SESN2;PINK1;SESN1;HIF1A;GNAI3;MAP3K7;PAFAH1B2;GPSM1
BP_regulation_of_canonical_NF-kappaB_signal_transduction%0043122,0.04859335,0.351554562,0.532543114,1.470605571,18,25,PLCG2;PIK3AP1;CARD6;SQSTM1;PPM1A;BTRC;UFL1
BP_cellular_response_to_insulin_stimulus%0032869,0.049180328,0.351554562,0.445146921,1.400641932,14,59,XBP1;AKT1;DENND4C;TSC2;CEACAM1;PARP1;PRKDC;MTOR;RAB31;CYFIP1;MYO5A;PKM;EEF2K;HDAC9;PIK3R2;MAPKAP1;UCP2
BP_protein_localization_to_plasma_membrane%0072659,0.048507463,0.351554562,0.399476926,1.328445134,12,84,CLASP2;C2CD5;SPTBN1;FLNA;DENND4C;PPIL2;GAK;PACS1;RAC1;MYO5A;TSPAN5;JUP;HECTD1;EFR3A;SEC23A;SESN2;RAPGEF6;EZR;TTC7B;FRMD8
BP_positive_regulation_of_protein_serine/threonine_kinase_activity%0071902,0.049833887,0.351554562,-0.608277392,-1.478864273,29,24,HIGD1A;PIM1;CIB1
KEGG_Vascular_smooth_muscle_contraction%mmu04270,0.176079734,0.352564103,0.387707579,1.184034884,52,50,RAF1;ARHGEF11;PRKCB;MYH9;PLA2G4A;ARHGEF1;GNAS;ADCY3;MAP2K1;PRKACA;GNA11;ITPR1;ITPR2;GNA12
KEGG_Toll-like_receptor_signaling_pathway%mmu04620,0.176282051,0.352564103,0.363090876,1.155809238,54,58,AKT1;CASP8;RAC1;STAT1;RIPK1;TBK1;MAPK14;MAP2K1;IKBKG;MAP2K3;IFNAR1;PIK3R2;PIK3CB
RA_trans-Golgi_Network_Vesicle_Budding%R-MMU-199992,0.188925081,0.354397622,0.380217985,1.191413812,57,54,AP1M1;AP1B1;AP3B1;ARRB1;GAK;CLTC;GBF1;AP1G2;AP4E1;DNM2
RA_Mitotic_G1_phase_and_G1/S_transition%R-MMU-453279,0.189473684,0.354397622,0.331918313,1.137374633,53,92,PPP2R1B;POLE;CUL1;CDC6;POLA1;MCM6;MCM2;MCM5;ORC3;RBL2;ORC5;PSMD1;MCM7;E2F4;TFDP1;PPP2R1A;RPA1;MCM4;MCM10;ORC1;PSMF1
RA_Class_A/1_(Rhodopsin-like_receptors)%R-MMU-373076,0.190779014,0.355657566,-0.493761664,-1.241460971,119,28,CXCR4;PENK;HEBP1;GAL;FPR2;C5AR2;CX3CR1;CCL6;PTAFR;ADRB2;GPR65
"KEGG_Glycine,_serine_and_threonine_metabolism%mmu00260",0.180246914,0.357783347,0.534233813,1.261083464,72,15,ALAS1;CHDH;SHMT1;DLD;PSAT1;SHMT2
RA_Rab_regulation_of_trafficking%R-MMU-9007101,0.193220339,0.357838983,0.350946939,1.159324337,56,73,TRAPPC8;DENND4C;RAB3GAP2;TRAPPC9;RIN3;TBC1D15;TBC1D25;TRAPPC11;RABGAP1;TRAPPC13;TRAPPC12;DENND1C;HPS4;ALS2;HPS1;MON1B;RAB7B;RAB11B;ULK1;TBC1D2;DENND2A;SBF1;DENND5A;TBC1D14
RA_mRNA_3'-end_processing%R-MMU-72187,0.192753623,0.357838983,-0.42170122,-1.190370853,132,52,RBM8A;MAGOH;UPF3B;MAGOHB;SARNP;U2AF1;NUDT21;SRSF9;NCBP2;CHTOP;PABPN1;CPSF7;SRSF3;THOC7;SRSF5;ALYREF;SRSF11
BP_platelet_dense_granule_organization%0060155,0.052380952,0.358882979,0.592148237,1.490591342,21,17,AP1M1;AP1B1;AP3B1;AP3M1;HPS4;HPS1;AP1G1;AP3D1;HPS6;HPS3;HPS5
BP_protein_K48-linked_deubiquitination%0071108,0.055137845,0.358882979,0.565712906,1.47060582,21,20,USP19;USP8;USP37;USP14;USP33;MINDY3;OTUD5
BP_positive_regulation_of_NLRP3_inflammasome_complex_assembly%1900227,0.055137845,0.358882979,0.56457275,1.467641913,21,20,PLCG2;PTPN22;DHX33;ZDHHC5;MAVS;MYD88;NEK7;TLR4;BTK
BP_positive_regulation_of_epithelial_cell_migration%0010634,0.051980198,0.358882979,0.559890696,1.484720952,20,21,CLASP2;PLCG2;PPM1F;TGFBR2;CLASP1;PLCG1;DOCK5;HDAC6
BP_phosphatidylinositol_phosphate_biosynthetic_process%0046854,0.0525,0.358882979,0.528550451,1.45368832,20,24,PIP5K1C;PIK3CG;PI4KA;PIK3C3;PI4K2A;TTC7B;PI4K2B;PIK3CB
BP_blood_vessel_development%0001568,0.054200542,0.358882979,0.494684629,1.427846096,19,31,PKD1;CEACAM1;MAP3K3;SMARCA4;COL1A2;VEGFA;PSEN1;GATAD2A;COL1A1;CCM2;DHCR7;ATP7A;HIF1A
BP_actin_filament_organization%0007015,0.053511706,0.358882979,0.417237181,1.356357596,15,67,MYO7A;MYO1F;ELMO2;RHOBTB2;CORO7;RAC1;MYO1C;MYO5A;TMOD3;SH3KBP1;ELMO1;GSN;CAP1;ABL2;CORO1B;PLEC;HDAC6;TPM4;ACTN1;MYO1G;NCK2;CDC42;ARHGEF2
BP_cell-cell_adhesion%0098609,0.054794521,0.358882979,0.410844155,1.334645446,15,70,PKD1;TLN1;CTNNA1;MYH9;ITGB1;SHC1;ITGB2;ITGB5;LRP5;JUP;VEGFA;EFR3A;PSEN1;TJP3;ITGB2L;ABL2;PVR;ITGA5;PECAM1;CYFIP2;LIMS1;CDC42;FNDC3A;PPP1CA;TLN2
BP_immune_response%0006955,0.054054054,0.358882979,-0.46320882,-1.364734549,37,67,CXCR4;LST1;H2-Q4;H2-AB1;H2-Q6;PGLYRP1;IGF1R;SLPI;H2-Q7;H2-T22;FCGRT;CX3CR1;BCAP31;CCL6;PNP2;TNFSF14;H2-K1;COLEC12;CCR2
BP_regulation_of_translation%0006417,0.055319149,0.358882979,-0.463812231,-1.368076606,38,68,RPL38;RPLP1;RBM8A;RPS9;RPS14;MAGOH;RACK1;SARNP;FOXO3;S100A9;TNRC6C;DNAJC1;MCTS1;RPS3;PUM2
BP_reactive_oxygen_species_metabolic_process%0072593,0.05483871,0.358882979,-0.572176198,-1.450011587,33,29,NDUFS6;SOD1;NDUFA13;NDUFS4;CYBA;SH3PXD2A;PRDX4;BCL2
BP_androgen_receptor_signaling_pathway%0030521,0.053264605,0.358882979,-0.644998527,-1.459680152,30,17,TMF1;DDX17;PARK7;RWDD1;ARID1A
RA_CLEC7A_(Dectin-1)_signaling%R-MMU-5607764,0.194524496,0.359073085,-0.411352437,-1.177876559,134,58,RPS27A;TAB2;PSMB5;PSMB6;PSMA7;PSMD9;PSMB1;NFKBIA;PSMD13;PSMC5;PSMD7;PSMD10;PDPK1;PYCARD;CDC34;CALM1;PSMD4;PPP3CB
RA_Ub-specific_processing_proteases%R-MMU-5689880,0.1953125,0.359080659,0.316090368,1.118243455,49,125,MYC;USP19;WDR48;ARRB1;RNF123;DDB2;USP8;USP7;RHOT1;KAT2A;USP37;BECN1;PSMD1;RIPK1;USP15;USP47;USP10;PSMF1;DDX58;USP21;USP14;USP33;IKBKG;TADA2B;PSMD5;STAM2;USP4
RA_Signaling_by_Nuclear_Receptors%R-MMU-9006931,0.195804196,0.359080659,-0.386500949,-1.159901149,139,78,POLR2L;POLR2F;CDKN1B;POLR2H;POLR2I;USF2;FOXO3;HSP90AA1;PPARD;FABP5;GTF2F2;KAT2B;HSP90AB1;POLR2E;POLR2G;GTF2A2;PDPK1;SP1;CALM1;EP300;ABCA1;PDHB;TBL1XR1;POLR2C;PPID;UHMK1;USF1
KEGG_Thyroid_cancer%mmu05216,0.18469657,0.361184403,0.448580345,1.212949558,69,25,MYC;NCOA4;DDB2;MAP2K1;TRP53;TPR
KEGG_HIF-1_signaling_pathway%mmu04066,0.184501845,0.361184403,0.341230991,1.127989006,49,75,ARNT;HK1;PLCG2;AKT1;PRKCB;PFKP;HK3;MTOR;ENO1;CUL2;VEGFA;PLCG1;PDK1;MAP2K1;MKNK1;MKNK2;PIK3R2;PIK3CB;PFKL
BP_protein_homooligomerization%0051260,0.056074766,0.361525512,0.448464107,1.40377727,17,55,KCTD10;KCTD9;NLRP1A;RIPOR2;BLM;G3BP2;TRP53BP1;MOSPD2;ALS2;ECT2;RNF135;LETM1;BCL10;PNPT1
KEGG_Autophagy%mmu04136,0.186486486,0.36200318,0.444771236,1.231311011,68,27,PIK3R4;MTOR;PIK3C3;BECN1;ATG7;ATG13;WIPI2;ATG4D;RPTOR;PPP2CB
BP_cristae_formation%0042407,0.056701031,0.363306606,-0.650674765,-1.455250244,32,16,UQCC3;MICOS13;MICOS10
RA_RET_signaling%R-MMU-8853659,0.200483092,0.36646747,0.484017126,1.196265197,82,18,SHC1;PLCG1;PRKACA;PIK3R2;PIK3CB;PRKACB;PDLIM7;IRS2
RA_Regulation_of_PLK1_Activity_at_G2/M_Transition%R-MMU-2565942,0.202657807,0.367267344,0.355032108,1.150145987,60,65,ODF2;DCTN1;CKAP5;CUL1;CCNB1;PLK1;TUBG1;CLASP1
RA_Gap-filling_DNA_repair_synthesis_and_ligation_in_TC-NER%R-MMU-6782210,0.202877698,0.367267344,-0.415081341,-1.179464065,140,54,POLR2L;POLR2F;RPS27A;POLR2H;GTF2H5;RBX1;POLR2I;RPA3;POLE4;HMGN1;POLE3;ISY1
RA_Phase_II_-_Conjugation_of_compounds%R-MMU-156580,0.202682563,0.367267344,-0.444621575,-1.192389271,135,38,COMT;GGCT;MGST1;GSTP1;IMPAD1;TRMT112;MGST2;GSTK1;GSTM5;ABHD10;SLC26A2;GSS;NAT2
RA_Metabolism_of_polyamines%R-MMU-351202,0.20508982,0.370081951,-0.453910991,-1.194853853,136,35,PSMB5;PSMB6;PSMA7;PSMD9;PSMB1;PSMD13;OAZ1;PSMC5;PSMD7;PSMD10;SAT1;PSMD4;PSME1;SMS
KEGG_Fructose_and_mannose_metabolism%mmu00051,0.192612137,0.371164994,0.446304326,1.206795264,72,25,HK1;PFKP;HK3;TKFC;FCSK;PFKL;FBP1;PFKFB4;HK2
RA_MAP2K_and_MAPK_activation%R-MMU-5674135,0.208542714,0.371726212,0.475609434,1.220932,82,21,VCL;TLN1;ARRB1;IQGAP1;FN1
RA_Telomere_C-strand_(Lagging_Strand)_Synthesis%R-MMU-174417,0.209115282,0.371726212,0.432266715,1.19774958,77,28,POLD1;BLM;POLA1;CHTF18;RFC5;RPA1;WRN;CTC1;RFC1;POLA2;PRIM1;PRIM2;POLD2
RA_Recruitment_of_mitotic_centrosome_proteins_and_complexes%R-MMU-380270,0.209003215,0.371726212,0.356393981,1.145354655,64,62,ODF2;DCTN1;CKAP5;TUBGCP4;TUBGCP2;PLK1;TUBG1;CLASP1;TUBGCP6;NEDD1
RA_Centrosome_maturation%R-MMU-380287,0.209003215,0.371726212,0.356393981,1.145354655,64,62,ODF2;DCTN1;CKAP5;TUBGCP4;TUBGCP2;PLK1;TUBG1;CLASP1;TUBGCP6;NEDD1
RA_Signaling_by_WNT%R-MMU-195721,0.209302326,0.371726212,0.316718231,1.107890544,53,112,PPP2R1B;VPS35;PRKCB;RBBP5;USP8;CUL1;AP2A1;VPS26A;CUL3;DVL3;RAC1;SMARCA4;CLTC;XPO1;PSMD1;MEN1;LRP5;TLE1;AP2M1;PPP2R5B;PSMF1;PPP2R5C;DVL2;AXIN1;PSMD5
BP_protein_localization_to_chromatin%0071168,0.0591133,0.371876399,0.537491307,1.442569497,23,22,CARM1;MSH2;PARP1;PLK1;TONSL;CHMP7;MCM9;MMS22L
BP_mitotic_spindle_assembly_checkpoint_signaling%0007094,0.058666667,0.371876399,0.497423134,1.423632797,21,30,ZFP207;BUB1B;BUB1;PLK1;ZWILCH;TTK;KNTC1;ZW10;MAD1L1;NDC80;TPR;HASPIN;NUF2;SPDL1;ATM;CDC20
BP_heart_development%0007507,0.05907173,0.371876399,0.359456904,1.295779687,13,137,KCTD10;CAD;PKD1;AP1B1;TSC2;MTHFD1;CASP8;PRKDC;MGRN1;KAT2A;MICAL2;MEF2A;SMARCA4;ASXL2;TGFBR2;SHC1;HDAC5;MED12;NFATC1;FN1;DAG1;PTCD2;PSEN1;RPS6KA2;MED1;NFATC3;TMEM67;MAP2K1;DVL2;SMYD2;MAP2K3;TRP53;GNA11;GYS1;TBC1D32;HDAC9;MOSPD3;CASP7;ZDHHC16;AP2B1;CCM2;ATM
KEGG_SNARE_interactions_in_vesicular_transport%mmu04130,0.194620253,0.372317006,-0.491973635,-1.218713663,122,27,VAMP8;BET1L;STX4A;STX8;USE1;STX16;VTI1B;BNIP1
RA_RHOF_GTPase_cycle%R-MMU-9035034,0.210666667,0.372744828,0.456295206,1.220734723,78,25,ARHGAP1;ESYT1;DIAPH2;SRGAP2;PIK3R2;ACTN1;DEPDC1B;ARHGAP39;ADD3;TOR1AIP1;RHOF;MTMR1
RA_Endosomal_Sorting_Complex_Required_For_Transport_(ESCRT)%R-MMU-917729,0.2112,0.372744828,-0.496762017,-1.227420109,131,26,RPS27A;CHMP4B;CHMP5;SNF8;CHMP2A;MVB12B;MVB12A;CHMP3;STAM;VPS25
RA_Resolution_of_D-Loop_Structures%R-MMU-5693537,0.218592965,0.372932846,0.473586237,1.215738271,86,21,SPIDR;BLM;RMI1;TOP3A;EME1;EXO1;WRN;KAT5;SLX4
RA_Resolution_of_D-loop_Structures_through_Holliday_Junction_Intermediates%R-MMU-5693568,0.218592965,0.372932846,0.473586237,1.215738271,86,21,SPIDR;BLM;RMI1;TOP3A;EME1;EXO1;WRN;KAT5;SLX4
RA_p75_NTR_receptor-mediated_signalling%R-MMU-193704,0.215434084,0.372932846,0.368395449,1.145634311,66,50,ARHGEF11;KALRN;NET1;NCSTN;RASGRF2;ARHGEF1;TIAM2;ARHGEF6;CASP2;VAV3;SQSTM1;VAV1;ECT2;ABR;ARHGEF3;FGD2;PLEKHG5;MYD88;PLEKHG2;ARHGEF2;PREX1
RA_Loss_of_Nlp_from_mitotic_centrosomes%R-MMU-380259,0.216129032,0.372932846,0.364828992,1.149969067,66,55,ODF2;DCTN1;CKAP5;PLK1;TUBG1;CLASP1
RA_Loss_of_proteins_required_for_interphase_microtubule_organization_from_the_centrosome%R-MMU-380284,0.216129032,0.372932846,0.364828992,1.149969067,66,55,ODF2;DCTN1;CKAP5;PLK1;TUBG1;CLASP1
RA_Homology_Directed_Repair%R-MMU-5693538,0.216027875,0.372932846,0.34489256,1.134577185,61,72,POLE;SPIDR;POLD1;BLM;NBN;RMI1;BRCA2;TOP3A;RAD9A;EME1;RFC5;EXO1;RPA1;ATRIP;WRN
RA_Synthesis_of_DNA%R-MMU-69239,0.212765957,0.372932846,0.330833729,1.12604817,59,90,POLE;CDC23;POLD1;CUL1;CDC6;POLA1;ANAPC2;MCM6;MCM2;MCM5;ORC3;CDC16;ORC5;UBE2E1;ANAPC1;PSMD1;MCM7;RFC5;RPA1;MCM4;ORC1;PSMF1
RA_Epigenetic_regulation_of_gene_expression%R-MMU-212165,0.213235294,0.372932846,-0.435441884,-1.185329339,144,40,POLR2L;POLR2F;POLR2H;TAF1D;HIST1H2AB;ZNRD1;POLR1C;HIST1H2AC;KAT2B;POLR2E
RA_Regulation_of_PTEN_gene_transcription%R-MMU-8943724,0.218562874,0.372932846,-0.448005558,-1.179308672,145,35,LAMTOR4;LAMTOR2;CHD3;LAMTOR5;CBX8;GATAD2B
RA_Metalloprotease_DUBs%R-MMU-5689901,0.217171717,0.372932846,-0.518686785,-1.208238828,128,19,RPS27A;HIST1H2AB;HIST1H2AC;KAT2B;BARD1;UIMC1;EP300;STAM
RA_Signaling_by_FGFR3%R-MMU-5654741,0.216949153,0.372932846,-0.559534092,-1.243086372,127,15,RPS27A;SPRY2
RA_Regulation_of_ornithine_decarboxylase_(ODC)%R-MMU-350562,0.219814241,0.373883438,-0.461770092,-1.195079955,141,31,PSMB5;PSMB6;PSMA7;PSMD9;PSMB1;PSMD13;OAZ1;PSMC5;PSMD7;PSMD10;PSMD4
WP_TNF-alpha_NF-kB_Signaling_Pathway%WP246,0.219512195,0.379495659,0.298240928,1.09657492,53,153,AKT1;FLNA;RNF216;CASP8;CUL1;GTF2I;ELP1;ACTL6A;FANCD2;SMARCC2;MCM5;RIPK3;POLR1B;G3BP2;POLR1A;MAP3K3;SMARCA4;MARK2;STAT1;PSMD1;MCM7;FAF1;RIPK1;NSMAF;CASP2;FKBP5;KPNA3;BTRC;DPF2;PKN1;TBK1;IQGAP2;LRPPRC;TRPC4AP;CCAR2;TNIP1;IKBKG;PRKACA
RA_Phase_I_-_Functionalization_of_compounds%R-MMU-211945,0.223958333,0.379784764,0.456879019,1.200013229,85,23,ARNT;NCOA2;ALDH2;NCOA1
BP_peptidyl-serine_phosphorylation%0018105,0.0609319,0.381007903,0.404117677,1.31399098,16,74,DGKQ;PKD1;ILK;AKT1;PRKDC;MTOR;MARK2;PLK1;MAPKAPK3;ATR;TTK;PDK3;RPS6KA2;TBK1;MAPK14;MKNK1;PRKACA;PINK1;HIPK2;ULK1;MARK3;SYK;ATM
RA_Positive_epigenetic_regulation_of_rRNA_expression%R-MMU-5250913,0.228070175,0.384441643,-0.492943622,-1.213933226,142,25,POLR2L;POLR2F;POLR2H;TAF1D;ZNRD1;POLR1C;KAT2B;POLR2E
RA_B-WICH_complex_positively_regulates_rRNA_expression%R-MMU-5250924,0.228070175,0.384441643,-0.492943622,-1.213933226,142,25,POLR2L;POLR2F;POLR2H;TAF1D;ZNRD1;POLR1C;KAT2B;POLR2E
BP_regulation_of_mRNA_processing%0050684,0.06185567,0.384468177,-0.641468503,-1.434660211,35,16,RBM8A;MAGOH;MAGOHB;SRPK1
KEGG_Arrhythmogenic_right_ventricular_cardiomyopathy%mmu05412,0.203166227,0.385037749,0.442417235,1.196284671,76,25,CTNNA1;ITGB1;ITGB5;JUP;DAG1;ATP2A2;SLC8A1;ITGA5
KEGG_Influenza_A%mmu05164,0.205645161,0.385037749,0.323804261,1.123048843,50,102,RAF1;AKT1;PRKCB;CASP8;ADAR;JAK1;TYK2;XPO1;STAT1;NLRX1;EIF2S1;STAT2;NUP98;TBK1;KPNA1;MAP2K1;NXT2;IKBKG;JAK2;IFNAR1;RAB11B;PIK3R2;PIK3CB;PML;IFIH1;MAVS
KEGG_Cytosolic_DNA-sensing_pathway%mmu04623,0.204316547,0.385037749,-0.431746568,-1.195223714,141,47,POLR2L;POLR2F;POLR2H;DNASE2A;POLR1D;POLR1C;POLR3GL;NFKBIA;POLR2E
RA_Integrin_signaling%R-MMU-354192,0.229268293,0.385307608,0.489272835,1.175472085,93,16,TLN1;SHC1;FN1;APBB1IP;SYK
BP_positive_regulation_of_transcription_by_RNA_polymerase_I%0045943,0.062656642,0.387030883,0.558939315,1.45299745,24,20,PHF8;MYBBP1A;HEATR1;SF3B1;MYO1C;DHX33;UTP15;WDR43;WDR75;DDX21;SMARCA5
BP_positive_regulation_of_protein_import_into_nucleus%0042307,0.063013699,0.387030883,0.481295625,1.409351424,22,33,XBP1;FLNA;UBR5;BRCA1;JUP;PSEN1;MAPK14;PTPN22;ECT2;JAK2;TPR;PIK3R2;MAVS
RA_DNA_Replication_Pre-Initiation%R-MMU-69002,0.232638889,0.388283624,0.338115718,1.118805917,66,75,POLE;CDC23;CDC6;POLA1;ANAPC2;MCM6;MCM2;MCM5;ORC3;CDC16;ORC5;UBE2E1;ANAPC1;PSMD1;MCM7;RPA1;MCM4;MCM10;ORC1;PSMF1;KPNA1
RA_Post-translational_modification:_synthesis_of_GPI-anchored_proteins%R-MMU-163125,0.231788079,0.388283624,-0.51179144,-1.214110968,139,21,LY6K;DPM3;PIGL;PIGF;CD52;PLAUR;FCGR4
RA_Signaling_by_FGFR1%R-MMU-5654736,0.233108108,0.388283624,-0.536508926,-1.209924813,137,16,RPS27A;SPRY2
RA_APC-Cdc20_mediated_degradation_of_Nek2A%R-MMU-179409,0.233990148,0.388603107,0.468793039,1.183297646,94,20,BUB1B;CDC23;ANAPC2;CDC16;UBE2E1;ANAPC1
BP_positive_regulation_of_cell-substrate_adhesion%0010811,0.064285714,0.389347337,0.596784949,1.469591613,26,16,RSU1;EMILIN1;ITGB1;RAC1;PPM1F;JAK2;ITGA5;LIMS1;L1CAM;ITGA6
BP_intrinsic_apoptotic_signaling_pathway_in_response_to_DNA_damage%0008630,0.064516129,0.389347337,0.450407915,1.387557835,21,43,MYC;FNIP2;MSH2;MLH1;MSH6;BRCA1;PRKDC;BRCA2;TOPORS;RAD9A;CASP2;USP47
BP_cell_redox_homeostasis%0045454,0.063829787,0.389347337,-0.572732522,-1.407690817,38,25,TXN1;SELENOT;SELENOS;PRDX5;PRDX4;CHD6;PRDX2
KEGG_Dopaminergic_synapse%mmu04728,0.211221122,0.390376144,0.349845848,1.121966109,63,63,PPP2R1B;AKT1;ARRB1;PRKCB;GNAS;PPP2R1A;PPP2R5B;MAPK14;PPP2R5C;PPP2R3C;PRKACA;GNB5;ITPR1;CREB1;ITPR2
KEGG_Human_immunodeficiency_virus_1_infection%mmu05170,0.211453744,0.390376144,0.29935065,1.095490667,47,146,RAF1;DCAF1;AP1M1;PLCG2;AKT1;AP1B1;PRKCB;CASP8;CUL1;CCNB1;LIMK1;MTOR;RAC1;DDB1;CUL4B;CDC25C;AP1G2;NFATC1;RIPK1;ATR;PXN;BTRC;PLCG1;TBK1;MAPK14;NFATC3;MAP2K1;IKBKG;MAP2K3;GNA11;GNB5;ITPR1;PIK3R2;PIK3CB;ITPR2
BP_regulation_of_circadian_rhythm%0042752,0.06547619,0.392857143,0.447352751,1.384394974,21,45,USP7;PRKDC;TOP2A;MTOR;DDB1;ATG7;KDM5B;CRY1;PRKAA1;BTRC;CCAR2;FBXW7;PML;PPP1CA;CSNK1D;TIMELESS
"RA_Nucleotide-binding_domain,_leucine_rich_repeat_containing_receptor_(NLR)_signaling_pathways%R-MMU-168643",0.238023952,0.394139662,-0.444242004,-1.169401668,158,35,RPS27A;TAB2;PSTPIP1;BCL2;HSP90AB1;AAMP;PYCARD;SUGT1;BIRC2;AIM2
BP_establishment_of_protein_localization%0045184,0.066831683,0.398685558,0.552183162,1.464282076,26,21,FLNA;PLEKHA1;RIPOR2;PLK1;CARMIL2;LIMS1;CENPE;KIF14;CEP55;RDX;CORO1C;HINFP
WP_Wnt_Signaling_in_Kidney_Disease%WP3857,0.24047619,0.399539171,0.475129937,1.170014378,100,16,DVL3;LRP5;BTRC;DVL2;AXIN1
WP_Glycerolipids_and_Glycerophospholipids%WP4345,0.242857143,0.399539171,0.474781714,1.169156875,101,16,PCYT1A;DGKZ;CDIPT;DGAT2;CHPT1;PNPLA2;PTDSS2
WP_TCA_Cycle%WP434,0.241469816,0.399539171,0.413611673,1.158458785,91,28,PCX;PDK3;PDK1;SDHA;IDH3G;OGDH;IDH3A;IDH3B;ACO2;DLD;FH1;DLAT;IDH2
KEGG_Viral_protein_interaction_with_cytokine_and_cytokine_receptor%mmu04061,0.219155844,0.401785714,-0.511606709,-1.2143337,134,21,CXCR4;CX3CR1;CCL6;TNFSF14;TNFRSF10B;CCR2
BP_protein_localization_to_phagophore_assembly_site%0034497,0.068235294,0.402433155,0.607038087,1.480876363,28,15,PIK3C3;ATG13;STX17;WIPI2;MFN2;ATG4D
BP_isotype_switching%0045190,0.068235294,0.402433155,0.606406094,1.47933461,28,15,MSH2;MLH1;MSH6;PCYT1A;NBN;EXO1;SWAP70
BP_intracellular_glucose_homeostasis%0001678,0.069047619,0.40277356,0.587311164,1.446262282,28,16,RAF1;HK1;HK3;ABCC8;PIK3R2
BP_defense_response_to_Gram-positive_bacterium%0050830,0.069069069,0.40277356,-0.493741954,-1.363377606,45,45,ROMO1;FAU;RPL39;CAMP;PGLYRP1;RNASE4;PPP1R11
WP_G13_Signaling_Pathway%WP298,0.249322493,0.403664989,0.398524212,1.150290927,91,31,MAP3K4;LIMK1;IQGAP1;RAC1;ARHGEF1;PKN1;IQGAP2;PIK3R2;PIK3CB;CDC42
BP_positive_regulation_of_protein_metabolic_process%0051247,0.070588235,0.40480988,0.60027984,1.464389542,29,15,AKT1;EIF4G1;NR1H2;TGFB1
BP_cardiac_muscle_cell_development%0055013,0.070588235,0.40480988,0.59748042,1.457560326,29,15,MTOR;ATG7;VEGFA;HNRNPU;PLEC;SLC8A1;ZMPSTE24
BP_positive_regulation_of_glial_cell_proliferation%0060252,0.070588235,0.40480988,0.596073866,1.454129021,29,15,MYC;MTOR;UFL1
WP_Splicing_factor_NOVA_regulated_synaptic_proteins%WP1983,0.257985258,0.404838405,0.449057448,1.150958873,104,19,AGRN;STX2;SNW1;EPB41;CLASP1
WP_Oxidative_Stress%WP412,0.255852843,0.404838405,-0.489259535,-1.164302352,152,21,SOD1;CYBA;MGST1;SOD2;GSTT2;FOS;JUNB;SP1
BP_regulation_of_Rho_protein_signal_transduction%0035023,0.071253071,0.406377406,0.5597743,1.434732237,28,19,DOCK7;DOCK8;DOCK11;DOCK10;CDC42SE2;ARHGEF2;TAGAP
RA_Synthesis_of_active_ubiquitin:_roles_of_E1_and_E2_enzymes%R-MMU-8866652,0.248,0.409454545,-0.477058236,-1.178735195,154,26,RPS27A;UBE2A;UBE2S;UCHL3;UBE2K;UBE2R2;UBE2B;CDC34;UBE2T;UBE2C;OTULIN
KEGG_Systemic_lupus_erythematosus%mmu05322,0.22528363,0.410171575,-0.502713626,-1.203917527,138,22,SNRPD1;SNRPD3;H2-AB1;C1QB;FCGR4;C1QC;H3F3B;SSB;H2-AA;SNRPB
BP_monocyte_differentiation%0030224,0.072941176,0.411349766,0.593595938,1.448084087,30,15,FASN;MYH9;GMPR2;VEGFA;MED1;IFI209
BP_synapse_organization%0050808,0.073710074,0.411349766,0.557820829,1.429725386,29,19,NPTN;FLNA;MYO5A;PSEN1
BP_protein_processing%0016485,0.073170732,0.411349766,0.443381603,1.39052465,23,54,MYC;PITRM1;PMPCA;LONP2;CASP8;NCSTN;PIK3C3;CASP2;PSEN1;PCSK7;ADAM17;AFG3L2;CASP7;ATG4D;ZMPSTE24
BP_telomere_maintenance%0000723,0.073619632,0.411349766,0.434683913,1.359112896,23,51,PARP1;BLM;PRKDC;NBN;ACTL6A;XRN1;RAD50;RECQL4;ATR;RPA1;DCLRE1C;RTEL1;WRN;XRCC6;SP100;RIF1;CTC1;ACTR8;ATM
"RA_Interleukin-3,_Interleukin-5_and_GM-CSF_signaling%R-MMU-512988",0.25,0.411549708,0.404705142,1.145784886,88,31,JAK3;HCK;SHC1;PTPN6;VAV1;PRKACA;JAK2;TEC;PIK3R2;PIK3CB;SYK
BP_regulation_of_innate_immune_response%0045088,0.07518797,0.415133579,0.540264727,1.404451699,29,20,MYO1F;CASP8;APPL2;PTPN22;TKFC;SERPINB1A;RNF135;LRP8;DHX58
BP_release_of_sequestered_calcium_ion_into_cytosol%0051209,0.075,0.415133579,0.513400774,1.412021705,29,24,CHERP;PLCG2;FLNA;PLCL2;PLCG1;ITPR1;ITPR2
KEGG_Melanogenesis%mmu04916,0.231927711,0.415308438,0.381541804,1.145366987,76,40,RAF1;PRKCB;DVL3;GNAS;ADCY3;MAP2K1;DVL2;PRKACA;CREB1
KEGG_Alcoholism%mmu05034,0.230263158,0.415308438,0.361791048,1.124036394,69,53,RAF1;SHC1;HDAC5;GNAS;MAP2K1;PRKACA;CAMKK1;HDAC6;SLC29A1;GNB5;CREB1;HDAC9;PPP1CA;ATF6B;SOS2;GNAI3;HDAC3;MAPK1;HDAC10;PRKACB;ARAF;HDAC1
KEGG_Neurotrophin_signaling_pathway%mmu04722,0.232824427,0.415308438,0.323952297,1.101508108,60,88,RAF1;PLCG2;AKT1;SH2B2;RPS6KA1;KIDINS220;MAP3K3;RAC1;SHC1;PSEN1;PLCG1;RPS6KA2;MAPK14;MAP2K1;TRP53;ZFP110;SH2B3;PIK3R2;PIK3CB
KEGG_Renal_cell_carcinoma%mmu05211,0.236065574,0.416719577,0.355282426,1.112477591,71,56,RAF1;ARNT;AKT1;RAC1;HGF;CUL2;VEGFA
KEGG_Phagosome%mmu04145,0.236772487,0.416719577,-0.362032453,-1.13134429,178,100,H2-Q4;ATP6V1G1;ATP6V1F;ACTB;ATP6V0B;CYBA;H2-AB1;H2-Q6;CTSL;H2-Q7;TUBB5;H2-T22;ATP6V1D;ATP6V0E;FCGR4;EEA1;CTSS;H2-AA;H2-K1;TAP1;TUBA1C;COLEC12;SEC22B;TAP2;RAB5C;H2-T23;H2-DMA;TFRC;VAMP3;TCIRG1;RAB5A;ACTG1;ATP6AP1;CD14;THBS1
KEGG_Metabolism_of_xenobiotics_by_cytochrome_P450%mmu00980,0.238410596,0.416823824,-0.511904533,-1.186981204,143,18,DHDH;MGST1;GSTP1;GSTT2;MGST2;GSTK1;GSTM5
RA_Cross-presentation_of_soluble_exogenous_antigens_(endosomes)%R-MMU-1236978,0.254746835,0.418141307,-0.458508847,-1.160042896,160,29,PSMB5;PSMB6;PSMA7;PSMD9;PSMB1;PSMD13;PSMC5;PSMD7;PSMD10;PSMD4
RA_Ion_transport_by_P-type_ATPases%R-MMU-936837,0.25831202,0.418143236,0.445197096,1.160497854,100,22,ATP2C1;ATP13A2;ATP1A3;ATP2A2;ATP10A;ATP11B;ATP1A1;ATP8B4;ATP8A2;ATP7A;ATP13A1
RA_RND2_GTPase_cycle%R-MMU-9696270,0.25994695,0.418143236,0.42311064,1.147834442,97,26,ARHGAP1;NISCH;KIDINS220;WDR6;GOLGA3;RBMX;PIK3R2;DEPDC1B;KTN1
RA_Downstream_signaling_events_of_B_Cell_Receptor_(BCR)%R-MMU-1168372,0.257016248,0.418143236,-0.419289104,-1.151800318,173,44,RPS27A;PSMB5;PSMB6;PSMA7;PSMD9;PSMB1;NFKBIA;FKBP1A;PSMD13;PSMC5;PSMD7;PSMD10;CALM1;PSMD4;PPP3CB
RA_Regulation_of_RAS_by_GAPs%R-MMU-5658442,0.258258258,0.418143236,-0.426770133,-1.163620222,171,42,RPS27A;RBX1;PSMB5;PSMB6;PSMA7;PSMD9;PSMB1;SYNGAP1;PSMD13;PSMC5;PSMD7;PSMD10;PSMD4
RA_Dectin-1_mediated_noncanonical_NF-kB_signaling%R-MMU-5607761,0.259701493,0.418143236,-0.433021011,-1.150845943,173,36,RPS27A;PSMB5;PSMB6;PSMA7;PSMD9;PSMB1;PSMD13;PSMC5;PSMD7;PSMD10;PSMD4
RA_NIK-->noncanonical_NF-kB_signaling%R-MMU-5676590,0.259701493,0.418143236,-0.433021011,-1.150845943,173,36,RPS27A;PSMB5;PSMB6;PSMA7;PSMD9;PSMB1;PSMD13;PSMC5;PSMD7;PSMD10;PSMD4
RA_Intraflagellar_transport%R-MMU-5620924,0.259615385,0.418143236,-0.467476433,-1.168328209,161,27,IFT20;DYNLRB1;DYNLL1;TRIP11;CLUAP1;KIF3B
BP_proteasomal_protein_catabolic_process%0010498,0.076167076,0.418314418,0.555991843,1.425037592,30,19,VCP;DDB1;CUL4B;RNF41;PRPF19;BAG6;TRIM21;NUB1;FILIP1L
BP_vesicle-mediated_transport%0016192,0.076923077,0.420242915,0.361812389,1.275537227,18,117,COPG1;AP1M1;MIA2;AP1B1;AP3B1;KIF1B;AP2A1;KIF17;ARFGAP2;GOLPH3L;SCFD2;RIN3;VPS41;STX2;AP1G2;VPS11;MYO5A;VPS33B;AP4E1;AP3M1;AP2M1;HPS4;GSN;HPS1;MON1B;STX6;OLR1;NSF;GOSR2;AP2A2;STX5A;AP2B1;VPS45;AP5B1;LGALS3BP;VPS33A;CCZ1;VPS9D1
KEGG_Glucagon_signaling_pathway%mmu04922,0.242524917,0.421227487,0.338932385,1.092396233,72,65,AKT1;PFKP;SIK2;PYGB;GNAS;PHKG2;PKM;PRKAA1;PYGL;PRKACA;ACACA;GYS1;ITPR1;CREB1;ITPR2;PFKL
KEGG_Pancreatic_cancer%mmu05212,0.245791246,0.421978022,0.341454094,1.096212273,72,64,RAF1;AKT1;DDB2;JAK1;MTOR;RAC1;BRCA2;TGFBR2;STAT1;ARHGEF6;VEGFA;MAP2K1;IKBKG;TRP53;PIK3R2;PIK3CB
KEGG_Necroptosis%mmu04217,0.246153846,0.421978022,0.319774397,1.090073344,63,90,JAK3;CASP8;PARP1;PLA2G4A;JAK1;STAT6;TYK2;RIPK3;PYGB;STAT1;FAF1;RIPK1;CAPN1;STAT2;SQSTM1;AIFM1;MLKL;USP21;CHMP7;PYGL;JAK2;IFNAR1
RA_Anchoring_of_the_basal_body_to_the_plasma_membrane%R-MMU-5620912,0.263888889,0.422072285,0.326812986,1.081405811,75,75,ODF2;DCTN1;CKAP5;PLK1;TUBG1;CLASP1;KIF24;NEDD1;CEP162;TMEM67;PRKACA;CEP78;IQCB1;PLK4;CSNK1D;ACTR1A;PCM1;CENPJ;CEP89;CDK5RAP2;CC2D2A;CEP72
RA_Degradation_of_GLI1_by_the_proteasome%R-MMU-5610780,0.263554217,0.422072285,-0.436584394,-1.145976636,174,34,RPS27A;RBX1;PSMB5;PSMB6;PSMA7;PSMD9;PSMB1;PSMD13;PSMC5;PSMD7;PSMD10;PSMD4
BP_adaptive_immune_response%0002250,0.07788162,0.423251945,0.43742001,1.369207163,24,55,JAK3;BTLA;PRKCB;MFSD6;FBXO38;DCLRE1C;NEDD4;JAK2;ANXA1;TEC;BCL10;CTNNBL1;SYK;RNF125;TNFRSF21;ADGRE1;PRKD2;BMX
BP_cell_surface_receptor_signaling_pathway_via_JAK-STAT%0007259,0.07960199,0.423727516,0.514711309,1.395503824,31,23,JAK3;PKD1;JAK1;STAT6;TYK2;STAT1;STAT2;CTR9;JAK2;IFNAR1;STAT4;PIAS1;CSF2RB2;CSF2RA;IL31RA;STAT3;STAT5A
BP_spindle_assembly%0051225,0.079452055,0.423727516,0.471685079,1.381209393,28,33,PPP2R1B;KIF11;TUBGCP4;TUBGCP2;TPX2;PPP2R1A;TUBGCP6
BP_maturation_of_SSU-rRNA%0030490,0.078632479,0.423727516,-0.614695554,-1.41055445,45,18,RPS28;RPS14;LSM6;NOL7;RPS19;TRMT112
BP_negative_regulation_of_ubiquitin-dependent_protein_catabolic_process%2000059,0.079037801,0.423727516,-0.619541055,-1.40206798,45,17,RPL23;RPL11;PSEN2;CDKN2A;RPL5
KEGG_Dilated_cardiomyopathy%mmu05414,0.249307479,0.424626932,0.398226391,1.139008,89,31,ITGB1;GNAS;ITGB5;ADCY3;DAG1;ATP2A2;PRKACA;SLC8A1;TPM4;ITGA5
RA_Recognition_of_DNA_damage_by_PCNA-containing_replication_complex%R-MMU-110314,0.266666667,0.425306893,0.43444471,1.162277701,99,25,POLE;WDR48;RAD18;POLD1;DDB1;CUL4B;RFC5;RPA1
RA_HDR_through_Homologous_Recombination_(HRR)%R-MMU-5685942,0.270186335,0.428492695,0.377534809,1.129455977,86,40,POLE;SPIDR;POLD1;BLM;RMI1;TOP3A;EME1;RFC5;EXO1;RPA1;WRN
RA_activated_TAK1_mediates_p38_MAPK_activation%R-MMU-450302,0.269491525,0.428492695,-0.534689511,-1.187890521,158,15,RPS27A;TAB2
BP_negative_regulation_of_programmed_cell_death%0043069,0.081534772,0.429706905,0.560107216,1.426704264,33,18,PLCG2;DPP9;XPNPEP1;BECN1;DPP8;VEGFA;DNAJA3;PEPD
BP_negative_regulation_of_autophagy%0010507,0.081967213,0.429706905,0.457853448,1.351446728,29,35,AKT1;KDM4A;RRAGC;EIF4G1;MTOR;BECN1;WDR6;SIRT2;PTPN22;MTMR9;TBC1D14;RPTOR
BP_cellular_response_to_amino_acid_starvation%0034198,0.081632653,0.429706905,0.435669557,1.319243953,27,41,RRAGC;MTOR;BECN1;DEPDC5;MIOS;EIF2S1;TRIM32;SESN2;ULK1;UCP2;GCN1;SEH1L;SESN1
RA_G1/S_Transition%R-MMU-69206,0.272727273,0.431307457,0.326428991,1.084027363,77,76,PPP2R1B;POLE;CUL1;CDC6;POLA1;MCM6;MCM2;MCM5;ORC3;ORC5;PSMD1;MCM7;PPP2R1A;RPA1;MCM4;MCM10;ORC1;PSMF1
KEGG_Staphylococcus_aureus_infection%mmu05150,0.25566343,0.43266119,-0.483555324,-1.165637168,157,23,CAMP;H2-AB1;FPR2;C1QB;FCGR4;C1QC;PTAFR;H2-AA
KEGG_Wnt_signaling_pathway%mmu04310,0.258389262,0.43448895,0.329856231,1.086363164,76,70,MYC;PRKCB;CUL1;DVL3;RAC1;NFATC1;LRP5;PSEN1;TLE1;BTRC;NFATC3;DVL2;PRKACA;AXIN1;TRP53
BP_positive_regulation_of_fat_cell_differentiation%0045600,0.083743842,0.436814615,0.522158134,1.401416891,33,22,CARM1;SAV1;XBP1;AKT1;ASXL2;LRP5
KEGG_Glioma%mmu05214,0.261744966,0.43734602,0.358111501,1.105383419,77,52,RAF1;PLCG2;AKT1;PRKCB;DDB2;MTOR;SHC1
BP_calcium_ion_transmembrane_transport%0070588,0.084468665,0.438392371,0.467265317,1.358649167,30,32,PKD1;SEC61A1;ATP2C1;PSEN1;ATP2A2;SLC25A25;ASPH;SLC8A1;ANO6;ITPR2;P2RX4;ORAI2
BP_positive_regulation_of_peptidyl-serine_phosphorylation%0033138,0.085043988,0.439182387,0.447056038,1.340091866,28,40,RAF1;DOCK7;FNIP2;AKT1;ARRB1;EIF4G1
RA_Polymerase_switching_on_the_C-strand_of_the_telomere%R-MMU-174411,0.281329923,0.443665957,0.438100133,1.14199816,109,22,POLD1;POLA1;CHTF18;RFC5;CTC1;RFC1;POLA2;PRIM1;PRIM2;POLD2
KEGG_Glutamatergic_synapse%mmu04724,0.268786127,0.4462864,0.381407658,1.128808649,92,37,PRKCB;PLA2G4A;GNAS;ADCY3;PRKACA;GNB5;ITPR1;ITPR2;GLS;GNAI3;MAPK1;PLD1;PRKACB;SLC38A2;ADCY7;GRK2;GNG12
RA_Processing_of_DNA_double-strand_break_ends%R-MMU-5693607,0.283987915,0.446606694,0.382172163,1.132652585,93,38,BLM;RMI1;TOP3A;RAD9A;RFC5;EXO1;RPA1;ATRIP;WRN;KAT5
KEGG_Ferroptosis%mmu04216,0.271505376,0.447983871,0.400032797,1.123257172,100,29,NCOA4;ACSL5;ATG7;LPCAT3;ACSL1;TRP53;FTH1
BP_positive_regulation_of_T_cell_mediated_cytotoxicity%0001916,0.087394958,0.449088943,-0.593057465,-1.38622363,51,19,H2-Q4;H2-Q6;H2-Q7;H2-T22;H2-K1;TAP2;H2-T23;FADD;H2-M3;PNP
KEGG_Pentose_phosphate_pathway%mmu00030,0.274611399,0.450294468,0.429195726,1.145722121,105,24,PFKP;PRPS1L3;PGM1;G6PDX;PGM2
KEGG_Fluid_shear_stress_and_atherosclerosis%mmu05418,0.27647868,0.450557848,-0.365128188,-1.105429733,200,83,TXN1;ACTB;CYBA;MGST1;GSTP1;HSP90AA1;CALM3;CALML4;CTSL;BCL2;GSTT2;FOS;SUMO2;HSP90AB1;BMPR2;MGST2
KEGG_Insulin_secretion%mmu04911,0.282548476,0.451067428,0.387199117,1.107467766,101,31,PRKCB;GNAS;ADCY3;ATP1A3;ABCC8;PRKACA;GNA11;ATP1A1;CREB1
KEGG_DNA_replication%mmu03030,0.283625731,0.451067428,0.385368879,1.115042646,96,34,POLE;POLD1;POLA1;MCM6;MCM2;MCM5;MCM7;RFC5;RPA1;MCM4
KEGG_RIG-I-like_receptor_signaling_pathway%mmu04622,0.280487805,0.451067428,0.36477682,1.108534385,91,42,CASP8;ADAR;NLRX1;RIPK1;TBK1;MAPK14;IKBKG;TKFC;IFIH1;MAVS;RNF125;DHX58;OTUD5
KEGG_Apoptosis%mmu04215,0.279935275,0.451067428,-0.471502676,-1.136583586,172,23,BAX;BAK1;BIRC5;XIAP;BCL2
BP_B_cell_differentiation%0030183,0.088957055,0.454864154,0.414571876,1.296229204,28,51,DCAF1;JAK3;PLCG2;MSH2;TOP2B;HDAC5;DCLRE1C;ADGRG3;NFAM1;IKZF3;ADAM17
BP_vesicle_transport_along_microtubule%0047496,0.089411765,0.454948097,0.585065393,1.427273725,37,15,KIF1B;SPG11;TRAK1;MAP2K1;NDEL1
BP_positive_regulation_of_interleukin-1_beta_production%0032731,0.090163934,0.456537385,0.451600895,1.332991056,32,35,NLRP1A;HK1;CASP8;JAK2;IFNAR1;IFI209;MYD88;SMAD3;CASP1;STAT3;MALT1;RELA;APP
BP_Golgi_to_plasma_membrane_transport%0006893,0.091133005,0.45920417,0.51746584,1.388823273,36,22,EXOC1;EXOC2;EXOC4;GGA2;LLGL2;DNM2;EXOC6;STXBP5;SEC16A;GGA3;GGA1;EXOC5
BP_cortical_actin_cytoskeleton_organization%0030866,0.091584158,0.459248099,0.522519566,1.385620001,36,21,TLN1;NCKAP1L;FMNL3;EPB41;LLGL2;FMNL1
RA_Death_Receptor_Signaling%R-MMU-73887,0.294117647,0.45996732,0.306820637,1.053906976,84,93,ARHGEF11;KALRN;CASP8;NET1;NCSTN;RASGRF2;TAX1BP1;ARHGEF1;RIPK1;TIAM2;ARHGEF6;NSMAF;CASP2;VAV3;SQSTM1;VAV1;TBK1;USP21;ECT2;IKBKG;ADAM17;ABR;ARHGEF3;USP4;FGD2;PLEKHG5;ULK1
RA_TCR_signaling%R-MMU-202403,0.294032023,0.45996732,-0.387336695,-1.105080277,201,57,RPS27A;TAB2;PSMB5;PSMB6;PSMA7;PSMD9;PSMB1;NFKBIA;PSMD13;PSMC5;PSMD7;PSMD10;PDPK1;CDC34;PSMD4
KEGG_Porphyrin_metabolism%mmu00860,0.292746114,0.460029608,0.438940865,1.121311963,112,21,UGT1A7C;ALAS1;EPRS;COX15;FECH
KEGG_Prolactin_signaling_pathway%mmu04917,0.291925466,0.460029608,0.364523381,1.097156318,93,41,RAF1;AKT1;SHC1;STAT1;MAPK14;MAP2K1;JAK2;PIK3R2;PIK3CB
RA_Negative_regulation_of_MAPK_pathway%R-MMU-5675221,0.296568627,0.461237948,0.452714788,1.131126872,120,19,PPP2R1B;PPP2R5B;PPP2R5C
RA_HDR_through_Homologous_Recombination_(HRR)_or_Single_Strand_Annealing_(SSA)%R-MMU-5693567,0.296296296,0.461237948,0.32300749,1.056933685,87,67,POLE;SPIDR;POLD1;BLM;RMI1;TOP3A;RAD9A;EME1;RFC5;EXO1;RPA1;ATRIP;WRN
KEGG_Th1_and_Th2_cell_differentiation%mmu04658,0.299674267,0.468130216,0.35654997,1.082614851,91,47,JAK3;JAK1;STAT6;TYK2;STAT1;NFATC1;PLCG1;MAPK14;NFATC3;IKBKG;JAK2
RA_Lagging_Strand_Synthesis%R-MMU-69186,0.302729529,0.469522657,0.45575682,1.100802521,121,17,POLD1;POLA1;RFC5;RPA1;RFC1;POLA2;PRIM1;PRIM2;POLD2
BP_negative_regulation_of_double-strand_break_repair_via_homologous_recombination%2000042,0.094527363,0.471727899,0.508650554,1.379071687,37,23,FBH1;PLK1;TRP53BP1;KAT5;RECQL5;RIF1;SHLD2;SMCHD1
RA_Protein_localization%R-MMU-9609507,0.306188925,0.47358342,0.343435418,1.076155568,93,54,PITRM1;LONP2;GNPAT;CROT;CAT;HSD17B4;ABCD2;IDH1;EHHADH
BP_glycosylation%0070085,0.097619048,0.47669723,0.561320311,1.382259427,40,16,COG1;COG4;COG2;COG5;COG6;B4GALT5;CLN5
BP_negative_regulation_of_extrinsic_apoptotic_signaling_pathway_via_death_domain_receptors%1902042,0.098321343,0.47669723,0.549312084,1.399206922,40,18,RAF1;BRCA1;HGF;RFFL;RNF34
BP_regulation_of_lipid_metabolic_process%0019216,0.098321343,0.47669723,0.546362856,1.391694653,40,18,PLCG2;NCOA2;GOLM1;RNF213
BP_neural_tube_development%0021915,0.099502488,0.47669723,0.507484113,1.375909191,39,23,PKD1;NUP133;MED12;STIL;KAT5;TBC1D32;IFT172;TGFB1;AMBRA1;DVL1;C2CD3
BP_skeletal_muscle_cell_differentiation%0035914,0.099502488,0.47669723,0.505871,1.371535662,39,23,MYC;MEF2D;SNW1
BP_chemotaxis%0006935,0.098666667,0.47669723,0.470765555,1.34733839,36,30,PIP5K1C;DOCK2;RIPOR2;PIK3CG;NCKAP1L;RAC1;MOSPD2;LGALS9;PIK3C2G;FER
BP_positive_regulation_of_cytosolic_calcium_ion_concentration%0007204,0.099150142,0.47669723,0.44353152,1.320189292,34,38,NPTN;JAK3;PKD1;PLCG2;PIK3CG;P2RY2
BP_forebrain_development%0030900,0.096209913,0.47669723,0.428906821,1.298765822,32,41,KDM2B;NUMB;TOP2B;RAC1;SMARCA4;PSEN1;STIL
BP_response_to_zinc_ion%0010043,0.099656357,0.47669723,-0.605565224,-1.354361636,57,16,CRIP1;PAM;KHK;SOD2
BP_purine_nucleotide_biosynthetic_process%0006164,0.101176471,0.481748516,0.573553443,1.399190191,42,15,MTHFD1;PRPS1L3;IMPDH1;GART
BP_regulation_of_synapse_organization%0050807,0.103529412,0.489079823,0.572875985,1.397537525,43,15,NEDD4L;AGRN;VCP;DAG1;NEDD4
BP_hematopoietic_progenitor_cell_differentiation%0002244,0.103658537,0.489079823,0.410771483,1.288253435,33,54,ZFAT;DOCK7;AP3B1;ADAR;TOP2A;ANLN;PTPN6;SAMD9L;PSEN1;TIFAB;KCNAB2;SIN3A;TRP53
BP_cellular_response_to_nerve_growth_factor_stimulus%1990090,0.104166667,0.489253394,0.49065845,1.357725126,39,26,AKT1;CSTF2;PARP1;USP8;KAT2A;KIDINS220
KEGG_Arginine_and_proline_metabolism%mmu00330,0.315104167,0.489338235,0.421467153,1.102168782,120,23,PYCR1;ALDH3A2;ALDH9A1;ALDH18A1;ALDH2;GOT2
BP_regulation_of_G_protein-coupled_receptor_signaling_pathway%0008277,0.105,0.490945946,0.500362911,1.376163276,41,24,DGKQ;ARRB1;GIT2;PDE4D;ITGB1;USP33;GIT1
BP_DNA-templated_transcription_initiation%0006352,0.105515588,0.491144304,0.542007921,1.380601768,43,18,MYC;TAF6;TBP;RRN3;SMARCA5
BP_positive_regulation_of_axon_extension%0045773,0.106493506,0.491493322,0.482539611,1.344660263,40,27,ILK;ANAPC2;LIMK1;CYFIP1;FN1;NDEL1;PAK1
BP_mitotic_cell_cycle%0000278,0.10701107,0.491493322,0.373969865,1.251444684,28,85,POLE;CDC23;TBCD;TUBGCP4;CUL3;TUBGCP2;ESPL1;CLTC;PLK1;TUBG1;AURKB;PTPN6;DIS3L2;KIF18B;MYBL2;TUBGCP6;CENPC1;NEDD1;INCENP;RECQL5;SETDB2;TUBD1;HASPIN;UBA3;XRCC2;WDHD1
BP_transcription_initiation_at_RNA_polymerase_II_promoter%0006367,0.106858054,0.491493322,-0.522423337,-1.331479267,66,30,GTF2H5;POLR2I;ELOB;ELOC;TAF4;TAF10;TAF12;GTF2F2;MNAT1;CCNH;POLR2G;GTF2A2;ERCC2
RA_Gluconeogenesis%R-MMU-70263,0.320197044,0.493892975,0.43267451,1.092129547,129,20,SLC25A12;SLC25A13;ENO1;FBP1;SLC25A10;PGAM1
BP_bicellular_tight_junction_assembly%0070830,0.108235294,0.494926147,0.569864479,1.390190922,45,15,ACTN4;TBCD;ITGB1;MPP7;ECT2;PECAM1
BP_lipid_biosynthetic_process%0008610,0.110588235,0.499278499,0.558958173,1.363584863,46,15,FASN;ACLY;PRPF19;PRKAA1;ACSL1;ACACA;LIPA;RICTOR
BP_regulation_of_synaptic_vesicle_endocytosis%1900242,0.110588235,0.499278499,0.558217596,1.361778217,46,15,PIP5K1C;DGKQ;RAC1;SH3GL1
BP_lipopolysaccharide-mediated_signaling_pathway%0031663,0.111111111,0.499278499,0.456751531,1.318356894,40,31,PLCG2;AKT1;CD180;STAT1;SCARB1;TIFAB;MAPK14;PTPN22;JAK2;BCL10
BP_macroautophagy%0016236,0.111111111,0.499278499,0.434685828,1.288034403,39,37,RAB3GAP2;VPS41;VCP;MTOR;PIK3C3;BECN1;ATG7;NBR1;MYO5A;SQSTM1;ULK1;TBC1D5;ATG14;EI24;PLAA;PDCD6IP
BP_negative_regulation_of_cyclin-dependent_protein_serine/threonine_kinase_activity%0045736,0.111683849,0.499688944,-0.597195605,-1.351498548,64,17,CDKN1B;TFAP4;CDKN2A;KAT2B;APC
BP_positive_regulation_of_neuron_projection_development%0010976,0.112727273,0.502192743,0.371177749,1.229268045,30,81,NPTN;FIG4;TSC2;AP2A1;P2RY2;KIDINS220;ITGB1;MTOR;SF3A2;MARK2;WASHC5;KATNB1;FBXO38;PPP2R5B;HSPA5;ABL2;PLXNB3;ADAM17;DDX56;ITPR1;CBFA2T2;KDM1A;ATP8A2
BP_positive_regulation_of_smooth_muscle_cell_proliferation%0048661,0.113372093,0.502410003,0.413802393,1.281988216,38,44,MYC;ZFP143;AKT1;PDE4D;MTOR;TGFBR2;SHC1;STAT1;VEGFA;ORC1
BP_negative_regulation_of_viral_genome_replication%0045071,0.113744076,0.502410003,-0.513011038,-1.317270773,71,31,BANF1;BST2;IFITM3;SRPK1;SLPI;ISG15;IFITM6;IFI203
BP_megakaryocyte_development%0035855,0.114285714,0.502663438,0.546101666,1.344783294,47,16,FLNA;VPS33B;PTPN6;MED1;SH2B3
RA_Interleukin-1_signaling%R-MMU-9020702,0.332394366,0.50852725,-0.365700925,-1.076930257,235,69,RPS27A;RBX1;TAB2;PSMB5;PSMB6;PSMA7;PSMD9;PSMB1;NKIRAS1;NFKBIA;PSMD13;PSMC5;PSMD7;PSMD10;PSMD4
RA_Regulation_of_TP53_Activity_through_Acetylation%R-MMU-6804758,0.3312,0.50852725,-0.457317585,-1.115392107,206,24,CHD3;BRPF3;ING2;GATAD2B;PIP4K2B;MEAF6;EP300;PIN1
RA_Chondroitin_sulfate/dermatan_sulfate_metabolism%R-MMU-1793185,0.331632653,0.50852725,-0.482696057,-1.109839958,194,18,B3GAT3;CSGALNACT2;XYLT1;CHPF2;CHST14;B3GALT6;CHSY1;SDC3;HEXA;CHST11;HEXB;B4GALT7;DSE
KEGG_Chronic_myeloid_leukemia%mmu05220,0.331081081,0.511142722,0.319835544,1.041023018,97,68,MYC;RAF1;AKT1;DDB2;TGFBR2;SHC1
WP_Wnt_Signaling_Pathway%WP403,0.335820896,0.511249722,0.394907198,1.070686607,134,23,MYC;PRKCB;DVL3;RAC1;PPP2R5C;DVL2;AXIN1
WP_IL-1_Signaling_Pathway%WP37,0.332425068,0.511249722,0.365364239,1.062355371,121,32,AKT1;ELP1;CAPN1;SQSTM1;PLCG1;MAP2K1;MYD88;CASP1;MAPK1;MAP3K7;RELA
BP_programmed_cell_death%0012501,0.119047619,0.521398433,0.533849576,1.343838429,49,17,PLCG2;GSDME;PKM;GATAD2A;BCL10;LIPA
RA_KEAP1-NFE2L2_pathway%R-MMU-9755511,0.342688331,0.521494734,-0.388800401,-1.08369477,231,48,RPS27A;BACH1;RBX1;PSMB5;PSMB6;PSMA7;PSMD9;PSMB1;PSMD13;PSMC5;PSMD7;PSMD10;PSMD4;GSK3B;EP300
RA_Fanconi_Anemia_Pathway%R-MMU-6783310,0.342723005,0.521494734,-0.424972544,-1.086157505,218,30,SLX1B;RPS27A;CENPX;CENPS;RPA3
BP_erythrocyte_development%0048821,0.119904077,0.52294299,0.530913868,1.352343013,49,18,ALAS1;NCKAP1L;G6PDX;TMOD3;MED1;SH2B3;MAEA;SLC25A40
BP_positive_regulation_of_type_I_interferon_production%0032481,0.120547945,0.522957516,0.446454328,1.307327576,43,33,PLCG2;UAP1;TBK1;PTPN22;TRAF3IP3;DHX33;SYK;MAVS;USP22;MYD88;DHX58
BP_regulation_of_actin_cytoskeleton_organization%0032956,0.120915033,0.522957516,0.386224557,1.2440828,36,63,CLASP2;BCAS3;ILK;MYO1F;RHOBTB2;HCK;MTOR;RAC1
BP_actin_filament_bundle_assembly%0051017,0.121428571,0.522999407,0.532664657,1.340855679,50,17,ACTN4;LCP1;MYH9;ADD1;ABL2;CORO1B;EZR;SWAP70;ACTN1
KEGG_Ribosome_biogenesis_in_eukaryotes%mmu03008,0.342192691,0.525225991,0.320070602,1.031603753,102,65,HEATR1;BMS1;PWP2;XRN2;WDR36;NOL6;XRN1;GNL2;TBL3;XPO1;SPATA5;WDR3;TCOF1;LSG1;UTP6;UTP4;EFL1;NAT10;NXT2;NVL;UTP15;WDR43;RCL1;UTP18;WDR75
BP_positive_regulation_of_cardiac_muscle_hypertrophy%0010613,0.124705882,0.526047045,0.547497463,1.33562633,52,15,PARP1;MEF2A;BECN1;NFATC3;GSN;ADK
BP_positive_regulation_of_transcription_by_RNA_polymerase_III%0045945,0.123809524,0.526047045,0.535405242,1.318443194,51,16,MYBBP1A;MTOR;SF3B1;MYO1C;RPTOR;DDX21;SMARCA5;ERCC6;ICE2
BP_embryonic_placenta_development%0001892,0.126190476,0.526047045,0.524629412,1.320628874,52,17,ARNT;PKD1;HSF1;HECTD1;MED1;SLC8A1
BP_positive_regulation_of_tyrosine_phosphorylation_of_STAT_protein%0042531,0.126190476,0.526047045,0.523785762,1.318505189,52,17,HSF1;CSF1R;JAK2;PECAM1;ARL2BP;PARP9;IL31RA;PIBF1;IL6ST;PARP14;OSBP;KIT;TNFRSF1A
BP_platelet_aggregation%0070527,0.12470024,0.526047045,0.523679682,1.333916105,51,18,PIP5K1C;FERMT3;GNAS;PTPN6;ENTPD1;PLEK;UBASH3A;PDIA4
BP_membrane_organization%0061024,0.125313283,0.526047045,0.513659446,1.33528962,49,20,AP3B1;GNPAT;ATG7;TMEM33
BP_dendrite_morphogenesis%0048813,0.125319693,0.526047045,0.489711408,1.352326799,48,25,KIDINS220;ITGB1;MEF2A;RAC1;MINK1;TRAK1;ABL2;LRP8;ABITRAM;ATP7A
BP_respiratory_electron_transport_chain%0022904,0.124378109,0.526047045,-0.561740945,-1.333025734,74,20,NDUFA5;NDUFS6;ETFB;NDUFS4;MT-CO1;SOD2;PUM2;COQ7
WP_Dysregulated_miRNA_Targeting_in_Insulin/PI3K-AKT_Signaling%WP3855,0.351485149,0.527227723,0.405743735,1.075953269,141,21,RAF1;FASN;MTOR;COL1A2;ACACA;COL1A1;EXOC7
BP_early_endosome_to_late_endosome_transport%0045022,0.127764128,0.528363206,0.516374283,1.323495613,51,19,PIK3R4;FLNA;PIK3C3;BECN1
BP_regulation_of_neuron_projection_development%0010975,0.127764128,0.528363206,0.514550021,1.31881993,51,19,AKT1;ACAP3;PSEN1;MBOAT1;NDEL1
RA_Muscle_contraction%R-MMU-397014,0.34939759,0.530217907,0.36468026,1.066002489,115,37,VCL;TLN1;ITGB5;PXN;TMOD3;ATP1A3;ATP2A2;ALDH2;ASPH;PRKACA;SLC8A1;ATP1A1;TPM4;ITPR1;ITPR2
BP_insulin_receptor_signaling_pathway%0008286,0.128834356,0.530674847,0.398567165,1.246187763,41,51,RAF1;C2CD5;AKT1;SH2B2;SIK2;SHC1;CSF1R;MAP2K1;FER;NDEL1
RA_Cyclin_D_associated_events_in_G1%R-MMU-69231,0.351851852,0.531079337,0.390451444,1.067671131,132,27,PPP2R1B;CUL1;RBL2;E2F4;TFDP1;PPP2R1A
RA_G1_Phase%R-MMU-69236,0.351851852,0.531079337,0.390451444,1.067671131,132,27,PPP2R1B;CUL1;RBL2;E2F4;TFDP1;PPP2R1A
KEGG_Axon_guidance%mmu04360,0.348432056,0.531711345,0.3111462,1.025008541,99,72,RAF1;ILK;PLCG2;LIMK1;ITGB1;RAC1;PLCG1;NFATC3;PLXNB3;SRGAP2;LRIG2;SSH1;PIK3R2;PIK3CB;PAK1;NCK2;CDC42
KEGG_Pyrimidine_metabolism%mmu00240,0.350609756,0.53195963,-0.410667681,-1.080062351,229,37,NME1;NT5C;HDDC2;DCTPP1;NME3;DUT;DTYMK
RA_APC/C-mediated_degradation_of_cell_cycle_proteins%R-MMU-174143,0.358064516,0.535922515,0.323608181,1.033817968,110,60,BUB1B;CDC23;CUL1;CCNB1;ANAPC2;CDC16;UBE2E1;ANAPC1;PLK1;PSMD1;AURKB
RA_Regulation_of_mitotic_cell_cycle%R-MMU-453276,0.358064516,0.535922515,0.323608181,1.033817968,110,60,BUB1B;CDC23;CUL1;CCNB1;ANAPC2;CDC16;UBE2E1;ANAPC1;PLK1;PSMD1;AURKB
RA_snRNP_Assembly%R-MMU-191859,0.35982009,0.535922515,-0.395076767,-1.081604822,239,43,SNRPF;SNRPD1;SNRPE;SNRPD3;SNRPD2;SNRPG
RA_Metabolism_of_non-coding_RNA%R-MMU-194441,0.35982009,0.535922515,-0.395076767,-1.081604822,239,43,SNRPF;SNRPD1;SNRPE;SNRPD3;SNRPD2;SNRPG
RA_Activation_of_NF-kappaB_in_B_cells%R-MMU-1169091,0.358098068,0.535922515,-0.398123694,-1.076560432,240,39,RPS27A;PSMB5;PSMB6;PSMA7;PSMD9;PSMB1;NFKBIA;PSMD13;PSMC5;PSMD7;PSMD10;PSMD4
BP_positive_regulation_of_cell_cycle%0045787,0.130890052,0.537011361,0.451138353,1.283845591,49,29,MYC;CCNB1;BRCA1;CCPG1;FNTB;RAD23A;TRIM32
RA_APC/C:Cdc20_mediated_degradation_of_Cyclin_B%R-MMU-174048,0.364764268,0.541852989,0.441328499,1.065953384,146,17,CDC23;CCNB1;ANAPC2;CDC16;UBE2E1;ANAPC1
BP_regulation_of_blood_pressure%0008217,0.132686084,0.542236832,-0.527260186,-1.309588929,81,26,COMT;SOD1;NPR1;WNK1;ATP2B1;SOD2;LNPEP
RA_HATs_acetylate_histones%R-MMU-3214847,0.366047745,0.542328633,0.388447309,1.053798126,137,26,KANSL3;NCOA2;KAT7;PHF20;KANSL1;NCOA1;RBBP7;JADE3
RA_Lysosome_Vesicle_Biogenesis%R-MMU-432720,0.368286445,0.542987049,0.411866264,1.073614181,143,22,AP1M1;AP1B1;ARRB1;CLTC;AP1G2;AP4E1;DNM2
RA_DNA_Damage_Recognition_in_GG-NER%R-MMU-5696394,0.368421053,0.542987049,-0.410233971,-1.061702359,237,31,RPS27A;INO80D;RBX1;CETN2;YY1
BP_cell_adhesion%0007155,0.133603239,0.543843772,0.351100259,1.222045465,32,109,VCL;TLN1;SPECC1L;CERCAM;CASS4;RIPOR2;CEACAM1;MYH9;ITGB1;RAC1;ITGB2;ADGRE5;FN1;JUP;PARVG;TM9SF4;CD177;COL6A4;ITGB2L;GPNMB;FER;COL19A1;ADAM17;NEDD9;ITGA5;EMB;OLR1;PECAM1;IBSP;MAEA;CSF3R;TROAP;TLN2;LGALS3BP;PRKD2;VCAM1
BP_protein_localization_to_cell_surface%0034394,0.134328358,0.544659515,0.484860006,1.314569897,53,23,VCL;AP3B1;FLNA;TSC2;GGA2;CD177;USP4;LRIG2
KEGG_Homologous_recombination%mmu03440,0.361445783,0.545266781,0.359865916,1.060217811,119,38,POLD1;BLM;BRCA1;NBN;TOP3B;BRCA2;TOP3A;RAD50;BRIP1;EME1;RPA1
RA_PCNA-Dependent_Long_Patch_Base_Excision_Repair%R-MMU-5651801,0.371980676,0.546801882,0.428448167,1.058924579,153,18,POLE;POLD1;RFC5;RPA1
RA_Interconversion_of_nucleotide_di-_and_triphosphates%R-MMU-499943,0.373956594,0.548274903,-0.476101881,-1.080808128,223,17,NME1;NME3;AK6;DTYMK;GUK1
BP_negative_regulation_of_cGAS/STING_signaling_pathway%0160049,0.136470588,0.548287701,0.531142279,1.29572767,57,15,AKT1;PARP1;PRKDC;AURKB
BP_cytokine-mediated_signaling_pathway%0019221,0.136807818,0.548287701,0.376530377,1.214952855,41,65,JAK3;SH2B2;IL16;JAK1;STAT6;TYK2;STAT1;PTPN6;CSF1R;FER;JAK2;IFNAR1;CSF3R;IL13RA1;STAT4;MYD88;CSF2RB2;IFNGR1;CSF2RA;IL31RA;STAT3;OSMR;IL12RB1;RELA;STAT5A;IL6ST
BP_mRNA_catabolic_process%0006402,0.135842881,0.548287701,-0.525750207,-1.292215318,82,25,LSM7;LSM5;LSM6;DCP2;EXOSC3;LSM2;AGO4;EXOSC5;ZHX2;RIDA
RA_Signaling_by_ERBB2%R-MMU-1227986,0.375838926,0.549603417,-0.455337278,-1.070399963,223,20,RPS27A;PTPN18;DIAPH1;HSP90AA1;STUB1
RA_Regulation_of_TP53_Activity_through_Phosphorylation%R-MMU-6804756,0.376996805,0.549868397,0.330730426,1.033691864,117,51,TAF6;BLM;TAF1;RMI1;TPX2;AURKB;TOP3A;RAD9A;RFC5;EXO1;RPA1;ATRIP;WRN
KEGG_Adipocytokine_signaling_pathway%mmu04920,0.36746988,0.550520113,0.349819919,1.050139677,121,40,AKT1;ACSL5;MTOR;PRKAA1;IKBKG;ACSL1;JAK2
KEGG_RNA_degradation%mmu03018,0.369098712,0.550520113,-0.366464246,-1.052467186,257,62,LSM7;LSM5;LSM4;LSM8;LSM6;LSM3;DCP2;EXOSC3;PAN3;MPHOSPH6;EXOSC2;PABPC1;DDX6;C1D;LSM2;EXOSC7;EXOSC5;CNOT6L
BP_positive_regulation_of_interleukin-2_production%0032743,0.138107417,0.551367303,0.478336286,1.320914663,53,25,PLCG2;SPTBN1;PDE4D;CARMIL2;SASH3;ABL2;ANXA1;PRKD2;PDE4B;MAP3K7;MALT1;STAT5A;ABL1
RA_Glycosphingolipid_metabolism%R-MMU-1660662,0.387267905,0.559055975,0.380758418,1.032939343,145,26,ESYT1;GBA2;ASAH1;GLB1L;B4GALNT1;CERK;CTSA
RA_Switching_of_origins_to_a_post-replicative_state%R-MMU-69052,0.38538206,0.559055975,0.311255322,1.008328687,115,65,CDC23;CUL1;CDC6;ANAPC2;MCM6;MCM2;MCM5;ORC3;CDC16;ORC5;UBE2E1;ANAPC1;PSMD1;MCM7;MCM4;ORC1;PSMF1
RA_Dual_Incision_in_GG-NER%R-MMU-5696400,0.387195122,0.559055975,-0.401117481,-1.045768762,253,33,RPS27A;GTF2H5;RBX1;XPA;RPA3;POLE4;POLE3
RA_Extra-nuclear_estrogen_signaling%R-MMU-9009391,0.385521886,0.559055975,-0.456442975,-1.063246916,228,19,CDKN1B;FOXO3;HSP90AA1;PDPK1;CALM1
RA_Assembly_of_the_pre-replicative_complex%R-MMU-68867,0.393548387,0.563785603,0.318371092,1.017087252,121,60,CDC23;CDC6;ANAPC2;MCM6;MCM2;MCM5;ORC3;CDC16;ORC5;UBE2E1;ANAPC1;PSMD1;MCM7;MCM4;ORC1;PSMF1;KPNA1;ORC4;PSMD5
RA_Hedgehog_'off'_state%R-MMU-5610787,0.392753623,0.563785603,-0.365468176,-1.04835353,270,61,RPS27A;RBX1;PSMB5;PSMB6;PSMA7;PSMD9;PSMB1;PSMD13;PSMC5;PSMD7;PSMD10;PSMD4;GSK3B;OFD1;ADCY9;TUBA1C;PSME1;PTCH1
RA_TGF-beta_receptor_signaling_activates_SMADs%R-MMU-2173789,0.392255892,0.563785603,-0.453894488,-1.057310422,232,19,RPS27A;NEDD8;CBL;STUB1;FKBP1A
BP_cellular_response_to_nutrient_levels%0031669,0.142857143,0.568144499,0.456744825,1.272779688,54,27,RRAGC;EIF4G1;MTOR;MIOS;PRKAA1;ABCC8;MAPKAP1;ULK1;SEH1L;RPTOR;RICTOR;PRKAB1;SEC13;WDR59
BP_positive_regulation_of_axonogenesis%0050772,0.144278607,0.571607611,0.478182488,1.296465572,57,23,ILK;CYFIP1;TIAM2;TRAK1;MAP2K1;PLXNB3
BP_neuromuscular_process%0050905,0.145,0.572281369,0.475977114,1.309094278,57,24,DCTN1;ATP1A3;KCNAB2;ABCC8;SPG21;IGHMBP2;POMK;ZMPSTE24
RA_MTOR_signalling%R-MMU-165159,0.400625978,0.572468085,-0.4072139,-1.040769433,255,30,LAMTOR4;LAMTOR2;RPS6;EIF4B;LAMTOR5
BP_negative_regulation_of_hippo_signaling%0035331,0.147619048,0.573863311,0.505081831,1.271422523,61,17,VCP;PPP2R1A;MAPK14;MAP2K3;STRN4;MARK3
BP_outflow_tract_morphogenesis%0003151,0.148337596,0.573863311,0.468631308,1.294114587,57,25,ILK;SMARCA4;TGFBR2;VEGFA;NEDD4;DVL2
BP_protein_monoubiquitination%0006513,0.147308782,0.573863311,0.419201578,1.247770247,51,38,RAD18;NEDD4L;CUL1;CUL3;MGRN1;RNF10;TRIM37;TOPORS;KBTBD8;NEDD4
BP_axonogenesis%0007409,0.147590361,0.573863311,0.386808276,1.219010649,48,53,PIP5K1C;DOCK7;NUMB;KALRN;SPG11;TOP2B;MAP1S
"BP_negative_regulation_of_mRNA_splicing,_via_spliceosome%0048025",0.148717949,0.573863311,-0.561371187,-1.288189935,86,18,NPM1;SRSF9;ACIN1
BP_positive_regulation_of_superoxide_anion_generation%0032930,0.147766323,0.573863311,-0.580142566,-1.297503232,85,16,SOD1;CYBA;GSTP1;FPR2;TYROBP
BP_lysosomal_transport%0007041,0.15,0.574538745,0.518893782,1.277783483,62,16,VPS52;ATP13A2;NEDD4;ALS2;VPS53;HGSNAT;GRN;LRP1;VPS51
BP_positive_regulation_of_gluconeogenesis%0045722,0.14987715,0.574538745,0.500013283,1.281561472,60,19,SUPT20;KAT2A;DDB1;CRY1;DGAT2;PRKACA
RA_TAK1-dependent_IKK_and_NF-kappa-B_activation_%R-MMU-445989,0.4032,0.574687595,-0.432789915,-1.055569415,251,24,RPS27A;TAB2;NKIRAS1;NFKBIA
RA_Telomere_Maintenance%R-MMU-157579,0.404320988,0.574830091,0.335294263,1.011601074,130,41,POLD1;BLM;POLA1;CHTF18;RFC5;RPA1;RTEL1;WRN;SHQ1;CTC1;RFC1;POLA2;PRIM1;PRIM2;POLD2
BP_phospholipid_translocation%0045332,0.151079137,0.575122357,0.505888435,1.288598267,62,18,ATP8B2;ATP10A;ATP11B;ATP8B4;ANO6;ATP8A2
BP_regulation_of_protein_localization_to_plasma_membrane%1903076,0.151260504,0.575122357,-0.546874302,-1.278274238,89,19,VAMP8;RACK1;ACTB;STX8;VTI1B;CAMK2G
RA_Beta-catenin_independent_WNT_signaling%R-MMU-3858494,0.406069364,0.57541947,-0.365187644,-1.038728263,280,55,RPS27A;AP2S1;PSMB5;PSMB6;CLTB;PSMA7;PSMD9;PSMB1;PSMD13;PSMC5;PSMD7;PSMD10;CALM1;PSMD4;PPP3CB
RA_Telomere_Extension_By_Telomerase%R-MMU-171319,0.406779661,0.57541947,-0.47303979,-1.0509267,239,15,NHP2;GAR1;TERF2;TERF1
BP_heart_morphogenesis%0003007,0.152,0.575824818,0.441196713,1.262711902,56,30,FLNA;MTOR;DVL3;ASXL2;DAG1;VEGFA;DVL2;SLC8A1;ZMPSTE24
RA_RHOD_GTPase_cycle%R-MMU-9013405,0.408284024,0.576100013,0.356361099,1.023923113,137,34,ARHGAP1;ESYT1;VRK2;MOSPD2;DIAPH2;PIK3R2;ACTN1;RACGAP1;DEPDC1B;ARHGAP39;ADD3;LBR;TOR1AIP1
BP_regulation_of_protein_catabolic_process%0042176,0.154791155,0.576183494,0.49890941,1.278732185,62,19,XPO1;PSMD1;FAF1;UBXN2A;SAMD9L;SERPINB1A;PSMD2;CHEK2;PSMD3;FAM83D;CHMP6;MDM2;FURIN
BP_long-term_synaptic_potentiation%0060291,0.155388471,0.576183494,0.494850341,1.286394183,61,20,NPTN;CKAP5;SNAP47;RASGRF2;PSEN1
BP_regulation_of_mitotic_metaphase/anaphase_transition%0030071,0.153645833,0.576183494,0.459054177,1.270271389,58,26,CDC23;CDC6;ACTL6A;SMARCC2;SMARCA4;PLK1;DPF2
BP_protein_secretion%0009306,0.155313351,0.576183494,0.427748461,1.243747544,56,32,COPG1;COPG2;MIA2;HPS1
BP_positive_regulation_of_fibroblast_proliferation%0048146,0.15542522,0.576183494,0.411623905,1.233880769,52,40,MYC;CDC6;CCNB1;PRKDC;FNTB;FN1
BP_angiogenesis%0001525,0.153225806,0.576183494,0.341225468,1.189455353,37,110,KCTD10;BCAS3;XBP1;FLNA;CASP8;PIK3CG;UBP1;MYH9;FMNL3;CLIC4;BECN1;SHC1;MMP19;RNF213;FN1;VEGFA;VAV3;SLC31A1;MED1;MAPK14
RA_COPI-independent_Golgi-to-ER_retrograde_traffic%R-MMU-6811436,0.416445623,0.577340519,0.374796668,1.016766026,156,26,DCTN1;PLA2G4A;RAB3GAP2
RA_Extension_of_Telomeres%R-MMU-180786,0.41337386,0.577340519,0.340035341,1.012792363,135,39,POLD1;BLM;POLA1;CHTF18;RFC5;RPA1;RTEL1;WRN;SHQ1;CTC1;RFC1;POLA2;PRIM1;PRIM2;POLD2
RA_S_Phase%R-MMU-69242,0.41509434,0.577340519,0.288439975,1.0023301,109,109,POLE;CDC23;POLD1;CUL1;CDC6;POLA1;ANAPC2;MCM6;MCM2;MCM5;SMC1A;ORC3;CDC16;ORC5;UBE2E1;ANAPC1;PSMD1;MCM7;STAG1;RFC5;RPA1;MCM4;ORC1;PSMF1
RA_Interleukin-1_family_signaling%R-MMU-446652,0.417366947,0.577340519,-0.34298561,-1.024039594,297,75,RPS27A;RBX1;TAB2;PSMB5;PSMB6;PSMA7;PSMD9;PSMB1;NKIRAS1;NFKBIA;PSMD13;PSMC5;PSMD7;PSMD10;PSMD4
RA_Global_Genome_Nucleotide_Excision_Repair_(GG-NER)%R-MMU-5696399,0.413986014,0.577340519,-0.346996014,-1.029090083,295,72,RPS27A;INO80D;GTF2H5;RBX1;XPA;RPA3;POLE4;CETN2;POLE3;YY1;UBE2V2;SUMO2;MNAT1;CCNH
RA_MAPK6/MAPK4_signaling%R-MMU-5687128,0.416543575,0.577340519,-0.375448583,-1.031369032,281,44,RPS27A;PSMB5;FOXO3;PSMB6;PSMA7;PSMD9;PSMB1;PSMD13;PSMC5;PSMD7;PSMD10;MAPK4;PSMD4
RA_PCP/CE_pathway%R-MMU-4086400,0.416543575,0.577340519,-0.375624947,-1.031853509,281,44,RPS27A;AP2S1;PSMB5;PSMB6;CLTB;PSMA7;PSMD9;PSMB1;PSMD13;PSMC5;PSMD7;PSMD10;PSMD4
RA_Regulated_Necrosis%R-MMU-5218859,0.413235294,0.577340519,-0.381408639,-1.038243833,280,40,RPS27A;CHMP4B;BAX;XIAP;TRADD;HSP90AA1;STUB1;CHMP2A
RA_Nonhomologous_End-Joining_(NHEJ)%R-MMU-5693571,0.418719212,0.577791461,0.412730697,1.041788639,169,20,PRKDC;DCLRE1C;XRCC6;KAT5;POLL;RIF1;POLM
"KEGG_Valine,_leucine_and_isoleucine_degradation%mmu00280",0.394578313,0.582307317,0.35082234,1.042733506,130,39,ALDH3A2;EHHADH;HIBADH;HADHB;4930438A08RIK;HADHA;ALDH9A1;PCCA;AACS;ALDH2
KEGG_Peroxisome%mmu04146,0.394822006,0.582307317,0.32551986,1.028353196,121,57,XDH;GNPAT;CROT;CAT;ACSL5;HSD17B4;ABCD2;IDH1;EHHADH;CRAT;FAR2;ACSL1;ABCD1;PEX14
BP_positive_regulation_of_interferon-alpha_production%0032727,0.157894737,0.582652385,0.493987628,1.284151505,62,20,STAT1;TBK1;DHX36;PTPN22;TRAF3IP3;IFIH1;MAVS;DHX9
BP_positive_regulation_of_substrate_adhesion-dependent_cell_spreading%1900026,0.158854167,0.582652385,0.457057242,1.264745571,60,26,ILK;FLNA;CASS4;RAC1;DNM2;UNC13D;DOCK5;NEDD9;TRIOBP;LIMS1;CDC42;PREX1
BP_pyroptotic_inflammatory_response%0070269,0.158854167,0.582652385,0.453945961,1.256136192,60,26,NLRP1A;CASP8;DPP9;GSDME;NAIP2;DHX9;TRIM21;GZMB;CASP1;CASP3
BP_COPII-coated_vesicle_cargo_loading%0090110,0.15952381,0.58304829,0.515127817,1.268509739,66,16,SEC24D;SEC31A;SEC24C;SEC23A;SEC23B;TBC1D20;SCAP;SEC13
BP_positive_regulation_of_cytokine_production%0001819,0.160629921,0.585031082,-0.481832935,-1.240652594,101,32,S100A13;SOD1;TMF1
RA_SUMOylation_of_transcription_cofactors%R-MMU-3899300,0.425304878,0.585444123,-0.389890371,-1.016498133,278,33,DDX17;NPM1;PARK7;ING2;SUMO2;CBX8;PHC3;EP300
RA_Signaling_by_PDGF%R-MMU-186797,0.427055703,0.586420392,0.380965928,1.007787806,160,24,STAT6;PLCG1;PIK3R2;PIK3CB;NCK2;RASA1;STAT3;PDGFRB;STAT5A;CRKL
BP_regulation_of_stem_cell_differentiation%2000736,0.162162162,0.58771777,0.496038395,1.271373616,65,19,SMYD5;NSUN2;TGFBR2;KDM3A;GATAD2A;RBBP7;KDM4C;MTA2
BP_positive_regulation_of_autophagy%0010508,0.1625,0.58771777,0.387458321,1.217602093,51,56,XBP1;TSC2;BECN1;ATG7;DEPDC5;ATG13;TRIM32;SQSTM1;PRKAA1;TBK1;MAP2K1;KAT5;ATF6;UFL1;ULK1;CCNY;TRIM21;DAPK1;AMBRA1;LRRK2;MAP3K7;PIK3C2A;CDK16;IGTP
BP_positive_regulation_of_cysteine-type_endopeptidase_activity%2001056,0.163865546,0.590598739,-0.405637759,-1.203129635,116,71,RPS27L;TFAP4;FAM162A;RACK1;PDCD5;ANP32B;BAX;BAK1;CDKN2A;RNF7;S100A9;PDCD2;RPS3
BP_protein_methylation%0006479,0.164705882,0.591573377,-0.537333831,-1.255974163,97,19,COMT;FAM98B;SNRPD3
BP_negative_regulation_of_type_I_interferon-mediated_signaling_pathway%0060339,0.165413534,0.592066373,0.490961569,1.276285079,65,20,ADAR;CNOT7;STAT2;CACTIN;METTL3;MAVS;YTHDF2;OAS3;OAS1A;USP18;GIGYF2;OAS1G
RA_Resolution_of_AP_sites_via_the_multiple-nucleotide_patch_replacement_pathway%R-MMU-110373,0.433497537,0.593243125,0.40799965,1.029846832,175,20,POLE;POLD1;RFC5;RPA1
RA_Immunoregulatory_interactions_between_a_Lymphoid_and_a_non-Lymphoid_cell%R-MMU-198933,0.434131737,0.593243125,-0.381752618,-1.004907562,289,35,H2-Q4;H2-Q6;IFITM3;CD300C2;CD300LG;H2-Q7;H2-T22;FCGR4
"WP_GPCRs,_Class_A_Rhodopsin-like%WP189",0.402079723,0.594378721,-0.473223309,-1.043573175,231,15,CXCR4;FPR2;CX3CR1;PTAFR;ADRB2;GPR65;CCR2
BP_phosphatidylinositol_metabolic_process%0046488,0.1675,0.597474227,0.465340837,1.279841005,66,24,PIP5K1C;PLCG2;FIG4;PLCL2;PLCG1;INPP5E;MTMR2;PLEK
RA_Synthesis_of_PA%R-MMU-1483166,0.438423645,0.597591345,0.40465205,1.021397031,177,20,GNPAT;PLA2G4A;AGPAT2;PLA2R1;GPD2
RA_Programmed_Cell_Death%R-MMU-5357801,0.43943662,0.597591345,-0.331970622,-1.010622171,311,88,RPS27A;CHMP4B;BAX;XIAP;ACIN1;TRADD;SATB1;DYNLL1;HSP90AA1;BCL2;STUB1;CHMP2A;BAD;HMGB2;BCAP31;ROCK1
BP_ERK1_and_ERK2_cascade%0070371,0.169270833,0.599669369,0.451384454,1.249048121,64,26,MYC;IQGAP3;ATP1A3;MAP2K1
BP_regulation_of_protein_phosphorylation%0001932,0.16909621,0.599669369,0.398090266,1.205450708,57,41,FNIP2;PIK3CG;AGRN;MTOR;FN1;STAT2;PPP2R5B;FER;AXIN1;SESN2;RPTOR;PPP2R5D;ATG14;RICTOR;L1CAM;PLXNB2;DVL1;CELSR3;CORO1C;TADA3;CCNYL1
BP_positive_regulation_of_apoptotic_signaling_pathway%2001235,0.169950739,0.60003016,0.473787663,1.271595692,68,22,MYC;CASP2;CTSC;JAK2;PML
RA_Hedgehog_'on'_state%R-MMU-5632684,0.443131462,0.601163887,-0.3693517,-1.014620704,299,44,RPS27A;RBX1;PSMB5;PSMB6;PSMA7;PSMD9;PSMB1;PSMD13;PSMC5;PSMD7;PSMD10;PSMD4
KEGG_IL-17_signaling_pathway%mmu04657,0.410714286,0.602380952,-0.382556524,-1.037634441,275,44,TAB2;S100A9;TRADD;HSP90AA1;CEBPB;FOS;NFKBIA;HSP90AB1;S100A8;MAPK4;GSK3B
BP_negative_regulation_of_cilium_assembly%1902018,0.171428571,0.603196126,0.505928722,1.245856834,71,16,AKT1;TRIM32;KIF24;TBC1D30;EVI5L
BP_response_to_estrogen%0043627,0.1725,0.603677899,0.458140836,1.260038622,68,24,BCAS3;RBBP5;CTNNA1;RCAN1;PRKAA1
BP_negative_regulation_of_cell_differentiation%0045596,0.172757475,0.603677899,-0.520447088,-1.265328311,103,24,ANP32B;ACTB;BCL7C;BICRA;HOPX
BP_P-body_assembly%0033962,0.173310225,0.603677899,-0.566566398,-1.249417524,99,15,LSM4;LSM3;TNRC6A;DDX6;RC3H1
BP_DNA_unwinding_involved_in_DNA_replication%0006268,0.174876847,0.605196014,0.472462833,1.268039988,70,22,RECQL;BLM;MCM6;MCM2;MCM5;MCM7;RECQL4;RPA1;MCM4;WRN
BP_positive_regulation_of_cytokinesis%0032467,0.176616915,0.605196014,0.460570194,1.248714485,70,23,CDC6;CUL3;AURKB;SVIL;KIF23;KIF20B;ECT2;RACGAP1;CDC42
BP_negative_regulation_of_cell_growth%0030308,0.176386913,0.605196014,-0.403337586,-1.188338207,123,67,CDKN1B;NDUFA13;BST2;RACK1;CDKN2A;CIRBP;SERTAD3;PPARD;PPP1R9B;BCL2;ADIPOR2;BMPR2;P3H1;SERTAD1
BP_response_to_wounding%0009611,0.176661264,0.605196014,-0.506835753,-1.272945546,108,27,COMT;ABHD2;BAX;DST;SRSF5;CD2AP;KLK8;GPX1
BP_apoptotic_mitochondrial_changes%0008637,0.175585284,0.605196014,-0.527756994,-1.255915655,104,21,FMC1;BAX;CDKN2A;RNF7;SOD2;BCL2;SLC25A4;JTB
BP_cellular_response_to_interleukin-4%0071353,0.178571429,0.605742297,0.503945818,1.240973904,74,16,XBP1;FASN;MCM2;NFIL3;HSPA5;PML
BP_blood_coagulation%0007596,0.17847769,0.605742297,0.439120213,1.229904042,67,28,PAPSS2;AP3B1;F13A1;HPS4;HPS1;ANO6;FGL2
BP_cellular_response_to_xenobiotic_stimulus%0071466,0.177595628,0.605742297,0.416232913,1.22859533,64,35,MYC;BLM;PPM1F;MCM7;PRKAA1;UMPS;RECQL5
BP_embryonic_limb_morphogenesis%0030326,0.179487179,0.606865447,-0.545170586,-1.251014084,104,18,PSEN2;PBX2;NOTCH1;MEGF8;NOTCH2
BP_spermatogenesis%0007283,0.180487805,0.608267342,0.294814921,1.122586844,36,192,ODF2;KDM2B;AU040320;WDR48;INPP5B;RAD18;PGM3;AP3B1;PLEKHA1;MLH1;SASS6;MSH6;XRN2;CNOT7;BRCA2;CDC25C;BRIP1;CEP128;RNF114;HSF1;KDM3A;DEDD;HERC4;METTL3;ZCWPW1;UBR2;EIF4G3;ZFP39;DHX36;HPS1
RA_Fatty_acyl-CoA_biosynthesis%R-MMU-75105,0.450738916,0.610014447,0.40090354,1.011935282,182,20,ACLY;ACSL5;ACSL1;PPT1
BP_carbohydrate_phosphorylation%0046835,0.183333333,0.613870968,0.501971873,1.236113037,76,16,HK1;GNE;HK3;TKFC;FCSK;POMK
BP_Rho_protein_signal_transduction%0007266,0.183060109,0.613870968,0.413223842,1.219713449,66,35,ARHGEF11;COL1A2;RIPOR1;ABL2;PLEKHG5;GNA12;PECAM1;RACGAP1;CDC42;ADGRG1;RHOJ;LRRK2
BP_regulation_of_neurotransmitter_receptor_localization_to_postsynaptic_specialization_membrane%0098696,0.185882353,0.615932354,0.496818721,1.211994958,78,15,KALRN;KIF2C;DAG1;MAP2K1;NETO2;TNIK
BP_midbody_abscission%0061952,0.185463659,0.615932354,0.482171882,1.253435741,73,20,KIF20A;STX2;AURKB;MTMR4;CHMP7
BP_cholesterol_homeostasis%0042632,0.185410334,0.615932354,0.383012652,1.178985708,60,46,XBP1;MIA2;ABCA2;HSDL2;NR1H2;LRP5;WASHC5;SCARB1;LDAH;DGAT2
BP_G1/S_transition_of_mitotic_cell_cycle%0000082,0.186746988,0.615932354,0.375642475,1.183822079,61,53,MYC;POLE;PHF8;IQGAP3;CCNB1;USP37;ITGB1;NFATC1
BP_ossification%0001503,0.186915888,0.615932354,-0.460559487,-1.218506646,119,37,RPL38;FOSL2;BCL2;SUCO;SP1;RUNX3;SLC26A2;TMCO1;TMEM38B;RUNX1
RA_DNA_strand_elongation%R-MMU-69190,0.457286432,0.617391514,0.394930656,1.013822352,181,21,POLD1;POLA1;RFC5;RPA1;RFC1;POLA2;PRIM1;PRIM2;POLD2
BP_regulation_of_GTPase_activity%0043087,0.189333333,0.618012579,0.429385354,1.228907607,70,30,ARHGAP1;RAB3GAP2;AGRN;MTOR;TBC1D15;RABGAP1;VAV3;SIPA1L1;VAV1;ALS2
BP_protein_modification_process%0036211,0.18852459,0.618012579,0.40889968,1.206949815,68,35,AP3B1;PARP1;MAN2B1;KAT2A;POMGNT1;TTLL1;UBA7;KAT5;KDM1A;UEVLD;TTLL5
BP_regulation_of_cell_shape%0008360,0.189285714,0.618012579,0.353049195,1.160593878,52,78,SYNE3;MYH9;FMNL3;RHOBTB2;MKLN1;HCK;RAC1;EPB41;CYFIP1;FN1;NF2;FMNL1;MSN;PXN;VEGFA;CSF1R;SH3KBP1;PRPF40A;TBCCD1;ARHGAP15;PLXNB3;ANXA1;EZR;GNA12;CDC42SE2;ZMPSTE24;WDR1
BP_Notch_signaling_pathway%0007219,0.190193165,0.618873057,-0.434635857,-1.205893864,127,46,CDKN1B;PSENEN;PSEN2;RPS19;NOTCH1;NFKBIA;EPN1;POFUT1;NKAP;NOTCH2;HP
BP_positive_regulation_of_smoothened_signaling_pathway%0045880,0.192941176,0.619723781,0.492275136,1.20091083,81,15,CTNNA1;TEDC1;POR;TUBD1;IFT172;PDCL
BP_protein_branched_polyubiquitination%0141198,0.197619048,0.619723781,0.478493796,1.204493513,82,17,CDC23;UBR5;ANAPC2;CDC16;ANAPC1
BP_negative_regulation_of_interleukin-6_production%0032715,0.1975,0.619723781,0.444649921,1.22293415,78,24,ARRB1;NCKAP1L;ELF4;NLRX1;PTPN6;HGF;PTPN22
BP_neuron_development%0048666,0.192207792,0.619723781,0.438860313,1.222942138,73,27,XBP1;FIG4;SCYL3;BECN1;SCYL1;VEGFA;PSEN1;THOC2;GIT1;DGKG;MTMR2;ATP8A2
BP_SCF-dependent_proteasomal_ubiquitin-dependent_protein_catabolic_process%0031146,0.194805195,0.619723781,0.437893164,1.220247049,74,27,FBXW5;CUL1;FBXO9;CUL2;FBXO38;CCNF;BTRC;FBXW7;CUL5;SKP2;FBXO31;FBXL17
BP_peptidyl-threonine_phosphorylation%0018107,0.194444444,0.619723781,0.398249074,1.180067247,69,37,CAD;AKT1;PRKDC;MTOR;TTK;TBK1;PRKACA;HIPK2;ULK1
BP_carbohydrate_metabolic_process%0005975,0.193732194,0.619723781,0.396788512,1.190019012,67,39,PGM3;PGM1;GBA2;LANCL2;IDUA;GLB1L;TKFC;EDEM2;B4GALT5;GNPDA2
BP_extracellular_matrix_organization%0030198,0.196581197,0.619723781,0.394344757,1.182689881,68,39,TFIP11;EMILIN1;SMARCA4;MMP19;FN1;IDUA;COL1A2;COL6A4;POMT1;COL19A1;COL1A1;NPHP3;IBSP
BP_DNA_recombination%0006310,0.196319018,0.619723781,0.372417205,1.15651457,63,48,LIG3;RECQL;XRN2;ACTL6A;TOP3B;BRCA2;TOP3A;RAD50;RECQL4;EME1;EXO1;DCLRE1C;WRN
BP_positive_regulation_of_DNA-binding_transcription_factor_activity%0051091,0.196261682,0.619723781,0.371882674,1.164062935,62,55,PLCG2;AKT1;SMARCA4;TRIM37;HDAC5;LRP5;JUP;HSF1;TRIM32;PPP2R5B;SP100;DVL2;HIPK2;TRIM14;MAVS
BP_liver_development%0001889,0.191919192,0.619723781,0.350774186,1.139693067,56,68,CAD;PKD1;XBP1;UGT1A7C;SMARCA4;ATG7;PTCD2;HGF;PKM;MED1;AACS
BP_defense_response_to_bacterium%0042742,0.195323246,0.619723781,-0.390389935,-1.170540017,141,77,ROMO1;TMF1;CAMP;TAB2;FCER1G;XIAP;PGLYRP1;FPR2;AKIRIN2;CEBPB;ISG15;SPN;NOTCH2
RA_RUNX1_regulates_genes_involved_in_megakaryocyte_differentiation_and_platelet_function%R-MMU-8936459,0.461148649,0.621116481,-0.445891618,-1.005566369,272,16,HIST1H2AB;SETD1A;SETD1B;HIST1H2AC;KAT2B;EP300;KMT2B
BP_face_morphogenesis%0060325,0.200501253,0.622923511,0.472415015,1.228072161,79,20,SPECC1L;PLEKHA1;ASPH;TIPARP;COL1A1;SGPL1;TGFB1
BP_ubiquitin-dependent_protein_catabolic_process%0006511,0.2,0.622923511,0.294358742,1.096926396,44,170,KCTD10;UBE4A;XBP1;RNF6;ARRB1;RNF123;NEDD4L;CUL1;UBA1;CUL3;VCP;DDB1;CUL4B;NPLOC4;TOPORS;RNF213;RNF114;HECTD1;TRIM32;NEDD4;FBXW8;RFFL;BTRC;HERC4;RNF34;PSMF1;TRPC4AP;UBR2;RNF19A;HDAC6;RNF166;TRIP12;BAG6;HERPUD1;USP38;DTL;PSMC2;USP22;RNF125;RNF217;EPG5;UBE3B;SKP2;AMFR;RNF126;TTC3;CUL7;UBE3C;EDEM1;ARRDC4;MKRN2;HERC6
BP_limb_development%0060173,0.199672668,0.622923511,-0.500775411,-1.230831008,121,25,MED31;SLC39A1;TAF10;KAT2B;MEGF8;BMPR2;RC3H2
BP_negative_regulation_of_smooth_muscle_cell_proliferation%0048662,0.201039861,0.622923511,-0.557567276,-1.229572257,115,15,COMT;AIF1;NPR1;PPARD;BMPR2
BP_mRNA_transport%0051028,0.201807229,0.623440189,0.372111344,1.157398943,66,47,POM121;ZC3H3;NUP188;G3BP2;RANBP2;NUP93;HSF1;IGF2BP3;NUP88;NUP98;LRPPRC;NXT2;AAAS
BP_central_nervous_system_development%0007417,0.205128205,0.628436288,0.389242447,1.167387408,71,39,SPTBN1;ANKLE2;ALDH3A2;GBA2;DHX30;GSN;TRP53;SCIN;VPS4B;ELP3
BP_intracellular_calcium_ion_homeostasis%0006874,0.205357143,0.628436288,0.378361605,1.17089233,68,45,NPTN;CHERP;PRKCB;ATP2C1;ATP13A2;PSEN1;ATP2A2;SLC8A1;PIK3CB;HERPUD1
BP_learning_or_memory%0007611,0.206451613,0.628436288,-0.477948667,-1.211219739,127,29,COMT;DBI;PSEN2
BP_response_to_cadmium_ion%0046686,0.206185567,0.628436288,-0.543418291,-1.229796444,119,17,CDKN1B;NUDT1;SOD2;NPC1;PCNA;CDK1;GSS
BP_positive_regulation_of_cilium_assembly%0045724,0.206185567,0.628436288,-0.544663519,-1.218153463,119,16,PPP1R35;IFT20;CCP110;GSK3B
BP_negative_regulation_of_Notch_signaling_pathway%0045746,0.207142857,0.628696742,0.488407087,1.202709554,86,16,KCTD10;ARRB1;METTL3;CBFA2T2
KEGG_Propanoate_metabolism%mmu00640,0.432717678,0.63058319,0.371590439,1.004770859,163,25,ECHDC1;EHHADH;HADHA;PCCA;ACACA;ALDH6A1;DLD;HIBCH;LDHB;ACSS2;MLYCD;SUCLG1
KEGG_Viral_life_cycle%mmu03250,0.43472023,0.63058319,-0.370589073,-1.029007491,302,49,CXCR4;BST2;CHMP4B;RAN;CPSF7;KAT2B;PPIA;NELFE;CREBBP;SERINC5;EP300;TRIM5;SUPT4A
BP_response_to_toxic_substance%0009636,0.208722741,0.631644914,-0.45289541,-1.198229724,133,37,COMT;FMC1;PENK;BAX;XPA;SRSF9;GSTP1;BCL2;FOS
BP_positive_regulation_of_DNA_binding%0043388,0.209621993,0.632522177,-0.538319734,-1.218258025,121,17,TXN1;NME1;EDF1;PLAUR;HMGB2;CALM1;ERCC2;HIPK1;HMGB1
RA_NOD1/2_Signaling_Pathway%R-MMU-168638,0.470873786,0.632701532,-0.415147908,-1.000088885,290,23,RPS27A;TAB2
BP_response_to_glucose%0009749,0.210361068,0.632912429,-0.466012435,-1.204146577,133,33,CDKN1B;SELENOT;SELENOS;KHK;CTSL;PPARD
BP_post-transcriptional_regulation_of_gene_expression%0010608,0.211129296,0.633387889,-0.494350641,-1.215039885,128,25,NPM1;NUDT21;ZC3H7B;PUM2;RC3H1;RC3H2
BP_positive_regulation_of_mitochondrial_fission%0090141,0.212271973,0.634980716,-0.50636556,-1.201618518,127,20,FIS1;RALA;RALBP1
BP_fatty_acid_biosynthetic_process%0006633,0.213759214,0.637592138,0.469737112,1.203961987,86,19,FASN;ACLY;BRCA1;PRKAA1;ACACA
KEGG_Long-term_potentiation%mmu04720,0.442771084,0.638751728,0.337295871,1.01254319,146,40,RAF1;PRKCB;RPS6KA1;RPS6KA2;MAP2K1;PRKACA;ITPR1;ITPR2
WP_Notch_Signaling_Pathway%WP29,0.440944882,0.642519685,0.350695041,0.982239568,167,28,NUMB;NCSTN;KAT2A;DVL3;SNW1;PSEN1;DVL2;ADAM17
RA_Neurotransmitter_receptors_and_postsynaptic_signal_transmission%R-MMU-112314,0.479892761,0.643284821,0.351610447,0.974262535,178,28,PRKCB;AP2A1;ADCY3;PRKACA;CAMKK1;CREB1;NSF;AP2B1
RA_APC/C:Cdc20_mediated_degradation_of_Securin%R-MMU-174154,0.482810164,0.645658248,-0.356828328,-0.982376481,322,45,RPS27A;UBE2S;PSMB5;PSMB6;PSMA7;PSMD9;PSMB1;ANAPC16;PTTG1;PSMD13;PSMC5;PSMD7;PSMD10;PSMD4;ANAPC11;UBE2C
KEGG_Toxoplasmosis%mmu05145,0.452380952,0.649068323,0.299066803,0.979462469,132,69,AKT1;CASP8;PIK3CG;JAK1;TYK2;ITGB1;ALOX5;STAT1;MAPK14;IKBKG;MAP2K3;JAK2
BP_positive_regulation_of_telomere_maintenance_via_telomerase%0032212,0.219512195,0.651428571,0.406873779,1.174390921,80,31,MAP3K4;CCT6A;AURKB;ATR;PARN;POT1A;TCP1;ATM;CCT3;MAPK1;NEK7;CCT8;CCT7;HMBOX1;CTNNB1;WRAP53;CCT5
BP_rhythmic_process%0048511,0.219653179,0.651428571,0.373369394,1.147782708,75,42,USP7;PRKDC;TOP2A;MTOR;DDB1;ATG7;KDM5B;CRTC1;PRKAA1;BTRC;SIN3A;CCAR2
BP_mRNA_transcription_by_RNA_polymerase_II%0042789,0.2228739,0.655362914,0.380864553,1.141676762,75,40,TAF6;AP3B1;FLNA;NCOA2;TAF1;NR1H2;HLTF;MED1;CREB1;NCOA1;TBP
BP_response_to_ionizing_radiation%0010212,0.222543353,0.655362914,0.370258434,1.138219241,76,42,BRCA1;PRKDC;RRM1;DCLRE1C;TICRR;XRCC6;RAD54L;KAT5;INTS3;ATM;NEK1;RFWD3;RAD54B;MECP2;TRP53BP2;COP1
"BP_mRNA_cis_splicing,_via_spliceosome%0045292",0.221649485,0.655362914,-0.538508794,-1.204388269,128,16,CWC15;NCBP2;SRSF3;RBM17;WBP4;BC005624;SRSF7;SDE2
BP_nuclear_migration%0007097,0.226190476,0.655826018,0.479076633,1.179733174,94,16,DCTN1;SYNE3;CDC42;LMNB2;SYNE2;TACC1;SYNE1
BP_hepatocyte_apoptotic_process%0097284,0.226044226,0.655826018,0.466350539,1.195282012,91,19,CASP8;PIK3CG;ADAR;GSN;LIMS1;RB1
BP_cardiac_muscle_cell_differentiation%0055007,0.225210084,0.655826018,-0.513758285,-1.20086824,133,19,IFT20;KDM6B;FOXP1;ARID1A;CACYBP
BP_blastocyst_hatching%0001835,0.225085911,0.655826018,-0.537755505,-1.202703518,130,16,NDUFA2;UBE2A;COPRS
BP_regulation_of_DNA_strand_elongation%0060382,0.225085911,0.655826018,-0.537939073,-1.203114073,130,16,INO80D;NUCKS1;YY1
BP_transcription_by_RNA_polymerase_II%0006366,0.228448276,0.660527327,0.307511671,1.101252061,52,132,MYC;JAK3;NCAPG2;XBP1;POLR2B;GTF2IRD1;MED16;TSC2;THRAP3;GTF2I;MED25;POLRMT;SMARCC2;POLR1B;POU2F1;WWP2;POLR1A;SMARCA4;RPAP1;NFATC1;TFDP1;PHRF1;SQSTM1;NFIL3;MED1;MAPK14;NFATC3
RA_Degradation_of_the_extracellular_matrix%R-MMU-1474228,0.497297297,0.663455873,0.343852937,0.958016418,183,29,MMP19;FN1;COL1A2;CAPN1;CAST;COL19A1;COL1A1;CTSB
BP_T_cell_homeostasis%0043029,0.230179028,0.663541445,0.422724223,1.167343227,89,25,JAK3;NCKAP1L;RIPK3;PPP2R1A;PPP2R3C
BP_response_to_virus%0009615,0.230769231,0.663541445,-0.412942471,-1.162681275,155,51,RPS15A;BST2;IFI27L2A;IFITM3;EEF1G;ISG15;NPC2;STMN1;PSMA2
RA_Chromosome_Maintenance%R-MMU-73886,0.49929078,0.664540684,-0.334068638,-0.976272232,351,67,CENPW;CENPX;NHP2;CENPS;NPM1;RPA3;HIST1H2AB;MIS18A;GAR1;TEN1;HIST1H2AC;CENPK;CENPH;ITGB3BP;PCNA;TERF2;TERF1;RSF1;CENPA
BP_positive_regulation_of_protein_catabolic_process%0045732,0.232786885,0.66565506,0.356569531,1.121935733,70,59,DCAF1;VPS35;NEDD4L;VCP;DDB1;CUL4B;ATG7;RNF41;FAF1;VPS11;UBXN2A;MSN;TRIM32;NEDD4;AXIN1;EZR;SGSM3;TIPARP;NSF;STX5A;SNX1;DTL
BP_multivesicular_body_sorting_pathway%0071985,0.232235702,0.66565506,-0.541606012,-1.194373766,133,15,CHMP4B;CHMP5;SNF8;CHMP2A;CHMP3;VPS25
KEGG_Endocrine_and_other_factor-regulated_calcium_reabsorption%mmu04961,0.470430108,0.667707249,0.352329685,0.981455754,174,28,PRKCB;AP2A1;CLTC;GNAS;DNM2;AP2M1;ATP1A3;PRKACA;SLC8A1;ATP1A1;AP2A2;AP2B1
KEGG_Cortisol_synthesis_and_secretion%mmu04927,0.468319559,0.667707249,0.342965883,0.970959723,169,30,GNAS;ADCY3;SCARB1;PRKACA;GNA11;ITPR1;CREB1;ITPR2;ATF6B
RA_Energy_dependent_regulation_of_mTOR_by_LKB1-AMPK%R-MMU-380972,0.504966887,0.669088734,-0.411142599,-0.975344057,304,21,LAMTOR4;LAMTOR2
RA_Class_I_peroxisomal_membrane_protein_import%R-MMU-9603798,0.505084746,0.669088734,-0.440741593,-0.979171557,297,15,FIS1;PEX16
RA_Ion_homeostasis%R-MMU-5578775,0.507352941,0.669918071,0.383703644,0.958699636,206,19,ATP1A3;ATP2A2;ASPH;PRKACA;SLC8A1;ATP1A1;ITPR1;ITPR2
RA_Intrinsic_Pathway_for_Apoptosis%R-MMU-109606,0.508090615,0.669918071,-0.403079639,-0.971016495,313,23,BAX;XIAP;DYNLL1;BCL2;BAD
BP_lymph_node_development%0048535,0.237647059,0.670897233,0.473756449,1.155734282,100,15,JAK3;RIPK3
BP_mitotic_G2/M_transition_checkpoint%0044818,0.237410072,0.670897233,0.463570601,1.180806343,98,18,BRCA1;NBN;RAD50;ATR;INTS3
BP_protein_localization_to_membrane%0072657,0.239808153,0.670897233,0.461788815,1.176267781,99,18,RRAGC;TM9SF1;TM9SF4;TM9SF3;AP3D1;HPS6;HGS;NMT1
BP_positive_regulation_of_interleukin-12_production%0032735,0.238329238,0.670897233,0.458735443,1.175764106,96,19,PLCG2;IL16;MAPK14;SYK;IRF8
BP_cell_surface_receptor_protein_tyrosine_kinase_signaling_pathway%0007169,0.236979167,0.670897233,0.425648799,1.177833723,90,26,CASS4;SH2D3C;HCK;CSF1R;NEDD9;ERBB3
BP_single_fertilization%0007338,0.239583333,0.670897233,0.424445672,1.174504493,91,26,WDR48;AP3B1;KDM5B;ADCY3;ANTXR2;HPS1;ITPR1
BP_chloride_transmembrane_transport%1902476,0.235294118,0.670897233,0.420573162,1.161403122,91,25,CLIC4;PCYOX1;CLCC1;ANO10;ANO6;UCP2;PACC1;CLCN6
BP_DNA_damage_checkpoint_signaling%0000077,0.240437158,0.670897233,0.394866542,1.16552818,87,35,NBN;TRP53BP1;ATR;RAD9A;PRPF19;ATRIP;MAPK14;UFL1;ATM;CHEK2;PARP9;ERCC6
BP_replication_fork_processing%0031297,0.240437158,0.670897233,0.392877519,1.159657176,87,35,RECQL;FBH1;BLM;ZRANB3;BRCA2;ATR;EME1;TONSL;RTEL1;DDX11;WRN
RA_Signaling_by_MET%R-MMU-6806834,0.510574018,0.671619561,0.321666067,0.953329253,168,38,USP8;ITGB1;RAC1;SH3GL1;SHC1;FN1;COL1A2;HGF;SH3KBP1;STAM2;COL1A1;RANBP10
RA_TNF_signaling%R-MMU-75893,0.514242879,0.674310357,-0.351995589,-0.963661136,342,43,RPS27A;RACK1;TAB2;XIAP;TRADD
RA_Autodegradation_of_Cdh1_by_Cdh1:APC/C%R-MMU-174084,0.515015015,0.674310357,-0.352261483,-0.960466898,342,42,RPS27A;UBE2S;PSMB5;PSMB6;PSMA7;PSMD9;PSMB1;ANAPC16;PSMD13;PSMC5;PSMD7;PSMD10;PSMD4;ANAPC11;UBE2C
BP_receptor_clustering%0043113,0.242574257,0.675045789,0.438737921,1.163447417,97,21,FLNA;AGRN;ITGB2;LGALS9;ITGB2L;CLEC2I;PAK1;NME7
BP_lipid_storage%0019915,0.243243243,0.675097557,0.457043283,1.171427005,98,19,CRY1;LDAH;DGAT2;B4GALNT1;PNPLA2;LIPA;STAT5A
BP_activation_of_GTPase_activity%0090630,0.244094488,0.675653543,0.413031892,1.156834914,92,28,DOCK7;RALGAPB;SIPA1L1;ECT2;NEDD9;NDEL1;ABR
RA_Signaling_by_NOTCH%R-MMU-157118,0.520134228,0.679432878,-0.411708904,-0.967839044,309,20,RPS27A;PSENEN
"BP_alternative_mRNA_splicing,_via_spliceosome%0000380",0.247135843,0.682252673,-0.479914314,-1.179557554,150,25,DDX17;BCAS2;SRSF9;NCBP2;RBM17;RSRC1;SFPQ
BP_antiviral_innate_immune_response%0140374,0.247813411,0.682308543,0.37034181,1.121426055,84,41,NLRP1A;DHX15;UAP1;HCFC2;TBK1;IFIT2;TRAF3IP3;RNF135;IFIH1;MAVS;DHX58;MORC3;SMARCA5;PDE12;SENP7;RELA
KEGG_Various_types_of_N-glycan_biosynthesis%mmu00513,0.483870968,0.683111954,0.34112999,0.957863232,179,29,STT3A;STT3B;ST3GAL3;MAN1C1;MGAT4B
RA_PIP3_activates_AKT_signaling%R-MMU-1257604,0.524699599,0.683809895,-0.306654391,-0.979711736,392,128,LAMTOR4;RPS27A;CDKN1B;LAMTOR2;PHLPP2;PSMB5;FOXO3;FOXO4;XIAP;PSMB6;CHD3;PPP2R5E;PSMA7;PSMD9;LAMTOR5;PSMB1;STUB1;CSNK2A2;CBX8;GATAD2B;PSMD13;PIP5K1A;PIP4K2B;PSMC5;PSMD7;PSMD10;PDPK1
BP_regulation_of_inflammatory_response%0050727,0.25,0.68469657,0.361207406,1.123483807,82,47,NLRP1A;DAGLB;PIK3AP1;FANCD2;ALOX5;JAK2;ANXA1;LACC1;UFL1;MYD88;RICTOR;SBNO2;FANCA;GRN;SLC7A2;CASP1;AREL1;RELA;SPATA2;AKNA;TLR4
BP_glutathione_metabolic_process%0006749,0.249597424,0.68469657,-0.467662538,-1.181515606,154,28,SOD1;HMGN5;MGST1;GSTP1;SOD2;GSTT2;GSTK1;GSTM5;ETHE1;GPX1
BP_macrophage_differentiation%0030225,0.253071253,0.685869349,0.451884484,1.15820472,102,19,CASP8;ASXL2;EIF2AK1;VEGFA;UCP2
BP_response_to_cAMP%0051591,0.253071253,0.685869349,0.451630585,1.157553965,102,19,DGKQ;CARM1;MMP19;STAT1;MAT2A;COL1A1;PNPT1
BP_negative_regulation_of_TOR_signaling%0032007,0.253071253,0.685869349,0.45131268,1.156739155,102,19,TSC2;RPS6KA1;PRKAA1;UBR2;PREX1;HIF1A
BP_placenta_development%0001890,0.251666667,0.685869349,-0.488738463,-1.179251605,150,23,CDKN1B;RPS6;DNMT3L;IL11RA1;PPARD;HSP90AB1;NOTCH2
BP_endocytic_recycling%0032456,0.253918495,0.686373433,0.356484971,1.106824127,80,50,VPS35;VPS26A;SNX4;VPS52;DENND1C;VPS26C;VPS39;VPS53;STX6;RAB11B;VPS50;CMTM6;ACAP2;EPG5;GGA3;SNX27;RAB11FIP4;EHD4;HGS;VPS51;ANKRD27;DENND1A
RA_Fc_epsilon_receptor_(FCERI)_signaling%R-MMU-2454202,0.528011204,0.686536508,-0.326197145,-0.97391489,376,75,RPS27A;TAB2;PSMB5;FCER1G;PSMB6;PSMA7;PSMD9;PSMB1;FOS;NFKBIA;PSMD13;PSMC5;PSMD7;PSMD10;PDPK1;CDC34;CALM1;PSMD4;PPP3CB
BP_positive_regulation_of_dendritic_spine_morphogenesis%0061003,0.255528256,0.688930725,0.449716249,1.152647416,103,19,KALRN;DHX36;MFN2;STAU2;EEF2K;LRP8;CAPRIN1
BP_positive_regulation_of_epidermal_growth_factor_receptor_signaling_pathway%0045742,0.256499133,0.689756737,-0.531461233,-1.172002046,147,15,SPRY2;RALA;PLAUR
BP_regulation_of_apoptotic_process%0042981,0.257261411,0.690018978,0.303589165,1.090305284,61,130,MYC;JAK3;NLRP1A;ACTN4;AKT1;ARRB1;THOC1;ACTL6A;RIPK3;SELL;LRP5;NF2;PPP1R13B;BCL2L13;DEDD;WRN;KPNA1;IKZF3;KAT5;TRP53;JAK2;PINK1;NAIP2
RA_EGFR_downregulation%R-MMU-182971,0.53220339,0.690392877,-0.428440786,-0.951843525,313,15,RPS27A;SPRY2;CBL;EPN1
BP_positive_regulation_of_myoblast_differentiation%0045663,0.258666667,0.692,0.403816267,1.15572848,96,30,ILK;RIPOR2;ACTL6A;SMARCC2;SMARCA4;MAPK14;KAT5
RA_Transcriptional_Regulation_by_E2F6%R-MMU-8953750,0.535175879,0.69265292,0.368257039,0.94534879,212,21,E2F6;TFDP1;L3MBTL2;RBBP7
KEGG_Glycosylphosphatidylinositol_(GPI)-anchor_biosynthesis%mmu00563,0.494974874,0.6950711,0.394863258,0.9649418,196,18,PIGN;PIGG;PIGU
BP_mesoderm_formation%0001707,0.261176471,0.695131222,0.468686421,1.143365891,110,15,TXNRD1;NF2;PRKACA;EXT2;SMAD3;GPI1;ECSIT
BP_positive_regulation_of_protein_localization_to_cell_surface%2000010,0.261168385,0.695131222,-0.524545167,-1.17315827,151,16,AGAP2;FCER1G;STX4A;TYROBP;COMMD1;HSP90AB1;SYNJ2BP
BP_protein_localization_to_nucleus%0034504,0.262166405,0.695981403,-0.446959978,-1.154916236,166,33,RPL11;XPA;ZBTB7A;TOR1B;HDGF;CDKN2A
RA_ABC-family_proteins_mediated_transport%R-MMU-382556,0.539130435,0.696170722,-0.337534725,-0.96822581,371,61,RPS27A;PSMB5;PSMB6;ERLEC1;EIF2S3X;PSMA7;PSMD9;PSMB1;EIF2S2;PSMD13;PSMC5;PSMD7;PSMD10;DERL2;PSMD4;ABCG1;RNF5;PSME1
BP_ovarian_follicle_development%0001541,0.264516129,0.700427913,-0.458495084,-1.161920377,163,29,SOD1;BCAS2;BAX;TAF4;CEBPB;BCL2
RA_Deubiquitination%R-MMU-5688426,0.543778802,0.700566282,0.257252087,0.966205287,117,181,MYC;USP19;WDR48;ARRB1;RNF123;DDB2;USP8;USP7;BRCA1;RHOT1;ACTL6A;KAT2A;USP37;VCP;ASXL2;BECN1;PSMD1;RIPK1;RAD23A;USP15;USP47;JOSD1;USP10;PSMF1;DDX58;TNIP1;USP21;USP14;USP33;IKBKG;TADA2B;PSMD5;STAM2;USP4
RA_Clathrin-mediated_endocytosis%R-MMU-8856828,0.545454545,0.701120797,0.28012147,0.93024623,155,76,PIP5K1C;ARRB1;EPS15L1;AP2A1;GAK;FCHO1;PACSIN2;SH3GL1;CLTC;DNM2;SH3KBP1;AP2M1;COPS4
BP_positive_regulation_of_epithelial_cell_proliferation%0050679,0.265625,0.701574427,0.411470182,1.138599377,101,26,MYC;WDR48;VEGFA
BP_positive_regulation_of_miRNA_transcription%1902895,0.267015707,0.701714207,0.396973855,1.129704733,101,29,MYC;SMARCA4;NR1H2;TRP53;TGFB1;HIF1A;SMAD3;SMAD4;STAT3;RELA;MRTFA
BP_determination_of_left/right_symmetry%0007368,0.267029973,0.701714207,0.391766815,1.139125114,97,32,AP1B1;GALNT11;TMEM67;STIL;RTTN;TBC1D32;NPHP3;NME7;IFT140;IFT172;DISP1
KEGG_Hypertrophic_cardiomyopathy%mmu05410,0.504132231,0.704184704,0.336469044,0.952566728,182,30,ITGB1;ITGB5;DAG1;PRKAA1;ATP2A2;SLC8A1;TPM4;ITGA5;TGFB1;PRKAB1;ITGA6
RA_DNA_Damage/Telomere_Stress_Induced_Senescence%R-MMU-2559586,0.549152542,0.704266245,-0.423661325,-0.941225258,323,15,CDKN1B;ASF1A;UBN1
WP_ErbB_signaling_pathway%WP1261,0.503836317,0.706028641,0.348110387,0.961298835,196,25,MYC;MTOR;PLCG1;MAP2K1
WP_Eukaryotic_Transcription_Initiation%WP567,0.505295008,0.706028641,-0.359318397,-0.975693595,333,40,POLR2H;POLR2I;POLR1D;AK6;POLR1C;TAF12;GTF2F2;MNAT1;POLR2E;CCNH;POLR2G;GTF2A2;TAF13;ERCC2;POLR3K
WP_Exercise-induced_Circadian_Regulation%WP544,0.502369668,0.706028641,-0.380870839,-0.977971208,317,31,G0S2;TAB2;PURA;PIGF;CEBPB
BP_regulation_of_MAPK_cascade%0043408,0.269633508,0.706766619,0.395387926,1.125191511,102,29,PIK3AP1;MINK1;RNF41;VRK2;CSF1R;TLR13;PAK1;SHOC2;TNIK
RA_RMTs_methylate_histone_arginines%R-MMU-3214858,0.554376658,0.708304141,0.354116998,0.936763017,208,24,CARM1;ACTL6A;SMARCC2;SMARCA4;PRMT7
RA_Metabolism_of_water-soluble_vitamins_and_cofactors%R-MMU-196849,0.554817276,0.708304141,0.293149801,0.949674859,166,65,MTHFD1L;FASN;MTHFD1;PANK4;MTR;SHMT1;SLC2A3;PCCA;SLC19A1;ACACA;MOCOS;NADK;FLAD1;PARP8;TCN2;SLC5A6;SHMT2;NADSYN1;PARP9;MCCC1;MTRR
BP_fibroblast_migration%0010761,0.271428571,0.709386935,0.466282071,1.14822638,113,16,CLASP2;ILK;IQGAP1;PLEC;PML
BP_gluconeogenesis%0006094,0.272,0.709386935,0.397383662,1.137318262,101,30,PCX;KAT2A;CRY1;SLC25A13;ENO1;FBP1;GPD2;GPI1;SLC25A10;PPP4R3B;PGAM1;CRTC2
KEGG_Purine_metabolism%mmu00230,0.512195122,0.711681643,0.290909418,0.962700234,146,73,PAPSS2;XDH;PRPS1L3;ADSL;PGM1;PDE4D;RRM1;IMPDH1;GMPR2;AMPD3;GART;ADCY3;PGM2;NT5C2;PAPSS1;ADSSL1;RRM2;LACC1;PAICS;GMPS;ENTPD1;AMPD2;ATIC;ENTPD5;ADK;NME7
RA_Transport_of_Mature_Transcript_to_Cytoplasm%R-MMU-72202,0.56097561,0.712932886,0.284827901,0.936985241,160,72,NUP160;THOC1;NUP107;POM121;CPSF3;CASC3;NUP214;POLDIP3;NUP188;NUP133;RANBP2;CPSF1;NUP93;NUP155;NUP88;NUP98
RA_Signaling_by_Insulin_receptor%R-MMU-74752,0.560371517,0.712932886,-0.356245081,-0.921976896,361,31,ATP6V1G1;ATP6V1F;ATP6V0B
BP_positive_regulation_of_protein_phosphorylation%0001934,0.275303644,0.714412955,0.305052395,1.075434944,67,117,RAF1;NPTN;ILK;XBP1;AKT1;ARRB1;FBH1;IQGAP3;PDE4D;AGRN;MTOR;DVL3;RAC1;GNAS;RIPK1;MPRIP;VEGFA;CSF1R;PSEN1;SQSTM1;GPNMB;EIF4G3;DVL2;MAP2K3;AXIN1;PINK1
BP_calcium_ion_homeostasis%0055074,0.274914089,0.714412955,-0.516748958,-1.155721856,159,16,ZNHIT1;PSEN2
RA_G_alpha_(i)_signalling_events%R-MMU-418594,0.563694268,0.714774488,0.29228879,0.934654951,176,59,PPP2R1B;PLA2G4A;PDE4D;CNR2;ADCY3;GNA15;PRKACA;CAMKK1;ANXA1;GNA11
BP_cellular_response_to_cadmium_ion%0071276,0.285714286,0.715422947,0.462972694,1.14007699,119,16,AKT1;HSF1;GSN;MAPK1;MAPK9;MMP9;HSPA8
BP_melanosome_organization%0032438,0.289411765,0.715422947,0.460862998,1.124280561,122,15,AP1M1;AP3B1
BP_positive_regulation_of_autophagosome_assembly%2000786,0.287769784,0.715422947,0.443087827,1.128632653,119,18,RAB3GAP2;BECN1;SNX4;TRIM32;ULK1;LRSAM1;ATG2A
BP_ATP_metabolic_process%0046034,0.287769784,0.715422947,0.441848087,1.125474789,119,18,VCP;AMPD3;NDUFS1;SLC25A25;AMPD2;ATP7A;CLPX
BP_positive_regulation_of_focal_adhesion_assembly%0051894,0.290167866,0.715422947,0.439677862,1.119946793,120,18,MYH9;IQGAP1;RAC1;PPM1F;VEGFA
BP_mismatch_repair%0006298,0.290167866,0.715422947,0.439462049,1.119397076,120,18,MSH2;MLH1;PMS1;MSH6;PMS2;EXO1;RPA1;MSH3;MUTYH
BP_synapse_assembly%0007416,0.28992629,0.715422947,0.431893767,1.106967415,117,19,GNPAT;AGRN;PLXNB3;CAPRIN1;MECP2;PLXNB2;SLC25A46;DBNL
BP_negative_regulation_of_osteoblast_differentiation%0045668,0.278606965,0.715422947,0.417844386,1.132874737,111,23,NBR1;HDAC5;NFATC1;MEN1;LRP5
BP_protein_localization_to_centrosome%0071539,0.288557214,0.715422947,0.41516306,1.12560503,115,23,SPAG5;STIL;CEP78;CSNK1D;PCM1;PIBF1;AURKA;C2CD3;SNX10;CEP350
BP_negative_regulation_of_protein-containing_complex_assembly%0031333,0.286445013,0.715422947,0.403246818,1.113556821,111,25,RAF1;TFIP11;HSF1;CRBN;HSPA5;HDAC6;TMC8;ULK1;CDC42
BP_embryonic_organ_development%0048568,0.280519481,0.715422947,0.399457139,1.113139998,107,27,POLE;WDR48;MED12
BP_positive_regulation_of_endothelial_cell_migration%0010595,0.283378747,0.715422947,0.382677594,1.112696738,103,32,BCAS3;AKT1;PIK3CG;RAC1;VEGFA
BP_calcium_ion_transport%0006816,0.281420765,0.715422947,0.373606324,1.10277436,102,35,PKD1;PRKCB;ANXA6;NFATC1;ATP2C1;PLCG1;ATP2A2;SLC8A1;LETM1;ITPR1;ITPR2;P2RX4
BP_keratinocyte_differentiation%0030216,0.277777778,0.715422947,0.37112914,1.099707121,99,37,SAV1;GAK;CLIC4;SMARCA4;ASAH1;MED1;MAP2K1;PLEC;ANXA1
BP_chromosome_organization%0051276,0.289617486,0.715422947,0.369359242,1.090238243,105,35,MYC;BLM;BRCA2;RAD50;ATR;RPA1;DCLRE1C;POT1A;RAD54L;TRP53;CTC1;ZMPSTE24
BP_thymus_development%0048538,0.288043478,0.715422947,0.369310083,1.096323798,105,36,RAF1;PRKDC;RIPK3;CARMIL2;PSEN1;NFATC3;MAP2K1;MAD1L1;CTC1;ZMPSTE24;ATM
BP_circadian_rhythm%0007623,0.29154519,0.715422947,0.360629819,1.092017334,99,41,NCOA2;THRAP3;AGRN;CRY1;NFIL3;ATP1A3;METTL3;MAT2A;CREB1
BP_cellular_response_to_hydrogen_peroxide%0070301,0.280373832,0.715422947,0.348320068,1.090307532,89,55,PLEKHA1;NET1;TOP2B;STAT6;RIPK3;BECN1;RIPK1;CAPN1;HSF1;PRKAA1;AIFM1;ECT2;ANXA1;HDAC6
BP_negative_regulation_of_protein_phosphorylation%0001933,0.286585366,0.715422947,0.345485554,1.085948462,93,52,XDH;ARRB1;TSC2;CCNB1;PRKDC;MTOR;HSPA4;MEN1;PSEN1;CACTIN;PKN1
BP_nervous_system_development%0007399,0.290983607,0.715422947,0.305585812,1.069584717,70,114,MEF2D;NUMB;KALRN;SH2B2;MAFK;ANAPC2;ACTL6A;SMARCC2;KAT2A;MEF2A;SMARCA4;MAP1S;TGFBR2;UNC119B;HDAC5;FN1;LRP5;VEGFA;IGF2BP3;ATXN10;NEDD4;TTLL7;DPF2;SDHA;ECT2;USP33;PLXNB3
BP_inflammatory_response%0006954,0.281632653,0.715422947,0.289457116,1.063583577,68,150,NLRP1A;HK1;AKT1;AP3B1;FASN;CD180;PIK3CG;SCYL3;CUL3;THEMIS2;HCK;MTOR;ALOX5;CNR2;HDAC5;SCYL1;RIPK1;PXK;CSF1R;TLR13;ITGB2L;TNIP1;HPS1;SERPINB1A;MAP2K3;NRROS;ANXA1;NAIP2;LACC1;HDAC9;TRIM14;RPS6KA4;OLR1
BP_cellular_senescence%0090398,0.282296651,0.715422947,-0.448552245,-1.143206997,176,30,NDUFS6;CDKN2A;NPM1;MNT;ZFP217
BP_TORC1_signaling%0038202,0.285470085,0.715422947,-0.498305094,-1.143470883,166,18,LAMTOR4;LAMTOR2;LAMTOR5
BP_response_to_lipopolysaccharide%0032496,0.292749658,0.716684304,-0.360880468,-1.097056949,213,85,HNRNPA0;SELENOW;PENK;TAB2;XIAP;BIN1;MGST1;SLPI;FOSL2;NOTCH1;SOD2;FOXP1;AKIRIN2;CEBPB;FOS;NFKBIA;ADIPOR2;HMGB2;MGST2;PRDX2;S100A8;LIAS;PTAFR
BP_establishment_or_maintenance_of_cell_polarity%0007163,0.298029557,0.71937807,0.413240756,1.109094233,120,22,CLASP2;CTNNA1;RHOBTB2;RAC1;CARMIL2
BP_response_to_hormone%0009725,0.295,0.71937807,0.408504288,1.123521722,117,24,AKT1;NCOA4;MMP19;ATP1A3;POR;MAT2A
BP_protein_O-linked_glycosylation%0006493,0.296675192,0.71937807,0.400589722,1.106219311,115,25,PGM3;GALNT11;POMGNT1;GALNT12;B3GALT5;POMK
BP_positive_regulation_of_T_cell_differentiation%0045582,0.298701299,0.71937807,0.392475146,1.093683754,114,27,XBP1;ACTL6A;SMARCC2;SMARCA4
BP_cellular_response_to_epidermal_growth_factor_stimulus%0071364,0.297450425,0.71937807,0.379179865,1.100705822,104,34,CAD;AKT1;IQGAP1;BECN1;MCM7;PLCG1;MED1;GIT1;COL1A1
BP_mRNA_export_from_nucleus%0006406,0.296466974,0.71937807,-0.417526136,-1.120942709,192,39,SEM1;RBM8A;MAGOH;MAGOHB;SARNP;NCBP2;CHTOP;NXT1;SRSF3;NCBP3;THOC7;ALYREF
BP_monoatomic_cation_transmembrane_transport%0098655,0.298093588,0.71937807,-0.515414402,-1.136614857,171,15,ROMO1;CNGB1;TMEM109
BP_positive_regulation_of_catalytic_activity%0043085,0.3,0.720833333,0.454417815,1.119010476,125,16,MYC;BCAS3;PIK3CG
BP_adenylate_cyclase-activating_G_protein-coupled_receptor_signaling_pathway%0007189,0.30183727,0.72190573,0.38494299,1.078162483,114,28,DGKQ;CNR2;GNAS;ADGRE5;ADCY3;ADGRG3;PRKACA
BP_chemical_synaptic_transmission%0007268,0.30183727,0.72190573,0.384904447,1.07805453,114,28,SPG11;AGRN;EXOC4;MINK1;MYO5A;APBA3;USP14;LRP8;GLS;CEP89;MECP2
BP_regulation_of_autophagy%0010506,0.303206997,0.723514628,0.359034301,1.08718597,103,41,XBP1;PIK3R4;RMC1;MTOR;PIK3C3;BECN1;WAC;USP10;USP33;PIK3R2;ULK1;ZMPSTE24;ATM;RPTOR;DCAF12
BP_mRNA_processing%0006397,0.304347826,0.724571201,-0.327782336,-1.082582189,237,171,SREK1IP1;TRA2A;MAGOH;ARGLU1;SNRNP27;WTAP;PRKRIP1;SNRNP48;FRG1;ARL6IP4;NUDT21;SRSF9;PPIL3;ACIN1;HNRNPH1;PAN3;SRPK1;PRPF38B;KIN;TSEN15;CIR1;PABPC1;HNRNPA3;PABPN1;CD2BP2;TARDBP;RBM25;SRSF3;SREK1;CRIPT;IWS1;ZRANB2;THOC7;SRSF5;ZMAT5;ALYREF;SON;NSRP1;LSM10;CNOT6L;SMNDC1
BP_negative_regulation_of_JNK_cascade%0046329,0.307142857,0.724577922,0.451730793,1.112393646,128,16,AKT1;MEN1
BP_visual_perception%0007601,0.306905371,0.724577922,0.398315285,1.099938507,119,25,MYO7A;MYO5A;CNNM4;ATF6;COL1A1;CLN5;PPT1;PDCL;BBS2;OPA1
BP_protein_polyubiquitination%0000209,0.305555556,0.724577922,0.307586295,1.059531276,76,102,UBE4A;RNF123;PPIL2;DDB2;UBR5;CUL3;MGRN1;UBE2E1;CUL4B;WSB2;RNF41;TOPORS;UBE2J1;RNF114;PRPF19;HECTD1;TRIM32;BTRC;AXIN1;RNF135;DZIP3;HDAC6;RNF166;TRIP12;DTL;RNF125;MKRN1;SHPRH;UBE3B;SKP2;AMFR;FBXL17;UBE3C;TRIM21;MKRN2;LRSAM1;RNF31;KLHL42;AMBRA1
BP_regulation_of_cell_division%0051302,0.306759099,0.724577922,-0.511421361,-1.127809224,176,15,RACK1;CIB1;ZBTB18;KAT2B
KEGG_Legionellosis%mmu05134,0.524390244,0.724811646,0.313541197,0.952832471,171,42,CASP8;VCP;ITGB2;HSF1;BCL2L13;ITGB2L;NAIP2;CASP7;MYD88;C3;CASP1;CASP3;RELA;NFKB2;ARF1;RAB1B;TLR4;CASP9;HBS1L
BP_learning%0007612,0.307941653,0.724815048,-0.449273539,-1.128374915,189,27,COMT;ATXN1;PPP1R9B
BP_positive_regulation_of_p38MAPK_cascade%1900745,0.30952381,0.725249919,0.449958646,1.108029707,129,16,XDH;MAP3K4;MAP3K3;MINK1;VEGFA;GSN
BP_positive_regulation_of_osteoblast_differentiation%0045669,0.309090909,0.725249919,0.386161266,1.076089293,118,27,ILK;GNAS;MEN1;LRP5;VEGFA
BP_germ_cell_development%0007281,0.31202046,0.726169884,0.396990209,1.096279339,121,25,AKT1;MSH2;CHTF18;FANCC;MTOR;STAU1;FER;STAU2
BP_receptor-mediated_endocytosis%0006898,0.3125,0.726169884,0.363181779,1.078131483,114,36,HMMR;GAK;CLTC;TGFBR2;DNAJC13;ITGB2;HPSE;DNM2;CAP1
BP_lung_development%0030324,0.311046512,0.726169884,0.346619049,1.073849603,106,44,AP3B1;TMTC3;EIF4G1;TGFBR2;ASAH1;VEGFA;HPS1;CUX1;FBXW7;NPHP3;BAG6;DHCR7;PPP1CA;HEG1;TIMELESS;LIPA
BP_negative_regulation_of_DNA_binding%0043392,0.312714777,0.726169884,-0.503060777,-1.125107899,181,16,TFAP4;GZMA;ILRUN;IFI203;ID1;RSF1
RA_Metabolism_of_nucleotides%R-MMU-15869,0.574193548,0.726451613,0.290330069,0.92750573,177,60,CAD;XDH;ADSL;RRM1;IMPDH1;GMPR2;CTPS2;AMPD3;GART;TXNRD1;NT5C2;UMPS;ADSSL1;RRM2;PAICS;GMPS;ENTPD1;AMPD2;ATIC;ENTPD5;ADK
BP_negative_regulation_of_protein_localization_to_plasma_membrane%1903077,0.314285714,0.72694002,0.443756021,1.117049486,131,17,NUMB;CLTC;HECTD1;AP2M1
BP_type_I_interferon-mediated_signaling_pathway%0060337,0.31773399,0.72694002,0.407403857,1.093428618,128,22,JAK1;TYK2;STAT1;STAT2;SIN3A;IFNAR1;IFIH1;MYD88
BP_positive_regulation_of_erythrocyte_differentiation%0045648,0.31773399,0.72694002,0.406406894,1.090752875,128,22,KAT7;NCKAP1L;PRKDC;STAT1;MED1;MAPK14
BP_neuromuscular_process_controlling_balance%0050885,0.316753927,0.72694002,0.372159885,1.059089354,120,29,NBN;MYO5A;TIFAB;ATP1A3;ABL2;ABR;EI24;HERC1;APP;ABL1;TPP1;REST;CLN8
BP_autophagy%0006914,0.314655172,0.72694002,0.294602507,1.055022131,72,132,BCAS3;XBP1;TM9SF1;RMC1;VPS41;VCP;PIK3C3;CLTC;BECN1;TBC1D25;ATG7;RNF41;VPS11;ATP13A2;SIRT2;DNM2;PSEN1;SQSTM1;PRKAA1;VPS39;LRPPRC;USP10;VPS16;CHMP7;PTPN22;TRP53;RNF166;ULK1;PIK3CB;TGFBRAP1;ATG4D;VPS4B;VPS18;CLEC16A;TBC1D5;IRF8;EPG5;ATG14;TMEM39A;EI24
BP_chromatin_organization%0006325,0.316883117,0.72694002,-0.33588226,-1.075354429,243,132,BANF1;ENY2;HMGN5;RTF1;NUCKS1;ZBTB7A;SAMD1;PTMA;YEATS4;PHF14;CHD3;HMGN1;SATB1;PHF21A;BCORL1;ANP32E;UBN2;SETD7;UBN1;ARID1A;MDC1;UIMC1;UBE2B;PARP10;UTP3;BRD3;EPC2;RSF1;RCCD1;EMSY;RNF169;OGT;TBL1XR1;PWWP3A;TRRAP;HMGB1
BP_reticulophagy%0061709,0.317948718,0.72694002,-0.489460309,-1.123174574,185,18,DDRGK1;UFC1;SNX30;RETREG1;RETREG2;TEX264
BP_G_protein-coupled_receptor_signaling_pathway%0007186,0.319230769,0.728267117,0.314860042,1.062835818,82,89,ARHGEF11;DGKQ;ARRB1;PIK3CG;P2RY2;RAC1;ARHGEF1;CNR2;GNAS;ADGRE5;ADGRG3;VAV1;GNA15;JAK2;GNA11;GNB5;ENTPD1;GNA12;GPR160;SYK;TGM2;FPR1;ADGRL4;ADGRE1;PREX1
KEGG_Chemical_carcinogenesis%mmu05204,0.530988275,0.730108878,-0.432816647,-0.963039547,316,15,MGST1;GSTP1;GSTT2;MGST2;GSTK1;GSTM5
KEGG_Glyoxylate_and_dicarboxylate_metabolism%mmu00630,0.535353535,0.732297064,0.369161673,0.932184002,211,20,CAT;ACO1;SHMT1;PCCA;ACO2;DLD;SHMT2
RA_Resolution_of_Abasic_Sites_(AP_sites)%R-MMU-73933,0.580901857,0.732365317,0.340464218,0.923627341,218,26,POLE;POLD1;RFC5;RPA1;XRCC1;RFC1;POLE2
RA_Cargo_recognition_for_clathrin-mediated_endocytosis%R-MMU-8856825,0.582352941,0.732365317,-0.330154115,-0.922947034,395,49,RPS27A;VAMP8;NEDD8;AP2S1;TOR1B;CLTB;EPN1;UBQLN2
RA_Regulation_of_signaling_by_CBL%R-MMU-912631,0.58277027,0.732365317,-0.405429637,-0.914317274,344,16,RPS27A
BP_positive_regulation_of_viral_genome_replication%0045070,0.323308271,0.732934748,0.417198088,1.08453233,128,20,ADAR;CNOT7;DDB1;STAU1;RAD23A
BP_RNA_catabolic_process%0006401,0.324257426,0.732934748,0.412131454,1.092892255,130,21,MTREX;EXOSC10;DIS3;DIS3L
BP_regulation_of_postsynapse_assembly%0150052,0.325459318,0.732934748,0.373715339,1.046715664,123,28,NUMB;VPS35;IQGAP1;RAC1;ELMO1;CC2D1A;ARHGAP33;DOCK10;CYFIP2;UBE3B
BP_positive_regulation_of_T_cell_proliferation%0042102,0.325459318,0.732934748,0.372259487,1.04263806,123,28,JAK3;NCKAP1L;TYK2;CARMIL2;SASH3;JAK2;ANXA1;DNAJA3;ADK;NCK2;VCAM1
BP_mitotic_metaphase_chromosome_alignment%0007080,0.32361516,0.732934748,0.352039177,1.066004149,110,41,CDC23;CCNB1;KIF2C;CUL3;KIF18A;BECN1;ZW10;CHMP7;KIF22;SEH1L;SPDL1;VPS4B
BP_spermatid_development%0007286,0.326219512,0.732934748,-0.401365877,-1.094239079,213,42,TMF1;ARMC3;CIB1;SLIRP;CELF1;ING2
BP_negative_regulation_of_phagocytosis%0050765,0.325823224,0.732934748,-0.504745207,-1.113086673,187,15,RACK1;PRTN3
RA_Base_Excision_Repair%R-MMU-73884,0.584656085,0.733098832,0.336669364,0.920606559,220,27,POLE;POLD1;RFC5;RPA1;XRCC1;RFC1;POLE2
RA_RHOBTB2_GTPase_cycle%R-MMU-9013418,0.588235294,0.734315899,0.36696043,0.916866012,239,19,CUL3;RHOBTB2;CCT6A;TMOD3;RBMX;ACTN1;SRRM1
RA_Translesion_Synthesis_by_POLH%R-MMU-110320,0.588135593,0.734315899,-0.41164986,-0.91454004,346,15,RPS27A;RPA3;RCHY1;SPRTN;PCNA
BP_muscle_cell_cellular_homeostasis%0046716,0.327556326,0.734348739,-0.501673216,-1.10631218,188,15,SOD1
KEGG_Salivary_secretion%mmu04970,0.542424242,0.734358974,-0.371348108,-0.962574639,357,34,CAMP;CST3;ATP2B1;CALM3;CALML4;BST1;KCNN4;ATP2B4;CALM1;ADRB2;ADCY9
KEGG_Neuroactive_ligand-receptor_interaction%mmu04080,0.541401274,0.734358974,-0.377446649,-0.933714885,339,26,PENK;GAL;FPR2;TSPO;GZMA;PTAFR;ADRB2;PGRMC1;LTB4R1;TMEM97
RA_TCF_dependent_signaling_in_response_to_WNT%R-MMU-201681,0.590909091,0.736021722,0.275621432,0.923062269,168,81,PPP2R1B;RBBP5;USP8;CUL3;DVL3;SMARCA4;XPO1;PSMD1;MEN1;LRP5;TLE1;PPP2R5B;PSMF1;PPP2R5C;DVL2;AXIN1;PSMD5
BP_regulation_of_insulin_secretion%0050796,0.33161512,0.741845894,-0.489843297,-1.108552204,192,17,UQCC2;PPARD;PPP3CB;SLC8B1;SLC16A1;HADH;CLOCK;SREBF1;TCIRG1;ENSA;RFX3
RA_Sialic_acid_metabolism%R-MMU-4085001,0.602439024,0.743241044,0.383449606,0.921233053,246,16,GNE;ST3GAL3;CTSA;ST6GALNAC4;GLB1
RA_EPHB-mediated_forward_signaling%R-MMU-3928662,0.599033816,0.743241044,0.376792019,0.931254609,247,18,KALRN;RAC1;CDC42
RA_Recruitment_and_ATM-mediated_phosphorylation_of_repair_and_signaling_proteins_at_DNA_double_strand_breaks%R-MMU-5693565,0.603174603,0.743241044,0.330318645,0.903240816,227,27,KDM4A;KDM4B;BRCA1;NBN
RA_Drug_ADME%R-MMU-9748784,0.603305785,0.743241044,0.322864392,0.905655782,218,30,XDH;IMPDH1;RAC1;NT5C2;SLC22A3;SLC29A1;ABCC4;GMPS;ADK;ABCC5;ABCC2;SLC28A2;ABCC3
"RA_Antigen_Presentation:_Folding,_assembly_and_peptide_loading_of_class_I_MHC%R-MMU-983170",0.6032,0.743241044,-0.371352054,-0.905723207,376,24,H2-Q4;H2-Q6;H2-Q7;H2-T22;BCAP31;H2-K1;TAP1;TAP2
BP_response_to_ethanol%0045471,0.333333333,0.744086022,-0.384746522,-1.083176685,226,49,EEF1B2;SOD1;PENK;BAK1;GSTP1;IGF1R;SETD7;BCL2;FOS;CBL;ADIPOR2
BP_skin_development%0043588,0.337438424,0.744222496,0.396803583,1.064978611,136,22,WDR48;PKD1;GNAS;JUP;PLEC;COL1A1;ATP8A2;MYD88;GPR89;ATP7A
BP_platelet-derived_growth_factor_receptor_signaling_pathway%0048008,0.335820896,0.744222496,0.394050984,1.06836521,134,23,PLEKHA1;IQGAP1;FER;ABL2;JAK2;TIPARP;SGPL1;PDGFRB;ABL1;RGS14;NRP1
BP_response_to_gamma_radiation%0010332,0.337595908,0.744222496,0.392051016,1.082639871,131,25,MYC;PRKDC;FANCD2;BRCA2;MEN1;PRKAA1;TRP53;PML;XRCC2
BP_cell_motility%0048870,0.3359375,0.744222496,0.388289499,1.074454968,128,26,ELMO2;CTNNA1;MYH9;RAC1;TMOD3;ELMO1;MAP2K1;PLEC;ADAM17
BP_epidermal_growth_factor_receptor_signaling_pathway%0007173,0.337696335,0.744222496,0.366860943,1.044009673,128,29,AKT1;IQGAP1;SHC1;CSF1R;PLCG1;SPG21;ABL2;ERBB3;EPHA7;PDGFRB;KIF16B;ABL1;KIT;NRG2
BP_negative_regulation_of_protein_binding%0032091,0.33427762,0.744222496,0.358546338,1.067227502,117,38,MYC;CARM1;AKT1;TFIP11;AURKB;DDX11;USP33;IFIT2;PEX14;TMC8
BP_positive_regulation_of_translation%0045727,0.339568345,0.74676259,-0.365519229,-1.067261955,235,64,RPS27L;UPF3B;RPL26;RPS4X;NPM1;CIRBP;SOX4;UPF3A;RPL5;PYM1;PTAFR;SSB;EIF6;EP300;METTL5;RBM3;AGO2
KEGG_Viral_myocarditis%mmu05416,0.556231003,0.749209106,-0.371203307,-0.95699428,365,33,H2-Q4;ACTB;H2-AB1;H2-Q6;CCND1;H2-Q7;H2-T22
KEGG_AGE-RAGE_signaling_pathway_in_diabetic_complications%mmu04933,0.564102564,0.753867792,0.296773613,0.944704774,175,58,PLCG2;AKT1;PRKCB;RAC1;TGFBR2;STAT1;NFATC1;FN1;COL1A2;VEGFA;PLCG1;MAPK14;JAK2;COL1A1;PIK3R2;PIK3CB
KEGG_Lysosome%mmu04142,0.565400844,0.753867792,0.267609115,0.939215873,133,111,AP1M1;AP1B1;AP3B1;ABCA2;MAN2B1;GGA2;CLTC;CTSE;ASAH1;AP1G2;IDUA;AP4E1;CTSC;AP3M1
BP_positive_regulation_of_smooth_muscle_cell_migration%0014911,0.343980344,0.754235666,0.417977621,1.07129957,139,19,MYC;PDE4D;P2RY2
BP_negative_regulation_of_cytokine_production%0001818,0.344827586,0.754235666,0.393871704,1.057109758,139,22,NPTN;CEACAM1;GPNMB;HDAC9
BP_extrinsic_apoptotic_signaling_pathway%0097191,0.345146379,0.754235666,-0.415389045,-1.088599918,223,34,NDUFA13;SIVA1;G0S2;BAX;TRADD;BAD;PRDX2;PDPK1;GSK3B
RA_Intra-Golgi_traffic%R-MMU-6811438,0.616,0.755564371,0.335342736,0.897148418,230,25,COG1;COG4;COG2;COG5;STX6;COG6;NSF;GOSR2;VPS45
RA_Translesion_synthesis_by_Y_family_DNA_polymerases_bypasses_lesions_on_DNA_template%R-MMU-110313,0.61849711,0.755564371,0.31593367,0.901696653,213,33,POLE;POLD1;VCP;NPLOC4;REV1;RFC5;UBA7;RPA1;USP10
RA_Intracellular_signaling_by_second_messengers%R-MMU-9006925,0.618677043,0.755564371,-0.289119288,-0.934692243,476,140,LAMTOR4;RPS27A;CDKN1B;LAMTOR2;PHLPP2;PSMB5;FOXO3;FOXO4;XIAP;PSMB6;CHD3;PPP2R5E;PSMA7;PSMD9;LAMTOR5;PSMB1;STUB1;CSNK2A2;CBX8;GATAD2B;PSMD13;PIP5K1A;PIP4K2B;PSMC5;PSMD7;PSMD10;PDPK1;CALM1;PSMD4;CSNK2B;PHC3
RA_DDX58/IFIH1-mediated_induction_of_interferon-alpha/beta%R-MMU-168928,0.618122977,0.755564371,-0.367948414,-0.88638558,381,23,RPS27A;HSP90AA1;NKIRAS1;NFKBIA;HSP90AB1
BP_negative_regulation_of_TORC1_signaling%1904262,0.347578348,0.757954464,0.351995592,1.05567937,121,39,TSC2;USP7;DEPDC5;PRKAA1;TBK1;PRKACA;SESN2;ATM;SESN1
KEGG_Glutathione_metabolism%mmu00480,0.571428571,0.758076095,-0.364417248,-0.939499234,375,33,GGCT;MGST1;GSTP1;TXNDC12;GSTT2;MGST2;GSTK1;GSTM5;GGT5;GPX1;GSS;SMS
RA_Metabolism_of_vitamins_and_cofactors%R-MMU-196854,0.622302158,0.758346569,0.273202227,0.916093261,172,82,MTHFD1L;FASN;MTHFD1;PANK4;MTR;SHMT1;IDH1;SLC2A3;PCCA;LRP10;SLC19A1;ACACA;MOCOS;NADK;FLAD1;PARP8;TCN2;SLC5A6;SHMT2;NADSYN1;PARP9;MCCC1;LRP1;MTRR
RA_Processing_of_Intronless_Pre-mRNAs%R-MMU-77595,0.625615764,0.759098437,0.348579167,0.879861419,253,20,CSTF2;CPSF3;CPSF1;CSTF3;PAPOLA;NCBP1;WDR33;CSTF1;PCF11
RA_Regulation_of_TNFR1_signaling%R-MMU-5357905,0.625373134,0.759098437,-0.339240345,-0.901603768,418,36,RPS27A;RACK1;XIAP;TRADD
BP_cellular_response_to_vascular_endothelial_growth_factor_stimulus%0035924,0.352941176,0.759540696,0.441219537,1.076360113,149,15,XBP1;AKT1;VEGFA;MAPK14;MAP2K3;ANXA1
BP_associative_learning%0008306,0.355294118,0.759540696,0.439256281,1.071570728,150,15,SPECC1;PPT1;MECP2;APP;ABL1;CLN8
BP_endothelial_cell_proliferation%0001935,0.352380952,0.759540696,0.438677868,1.080250629,147,16,XBP1;SCARB1;VEGFA;PIK3CB;LIPA
BP_negative_regulation_of_cell_adhesion%0007162,0.351485149,0.759540696,0.404914777,1.073755033,141,21,MYO1F;RIPOR2;PLXNB3;ERBB3;PDE3B;RASA1;PLXNB2;LPXN;SEMA4D
BP_neuron_cellular_homeostasis%0070050,0.351485149,0.759540696,0.404856566,1.073600669,141,21,DCTN1;MINK1;PSEN1;PRKAA1;ATP2A2;TSC22D4;IMMT;ATP7A;TMEM175
BP_protein_catabolic_process%0030163,0.355311355,0.759540696,0.317783674,1.036724923,96,76,AKT1;PREP;TPP2;SPG11;CUL3;ATG7;RIPK1;IDE;DPP3;CUL2;CAPN1;SQSTM1;CAST;BTRC;AXIN1;PJA1;AFG3L2;CASP7;CTSB;AFG3L1;PPT1;EPG5;GGA3;GGA1;LRSAM1;CHEK2;CASP3;NLN;CBLB;RELA;LONP1;MMP8;CAPN2
BP_translational_initiation%0006413,0.3556231,0.759540696,-0.391954357,-1.076768492,233,44,EIF3K;EIF1AX;EIF4B;EIF4A2;EIF1;EIF1B;EIF2S3X;EIF2S2;EIF3I;EIF3F;EIF4E3;EIF6
BP_lung_alveolus_development%0048286,0.351701783,0.759540696,-0.43538656,-1.093497012,216,27,PSEN2;PHF14;FOSL2;HOPX;ATXN1;NKIRAS1;BMPR2;MAN2A1;RC3H2;TMEM38B;ATXN1L;ADA;CIC;MAPK8IP3
BP_response_to_hydrogen_peroxide%0042542,0.351132686,0.759540696,-0.436016265,-1.082960725,216,26,SOD1;BAK1;PARK7;SOD2;BCL2
BP_positive_regulation_of_reactive_oxygen_species_metabolic_process%2000379,0.355,0.759540696,-0.450653964,-1.0873595,212,23,ROMO1;PLAU;PARK7;TSPO;DCXR;GADD45A
BP_intracellular_transport%0046907,0.356435644,0.759712932,0.39932113,1.058921772,143,21,AP3B1;GAK;AP3M1;HPS4;HPS1;AP3D1;HPS6;HPS3;HPS5
BP_sensory_perception_of_sound%0007605,0.358296623,0.762114537,-0.379206082,-1.067578685,243,49,RPL38;CDKN1B;SOD1;SPRY2;NDUFS4;DIAPH1;CCDC154
"BP_nuclear-transcribed_mRNA_catabolic_process,_nonsense-mediated_decay%0000184",0.359055118,0.762166079,-0.417528269,-1.075077049,227,32,RBM8A;MAGOH;UPF3B;MAGOHB;DCP2;NCBP2;PABPC1;PYM1;SMG1;RC3H1
RA_DNA_Double_Strand_Break_Response%R-MMU-5693606,0.63002681,0.762806653,0.321697376,0.89137767,234,28,KDM4A;KDM4B;BRCA1;NBN
BP_negative_regulation_of_stress_fiber_assembly%0051497,0.361904762,0.763458964,0.437964972,1.078495111,151,16,CLASP2;CLASP1;ARAP1;ARHGEF18;INPP5K;WAS
BP_response_to_interleukin-1%0070555,0.361904762,0.763458964,0.435993658,1.073640721,151,16,MYD88;GCLC;RELA;APP;YTHDC2;TRAF6;IRAK3;IRAK1;PRKCI;IRAK2;SMPD1;TLE5
BP_response_to_ischemia%0002931,0.362606232,0.763458964,0.351762174,1.047034168,127,38,HK1;CSF1R;SQSTM1;RCAN1;AIFM1;MAP2K3;TRP53;PINK1;EEF2K;PIK3CB;P2RX4;HK2;STAT3;RELA;ABRAXAS2;HYOU1;CASP9;PTK2B;REST;MLYCD;PER2;NFE2L2;MEF2C
BP_positive_regulation_of_MAPK_cascade%0043410,0.361313869,0.763458964,0.313473378,1.039776838,98,82,RAF1;ILK;PLCG2;ARRB1;IQGAP3;IQGAP1;SHC1;RIPK1;HGF;GSDME;VEGFA
BP_osteoblast_differentiation%0001649,0.364130435,0.763844632,0.353388111,1.049058268,133,36,MEF2D;AKT1;ADAR;HDAC5;MAPK14;GPNMB;FTO;COL11A2;COL1A1
BP_transcription_by_RNA_polymerase_I%0006360,0.364261168,0.763844632,-0.479510879,-1.085169165,211,17,POLR2L;POLR2F
BP_neurogenesis%0022008,0.367346939,0.768762344,0.343254421,1.03940317,125,41,DAGLB;BTBD2;NUP133;SMARCA4;WDR62;PSEN1;ATP1A3;TRAK1;XRCC6;KAT5;CEP120;ERBB3;XRCC2;CLN5;MYD88;BTBD1;CDK5RAP2;TRAK2;ERCC6;TACC1
RA_Stimuli-sensing_channels%R-MMU-2672351,0.64075067,0.77119393,0.319161328,0.884350641,238,28,RAF1;TRPC4AP;ANO10;ASPH;ANO6;STOM
RA_CDK-mediated_phosphorylation_and_removal_of_Cdc6%R-MMU-69017,0.641063516,0.77119393,-0.317848326,-0.885931618,433,48,RPS27A;UBE2S;PSMB5;PSMB6;PSMA7;PSMD9;PSMB1;ANAPC16;PSMD13;PSMC5;PSMD7;PSMD10;PSMD4;ANAPC11;UBE2C
RA_HDACs_deacetylate_histones%R-MMU-3214815,0.639072848,0.77119393,-0.365553784,-0.867194767,385,21,CHD3;PHF21A;GATAD2B;SAP30L;SAP30
BP_Ras_protein_signal_transduction%0007265,0.369501466,0.771715336,0.346511133,1.038699206,125,40,USP8;IQGAP3;DGKZ;RSU1;RASGRF2;SDCBP
RA_Mitochondrial_Fatty_Acid_Beta-Oxidation%R-MMU-77289,0.6432,0.772114286,-0.356272928,-0.880293867,401,26,DBI;MCEE;ACOT13;ACBD6
KEGG_Protein_digestion_and_absorption%mmu04974,0.588235294,0.776470588,0.328656883,0.898294496,219,26,COL1A2;ATP1A3;COL6A4;CPA3;COL19A1;SLC8A1;COL11A2;ATP1A1;COL1A1
BP_interleukin-6_production%0032635,0.372852234,0.777149836,-0.473827513,-1.072307281,216,17,PSEN2;FCER1G
BP_establishment_of_mitotic_spindle_orientation%0000132,0.37434555,0.778698759,0.356525036,1.014595838,142,29,DCTN1;ITGB1;PLK1;ZW10;NDC80;KAT5;NDEL1;SPDL1;ARHGEF2;CDK5RAP2;HDAC3
BP_keratinocyte_proliferation%0043616,0.37628866,0.781175258,-0.480251615,-1.074094642,218,16,CDKN2A;CTSL;PPARD;KLK8;PTCH1
BP_insulin-like_growth_factor_receptor_signaling_pathway%0048009,0.378082192,0.783331966,0.352163685,1.031221488,137,33,RAF1;AKT1;SHC1;CSF1R;MAP2K1
BP_positive_regulation_of_stress_fiber_assembly%0051496,0.379581152,0.784870987,0.35357549,1.006202045,144,29,LIMK1;MTOR;RAC1;PPM1F;NF2;PXN
BP_regulation_of_neurogenesis%0050767,0.380952381,0.786140301,0.400352129,1.040740214,151,20,DOCK7;ZFP335;NF2;HLTF
RA_Signaling_by_Hedgehog%R-MMU-5358351,0.656424581,0.786312849,-0.301287484,-0.901660427,469,76,RPS27A;RBX1;PSMB5;PSMB6;ERLEC1;PSMA7;PSMD9;PSMB1;PSMD13;PSMC5;PSMD7;PSMD10;DERL2;PSMD4;GSK3B;OFD1;ADCY9;TUBA1C;PSME1;PTCH1
BP_spindle_organization%0007051,0.385714286,0.786313995,0.4144777,1.043348325,161,17,CKAP5;KIF11;AURKB;KIZ;SPAG5
BP_adult_walking_behavior%0007628,0.385964912,0.786313995,0.399945593,1.0396834,153,20,OXR1;ATG7;IDUA;ABL2;AXIN1;HIPK2;ZMPSTE24
BP_lipid_homeostasis%0055088,0.383631714,0.786313995,0.37650209,1.03970187,149,25,THADA;NR1H2;ATP13A2;ABHD4;HPS1;ACACA;PNPLA8;PNPLA2;ABHD8;LIPA;HPS6
BP_positive_regulation_of_protein_localization_to_nucleus%1900182,0.3825,0.786313995,0.375538835,1.032855838,152,24,AKT1;PARP1;JAK1;TYK2
BP_negative_regulation_of_fibroblast_proliferation%0048147,0.384816754,0.786313995,0.351196352,0.999431514,146,29,MYC;TSC2;MED25;MEN1;TRIM32
BP_positive_regulation_of_double-strand_break_repair_via_homologous_recombination%1905168,0.387096774,0.786313995,0.34349297,1.029651981,131,40,WDR48;PARP1;BLM;ACTL6A;HDGFL2;KAT5;VPS72;SKP2;TIMELESS;RNF126
BP_modulation_of_chemical_synaptic_transmission%0050804,0.386885246,0.786313995,0.325392388,1.028360112,117,60,NPTN;VPS35;PACSIN2;ITGB1;STAU1;PXK;PLCG1;PRKACA;JAK2;ABR
BP_response_to_organic_cyclic_compound%0014070,0.38366718,0.786313995,-0.395918801,-1.057104463,248,38,CXCR4;NEDD8;BAK1;CDKN2A;DUT;CTSL
RA_Citric_acid_cycle_(TCA_cycle)%R-MMU-71403,0.661764706,0.788237967,0.345022888,0.862054145,269,19,SDHA;IDH3G;OGDH;IDH3A;IDH3B;ACO2;ME2;DLD
RA_RND3_GTPase_cycle%R-MMU-9696264,0.665782493,0.788237967,0.322545915,0.875017725,250,26,NISCH;WDR6;TMOD3;RBMX;PLEKHG5;PIK3R2;DEPDC1B;KTN1;FLOT2
RA_EPH-Ephrin_signaling%R-MMU-2682334,0.664864865,0.788237967,0.315379609,0.878686236,245,29,KALRN;NCSTN;RAC1;SDCBP;VAV3
RA_Fatty_acid_metabolism%R-MMU-8978868,0.667832168,0.788237967,0.269612208,0.895346367,190,76,ACLY;CROT;ACAD11;ACSL5;ALOX5;ACSF2;EHHADH;HADHB;HADHA;ACAD10;LTA4H;CRAT;ACSL1;ABCD1;ACOT9;CPT2
RA_C-type_lectin_receptors_(CLRs)%R-MMU-5621481,0.659634318,0.788237967,-0.302113918,-0.891795858,468,70,RPS27A;TAB2;PSMB5;FCER1G;PSMB6;PSMA7;PSMD9;PSMB1;NFKBIA;PSMD13;PSMC5;PSMD7;PSMD10;PDPK1;PYCARD;CDC34;CALM1;PSMD4;PPP3CB;EP300;PSME1;PAK2;UBE2M
RA_RIPK1-mediated_regulated_necrosis%R-MMU-5213460,0.6672,0.788237967,-0.350842124,-0.86687521,416,26,RPS27A;XIAP;TRADD;HSP90AA1;STUB1
RA_Regulation_of_necroptotic_cell_death%R-MMU-5675482,0.6672,0.788237967,-0.350842124,-0.86687521,416,26,RPS27A;XIAP;TRADD;HSP90AA1;STUB1
BP_fatty_acid_metabolic_process%0006631,0.389301634,0.789248236,-0.377446372,-1.047222073,261,46,NDUFS6;DBI;FABP4;ACAA1A;CYB5A;PPARD;NAAA;MECR;ALKBH7;LPIN2;HSD17B10;GGT5;MBLAC2;ACOT2
BP_transcription_by_RNA_polymerase_III%0006383,0.39047619,0.790086327,0.414108566,1.042419119,163,17,POLR2B;POLRMT;POLR1B;POLR1A
KEGG_Complement_and_coagulation_cascades%mmu04610,0.602649007,0.791538994,-0.391582427,-0.907983717,363,18,PLAU;PLAUR;C1QB;C1QC
RA_RHOBTB_GTPase_Cycle%R-MMU-9706574,0.678284182,0.796740583,0.31294216,0.867118211,252,28,CUL3;RHOBTB2;CCT6A;TMOD3;COPS4;COPS2;RBMX;ACTN1;SPEN;SRRM1
RA_APC/C:Cdh1_mediated_degradation_of_Cdc20_and_other_APC/C:Cdh1_targeted_proteins_in_late_mitosis/early_G1%R-MMU-174178,0.680696662,0.796740583,-0.310394932,-0.873518068,468,51,RPS27A;UBE2S;PSMB5;PSMB6;PSMA7;PSMD9;PSMB1;ANAPC16;PTTG1;PSMD13;PSMC5;PSMD7;PSMD10;PSMD4;ANAPC11;UBE2C
RA_Peptide_hormone_metabolism%R-MMU-2980736,0.677993528,0.796740583,-0.351560873,-0.846908088,418,23,SPCS1;SEC11C;SEC11A
RA_Nucleotide_catabolism%R-MMU-8956319,0.679465776,0.796740583,-0.377408448,-0.856762248,406,17,NT5C;DNPH1
RA_Signaling_by_Retinoic_Acid%R-MMU-5362517,0.682432432,0.797115061,-0.368341521,-0.830676853,403,16,PPARD;FABP5;PDHB;DHRS4;RDH13
RA_Termination_of_translesion_DNA_synthesis%R-MMU-5656169,0.6848,0.798224431,-0.345111048,-0.852714633,427,26,RPS27A;PCLAF;RPA3;POLE4;POLE3;ISG15
RA_TP53_Regulates_Transcription_of_Cell_Cycle_Genes%R-MMU-6791312,0.688394277,0.800756152,-0.336280485,-0.845507312,432,28,CDKN1B;BAX;NPM1;GADD45A;CNOT6L;PCNA;CDK2;CDK1
WP_Mitochondrial_Gene_Expression%WP1263,0.581176471,0.801081081,0.374798568,0.914325398,246,15,POLRMT;NRF1;CREB1
KEGG_Melanoma%mmu05218,0.615853659,0.802787456,0.300917047,0.914468452,201,42,RAF1;AKT1;DDB2;HGF;MAP2K1;TRP53;PIK3R2;PIK3CB
KEGG_Viral_carcinogenesis%mmu05203,0.623376623,0.802787456,0.257740744,0.945277786,143,143,JAK3;ACTN4;SND1;CASP8;USP7;JAK1;KAT2A;RBL2;VAC14;RAC1;DDB1;SNW1;HDAC5;PXN;PKM;SP100;GSN;MAD1L1;IKBKG;PRKACA;TRP53;YWHAQ;SCIN;HDAC6;DNAJA3;CREB1;HDAC9;PIK3R2;TBP;ACTN1;PIK3CB
KEGG_Basal_transcription_factors%mmu03022,0.620895522,0.802787456,-0.339792717,-0.903910808,415,38,GTF2H5;TAF15;TAF4;TAF10;TAF12;TAF3;GTF2F2;MNAT1;CCNH;GTF2A2;TAF13;ERCC2
KEGG_Drug_metabolism%mmu00982,0.619765494,0.802787456,-0.400140913,-0.890334338,369,15,MGST1;GSTP1;GSTT2;MGST2;GSTK1;GSTM5
BP_positive_regulation_of_cell_growth%0030307,0.398773006,0.803740544,0.324975636,1.016091382,129,51,KDM2B;AKT1;EIF4G1;MTOR;SDCBP;USP47;TRIM32;ZFP639;HDGFL2;ADAM17;MAPKAP1;CDKN2AIP;NCBP1;CDC42;RPTOR;SUPV3L1
BP_regulation_of_cell_adhesion%0030155,0.398333333,0.803740544,-0.433046355,-1.044875016,238,23,CXCR4;PLAU
RA_Biological_oxidations%R-MMU-211859,0.693198263,0.804681695,-0.303490813,-0.874099834,478,62,COMT;GGCT;FDX1;MGST1;GSTP1;IMPAD1;TRMT112;HSP90AB1;MGST2;GSTK1;GSTM5;FDXR;ABHD10;SLC26A2;GSS;NAT2
BP_antigen_processing_and_presentation_of_exogenous_peptide_antigen_via_MHC_class_II%0019886,0.402079723,0.808834791,-0.473185705,-1.043490248,231,15,H2-AB1;FCER1G;CTSS;H2-AA;LGMN
BP_anterograde_axonal_transport%0008089,0.402985075,0.809088022,-0.443482503,-1.052395405,242,20,SOD1;BLOC1S1;BLOC1S4;BLOC1S2
KEGG_mRNA_surveillance_pathway%mmu03015,0.631793478,0.809677079,-0.304656773,-0.915757671,464,76,RBM8A;MAGOH;UPF3B;MAGOHB;NUDT21;ACIN1;PPP2R5E;NCBP2;PABPC1;UPF3A;PABPN1;TARDBP;PYM1;CPSF7;NXT1;SMG1
RA_RNA_polymerase_II_transcribes_snRNA_genes%R-MMU-6807505,0.69929078,0.810083764,-0.30011594,-0.877049879,492,67,POLR2L;POLR2F;POLR2H;POLR2I;SNAPC5;POU2F2;NCBP2;GTF2F2;POLR2E;POLR2G;GTF2A2;SP1;TAF13;NABP2;SNAPC2
RA_RHOH_GTPase_cycle%R-MMU-9013407,0.703517588,0.81330678,0.325171681,0.834744817,279,21,VCP;MTR;JUP;STOM;FAM91A1
BP_nucleosome_disassembly%0006337,0.409411765,0.814515263,0.429713378,1.048290705,173,15,SMARCC2;SMARCA4;ATAD2;SUPT16
BP_negative_regulation_of_telomere_maintenance_via_telomerase%0032211,0.411027569,0.814515263,0.391460097,1.017624824,163,20,EXOSC10;HNRNPU;POT1A;NAT10;TRP53;CTC1;PML
BP_regulation_of_microtubule_cytoskeleton_organization%0070507,0.411027569,0.814515263,0.390010627,1.013856836,163,20,AGRN;KIF18A;MARK2;CLASP1;PRKAA1
BP_axon_guidance%0007411,0.409883721,0.814515263,0.328734609,1.01844238,140,44,NPTN;KALRN;RAC1;CYFIP1;DAG1;CSF1R;USP33;EMB;ULK1;CYFIP2
BP_DNA-templated_transcription%0006351,0.411214953,0.814515263,0.328163935,1.016117714,131,49,MYC;DNMT1;XAB2;MEF2A;STAT1
BP_positive_regulation_of_TOR_signaling%0032008,0.410299003,0.814515263,-0.423072925,-1.028588999,246,24,LAMTOR4;LAMTOR2
BP_cytokine_production%0001816,0.411965812,0.814515263,-0.454547332,-1.043059052,240,18,FABP4;FOSL2;TREM3;PTAFR;NFAT5;NFATC2IP;TUT4
BP_endoderm_development%0007492,0.410745234,0.814515263,-0.468926582,-1.034097841,236,15,TNRC6A;TNRC6C;NOTCH1;BPTF
WP_Triacylglyceride_Synthesis%WP386,0.607058824,0.814736842,0.364703129,0.889697459,257,15,GNPAT;DGAT2;PNPLA2;AGPAT2;LIPE
WP_Purine_metabolism%WP2185,0.606299213,0.814736842,-0.294684145,-0.931578236,461,112,POLR2L;POLR2F;NME1;POLR2H;APRT;NT5C;NPR1;POLR2I;NME3;POLR1D;AK6;ZNRD1;POLE4;POLE3;POLR1C;POLR3GL;GUK1
BP_regulation_of_cell_growth%0001558,0.413043478,0.815093404,0.343332584,1.019207706,151,36,ILK;XBP1;CEACAM1;KAT7;MTOR
RA_Glycosaminoglycan_metabolism%R-MMU-1630316,0.708708709,0.816304338,0.277001862,0.857076451,235,45,PAPSS2;HMMR;ST3GAL3;PAPSS1;GLB1L;EXT2;NDST2;B4GALT5;ABCC5;HGSNAT
RA_Degradation_of_beta-catenin_by_the_destruction_complex%R-MMU-195253,0.70901034,0.816304338,-0.304414174,-0.848486902,479,48,RPS27A;RBX1;PSMB5;PSMB6;PPP2R5E;PSMA7;PSMD9;PSMB1;PSMD13;ZRANB1;PSMC5;PSMD7;PSMD10;PSMD4;GSK3B
BP_positive_regulation_of_lamellipodium_assembly%0010592,0.4160401,0.816350896,0.387401449,1.007074118,165,20,MTOR;RAC1;CYFIP1;CARMIL2;DNM2;CDC42;ATP7A
BP_negative_regulation_of_gene_expression%0010629,0.414746544,0.816350896,0.268782646,1.002687488,89,172,MYC;DGKQ;DNMT1;AKT1;XDH;KDM4A;VPS35;IQGAP3;CCNB1;ANAPC2;CNOT7;PCX;EMILIN1;POU2F1;WWP2;RBL2;HDAC5;HSPA4;NR1H2;BRIP1;VEGFA;HSF1;PSEN1;MBD1;LGALS9;PRKAA1;TBK1;MAP2K1;PTPN22;AXIN1;TRP53;PINK1;SETDB2;FBXW7;TIPARP;CREB1;OLR1;L3MBTL2;AFF2;ZMPSTE24
BP_male_gonad_development%0008584,0.416036309,0.816350896,-0.375229177,-1.025873932,274,43,TMF1;NUDT1;BAX;PRDX4;CTSL;BCL2;EIF2S2;CBL;AGO4;HMGB2;INSR;H3F3B;TFPT;CD2AP
KEGG_Prostate_cancer%mmu05215,0.641134752,0.817679104,-0.316256834,-0.913968908,451,64,CDKN1B;PLAU;CCND1;GSTP1;IGF1R;HSP90AA1;BCL2;NFKBIA;HSP90AB1;BAD;CREBBP;ATF4;PDPK1;GSK3B;EP300
KEGG_Hematopoietic_cell_lineage%mmu04640,0.644615385,0.81816568,-0.348792986,-0.889987228,418,32,H2-AB1;IL3RA;IL11RA1;CD44;H2-AA;CD9;ITGA4;H2-DMA;TFRC;CD14
RA_Senescence-Associated_Secretory_Phenotype_(SASP)%R-MMU-2559582,0.712241653,0.818351124,-0.328723617,-0.826507139,447,28,RPS27A;CDKN1B;UBE2S;ANAPC16;CEBPB
BP_positive_regulation_of_endocytosis%0045807,0.423558897,0.819694591,0.386038911,1.003532115,168,20,CKAP5;MYH9;ITGB1;ADD1;DNM2;EEF2K;AP2B1
BP_neural_precursor_cell_proliferation%0061351,0.425373134,0.819694591,0.371525918,1.007294439,170,23,ILK;GAK;RSU1;ORC3
BP_intrinsic_apoptotic_signaling_pathway%0097193,0.425,0.819694591,0.367588305,1.010989252,169,24,NLRP1A;BUB1;MSH6;NBN;PPM1F
BP_cholesterol_metabolic_process%0008203,0.422740525,0.819694591,0.33560155,1.016229637,144,41,ABCA2;HDLBP;CAT;NSDHL;GBA2;LRP5
BP_cellular_response_to_glucose_starvation%0042149,0.425595238,0.819694591,0.325223561,1.006449302,142,45,XBP1;PIK3R4;MYBBP1A;PIK3C3;BECN1;PRKAA1;HSPA5;KAT5;TRP53;SESN2;NUAK2;IFI209;SESN1;MTMR3;ATG14
BP_double-strand_break_repair_via_homologous_recombination%0000724,0.423357664,0.819694591,0.302092523,1.002027063,115,82,SPIDR;WDR48;RECQL;FBH1;BLM;BRCA1;NBN;RMI1;BRCA2;TOP3A;RAD50;RECQL4;RPA1;TONSL;WRN;SMC5;RAD54L;KAT5;INTS3;SLX4;POLL;RECQL5;MCM9;FAN1;MMS22L;ATM;XRCC2
BP_glucose_homeostasis%0042593,0.422475107,0.819694591,-0.346392442,-1.020562892,296,67,SELENOT;NUCKS1;RPS6;CDKN2A;FOXO3;PARK7;PRCP;DHPS;FOSL2;SOX4;FABP5;ADIPOR2;BAD;INSR;KLF7;SESN3;SLC8B1;SLC16A1;PTCH1;DMXL2
BP_cellular_response_to_reactive_oxygen_species%0034614,0.424242424,0.819694591,-0.406165542,-1.035177718,265,30,ROMO1;PRDX5;PARK7;RPS3;FOS
BP_regulation_of_neuron_apoptotic_process%0043523,0.425641026,0.819694591,-0.447393312,-1.026642576,248,18,BAX;NPM1;PARK7
BP_negative_regulation_of_peptidyl-serine_phosphorylation%0033137,0.419243986,0.819694591,-0.464956421,-1.039886562,243,16,RACK1;BAX;BAK1
WP_PPAR_signaling_pathway%WP2316,0.619273302,0.820336062,-0.347291147,-0.891747826,391,31,DBI;FABP4;ACAA1A;PPARD;FABP5
BP_endosome_to_lysosome_transport%0008333,0.428152493,0.821482971,0.335260218,1.004973545,145,40,MGRN1;VPS41;VPS11;VPS39;TRAK1;PLEKHF2;VPS16;RAB7B;TGFBRAP1;UEVLD;VPS18;VIPAS39;EPG5;VPS33A;ATG14;LIPA;SNX27;TRAK2;SORT1;HGS;AKTIP
"BP_retrograde_transport,_endosome_to_Golgi%0042147",0.428104575,0.821482971,0.313713447,1.010514471,130,63,HEATR5B;DCTN1;VPS35;WASHC2;VPS26A;CLTC;GBF1;PREPL;VPS52;VPS53;PLEKHA3;STX6;VPS50;DENND2A;STX5A;ERC1;SNX1;DENND5A;CLN5;TBC1D5;HEATR5A;RNF126;TBC1D10A;GGA1
KEGG_Ether_lipid_metabolism%mmu00565,0.650753769,0.822004761,0.360657515,0.870090295,258,17,PLA2G4A;PAFAH2;CHPT1;PAFAH1B2;PLD1;PLD4;LPCAT2;PLA2G6
BP_positive_regulation_of_double-strand_break_repair%2000781,0.430136986,0.823767882,0.3396194,0.994488752,156,33,SPIDR;ACTL6A;SMARCC2;SMARCA4;DDX11;DPF2;ZCWPW1;SLF2
RA_RND1_GTPase_cycle%R-MMU-9696273,0.718832891,0.824160532,0.320416923,0.84761456,270,24,KIDINS220;WDR6;RBMX;PLEKHG5;PIK3R2;DEPDC1B;FLOT2;KIF14
RA_Orc1_removal_from_chromatin%R-MMU-68949,0.72754491,0.824160532,0.277848676,0.86501842,242,47,CUL1;CDC6;MCM6;MCM2;MCM5;ORC3;ORC5;PSMD1;MCM7;MCM4;ORC1;PSMF1;ORC4;PSMD5;PSMC2;PSMD2;PSME3;ORC2;SKP2;MCM3
RA_Apoptosis%R-MMU-109581,0.724137931,0.824160532,-0.293926654,-0.850515205,503,63,BAX;XIAP;ACIN1;TRADD;SATB1;DYNLL1;BCL2;BAD;HMGB2;BCAP31;ROCK1
RA_Signaling_by_PTK6%R-MMU-8848021,0.7264,0.824160532,-0.335691128,-0.829439504,453,26,RPS27A;CDKN1B
RA_Signaling_by_Non-Receptor_Tyrosine_Kinases%R-MMU-9006927,0.7264,0.824160532,-0.335691128,-0.829439504,453,26,RPS27A;CDKN1B
RA_Signaling_by_EGFR%R-MMU-177929,0.720893142,0.824160532,-0.338351897,-0.833232427,451,25,RPS27A;SPRY2;CBL;EPN1;AAMP;PAG1
RA_Oxidative_Stress_Induced_Senescence%R-MMU-2559580,0.721767594,0.824160532,-0.343923121,-0.824522378,440,22,RPS27A;KDM6B;FOS;MDM4;MAP3K5;CDK6
KEGG_Cocaine_addiction%mmu05030,0.658291457,0.826342223,0.354442969,0.866165261,261,18,GNAS;PRKACA;CREB1;ATF6B;GNAI3;RELA;PRKACB;GPSM1
KEGG_cAMP_signaling_pathway%mmu04024,0.660447761,0.826342223,0.263438702,0.895404044,176,86,RAF1;AKT1;PDE4D;RAC1;GNAS;NFATC1;ADCY3;VAV3;ATP1A3;VAV1;ATP2A2;MAP2K1;PRKACA;ATP1A1;ABCC4;CREB1;PIK3R2;PIK3CB
KEGG_PPAR_signaling_pathway%mmu03320,0.668693009,0.832712049,-0.337115931,-0.869114074,439,33,DBI;FABP4;ACAA1A;PPARD;FABP5
RA_Transport_of_Mature_mRNA_derived_from_an_Intron-Containing_Transcript%R-MMU-159236,0.737068966,0.833272746,-0.291090964,-0.842309763,512,63,RBM8A;MAGOH;UPF3B;MAGOHB;SARNP;U2AF1;SRSF9;NCBP2;CHTOP;NXT1;SRSF3;THOC7;SRSF5;ALYREF;SRSF11
KEGG_Circadian_rhythm%mmu04710,0.684343434,0.836419753,0.336040366,0.848548147,270,20,CUL1;CRY1;PRKAA1;NFIL3;BTRC;CREB1;CSNK1D;PRKAB1
KEGG_Cell_adhesion_molecules%mmu04514,0.677187948,0.836419753,-0.31229958,-0.864899485,471,48,H2-Q4;H2-AB1;H2-Q6;H2-Q7;H2-T22;SPN;NLGN2;H2-AA;H2-K1;CD99L2;ITGA4;H2-T23;MAG;H2-DMA
KEGG_Drug_metabolism%mmu00983,0.679104478,0.836419753,-0.324270844,-0.862619786,454,38,NME1;NME3;DUT;MGST1;GSTP1;GSTT2;ITPA;MGST2;GSTM5;NME4;HPRT;NAT2;NME6;CMPK1
KEGG_Cholesterol_metabolism%mmu04979,0.681962025,0.836419753,-0.346202846,-0.857611281,430,27,NPC1;NPC2;TSPO;APOE;VDAC2;ABCA1;ANGPTL8;LPL;VDAC1;NCEH1;MYLIP;VDAC3;LDLR
RA_Retrograde_transport_at_the_Trans-Golgi-Network%R-MMU-6811440,0.74260355,0.836836964,0.29200837,0.839020082,250,34,COG1;COG4;VPS52;COG2;COG5;VPS53;STX6;COG6;NSF
RA_Ovarian_tumor_domain_proteases%R-MMU-5689896,0.744680851,0.836836964,-0.338107938,-0.810581039,454,22,RPS27A;ZRANB1;RNF128;YOD1;CDK1;OTUD7B;TRAF3
RA_Sphingolipid_de_novo_biosynthesis%R-MMU-1660661,0.743197279,0.836836964,-0.353980791,-0.813891102,436,18,SAMD8;CERS4;ORMDL1;SPTSSA
BP_negative_regulation_of_fat_cell_differentiation%0045599,0.441102757,0.840399943,0.380638832,0.989494275,175,20,SIRT2;VEGFA;AXIN1;TGFB1;ZFP36L2;NCOR2;SMAD3;ASXL1;SORT1
BP_T_cell_receptor_signaling_pathway%0050852,0.44200627,0.840399943,0.323385534,1.004056104,140,50,PLCG2;PDE4D;FCHO1;THEMIS2;CARMIL2;PTPN6;PSEN1;PLCG1;PTPN22;CLEC2I;TEC;BCL10;EIF2B1;TNFRSF21;PRKD2;EIF2B3;PDE4B;RNF31;MAPK1;CBLB;MALT1;EIF2B5;CRKL;ABL1
BP_regulation_of_gene_expression%0010468,0.442060086,0.840399943,0.268082154,0.993918784,102,163,MYC;SAV1;DNMT1;PLCG2;KDM4A;NCOA2;TMTC3;ZFP335;KDM4B;MAP3K4;ACO1;TGFBR2;MEN1;CEP128;UBXN2A;PTCD2;KDM3A;PSEN1;TIFAB;APBA3;TBK1
BP_cartilage_development%0051216,0.440842788,0.840399943,-0.402093694,-1.009880169,271,27,DDRGK1;ZBTB7A;FOSL2;TRIP11;SMAD5;EP300;FBXW4
BP_positive_regulation_of_cell-matrix_adhesion%0001954,0.449411765,0.841674862,0.418140491,1.020058514,190,15,ILK;JUP;DAG1
BP_anaphase-promoting_complex-dependent_catabolic_process%0031145,0.450839329,0.841674862,0.394966258,1.006057464,187,18,CDC23;ANAPC2;CUL3;CDC16;ANAPC1
BP_DNA-templated_DNA_replication%0006261,0.4475,0.841674862,0.359233684,0.988011285,178,24,POLE;POLD1;RFC5;MCMBP;RFC1;POLE2;WDHD1
BP_tRNA_methylation%0030488,0.450127877,0.841674862,0.356320816,0.983971745,175,25,NSUN2;THADA;LCMT2;WDR6;METTL2;TRDMT1;NSUN6;MTO1;THUMPD2
BP_epigenetic_regulation_of_gene_expression%0040029,0.448818898,0.841674862,0.348658762,0.976536282,170,28,ZFP335;HDAC5;SIRT2;HDAC6;ZMPSTE24;KDM1A;MECP2;HDAC3;HDAC10
BP_fatty_acid_beta-oxidation%0006635,0.445652174,0.841674862,0.335505968,0.995973827,163,36,CROT;ACAD11;ECHDC1;HSD17B4;ABCD2;EHHADH;HADHB;HADHA;ABCD1;SESN2;CPT2
BP_positive_regulation_of_angiogenesis%0045766,0.447811448,0.841674862,0.307559388,0.999284772,132,68,XBP1;PRKCB;BRCA1;EMILIN1;ITGB1;TGFBR2;ITGB2;JUP;ADD1;HGF;PXN;VEGFA;PLCG1;ITGB2L
BP_positive_regulation_of_GTPase_activity%0043547,0.447811448,0.841674862,0.307194608,0.998099571,132,68,KALRN;NET1;RSU1;AGRN;DOCK8;ITGB1;DVL3;DOCK11;VAV1;ALS2;DVL2;ECT2;RAPGEF6;NDEL1;SRGAP2;SGSM3;GNB5;TBC1D2;DOCK10;LIMS1;TGM2;SNX13;ARAP1;PREX1;TBC1D30;TBC1D20
BP_tRNA_processing%0008033,0.44966443,0.841674862,-0.421726026,-1.010977794,267,22,LSM6;POP5;LAGE3;THG1L
BP_extrinsic_apoptotic_signaling_pathway_in_absence_of_ligand%0097192,0.446308725,0.841674862,-0.422011214,-1.011661458,265,22,BAX;BAK1;FOXO3;BCL2;BAD
BP_protein_metabolic_process%0019538,0.451764706,0.841888267,0.415820801,1.014399606,191,15,PREP;PSEN1;LTA4H;ACACA
BP_negative_regulation_of_epithelial_cell_proliferation%0050680,0.452681388,0.842084733,-0.385110375,-1.01156813,286,36,CDKN1B;NPM1;CELF1;NOTCH1;PPARD;B4GALT1;MTSS1;APC;RIDA;RUNX3
"BP_negative_regulation_of_gene_expression,_epigenetic%0045814",0.453804348,0.84266353,0.333439726,0.989840038,166,36,SMYD5;TRIM37;PPHLN1;CTR9;MORC2A;TASOR2;HDAC6;RIF1;HDAC9;IFI209
BP_negative_regulation_of_microtubule_depolymerization%0007026,0.458128079,0.843528369,0.365897209,0.98202919,185,22,CLASP2;SPECC1L;TPX2;CLASP1;KATNB1
BP_endothelial_cell_migration%0043542,0.457711443,0.843528369,0.362612691,0.983128578,183,23,ITGB2;PXN;VEGFA;ITGB2L;PLEKHG5;PECAM1
BP_response_to_nutrient%0007584,0.455729167,0.843528369,0.355709235,0.984300516,174,26,GNPAT;ADSL;MTOR;AACS;ACSL1;PLEC
BP_positive_regulation_of_protein-containing_complex_assembly%0031334,0.456692913,0.843528369,-0.393777635,-1.013922479,289,32,MTLN;RACK1;BRK1;BAX;BAK1;PARK7;RPS3
BP_regulation_of_translational_initiation%0006446,0.458333333,0.843528369,-0.414564491,-1.000281088,274,23,EIF3K;EIF1;PAIP1;NCBP2;EIF4EBP2
KEGG_Cushing_syndrome%mmu04934,0.693379791,0.843558824,0.27151785,0.898528138,198,73,ARNT;RBBP5;USP8;DVL3;GNAS;MEN1;ADCY3;SCARB1;MAP2K1;DVL2;PRKACA;AXIN1;GNA11;ITPR1;CREB1;ITPR2
BP_chondrocyte_differentiation%0002062,0.46039604,0.844330546,0.37180212,0.985946723,185,21,MEF2D;MAPK14;EXT2;COL11A2;ARID5A;TGFB1;HIF1A;RB1
BP_mitochondrion_organization%0007005,0.46031746,0.844330546,-0.321890626,-1.005203295,347,103,NDUFS6;FIS1;FMC1;BAX;SSBP1;SLIRP;RHOT2;PARK7;TMEM11;SOD2;PUM2;DCTN6;COQ7;MAN2A1;VPS13C;MIEF2;GSK3B;HSD17B10;MTX1;MTX2;SLC25A36;FXN
BP_collagen_fibril_organization%0030199,0.462829736,0.845648519,0.390655619,0.995077411,192,18,VPS33B;COL1A2;ANTXR2;COL11A2;COL1A1;VIPAS39;ATP7A;PLOD1
BP_negative_regulation_of_Ras_protein_signal_transduction%0046580,0.464373464,0.845648519,0.384038619,0.984312048,188,19,RASAL3;DGKZ;RASA3;MFN2;LZTR1;MAPKAP1;FBP1;PPP2CB;RABGEF1;NUP62
BP_kidney_development%0001822,0.464235624,0.845648519,-0.33402838,-0.992652973,330,73,COMT;NDUFS6;CXCR4;BAX;IFT20
BP_telomere_maintenance_via_telomerase%0007004,0.463917526,0.845648519,-0.439481324,-0.994579272,269,17,NHP2;HSP90AA1;GAR1;HSP90AB1;PINX1;TERF1
RA_Mitochondrial_calcium_ion_transport%R-MMU-8949215,0.757627119,0.849689378,-0.3564949,-0.792005274,446,15,SMDT1;MAIP1;PARL
KEGG_Oxytocin_signaling_pathway%mmu04921,0.705673759,0.850675216,0.269679834,0.893232714,198,74,RAF1;PRKCB;PIK3CG;PLA2G4A;GNAS;NFATC1;ADCY3;RCAN1;PRKAA1;NFATC3;MAP2K1;PRKACA;EEF2K;ITPR1;ITPR2
KEGG_MicroRNAs_in_cancer%mmu05206,0.704166667,0.850675216,0.254423195,0.890751715,168,109,MYC;RAF1;DNMT1;PLCG2;PRKCB;BRCA1;MTOR;SHC1;CDC25C;HDAC5
RA_COPII-mediated_vesicle_transport%R-MMU-204005,0.760383387,0.851085182,0.27435863,0.857502853,237,51,PPP6R1;SCFD1;TRAPPC9;SEC24D;STX17;SEC31A;SEC24C;SEC23A;SEC16B;USO1;NSF;GOSR2;CSNK1D;SEC16A;TBC1D20
WP_Estrogen_signaling%WP1244,0.65106383,0.851391162,-0.303686538,-0.895764322,458,68,POLR2F;POLR2H;POLR2I;AK6;CCND1;TAF12;BCL2;FOS;GTF2F2;MNAT1;POLR2E;CCNH;CREBBP;POLR2G;GTF2A2;SP1;TAF13;ERCC2;EP300
RA_O-linked_glycosylation_of_mucins%R-MMU-913709,0.764705882,0.852533489,0.318865275,0.796698253,311,19,GALNT11;ST3GAL3;GALNT12;B4GALT5;GALNT10
RA_Gap-filling_DNA_repair_synthesis_and_ligation_in_GG-NER%R-MMU-5696397,0.764607679,0.852533489,-0.349368902,-0.793109129,457,17,RPS27A;RPA3;POLE4;POLE3
KEGG_Longevity_regulating_pathway%mmu04211,0.713804714,0.852689794,0.275008633,0.882894197,211,64,AKT1;TSC2;CAT;MTOR;ADCY3;ATG13;PRKAA1;PRKACA;TRP53;SESN2;CREB1;PIK3R2;ULK1;PIK3CB
KEGG_Mitophagy%mmu04137,0.713675214,0.852689794,-0.307491514,-0.868383347,500,55,TOMM7;RPS27A;FIS1;FOXO3;RHOT2;GABARAPL2;CSNK2A2
BP_negative_regulation_of_neuron_differentiation%0045665,0.469291339,0.852902098,-0.391219347,-1.007335245,297,32,CTDSP1;FUOM;FOXO3;CASZ1;NOTCH1;DDX6;SPAG9;ZHX2;RTN4
BP_macrophage_cytokine_production%0010934,0.47,0.852902098,-0.410547924,-0.990589722,281,23,CUEDC2;PSEN2
BP_regulation_of_glucose_metabolic_process%0010906,0.477647059,0.858852425,0.406212836,0.990960864,202,15,NCOA2;PDK3;PDK1;ZMPSTE24
BP_negative_regulation_of_B_cell_proliferation%0030889,0.484705882,0.858852425,0.404403263,0.986546391,205,15,BTLA;TSC2;PKN1;ATM;TNFRSF21
BP_regulation_of_endocytosis%0030100,0.480952381,0.858852425,0.403173562,0.992820758,201,16,RUFY1;TSC2;PACSIN2;CD177
BP_B_cell_proliferation%0042100,0.488095238,0.858852425,0.392444811,0.987885805,204,17,TSC2;PCYT1A;SASH3
BP_regulation_of_cell_size%0008361,0.48441247,0.858852425,0.385078781,0.980872096,201,18,IQGAP3;MTOR;RAC1;E2F4;MSN;VAV3;VAV1
BP_regulation_of_cytokine_production%0001817,0.486979167,0.858852425,0.350743966,0.970560876,186,26,CASP8;IQGAP1;ZBTB25;MAP2K3;MYNN;UBASH3A;PATZ1
BP_negative_regulation_of_insulin_receptor_signaling_pathway%0046627,0.494791667,0.858852425,0.349505236,0.967133127,189,26,PRKCB;TSC2;PRKAA1
BP_defense_response%0006952,0.4925,0.858852425,0.347588643,0.955983577,196,24,STAT6;STAT1;HSF1;STAT2;STAT4;IFI47;TGFB1;STAT3;RELA;STAT5A;TNFRSF1A;STAT5B;TLR1
BP_roof_of_mouth_development%0060021,0.489528796,0.858852425,0.336944837,0.958874678,186,29,PLEKHA1;TGFBR2;MEN1;ASPH;COL11A2;TIPARP;TBC1D32;IFT172;SGPL1
BP_receptor_internalization%0031623,0.476839237,0.858852425,0.334092321,0.971427232,174,32,NEDD4L;ITGB1;RAB31;CLTC;ITGB2;DNM2;NEDD4;AP2M1;EZR;ULK1;SYK;SNX1
BP_determination_of_adult_lifespan%0008340,0.490514905,0.858852425,0.333748339,0.963323369,180,31,MSH2;MSH6;WRN;ATP1A3;RAD54L;HDAC9;ZMPSTE24;ATP8A2;ATM;B4GALNT1;LIPA;RAD54B
BP_locomotory_behavior%0007626,0.478005865,0.858852425,0.325531654,0.975811273,162,40,CKAP5;ABCA2;FIG4;IDUA;ATP1A3;ALS2;SPG21;GIT1
BP_positive_regulation_of_canonical_Wnt_signaling_pathway%0090263,0.48125,0.858852425,0.311939726,0.980282116,153,56,ILK;VPS35;CSNK1G3;USP8;UBR5;CSNK1G2;VCP
BP_neural_tube_closure%0001843,0.483870968,0.858852425,0.310360995,0.980021238,149,58,MTHFD1L;TSC2;MTHFD1;KAT2A;MED12;HECTD1;KIF20B;DVL2;ABL2;STIL;PRKACA
BP_neuron_apoptotic_process%0051402,0.48534202,0.858852425,0.306633162,0.989754216,148,64,OXR1;NLRP1A;NCSTN;SPG11;HSPA4;VEGFA;PSEN1;AIFM1;TRP53;HIPK2;CASP7;CTSB;ERBB3;ATM;TNFRSF21;EPG5;ATP7A;EPHA7;TGFB1;HIF1A;RB1
BP_ERAD_pathway%0036503,0.491349481,0.858852425,0.29800098,0.971780779,141,72,USP19;UBE4A;VCP;STT3B;NPLOC4;FAF1;UBE2J1;MAN1C1;TMEM67;HSPA5;NRROS;EDEM2;BAG6;HERPUD1
BP_protein_localization%0008104,0.488,0.858852425,0.281429539,0.97360283,121,105,MYO7A;HEATR5B;TSC2;SCYL3;CTNNA1;SPG11;AKAP10;SCYL1;CEP128;PRPF19;SGO2A;ALS2;DIAPH2;SIN3A;DVL2;ABL2;PLEC;TRP53;YWHAQ
BP_response_to_oxidative_stress%0006979,0.481233244,0.858852425,-0.32022565,-0.991510417,358,99,COMT;SOD1;BANF1;NDUFA6;XPA;PRDX5;PSMB5;FOXO4;NDUFA12;PARK7;MT-CO1;PRDX4;THG1L;SOD2;BCL2;ATOX1;COQ7;KCMF1;CAMK2G;PRDX2
BP_apoptotic_signaling_pathway%0097190,0.494623656,0.858852425,-0.366823662,-0.984820526,321,39,NDUFA13;BAX;PSEN2;BAK1;PPARD;SPN;BAD;TFPT;DAP
BP_negative_regulation_of_proteasomal_ubiquitin-dependent_protein_catabolic_process%0032435,0.494488189,0.858852425,-0.385328552,-0.99216727,313,32,DDRGK1;RPL11;UBXN1;PARK7;CSNK2A2;HSP90AB1;CAML;CSNK2B
BP_negative_regulation_of_type_I_interferon_production%0032480,0.476666667,0.858852425,-0.404897168,-0.976955308,285,23,BANF1;RBX1;TYROBP;GPATCH3;ILRUN;XAF1
BP_cardiac_muscle_contraction%0060048,0.493127148,0.858852425,-0.436505698,-0.976255816,286,16,CXCR4;PSEN2
BP_miRNA_processing%0035196,0.479381443,0.858852425,-0.443503618,-0.991906837,278,16,ZC3H7B;PUM2;AGO4;AGO1;PRKRA;SNIP1;RBM3;AGO2
BP_mammary_gland_development%0030879,0.490467938,0.858852425,-0.443806326,-0.978701531,282,15,NME1;LBH;IGF1R
BP_tRNA_modification%0006400,0.47766323,0.858852425,-0.444233694,-0.993539669,277,16,METTL1;THG1L;GTPBP3;METTL6;OSGEP;ELP5;TRIT1
BP_limb_morphogenesis%0035108,0.488734835,0.858852425,-0.444957795,-0.9812408,281,15,BAX;BAK1;FLVCR1;MEGF8
BP_iron-sulfur_cluster_assembly%0016226,0.495854063,0.859259628,-0.411703891,-0.976983941,298,20,HSCB;BOLA3;NDUFAB1;ABCB7;CIAO1;CIAO2A;FXN;ISCU
KEGG_Nicotinate_and_nicotinamide_metabolism%mmu00760,0.724590164,0.86167479,-0.352517218,-0.825666817,441,19,NT5C;BST1;PNP2;NAMPT
BP_coronary_vasculature_development%0060976,0.501176471,0.861955791,0.401353787,0.979107158,212,15,SMARCA4;CNTRL;DNM2;AP2B1;LRP1;DCTN5;SNX17;NDST1
BP_mRNA_3'-end_processing%0031124,0.498721228,0.861955791,0.349048695,0.96388995,194,25,CSTF2;CPSF3;ZC3H3;TUT1;PAPOLA;NCBP1;WDR33;CSTF1;PCF11
BP_positive_regulation_of_neuron_differentiation%0045666,0.501416431,0.861955791,0.328012725,0.952174809,176,34,KDM4A;EIF4G1;ITGB1;TRIM32;SIN3A;ECT2;NCOA1;KDM4C;ARHGEF2;SHOC2
BP_stem_cell_differentiation%0048863,0.502392344,0.861955791,-0.379950488,-0.968364468,314,30,PHF5A;DNMT3L;FOXO4;HOXA7;BMPR2;SMAD5;GSK3B;METTL5
BP_nucleus_organization%0006997,0.501677852,0.861955791,-0.403575772,-0.967467312,298,22,CHMP4B;CHMP5;BIN1;CHMP2A;H3F3B;CHMP3;LEMD3
BP_nuclear_membrane_reassembly%0031468,0.500866551,0.861955791,-0.440585084,-0.971597904,288,15,CHMP4B;CHMP5;CHMP2A;CHMP3
RA_Protein_ubiquitination%R-MMU-8852135,0.77826087,0.864222622,-0.287219171,-0.810757269,536,52,RPS27A;UBE2A;UBE2S;UCHL3;UBE2K;UBE2V2;UBE2R2;UBE2B;CDC34;RNF20;PCNA;UBE2T;UBE2C
RA_Deadenylation_of_mRNA%R-MMU-429947,0.777414075,0.864222622,-0.326452019,-0.782637101,474,22,EIF4B;EIF4A2;PAN3;PAIP1;PABPC1
RA_Integration_of_energy_metabolism%R-MMU-163685,0.78042328,0.864340082,0.290069478,0.793181362,294,27,GNA15;ABCC8;PRKACA;GNA11;ITPR1;ITPR2
RA_Transport_of_inorganic_cations/anions_and_amino_acids/oligopeptides%R-MMU-425393,0.781437126,0.864340082,-0.309361448,-0.814348463,521,35,SLC16A10;SLC43A2;SLC20A1;CALM1;SLC8B1;SLC26A2;SLC36A1;SLC7A1;SLC3A2;SLC9A6;CTNS;SLC25A22;SLC9A8;SLC12A7;SLC7A7;SLC4A8;SRI
BP_positive_regulation_of_DNA_repair%0045739,0.507621951,0.869491065,-0.354864142,-0.967461945,332,42,INO80D;MGMT;YY1;RPS3;UBE2V2;CBX8;UIMC1;TFPT;PCNA
RA_Cdc20:Phospho-APC/C_mediated_degradation_of_Cyclin_A%R-MMU-174184,0.788774003,0.870744635,-0.289982461,-0.808261707,533,48,RPS27A;UBE2S;PSMB5;PSMB6;PSMA7;PSMD9;PSMB1;ANAPC16;PSMD13;PSMC5;PSMD7;PSMD10;PSMD4;ANAPC11;UBE2C
RA_APC:Cdc20_mediated_degradation_of_cell_cycle_proteins_prior_to_satisfation_of_the_cell_cycle_checkpoint%R-MMU-179419,0.794117647,0.874928053,-0.288728695,-0.807142122,539,49,RPS27A;UBE2S;PSMB5;PSMB6;PSMA7;PSMD9;PSMB1;ANAPC16;PSMD13;PSMC5;PSMD7;PSMD10;PSMD4;ANAPC11;UBE2C
RA_Synthesis_of_very_long-chain_fatty_acyl-CoAs%R-MMU-75876,0.796116505,0.875417172,0.333315646,0.779024807,327,15,ACSL5;ACSL1;ELOVL7
BP_chromosome_segregation%0007059,0.512820513,0.875506073,0.286494273,0.962511974,139,86,NAA60;BUB1;MAU2;DLGAP5;CHTF18;BRCA1;TOP2A;CENPO;TOP3B;ESPL1;PPP2R1A;TTK;SPAG5;CENPC1;SMC5;INCENP;NDC80;CENPI;STAG2;NDEL1;SETDB2
BP_cilium_assembly%0060271,0.512295082,0.875506073,0.2731448,0.956037525,124,114,BBS9;FLNA;TBC1D31;GALNT11;2700049A03RIK;CCDC66;UNC119B;E2F4;CCDC57;ATXN10;KIF24;FBXW8;FAM149B;CEP162;TMEM67;GSN;INPP5E;TBC1D32;ABCC4;NPHP3;IQCB1;TTC39C;NEK1;PLK4;IFT140;PCM1;IFT172;CENPJ;ASAP1;CEP89;CC2D2A;TOGARAM1;BBS2;POC1B;EHD4;PIBF1;PCNT;CELSR3;ALPK1;C2CD3;DNMBP;SSX2IP
BP_brain_morphogenesis%0048854,0.517647059,0.882294987,0.395351118,0.964463578,219,15,ZFP335;FANCC;FANCD2;PSEN1
BP_regulation_of_protein_stability%0031647,0.518796992,0.882805374,0.282368124,0.952665691,137,88,USP19;XBP1;VPS35;NEDD4L;USP8;UBR5;USP7;KAT2A;USP37;NF2;LSS;USP47;USP10;CCAR2;NDC80;ASPH;HDAC6;USP4;TPR;CMTM6;BAG6;B4GALT5;USP38;CDKN2AIP
BP_positive_regulation_of_actin_filament_polymerization%0030838,0.520942408,0.883559183,0.333539242,0.949183064,198,29,NCKAP1L;MTOR;RAC1;MYO1C;FER
BP_negative_regulation_of_release_of_cytochrome_c_from_mitochondria%0090201,0.520618557,0.883559183,-0.420709029,-0.952096159,302,17,HIGD1A;BAK1;PARL;PSMD10;FXN;GPX1
RA_Plasma_lipoprotein_clearance%R-MMU-8964043,0.805369128,0.883865144,-0.319565553,-0.751229853,479,20,RPS27A;AP2S1;NPC1;NPC2
RA_APC/C:Cdc20_mediated_degradation_of_mitotic_proteins%R-MMU-176409,0.809869376,0.885352347,-0.283055444,-0.796578871,557,51,RPS27A;UBE2S;PSMB5;PSMB6;PSMA7;PSMD9;PSMB1;ANAPC16;PTTG1;PSMD13;PSMC5;PSMD7;PSMD10;PSMD4;ANAPC11;UBE2C
RA_Activation_of_APC/C_and_APC/C:Cdc20_mediated_degradation_of_mitotic_proteins%R-MMU-176814,0.809869376,0.885352347,-0.283055444,-0.796578871,557,51,RPS27A;UBE2S;PSMB5;PSMB6;PSMA7;PSMD9;PSMB1;ANAPC16;PTTG1;PSMD13;PSMC5;PSMD7;PSMD10;PSMD4;ANAPC11;UBE2C
RA_Chaperonin-mediated_protein_folding%R-MMU-390466,0.814634146,0.885403522,0.318443208,0.765055965,333,16,CCT6A;GNA15;GNA11;TCP1;CCT3;PDCL;CCT8;CCT7;GNG12;CCT5
RA_Protein_folding%R-MMU-391251,0.814634146,0.885403522,0.318443208,0.765055965,333,16,CCT6A;GNA15;GNA11;TCP1;CCT3;PDCL;CCT8;CCT7;GNG12;CCT5
RA_Cooperation_of_PDCL_(PhLP1)_and_TRiC/CCT_in_G-protein_beta_folding%R-MMU-6814122,0.814634146,0.885403522,0.318443208,0.765055965,333,16,CCT6A;GNA15;GNA11;TCP1;CCT3;PDCL;CCT8;CCT7;GNG12;CCT5
BP_retina_development_in_camera-type_eye%0060041,0.523584906,0.886592385,-0.369465104,-0.966543321,332,35,PFDN5;BAX;RPL24;UCHL3
BP_piecemeal_microautophagy_of_the_nucleus%0034727,0.524705882,0.887043495,0.393337703,0.95955183,222,15,ATG7;ATG13;ULK1;ATG4D;ATG2A;ULK2
KEGG_Apoptosis%mmu04210,0.75,0.887457228,0.252721819,0.878060633,185,103,RAF1;SPTAN1;AKT1;CASP8;PARP1;RIPK1;CASP2;CAPN1;EIF2S1;CTSC;AIFM1;MAP2K1;IKBKG;TRP53;ITPR1;PIK3R2;PIK3CB;ITPR2;CASP7;CTSB
KEGG_Nucleotide_excision_repair%mmu03420,0.752994012,0.887457228,-0.309355435,-0.83289297,502,43,GTF2H5;RBX1;XPA;RPA3;POLE4;CETN2;POLE3;MNAT1;CCNH;RPA2
RA_Nuclear_Receptor_transcription_pathway%R-MMU-383280,0.819512195,0.888050994,0.314943603,0.756648208,335,16,NR1H2;MED1;NCOR2;RXRA
RA_E3_ubiquitin_ligases_ubiquitinate_target_proteins%R-MMU-8866654,0.820224719,0.888050994,0.277047287,0.784365113,291,31,RAD18;PRKDC;UBE2E1;HLTF;CTR9;WAC
BP_positive_regulation_of_innate_immune_response%0045089,0.526742301,0.889038226,-0.37598578,-0.944308724,324,27,FPR2;TREM3;TRIM56;AKIRIN2;HMGB2;IFI35
BP_multicellular_organism_development%0007275,0.528571429,0.889233619,0.391217397,0.96337853,221,16,FLII;CSF1R;MED1;ERBB3
BP_erythrocyte_differentiation%0030218,0.528358209,0.889233619,-0.342289062,-0.94965455,353,47,RPS14;SELENOW;CHMP5;RPS19;ACIN1;TMEM14C;FLVCR1;SFXN1;SMAD5
RA_Signaling_by_the_B_Cell_Receptor_(BCR)%R-MMU-983705,0.823188406,0.889549083,-0.276814541,-0.794048621,567,61,RPS27A;PSMB5;PSMB6;PSMA7;PSMD9;PSMB1;NFKBIA;FKBP1A;PSMD13;PSMC5;PSMD7;PSMD10;CALM1;PSMD4;PPP3CB
KEGG_Inflammatory_bowel_disease%mmu05321,0.761658031,0.890273796,0.305521167,0.815577459,293,24,STAT6;STAT1;NFATC1;STAT4;TGFB1;IFNGR1;SMAD3;STAT3;IL12RB1;RELA;TLR4
KEGG_Renin_secretion%mmu04924,0.762128326,0.890273796,-0.322865761,-0.814655856,486,30,NPR1;CALM3;CALML4;CALM1;PPP3CB;ADRB2;ORAI1;KCNJ2
BP_lung_morphogenesis%0060425,0.534117647,0.893179381,0.389192155,0.949438718,226,15,AP3B1;TGFBR2;MAP2K1;HPS1;HIPK2
BP_positive_regulation_of_protein_binding%0032092,0.535612536,0.893179381,0.318464443,0.955115208,187,39,ARRB1;AGRN;EPB41;IDE;ADD1;USP33;ABL2;NVL;HIPK2;UFL1;NPHP3;MARK3
BP_protein_K63-linked_ubiquitination%0070534,0.537444934,0.893179381,-0.336471967,-0.947269354,365,49,UBE2S;CDKN2A;XIAP;UBE2V2;TRIM56;STUB1;ZFP91;KCMF1;TRIM12A;UBE2B;TRIM30A;UBE2T;TRIM5;BFAR;RNF5
BP_response_to_nutrient_levels%0031667,0.531879195,0.893179381,-0.393555711,-0.943446835,316,22,SOD1;FOXO4;GSTP1;SOD2;ATF4;INSR
BP_triglyceride_metabolic_process%0006641,0.537800687,0.893179381,-0.4126436,-0.933843486,312,17,DBI;APOBR;APOE;GPX1
BP_negative_regulation_of_GTPase_activity%0034260,0.536082474,0.893179381,-0.413450505,-0.935669573,311,17,SPRY2;WNK1
BP_regulation_of_chromosome_organization%0033044,0.534364261,0.893179381,-0.415675745,-0.940705459,310,17,INO80D;YY1;TFPT;CENPV
BP_microglial_cell_activation%0001774,0.535528596,0.893179381,-0.430144073,-0.948572921,308,15,AIF1;CX3CR1;NAMPT
RA_HSP90_chaperone_cycle_for_steroid_hormone_receptors_(SHR)_in_the_presence_of_ligand%R-MMU-3371497,0.828525641,0.89360141,-0.302678515,-0.756461335,516,27,DYNLL1;HSP90AA1;DCTN3;DCTN6;HSP90AB1
RA_RHO_GTPases_Activate_WASPs_and_WAVEs%R-MMU-5663213,0.833333333,0.895356234,0.288341912,0.757342961,319,23,NCKAP1L;RAC1;CYFIP1;CYFIP2;CDC42
RA_Synthesis_of_substrates_in_N-glycan_biosythesis%R-MMU-446219,0.833084948,0.895356234,-0.289212684,-0.775612614,558,38,DPM3;FUOM;NUS1;NUDT14;AMDHD2;NEU1;PMM1
BP_protein_localization_to_organelle%0033365,0.54047619,0.896188955,0.387130763,0.953315132,226,16,VPS35;PLK1;CEP68;PCM1;PES1;AP3D1;BBS2
BP_regulation_of_ERK1_and_ERK2_cascade%0070372,0.542079208,0.897270246,0.352015659,0.933476887,218,21,CEACAM1;FN1;PTPN6;MAP2K1;SYK;EPHA7;L1CAM;PRMT5;YWHAZ;FAM83D;TRAF7;HMGCR
BP_regulation_of_postsynapse_organization%0099175,0.542857143,0.897270246,0.33430141,0.931574965,208,27,AKT1;TSC2;MARK2;PSEN1;RBMX;CDC42;EPHA7;ASAP1
BP_anterograde_synaptic_vesicle_transport%0048490,0.548235294,0.898360509,0.386343529,0.942489462,232,15,AP3B1;KIF1B;AP3M1
BP_positive_regulation_of_macrophage_cytokine_production%0060907,0.545454545,0.898360509,0.366775905,0.940066764,221,19,PLCG2;MYD88;CASP1;TLR4;MAPKAPK2
BP_bone_development%0060348,0.549575071,0.898360509,0.315900336,0.940289973,193,38,PAPSS2;DYM;GNAS;LRP5;IDUA;SLC38A10;MAPK14
BP_autophagy_of_mitochondrion%0000422,0.548922056,0.898360509,-0.394770179,-0.936799804,330,20,FIS1;CDKN2A;FUNDC2
BP_membrane_protein_ectodomain_proteolysis%0006509,0.547263682,0.898360509,-0.395676521,-0.938950577,329,20,PSENEN;PSEN2;PRTN3
BP_regulation_of_centrosome_duplication%0010824,0.54467354,0.898360509,-0.411390022,-0.931006545,316,17,CHMP4B;CHMP5;NPM1
BP_response_to_axon_injury%0048678,0.547008547,0.898360509,-0.412430953,-0.946413737,319,18,SOD1;BAX;TYROBP;SOD2
BP_attachment_of_spindle_microtubules_to_kinetochore%0008608,0.552380952,0.898701299,0.384697512,0.947323217,231,16,ZFP207;NSL1;KNL1;NDC80;NUF2;DSN1;CENPE
BP_regulation_of_nucleotide-excision_repair%2000819,0.552238806,0.898701299,0.345687014,0.937239072,221,23,KAT7;ACTL6A;SMARCC2;SMARCA4;DPF2
BP_social_behavior%0035176,0.552238806,0.898701299,0.345288977,0.9361599,221,23,KALRN;TSC2;MTOR;ATP1A3
BP_positive_regulation_of_osteoclast_differentiation%0045672,0.55952381,0.90192245,0.383124433,0.943449487,234,16,ASXL2;GNAS;CSF1R;NEDD9;CREB1;RPTOR
BP_positive_regulation_of_epithelial_to_mesenchymal_transition%0010718,0.556930693,0.90192245,0.347983837,0.922785283,224,21,MTOR;TGFBR2;SDCBP;COL1A1;KDM1A;TGFB1;SMAD3;SMAD4
BP_heart_looping%0001947,0.562827225,0.90192245,0.324586822,0.923706348,214,29,MICAL2;TGFBR2;PSEN1;DVL2;STIL;SETDB2;NPHP3;IFT172;HIF1A;SMAD3;DVL1;C2CD3;IFT57;CITED2
BP_mitophagy%0000423,0.558073654,0.90192245,0.315084046,0.937860254,196,38,BECN1;ATG7;ATG13;EIF2S1;BCL2L13;SQSTM1;TRP53;PINK1;ULK1;ATG4D
BP_cellular_response_to_mechanical_stimulus%0071260,0.563049853,0.90192245,0.304686282,0.938637675,191,43,AKT1;RIPOR2;PIEZO1;RAC1;CASP2;DAG1;PLEC;ATP1A1;COL1A1;BCL10
BP_in_utero_embryonic_development%0001701,0.55721393,0.90192245,0.25211575,0.954739093,111,188,PKD1;INPP5B;MSH2;ZFP335;CCNB1;NSUN2;NBN;PITPNB;MYH9;CUL3;KAT2A;KIDINS220;ITGB1;SMARCA4;SEC24D;TGFBR2;CMIP;ADD1;ENO1;RPA1;VEGFA;HSF1;SEC24C;KDM8;APBA3;PLCG1;MED1;SIN3A;NRBP1;STIL;AXIN1;TRP53
BP_regulation_of_RNA_splicing%0043484,0.559593023,0.90192245,-0.328880577,-0.944158104,384,57,ENY2;ZFP326;CDK11B;HNRNPH1;CELF1;TAF10;SNRNP70;TAF12;KAT2B;ATXN7;SON;RBM12B2
BP_protein_glycosylation%0006486,0.562686567,0.90192245,-0.335909413,-0.948026414,376,53,DPM3;NUS1;TRIP11;NPC1;B3GAT3;B4GALT1;OSTC;MAN2A1;B4GALT6;B4GALT3;B3GNT8
BP_transcription_elongation_by_RNA_polymerase_II%0006368,0.561461794,0.90192245,-0.381146942,-0.92665715,337,24,ENY2;RTF1;ELOB
BP_response_to_retinoic_acid%0032526,0.56,0.90192245,-0.381702003,-0.9209889,335,23,RPL36AL
WP_Sphingolipid_Metabolism_(general_overview)%WP4344,0.698823529,0.902278481,0.34130014,0.8326056,296,15,ASAH1;SGMS2;CERK;SGPL1;DEGS1;SPTLC2;SPHK2;CERS2
BP_positive_regulation_of_G2/M_transition_of_mitotic_cell_cycle%0010971,0.564676617,0.902643197,0.342334832,0.928150516,226,23,CCNB1;RRM1;CDC25C;SIN3A;DTL;VPS4B
BP_positive_regulation_of_TORC1_signaling%1904263,0.566121842,0.902643197,-0.33435459,-0.927664254,380,46,LAMTOR4;LAMTOR2;PIM1;RBX1
BP_hippocampus_development%0021766,0.566978193,0.902643197,-0.352686392,-0.933105764,363,37,UQCRQ;ZBTB18;KDM6B;PPP1R9B
BP_flagellated_sperm_motility%0030317,0.566188198,0.902643197,-0.362679306,-0.924346106,354,30,LY6K;TMF1;ARMC3;SLIRP;ING2
RA_Transmission_across_Chemical_Synapses%R-MMU-112315,0.841949778,0.902890905,-0.281244435,-0.772587282,569,44,COMT;AP2S1
RA_Notch-HLH_transcription_pathway%R-MMU-350054,0.846153846,0.905674174,0.304322617,0.735039147,340,17,KAT2A;SNW1;HDAC6;NCOR2;HDAC3;HDAC10;HDAC1;TBL1X;RBPJ
BP_positive_regulation_of_receptor-mediated_endocytosis%0048260,0.574117647,0.905794686,0.378070575,0.922307496,243,15,AP2A1;NSF;PPT1;C3;HNRNPK
BP_positive_regulation_of_insulin_receptor_signaling_pathway%0046628,0.574117647,0.905794686,0.377229618,0.920255971,243,15,TSC2;OSBPL8;MFN2;PAK1
BP_centrosome_localization%0051642,0.571428571,0.905794686,0.377020439,0.928418312,239,16,DLGAP5;RANBP2;INTS13;NDEL1;SYNE2;SYNE1;AURKA;BICD2
BP_smoothened_signaling_pathway%0007224,0.573770492,0.905794686,0.311606886,0.919770524,209,35,CTNNA1;2700049A03RIK;MGRN1;NSDHL;TGFBR2;STIL;HIPK2;TBC1D32;IFT172;DISP1;CENPJ;RB1;CC2D2A
BP_immune_system_process%0002376,0.571879937,0.905794686,-0.358688014,-0.921011834,361,31,DDX17;PTMS;CD300C2;KCNN4;CD300LG
BP_rescue_of_stalled_ribosome%0072344,0.574193548,0.905794686,-0.363264827,-0.920587416,355,29,RACK1;DDRGK1;MRPL58;GTPBP2;SAYSD1;RCHY1
BP_cellular_response_to_transforming_growth_factor_beta_stimulus%0071560,0.575757576,0.906883708,-0.359768774,-0.916928148,360,30,PDCD5;PENK;IGF1R;KMT2A;CX3CR1
BP_oocyte_maturation%0001556,0.580952381,0.907121206,0.376003749,0.9259147,243,16,CCNB1;BRCA2;WASHC5;RPS6KA2;TRIP13;YTHDF2
BP_response_to_mechanical_stimulus%0009612,0.57985258,0.907121206,0.358647447,0.91923308,235,19,ATR;MPO;COL1A1;MBD2;CLCN6;ASNS;CAPN2;CITED2;PTK2B;RPS6KB1
BP_protein_targeting%0006605,0.581151832,0.907121206,0.321284972,0.91430997,221,29,AP3B1;ERBIN;VPS52;HPS4;TRAK1;YWHAQ;PML
BP_cellular_response_to_oxidative_stress%0034599,0.579470199,0.907121206,0.291605006,0.946027576,174,66,ARNT;XBP1;PARP1;G6PDX;FANCC;FANCD2;PYCR1;STX2;VRK2;ATP13A2;SIRT2;EIF2S1;PRKAA1;ATP2A2;SESN2;PINK1;STAU2;STK24;PNPT1
BP_animal_organ_morphogenesis%0009887,0.577812018,0.907121206,-0.349034982,-0.931924516,374,38,CXCR4;GMNN;IGF1R;PBX2;BCL2;NOTCH2;INSR;GSK3B;EP300
BP_G2/M_transition_of_mitotic_cell_cycle%0000086,0.579778831,0.907121206,-0.355605812,-0.913097591,366,31,ARPP19;UBE2A;BIRC5;CALM3
BP_phosphorylation%0016310,0.585131894,0.908950955,0.360482105,0.91821948,243,18,AKT1;COQ8A;MTOR
BP_positive_regulation_of_mitotic_cell_cycle%0045931,0.585677749,0.908950955,0.331389146,0.91512351,228,25,CCNB1;BRCA2;CCDC57;HSF1;DYNLT3;USP22;ASNS;STAT5A;POLDIP2;AURKA;APP;ABL1;STAT5B;RPS6KB1;MDM2
BP_positive_regulation_of_inflammatory_response%0050729,0.584319527,0.908950955,-0.330595746,-0.922716796,394,48,FABP4;DDT;S100A9;TRADD;LGALS1;CEBPB;PDCD4;NFKBIA;S100A8;PYCARD;CTSS;IFI35;GPSM3;CCR2;AIM2;LPL;CLOCK;ZBP1;CEBPA
BP_proteolysis_involved_in_protein_catabolic_process%0051603,0.585826772,0.908950955,-0.35785371,-0.921423383,371,32,PSMB9;PSMB4;PSMB10;PSMB6;CTSL;PSMB1;PSMA6;GZMA;CLPP;CTSS;LGMN;CTSZ
RA_RUNX1_interacts_with_co-factors_whose_precise_effect_on_RUNX1_targets_is_not_known%R-MMU-8939243,0.854054054,0.910667486,0.270902228,0.754766804,315,29,ACTL6A;SMARCC2;SMARCA4
RA_Ion_channel_transport%R-MMU-983712,0.853448276,0.910667486,-0.270227233,-0.781937831,593,63,RPS27A;ATP6V1G1;ATP6V1F;ATP6V0B
BP_negative_regulation_of_innate_immune_response%0045824,0.588330632,0.911036318,-0.360868526,-0.90634092,362,27,PIM1;BANF1
BP_negative_regulation_of_MAP_kinase_activity%0043407,0.588926174,0.911036318,-0.379799673,-0.910470334,350,22,SPRY2;GSTP1;APOE;CD300A;PTPRJ
BP_skeletal_system_development%0001501,0.589939024,0.9112451,-0.336718044,-0.91799045,386,42,RPL38;ACP2;PUM2
RA_Regulation_of_Insulin-like_Growth_Factor_(IGF)_transport_and_uptake_by_Insulin-like_Growth_Factor_Binding_Proteins_(IGFBPs)%R-MMU-381426,0.859701493,0.911510245,-0.283817273,-0.754305102,575,36,PENK;CST3;LGALS1;IGFBP4;MIA3;RCN1;CKAP4;APOE
RA_Post-translational_protein_phosphorylation%R-MMU-8957275,0.859701493,0.911510245,-0.283817273,-0.754305102,575,36,PENK;CST3;LGALS1;IGFBP4;MIA3;RCN1;CKAP4;APOE
RA_mRNA_decay_by_3'_to_5'_exoribonuclease%R-MMU-429958,0.857627119,0.911510245,-0.308972961,-0.686428374,505,15,EXOSC3;EXOSC2;EXOSC7;EXOSC5;EXOSC8
"BP_phagocytosis,_engulfment%0006911",0.595238095,0.912191181,0.36840713,0.927376702,249,17,BIN2;MYH9;RAC1;ITGB2;ELMO1;GSN
BP_acrosome_assembly%0001675,0.604761905,0.912191181,0.366548596,0.902631248,253,16,AU040320;TBC1D20;AGFG1;POC1B
BP_hematopoietic_stem_cell_homeostasis%0061484,0.616666667,0.912191181,0.364224137,0.896907234,258,16,UBAP2L;ADAR
BP_spliceosomal_complex_assembly%0000245,0.611904762,0.912191181,0.360653366,0.907858458,256,17,GCFC2;SF3A2;SF3B1;PRPF19;USP39;NCBP1
BP_motor_behavior%0061744,0.592326139,0.912191181,0.356915537,0.909134723,246,18,DCTN1;SPG11;PRKAA1;ATP1A3
BP_animal_organ_regeneration%0031100,0.603960396,0.912191181,0.338633948,0.8979912,243,21,CAD;LCP1;PKM;MED1
BP_positive_regulation_of_intracellular_protein_transport%0090316,0.600985222,0.912191181,0.33444647,0.89761875,243,22,DCTN1;KIF20B;RIPOR1;ASPH;TPR;CDC42;PCM1
BP_stem_cell_proliferation%0072089,0.616915423,0.912191181,0.330625242,0.896403054,247,23,BRCA2;NFATC1;MEN1;TRP53;L3MBTL2;TGFB1;RNF43;MKI67;RBPJ;FOXM1;CTNNB1;ABCB1B
BP_protein_K11-linked_ubiquitination%0070979,0.614173228,0.912191181,0.320432432,0.897478939,233,28,CDC23;UBR5;ANAPC2;CDC16;ANAPC1;RNF115
BP_mitotic_G2_DNA_damage_checkpoint_signaling%0007095,0.606232295,0.912191181,0.310313864,0.900797506,213,34,BLM;BRCA1;NBN;PLK1;TICRR;RINT1;DTL;ATM;CCNG1
BP_embryo_development%0009790,0.603988604,0.912191181,0.309107177,0.927051583,211,39,PGM3;GTF2IRD1;GTF2I;POLR1B;MEN1;PSEN1
BP_cellular_response_to_ionizing_radiation%0071479,0.597733711,0.912191181,0.307064123,0.913988631,210,38,SPIDR;BLM;NET1;BRCA1;BRCA2;RAD9A;MAPK14;ECT2;TRP53
BP_visual_learning%0008542,0.614754098,0.912191181,0.305905171,0.902940762,224,35,NPTN;CKAP5;ITGB1;MTOR;IDUA;ATP1A3;ABCC8;ABL2
BP_negative_regulation_of_protein_kinase_activity%0006469,0.592485549,0.912191181,0.301040364,0.925434514,204,42,AKT1;TSC2;CEACAM1;MLLT1;PPM1F;NF2;PSEN1;PKN1
BP_positive_regulation_of_canonical_NF-kappaB_signal_transduction%0043123,0.604651163,0.912191181,0.272268061,0.930031251,155,98,ILK;FLNA;PRKCB;CASP8;PARP1;CUL1;DDX1;DHX15;MAP3K3;RIPK1;ATP2C1;TRIM32;TIFAB;TBK1;DHX36;ABL2;IKBKG;PINK1
BP_protein-containing_complex_assembly%0065003,0.616147309,0.912191181,-0.311905217,-0.920041989,434,69,TFAP4;VAMP8;GMNN;DNAJB14;DNAJC15;STX4A;SSBP3;TAF10;KMT2A;MEGF8;TIAM1;ATF1
BP_regulation_of_DNA_replication%0006275,0.603630862,0.912191181,-0.337959756,-0.917696316,398,40,INO80D;NUCKS1;GMNN;POLE3;YY1;JADE2;CHRAC1;MEAF6;TFPT
BP_response_to_estradiol%0032355,0.602201258,0.912191181,-0.349995068,-0.915608514,382,35,CDKN1B;PENK;GSTP1;FOSL2
BP_cellular_response_to_amino_acid_stimulus%0071230,0.609794629,0.912191181,-0.350410804,-0.899758244,385,31,LAMTOR4;LAMTOR2;RBX1;LAMTOR5;CEBPB
BP_membrane_fusion%0061025,0.59742351,0.912191181,-0.353443557,-0.892949605,370,28,VAMP8;BET1L;STX4A;STX16
BP_intrinsic_apoptotic_signaling_pathway_by_p53_class_mediator%0072332,0.607201309,0.912191181,-0.364479369,-0.895835737,370,25,HINT1;BAX;PYCARD;JMY;IFI203;ERCC2
"BP_maturation_of_SSU-rRNA_from_tricistronic_rRNA_transcript_(SSU-rRNA,_5.8S_rRNA,_LSU-rRNA)%0000462",0.610738255,0.912191181,-0.372474815,-0.892910904,363,22,RPS16;GTF2H5;RPS8;RPS19;NGDN;RRP36;UTP3;UTP25;ERCC2
BP_positive_regulation_of_intrinsic_apoptotic_signaling_pathway%2001244,0.596666667,0.912191181,-0.373549543,-0.901318254,357,23,FIS1;RACK1;BAX;S100A9;BCAP31;PRKRA;S100A8
BP_cellular_response_to_gamma_radiation%0071480,0.613712375,0.912191181,-0.374210132,-0.890516597,366,21,GTF2H5;RPL26
BP_gastrulation%0007369,0.595317726,0.912191181,-0.382185842,-0.909496583,355,21,RACK1;RPS6;SYF2;ARID1A;ARFRP1
BP_mRNA_destabilization%0061157,0.606722689,0.912191181,-0.385797038,-0.901769223,360,19,CELF1;ROCK1;CNOT6L;RIDA;ALKBH5
BP_positive_regulation_of_protein_targeting_to_membrane%0090314,0.611965812,0.912191181,-0.391892911,-0.899284672,357,18,FIS1;CIB1
BP_positive_regulation_of_mitochondrial_translation%0070131,0.613518198,0.912191181,-0.404296759,-0.891573268,353,15,UQCC2;COA3;NGRN
BP_late_endosome_to_lysosome_transport%1902774,0.611785095,0.912191181,-0.406171368,-0.89570724,352,15,CHMP4B;CHMP5;CHMP2A;CHMP3
BP_COPII_vesicle_coating%0048208,0.597920277,0.912191181,-0.40948557,-0.903015866,344,15,TRAPPC2L;TRAPPC1;TRAPPC5;TRAPPC6A;TRAPPC3;TRAPPC4;PDCD6
BP_response_to_peptide_hormone%0043434,0.623036649,0.914727075,0.314382804,0.89466784,237,29,STAT6;STAT1;LRP5;DAG1;STAT2;LTA4H;ATP2A2;EIF2B1;STAT4;CCND3;EIF2B3;STAT3;PLD1;STAT5A;EIF2B5
BP_neuron_migration%0001764,0.621875,0.914727075,0.290683835,0.913484693,198,56,AU040320;ACAP3;TOP2B;TUBGCP2;RAC1;MARK2;PSEN1
BP_negative_regulation_of_canonical_Wnt_signaling_pathway%0090090,0.622613803,0.914727075,-0.317381792,-0.904998337,423,55,PFDN5;CCDC88C;FOXO3;NOTCH1;APC;PTPRU;GSK3B;APOE;CHD8;JADE1
BP_regulation_of_cell_migration%0030334,0.622781065,0.914727075,-0.321073663,-0.896139968,420,48,CDKN1B;CXCR4;TMSB4X;LMO4;RHOB;NOTCH1;BEX6;LDB1;STMN1;EGFL7;KIF2A;ROCK1;APC
"BP_positive_regulation_of_mRNA_splicing,_via_spliceosome%0048026",0.621890547,0.914727075,-0.373802783,-0.887043635,374,20,TRA2A;SLIRP;CIRBP;SNRNP70
BP_vasculogenesis%0001570,0.624,0.914847458,0.312541189,0.894497778,233,30,SMARCA4;TGFBR2;FBXW7;TIPARP;CCM2;HEG1;SGPL1;TGFB1;CUL7;MYO18B;NRP1;WARS2;CITED2;FOXM1;BRPF1;CTNNB1;PAXIP1
BP_negative_regulation_of_smoothened_signaling_pathway%0045879,0.626190476,0.915947055,0.353643721,0.890213355,262,17,UBR5;MGRN1;VCP;HERC4;PRKACA;IFT172;RB1
BP_cytoplasmic_microtubule_organization%0031122,0.62739726,0.915947055,0.306896842,0.898669091,228,33,DCTN1;TUBGCP4;TUBGCP2;CLIP1;TUBG1;TUBGCP6;AXIN1;PCM1;IFT172;CAMSAP2;SLK;KATNBL1
BP_negative_regulation_of_viral_entry_into_host_cell%0046597,0.627090301,0.915947055,-0.369007032,-0.878134661,374,21,IFITM3;TRIM56;TRIM12A;IFITM6;TRIM30A;TRIM5
BP_cellular_response_to_hypoxia%0071456,0.628851541,0.916538141,-0.308471203,-0.914931704,448,71,CDKN1B;HIGD1A;FAM162A;FOXO3;NOTCH1;PPARD;BCL2;FOS;CBL;RGCC;BAD;ATF4;RTN4;ADRB2;IREB2;CPEB2;NDRG1
BP_epidermis_development%0008544,0.629568106,0.916538141,-0.363352575,-0.883394893,378,24,CDKN2A;IGF1R;SATB1;NOTCH1;PPARD;INSR;YBX1;PTCH1
BP_cellular_response_to_starvation%0009267,0.630573248,0.916715731,0.292063585,0.917825754,197,57,RRAGC;TSC2;VPS41;MTOR;PIK3C3;ATG7;WRN;RIPOR1;WIPI2;USP33;STK24;PAK1;CLEC16A;RPTOR;ATG14;YME1L1
BP_regulation_of_immune_system_process%0002682,0.633333333,0.916892561,0.352362009,0.886986953,265,17,CEACAM1;ZBTB25;MYNN;PATZ1;ZFP3
BP_intraciliary_transport%0042073,0.634228188,0.916892561,-0.364431162,-0.873628351,377,22,IFT20;SSNA1;CLUAP1;KIF3B;ARL3
BP_vasodilation%0042311,0.633499171,0.916892561,-0.367825888,-0.872860307,381,20,PPARD;SOD2;KAT2B;ADRB2;APOE;GPX1
BP_sensory_perception_of_pain%0019233,0.632582322,0.916892561,-0.396157381,-0.873623949,364,15,PENK;RETREG1;NIPSNAP1;NLGN2;CCR2
RA_Signaling_by_TGFB_family_members%R-MMU-9006936,0.870014771,0.917668914,-0.271601598,-0.746098108,588,44,RPS27A;NEDD8;CBL;STUB1;BMPR2;FKBP1A;SMAD5
RA_Transcriptional_activity_of_SMAD2/SMAD3:SMAD4_heterotrimer%R-MMU-2173793,0.8704,0.917668914,-0.289073848,-0.705047649,543,24,RPS27A
RA_Cytosolic_sensors_of_pathogen-associated_DNA%R-MMU-1834949,0.867549669,0.917668914,-0.300957197,-0.71395378,523,21,RPS27A;TRIM56;NKIRAS1;NFKBIA
RA_Neddylation%R-MMU-8951664,0.872062663,0.917703326,-0.251728492,-0.816566065,667,146,RPS27A;NEDD8;RBX1;ELOB;PSMB5;ELOC;RNF7;PSMB6;COMMD4;UCHL3;PSMA7;PSMD9;LRR1;PSMB1;COMMD2;COMMD1;SPSB2;TULP4;PSMD13;PSMC5;UBE2F;PSMD7;PSMD10;PSMD4;VHL;KLHL21;DCUN1D5;FBXO11;COMMD3;FBXW4
RA_Nicotinate_metabolism%R-MMU-196807,0.874576271,0.918631419,-0.299044104,-0.664369975,515,15,BST1;NAMPT;PARP10
BP_regulation_of_actin_filament_polymerization%0030833,0.63681592,0.919353165,0.325895827,0.883580494,255,23,GBA2;CYFIP1;CLEC2I;PIK3R2;CYFIP2;ABITRAM;PLEKHG2;PREX1
BP_endoplasmic_reticulum_calcium_ion_homeostasis%0032469,0.638095238,0.919653584,0.359697912,0.885761338,267,16,KCTD17;CLCC1;PSEN1;ATP2A2;ITPR1;PML;HERPUD1
BP_antigen_processing_and_presentation%0019882,0.638795987,0.919653584,-0.367606377,-0.874801488,381,21,PSMB9;H2-AB1
RA_Apoptotic_cleavage_of_cellular_proteins%R-MMU-111465,0.877237852,0.919711193,0.27027478,0.704526837,342,22,CASP8;ADD1;GSN;PLEC;STK24;CASP7
BP_homeostasis_of_number_of_cells_within_a_tissue%0048873,0.639934534,0.920016684,-0.357933049,-0.879745861,390,25,BAX;FOSL2;KMT2A;NOTCH1;BCL2
BP_epithelial_cell_differentiation%0030855,0.641196013,0.920555272,-0.359121328,-0.873107743,385,24,CD63;DNPH1;PIH1D1;GSTK1;TST;PCNA;CDK1
BP_homologous_chromosome_pairing_at_meiosis%0007129,0.642352941,0.920942476,0.359635922,0.87733595,272,15,MLH1;FANCD2;BRIP1;ZCWPW1;STAG3
BP_negative_regulation_of_protein_ubiquitination%0031397,0.643292683,0.921017662,-0.325313058,-0.886897172,421,42,SPRY2;UBXN1;WNK1;BEX3;PARK7;RPS3;SOX4;ISG15;TSPO;NXN;PINX1;CAML
WP_Sphingolipid_Metabolism_(integrated_pathway)%WP4690,0.745238095,0.922247191,0.320387815,0.788959652,312,16,ASAH1;SGMS2;CERK;SGPL1;DEGS1;SPTLC2;SPHK2
WP_Heart_Development%WP2067,0.790588235,0.922247191,0.314961814,0.768352951,335,15,NFATC1;VEGFA;NFATC3;ERBB3;SMAD4;MAPK1
WP_Odorant_GPCRs%WP1397,0.804705882,0.922247191,0.312014001,0.761161727,341,15,ADGRG3;GPR160;GPR89;GPR171;GPR180;GPR183;WLS;GPR141;GPR108
WP_Type_II_interferon_signaling_(IFNG)%WP1253,0.776942356,0.922247191,0.304396488,0.791297569,309,20,JAK1;STAT1;STAT2;JAK2;IFIT2;IRF8;IFNGR1
WP_Cholesterol_metabolism_(includes_both_Bloch_and_Kandutsch-Russell_pathways)%WP4346,0.736543909,0.922247191,0.293040798,0.850656224,259,34,FASN;NSDHL;NR1H2;LSS;ACSL1;GGPS1;DHCR7
WP_Mecp2_and_Associated_Rett_Syndrome%WP2910,0.774936061,0.922247191,0.290748666,0.80289576,302,25,TAF1;PRPF3;SIN3A;SMC3;CREB1;HNRNPF;CNP;MECP2
WP_Apoptosis%WP1254,0.748387097,0.922247191,0.272657262,0.860964851,231,58,MYC;AKT1;CASP8;RIPK1;CASP2
WP_Spinal_Cord_Injury%WP2432,0.795918367,0.922247191,0.271369725,0.821730284,272,41,MYC;TRP53;ANXA1
WP_Adipogenesis_genes%WP447,0.801282051,0.922247191,0.258913293,0.826796689,249,61,MEF2D;NCOA2;STAT6;RBL2;MEF2A;STAT1;E2F4;STAT2;CREB1;NCOA1;ZMPSTE24;RBL1;AGPAT2;TGFB1;HIF1A;RB1;NCOR2;SMAD3;STAT3;LIPE;STAT5A;DVL1;IL6ST
WP_Non-odorant_GPCRs%WP1396,0.779935275,0.922247191,-0.313102154,-0.777671302,481,26,CXCR4;C5AR2;CX3CR1;PTAFR;ADRB2;GPR65;CCR2;LTB4R1;ADGRE4;GPR132
KEGG_GABAergic_synapse%mmu04727,0.8,0.922270742,0.307694634,0.794076724,307,22,PRKCB;ADCY3;PRKACA;GNB5;NSF;GLS;GNAI3;TRAK2;PRKACB;SLC38A2;ADCY7;GNG12
KEGG_Aldosterone_synthesis_and_secretion%mmu04925,0.796875,0.922270742,0.269358179,0.82680101,254,46,DAGLB;PRKCB;GNAS;ADCY3;SCARB1;ATP1A3;PRKACA;GNA11;ATP1A1;ITPR1;CREB1;ITPR2
KEGG_Cytokine-cytokine_receptor_interaction%mmu04060,0.793696275,0.922270742,-0.291777458,-0.820044188,553,53,CXCR4;IL3RA;IL11RA1;CRLF2;CX3CR1;BMPR2;CCL6;TNFSF14;TNFRSF10B;TNFRSF18;CCR2
BP_negative_regulation_of_T_cell_receptor_signaling_pathway%0050860,0.649411765,0.924266567,0.357820276,0.872906661,275,15,CEACAM1;DGKZ;PTPN6;BTRC;PTPN22;EZR
BP_regulation_of_DNA_damage_checkpoint%2000001,0.652380952,0.924266567,0.355303929,0.874941092,273,16,BRCA1;BRCA2;CRY1;NEK1;ETAA1;RFWD3
BP_negative_regulation_of_cellular_senescence%2000773,0.666666667,0.924266567,0.340862165,0.85803885,279,17,PRKDC;MAP3K3;RBL1
BP_sodium_ion_transport%0006814,0.651105651,0.924266567,0.339713693,0.870704831,264,19,NEDD4L;NEDD4;ATP1A3;SLC8A1;ATP1A1;SLC38A7
BP_regulation_of_angiogenesis%0045765,0.658476658,0.924266567,0.337600821,0.865289424,267,19,PIK3CG;SP100;ITGA5;CCM2;PDE3B;EGLN1;RNH1
BP_positive_regulation_of_dendritic_spine_development%0060999,0.666666667,0.924266567,0.332784625,0.865094292,265,20,TSC2;MTOR;RAC1;PSEN1
BP_protein_sumoylation%0016925,0.65625,0.924266567,0.312737352,0.865390905,251,26,RANBP2;TOPORS;UBA2;IFIH1;PIAS1;SAE1;ZMIZ2;TRPM4;SENP1
BP_negative_regulation_of_ERK1_and_ERK2_cascade%0070373,0.655555556,0.924266567,0.298973333,0.885899456,235,37,XBP1;ARRB1;EMILIN1;TNIP1;EZR;SPRED2;SIRT3
BP_negative_regulation_of_phosphatidylinositol_3-kinase/protein_kinase_B_signal_transduction%0051898,0.662756598,0.924266567,0.295566267,0.885987251,225,40,XDH;PLEKHA1;TSC2;DAG1;PPP2R1A;INPP5E;SH2B3;PIK3CB
BP_JNK_cascade%0007254,0.647239264,0.924266567,0.291630216,0.905636446,210,48,BECN1;STRADB;MAPK14;MAP2K1;NRBP1;MAP3K15;MAP2K3;MAP3K11;MYD88;MAP3K6;SMAD3;ERCC6;LRRK2;MAPK1;MAP3K7;TLR4;MAPK9;MAP2K4;TRAF6
BP_negative_regulation_of_NF-kappaB_transcription_factor_activity%0032088,0.663551402,0.924266567,0.289259683,0.895655668,212,49,ERBIN;ARRB1;USP7;CAT;TAX1BP1;TRIM37
BP_negative_regulation_of_canonical_NF-kappaB_signal_transduction%0043124,0.665662651,0.924266567,0.288594151,0.897630696,220,47,CASP8;STAT1;NLRX1;RIPK1;TLE1;PPM1A;CACTIN;USP10;TNIP1
BP_multicellular_organism_growth%0035264,0.666666667,0.924266567,0.265129645,0.890734937,181,86,WDR48;PLEKHA1;CLIC4;PDE4D;RMI1;KAT2A;MTOR;BRCA2;GNAS;LLGL2;ADD1;ATP1A3;SLC25A25;ABL2;STIL;PLEC;TRP53;AAAS;SP2;CTC1;ZMPSTE24;CCM2;DHCR7;ATM;XRCC2;NEK1;HEG1
BP_gene_expression%0010467,0.667539267,0.924266567,-0.283432807,-0.904430038,509,127,COMT;NDUFS6;SOD1;DDX17;TAF15;DIAPH1;YY1;FOSL2;TAF10;NOTCH1;SOX4;NPC1;NPC2;TARDBP
BP_positive_regulation_of_transcription_initiation_by_RNA_polymerase_II%0060261,0.669603524,0.924266567,-0.307993002,-0.878226672,455,55,SUB1;MED31;ZNHIT1;XPA;MED10;TAF4;TAF10;MED30;TAF12;TAF3;NFKBIA;MED21;MED11;GTF2A2;MED7;TAF13;MED28
BP_positive_regulation_of_transcription_elongation_by_RNA_polymerase_II%0032968,0.667164179,0.924266567,-0.314268973,-0.871914978,446,47,MED31;CCNK;MED10;NCBP2;MED30;EAPP;LDB1;MED21;MED11;MED7;MED28
BP_regulation_of_mitotic_cell_cycle%0007346,0.665658094,0.924266567,-0.321388099,-0.872697619,439,40,CDKN1B;PIM1;GMNN;RPA3;BIRC5;CKS2
BP_positive_regulation_of_non-canonical_NF-kappaB_signal_transduction%1901224,0.65576324,0.924266567,-0.329856103,-0.872703452,420,37,SASH1;RPS3;TRIM56;PDCD4;RC3H1;CREBBP;AGO1;RC3H2;PYCARD;TNFSF14;IFI35
BP_centrosome_cycle%0007098,0.65576324,0.924266567,-0.33014479,-0.873467232,420,37,PCLAF;NPM1;UXT;HAUS1;CHD3;CEP44;GADD45A;HAUS4;ARL2
BP_negative_regulation_of_tumor_necrosis_factor_production%0032720,0.657935285,0.924266567,-0.331497014,-0.868746124,426,34,SELENOS;GSTP1;NFKBIL1;C5AR2;TSPO;ILRUN;TRIM30A;RAD21
BP_intrinsic_apoptotic_signaling_pathway_in_response_to_endoplasmic_reticulum_stress%0070059,0.657004831,0.924266567,-0.342498764,-0.865298377,407,28,BAX;BAK1;UBE2K;CEBPB;BCL2;ATF4;TNFRSF10B;GSK3B;MAP3K5;ERN1
BP_cellular_response_to_interleukin-1%0071347,0.66828479,0.924266567,-0.346756979,-0.861261884,412,26,CAMP;YY1;CEBPB;RC3H1;PYCARD;EP300
BP_BMP_signaling_pathway%0030509,0.669435216,0.924266567,-0.353082926,-0.858426979,402,24,PDCD4;MEGF8;NOTCH2;BMPR2;SMAD5;ID1;ACVR1B;FKBP8
BP_stress_granule_assembly%0034063,0.668333333,0.924266567,-0.357333188,-0.862190655,400,23,RPS23;CIRBP;DDX6;PUM2
BP_positive_regulation_of_filopodium_assembly%0051491,0.655058043,0.924266567,-0.363947958,-0.863657881,394,20,MIEN1;RALA
BP_tumor_necrosis_factor_production%0032640,0.657142857,0.924266567,-0.368851779,-0.862161057,390,19,PSEN2;FCER1G
BP_positive_regulation_of_ERAD_pathway%1904294,0.651202749,0.924266567,-0.382826943,-0.86636615,378,17,TMEM259;STUB1;UBQLN2;BCAP31;ERN1;ATXN3
BP_microtubule-based_process%0007017,0.671679198,0.924672424,0.331141641,0.860823253,267,20,KIF17;XRN2;KIFC3;TUBD1;MAP3K11;DNAL4;KIFAP3;VBP1
BP_response_to_insulin%0032868,0.671554252,0.924672424,0.289260516,0.89111599,228,43,CAD;CAT;KBTBD2;MTOR;CRY1;HADHA;MAPK14;SESN2;COL1A1;UPRT
BP_nuclear-transcribed_mRNA_catabolic_process%0000956,0.672818792,0.925014445,-0.352562231,-0.845175696,400,22,LSM7;LSM4;EXOSC3;EXOSC2;RC3H1;MRTO4;AGO1;POLR2G
KEGG_Pyruvate_metabolism%mmu00620,0.806451613,0.925666199,0.280731529,0.788269625,299,29,PCX;ALDH3A2;PKM;ALDH9A1;ALDH2;ACACA;ME2;DLD;FH1;LDHB;DLAT;ADH5;ACSS2
BP_non-canonical_NF-kappaB_signal_transduction%0038061,0.676190476,0.926902688,0.338730259,0.852672287,283,17,AKT1;RIPK3;BTRC;BCL10;AMFR;RELA;NFKB2
BP_inner_ear_development%0048839,0.678657074,0.926902688,0.336417345,0.856921761,282,18,MYO7A;LRP10;TIFAB
BP_oligodendrocyte_differentiation%0048709,0.675742574,0.926902688,0.324009686,0.859210507,272,21,MTOR;EXOC4;MIOS;CNP
BP_somatic_stem_cell_population_maintenance%0035019,0.678062678,0.926902688,0.290697894,0.871839809,237,39,RAF1;SMC1A;MED15;MED12;LRP5
BP_suppression_of_viral_release_by_host%0044790,0.676923077,0.926902688,-0.372888237,-0.855674259,395,18,TRIM56;TRIM12A;TRIM30A;CHMP3;TRIM5
BP_positive_regulation_of_protein_kinase_activity%0045860,0.679810726,0.927258256,-0.327806815,-0.861049059,430,36,AGAP2;TAB2;NPM1
WP_p53_signaling%WP2902,0.824451411,0.934378265,0.260196403,0.807864791,262,50,TSC2;CASP8;DDB2;CCNB1;ATR;TRP53;SESN2;RRM2;ATM;SHISA5;SESN1;CCNG1;CCND3;EI24;CHEK2;CASP3;PPM1D;COP1;GTSE1;ADGRB1
WP_Endochondral_Ossification%WP1270,0.842880524,0.934497972,-0.300197011,-0.737839322,514,25,PLAU;IGF1R;CTSL;CALM1;RUNX3
WP_Lung_fibrosis%WP3632,0.839316239,0.934497972,-0.316524904,-0.726336166,490,18,PLAU;CEBPB
BP_long-term_memory%0007616,0.689223058,0.93515421,0.32718844,0.850546662,274,20,KAT2A;MTOR;PJA2;MECP2;RGS14;ACSS2;BTBD9;TRPM4;RPS6KB1
BP_cell_chemotaxis%0060326,0.690104167,0.93515421,0.306892023,0.849216009,264,26,BIN2;ELMO2;RAC1;HGF;VEGFA;PLXNB3
BP_positive_regulation_of_type_II_interferon_production%0032729,0.6875,0.93515421,0.291252699,0.864604787,252,36,PDE4D;TYK2;CARMIL2;SASH3;PTPN22;ABL2;JAK2;IFNAR1;IRF8;ARID5A;PDE4B;IL12RB1;APP;ABL1;TLR4
BP_defense_response_to_virus%0051607,0.686956522,0.93515421,0.257975586,0.924149923,157,135,NLRP1A;DDX1;ADAR;DDX41;CNOT7;RIPK3;DHX15;BECN1;MOV10;ATG7;ABCF3;STAT1;STAT2;ZNFX1;UNC13D;DHX36;MLKL;SLFN8;ILF3;SLFN9;DDX56;IFIT2;IFNAR1;FV1;IFI209;IFIH1;MAVS;NCBP1;MYD88;EPG5;SKP2;DHX58;DDX21;ATG14
BP_brown_fat_cell_differentiation%0050873,0.689003436,0.93515421,-0.378745163,-0.847072947,400,16,FABP4;DHRS7B;CEBPB;DIO2;ADRB2;CEBPA;PLAC8;METRNL;RGS2
BP_embryo_implantation%0007566,0.69269103,0.93743584,-0.34628368,-0.841896425,416,24,SOD1;IL11RA1;PPARD;H2-Q7;ARID1A;H3F3B;BSG
RA_RHOBTB1_GTPase_cycle%R-MMU-9013422,0.898550725,0.94030494,0.28191445,0.696761389,371,18,CUL3;COPS4;COPS2;RBMX;SPEN;SRRM1
BP_regulation_of_cell_cycle%0051726,0.696090794,0.940364109,-0.275097021,-0.914079872,551,180,CDKN1B;INO80D;PCLAF;RACK1;ACTB;BAX;BAK1;CDKN2A;NPM1;MNT;BIRC5;CDK11B;XIAP;CCND1;YEATS4;CCNK;CELF1;YY1;BCL2;TARDBP;CSNK2A2;KAT2B;HSP90AB1;GADD45A;JUNB;JADE2;SON;APC;MEAF6;MDM4;TFPT
BP_lactation%0007595,0.696666667,0.940364109,-0.348667389,-0.8412814,417,23,NME1;APRT;USF2;CCND1;RPLP0
KEGG_Vasopressin-regulated_water_reabsorption%mmu04962,0.82369146,0.941361669,0.276757203,0.78351845,298,30,DCTN1;GNAS;ADCY3;PRKACA;RAB11B;CREB1;NSF
KEGG_Gastric_acid_secretion%mmu04971,0.82748538,0.941621295,0.276610312,0.800355998,282,34,PRKCB;GNAS;ADCY3;ATP1A3;PRKACA;EZR;ATP1A1;ITPR1;ITPR2
BP_neuronal_stem_cell_population_maintenance%0097150,0.701176471,0.941899354,0.340821615,0.831438232,297,15,FANCC;FANCD2;WDR62;ASPM;PCM1;YME1L1;SS18;WDR47;REST
BP_regulation_of_DNA-binding_transcription_factor_activity%0051090,0.7,0.941899354,0.339797214,0.83675558,293,16,USP7;FANCD2;HCK;KDM8
BP_chaperone-mediated_protein_folding%0061077,0.700162075,0.941899354,-0.331397497,-0.832322828,431,27,FKBP2;FKBP11;HSP90AB1;CRTAP;PDCL3;PPIB;PPID;CHORDC1;DNAJB6
BP_response_to_glucocorticoid%0051384,0.702341137,0.941899354,-0.350613844,-0.834363959,419,21,FOSL2;CTSL;BCL2;PTPRU;PDCD7;HMGB1;ANXA3
BP_blastocyst_formation%0001825,0.702341137,0.941899354,-0.350622909,-0.834385534,419,21,PTPN18;SF3B6
BP_regulation_of_mitochondrion_organization%0010821,0.711904762,0.942229138,0.335551221,0.82629976,298,16,VPS35;RHOT1;ATP13A2;RAP1GDS1;PINK1;HDAC6
BP_positive_regulation_of_cardiac_muscle_cell_apoptotic_process%0010666,0.721428571,0.942229138,0.332982577,0.819974439,302,16,CAPN1;ATP2A2;TRP53;SMAD4;CAPN2;HMGCR;BNIP3
BP_regulation_of_protein_binding%0043393,0.717444717,0.942229138,0.323666565,0.829575161,291,19,HDAC5;PLK1;ATR;PSEN1
BP_protein_K63-linked_deubiquitination%0070536,0.719298246,0.942229138,0.320990295,0.8344342,286,20,USP8;USP33;OTUD5;STAMBPL1;SHMT2;PSMD14;ABRAXAS2;SPATA2;USP25
BP_response_to_activity%0014823,0.714285714,0.942229138,0.303679771,0.84624373,274,27,CAT;PRKDC;CRY1;PRKAA1;ATP1A3;SLC25A25
BP_negative_regulation_of_cardiac_muscle_cell_apoptotic_process%0010667,0.718670077,0.942229138,0.303513018,0.838144224,280,25,ILK;ATG7;HSF1;MFN2;JAK2
BP_tumor_necrosis_factor-mediated_signaling_pathway%0033209,0.720108696,0.942229138,0.286671246,0.85100441,264,36,ACTN4;ILK;STAT1;RIPK1;NSMAF;IKBKG;TRP53;JAK2
BP_negative_regulation_of_neuron_apoptotic_process%0043524,0.709677419,0.942229138,-0.286127348,-0.880020241,527,95,AGAP2;SOD1;BAX;HDGF;NPM1;BIRC5;XIAP;CCND1;TMBIM4;PARK7;UBE2V2;SOD2;CEBPB;BCL2;SYNGAP1;HSP90AB1;PRDX2;PDPK1;RETREG1;CD2AP;RAD21;LGMN;APOE
BP_response_to_bacterium%0009617,0.705469846,0.942229138,-0.296573446,-0.879548967,502,72,LSM5;FABP4;PSMB9;PENK;GAS2L3;PGLYRP1;ISG15;CD52;GZMA;HP;PYCARD;TRIM30A
BP_RNA_polymerase_II_preinitiation_complex_assembly%0051123,0.714714715,0.942229138,-0.307439788,-0.848938436,475,45,MED31;MED10;TAF4;TAF10;MED30;TAF12;TAF3;GTF2F2;MED21;MED11;GTF2A2;MED7;TAF13;MED28
BP_intracellular_iron_ion_homeostasis%0006879,0.720121029,0.942229138,-0.307949173,-0.836205543,475,40,SOD1;BOLA2;ATP6V1G1;CISD1
BP_anterior/posterior_pattern_specification%0009952,0.718110236,0.942229138,-0.320261911,-0.824629744,455,32,YY1;HOXA7;KMT2A;BPTF;BMPR2;APC
BP_positive_regulation_of_phagocytosis%0050766,0.714285714,0.942229138,-0.321157664,-0.829851035,454,33,SOD1;CYBA;FCER1G;FPR2
BP_interstrand_cross-link_repair%0036297,0.721417069,0.942229138,-0.327068719,-0.826315484,447,28,NUCKS1;CENPX;CENPS
BP_negative_regulation_of_protein_catabolic_process%0042177,0.710144928,0.942229138,-0.329003016,-0.831202344,440,28,AGAP2;RIC1;PARK7;RGP1
BP_glycogen_metabolic_process%0005977,0.70735786,0.942229138,-0.350209571,-0.833401903,422,21,COMT
BP_ventricular_septum_development%0003281,0.714529915,0.942229138,-0.357978657,-0.821460941,417,18,CXCR4;LMO4;TRIP11
BP_skeletal_muscle_tissue_regeneration%0043403,0.721649485,0.942229138,-0.365386579,-0.817196141,419,16,PLAU
BP_negative_regulation_of_stem_cell_population_maintenance%1902455,0.716494845,0.942229138,-0.367906589,-0.822832208,416,16,ING2;ING1;SAP30L;SAP30;OGT
BP_negative_regulation_of_mitotic_cell_cycle%0045930,0.708838821,0.942229138,-0.378503343,-0.834692475,408,15,CDKN1B
BP_regulatory_ncRNA-mediated_gene_silencing%0031047,0.705372617,0.942229138,-0.379579783,-0.83706629,406,15,DDX17;TNRC6A;TNRC6C;PABPC1;CNOT6L;TNRC6B;AGO2
BP_regulation_of_synaptic_plasticity%0048167,0.723958333,0.944056219,0.300341429,0.831089539,277,26,SPG11;KAT2A;DAG1;PSEN1;SIPA1L1
WP_Neural_Crest_Differentiation%WP2074,0.861035422,0.944361431,0.260001393,0.755995927,315,32,ITGB1;DVL3;HDAC5;DVL2;AXIN1;COL11A2;HDAC6;HDAC9
"RA_Biosynthesis_of_the_N-glycan_precursor_(dolichol_lipid-linked_oligosaccharide,_LLO)_and_transfer_to_a_nascent_protein%R-MMU-446193",0.904191617,0.944452468,-0.265903224,-0.736174432,603,47,DPM3;FUOM;NUS1;NUDT14;AMDHD2
"RA_Plasma_lipoprotein_assembly,_remodeling,_and_clearance%R-MMU-174824",0.910060976,0.948822832,-0.269464014,-0.702529963,596,33,RPS27A;AP2S1;NPC1;NPC2;APOBR;ABCG1;APOE;ABCA1;ANGPTL8;LPL
BP_extrinsic_apoptotic_signaling_pathway_via_death_domain_receptors%0008625,0.729508197,0.950099759,0.287804426,0.849512768,266,35,RAF1;CASP8;RIPK1;DEDD
BP_positive_regulation_of_chemokine_production%0032722,0.731527094,0.950822581,0.304659968,0.817674948,296,22,IL16;P2RY2;CSF1R;LGALS9;ADAM17
BP_ribosome_biogenesis%0042254,0.731895223,0.950822581,-0.309220168,-0.825618837,474,38,RPS28;RPL7A;RSL24D1;NAF1;RPLP0;ZNHIT6;GLUL;MRPL10
BP_SMAD_protein_signal_transduction%0060395,0.736470588,0.954049703,0.331473678,0.808633831,312,15,BECN1;TGFBR2;HIPK2;PML;SMAD3;SMAD4
BP_cholesterol_biosynthetic_process%0006695,0.741293532,0.954049703,0.30356695,0.82304164,297,23,G6PDX;NSDHL;LSS;PRKAA1;DHCR7;LIPA
BP_circadian_regulation_of_gene_expression%0032922,0.739002933,0.954049703,0.282481012,0.846762989,251,40,NCOA2;MYBBP1A;CRY1;HNRNPU;KDM8;PML;PPP1CA;CSNK1D
BP_positive_regulation_of_cell_migration%0030335,0.739583333,0.954049703,-0.275062846,-0.876793218,567,121,MIEN1;CXCR4;PLAU;AIF1;RACK1;SPRY2;CIB1;DDRGK1;SEMA4B;DIAPH1;STX4A;IGF1R;TRADD;NOTCH1;SOD2
BP_endoplasmic_reticulum_unfolded_protein_response%0030968,0.73827534,0.954049703,-0.306106306,-0.831201421,487,40,SELENOS;CCND1;ERLEC1;TMBIM4;STUB1;ATF4;DERL2
BP_positive_regulation_of_G1/S_transition_of_mitotic_cell_cycle%1900087,0.740566038,0.954049703,-0.314182143,-0.821919712,470,35,RPL17;AIF1;ANP32B;CCND1;RGCC;MBLAC1;CREBBP;LSM10;MEPCE;LARP7;LSM11
BP_stem_cell_population_maintenance%0019827,0.741732283,0.954049703,-0.314968131,-0.810999,470,32,TPT1;RTF1;SETD1A;DDX6;ARID1A;APC
BP_cellular_response_to_organic_cyclic_compound%0071407,0.737007874,0.954049703,-0.316589929,-0.815174903,467,32,CDKN1B;TMF1
BP_developmental_growth%0048589,0.742857143,0.954245982,0.324339926,0.798691784,311,16,GNAS;ASPM;SMAD3;EIF4H;SMAD4;TBCE;SMAD2
BP_wound_healing%0042060,0.74386921,0.954245982,0.287353581,0.83552682,272,32,FNTB;HPSE;NFATC1;FN1;CORO1B;PLEC;PECAM1;PAK1
BP_positive_regulation_of_cold-induced_thermogenesis%0120162,0.74556213,0.954245982,-0.297482567,-0.837592241,503,51,CXCR4;G0S2;FABP4;KDM6B;IGF1R;CEBPB;FABP5;ADIPOR2;APC;DIO2;ADRB2
BP_regulation_of_mRNA_stability%0043488,0.74516129,0.954245982,-0.318046359,-0.805994565,461,29,DCP2;PUM2;RC3H1;AGO1;RBM33;AGO2;ALKBH5
BP_skeletal_muscle_tissue_development%0007519,0.747252747,0.95523196,-0.313153429,-0.809168599,475,33,MYL6;ZBTB18;FOXP1;ASNSD1;PSMA6
BP_poly(A)+_mRNA_export_from_nucleus%0016973,0.750859107,0.958661442,-0.351985692,-0.79657008,436,17,ENY2;SARNP;PABPN1;NXT1;IWS1
RA_TNFR1-induced_proapoptotic_signaling%R-MMU-5357786,0.921535893,0.959010551,-0.281543227,-0.639136747,551,17,XIAP;TRADD
BP_positive_regulation_of_transforming_growth_factor_beta_receptor_signaling_pathway%0030511,0.754385965,0.959021739,0.313674323,0.815415877,300,20,SNW1;SDCBP;MEN1;AXIN1;HIPK2
BP_protein_localization_to_Golgi_apparatus%0034067,0.762589928,0.959021739,0.310538451,0.791003079,317,18,GAK;PACS1;GBF1;RIPOR1
BP_cellular_response_to_cytokine_stimulus%0071345,0.76119403,0.959021739,0.298252978,0.808634207,305,23,JAK3;STAT1;CSF1R
BP_clathrin-dependent_endocytosis%0072583,0.763546798,0.959021739,0.297741942,0.799107701,309,22,AP2A1;GAK;FCHO1;CLTC;AP2M1;AP2A2;AP2B1
BP_tricarboxylic_acid_cycle%0006099,0.763020833,0.959021739,0.294110749,0.813848316,292,26,ACO1;IDH1;SDHA;IDH3G;OGDH;IDH3A;IDH3B;ACO2
BP_lipid_catabolic_process%0016042,0.764227642,0.959021739,0.284569875,0.821375804,281,31,DAGLB;PAFAH2;SIRT2;PCCA;ACAP1;ABHD4;ACADL;PNPLA2;PPT1;LIPA;LRP1;LIPE;PAFAH1B2;CRTC3;PLD1
BP_cellular_response_to_growth_factor_stimulus%0071363,0.762295082,0.959021739,0.283379937,0.836452997,278,35,AKT1;CAT;TGFBR2;SHC1;RIPK1;PPP2R5B;CREB1;LRP8;IBSP;URI1;PPP2R5D;TGFB1;CPNE3
BP_response_to_UV%0009411,0.760115607,0.959021739,0.273219534,0.839909918,262,42,RAD18;DDB2;MSH6;ZRANB3;MEN1;REV1;TRIM32;PRKAA1;CCAR2;TRP53;PML;CASP7;DTL
BP_cellular_response_to_tumor_necrosis_factor%0071356,0.759146341,0.959021739,0.273062214,0.858303591,248,52,AKT1;PRPF8;ERBIN;BRCA1;KAT2A;ASAH1;RIPK1;GSDME;CACTIN;MAPK14
BP_methylation%0032259,0.764309764,0.959021739,0.267395673,0.868789685,226,68,CARM1;DNMT1;SMYD5;MTR;PCIF1;PRMT9;LCMT2;ARMT1;EZH1;SETDB2;KMT5B;COQ5;PRDM10
BP_positive_regulation_of_protein_secretion%0050714,0.765,0.959021739,-0.3302252,-0.796783202,458,23,IER3IP1;KCNN4;PPIA;CD2AP;EP300;ARF6;ABCG1
BP_dendrite_development%0016358,0.754180602,0.959021739,-0.335547767,-0.798510864,450,21,LST1;PPP1R9B;SYNGAP1
BP_odontogenesis_of_dentin-containing_tooth%0042475,0.76302521,0.959021739,-0.336861554,-0.787386507,453,19,BAX;CCDC154
BP_Rac_protein_signal_transduction%0016601,0.759450172,0.959021739,-0.355560174,-0.795219144,441,16,AIF1;BRK1
BP_monoatomic_ion_transport%0006811,0.756013746,0.959021739,-0.355776544,-0.795703062,439,16,WNK1;TSPO;SLC22A15;CLCN3;TOMM40L;TOMM40
KEGG_Basal_cell_carcinoma%mmu05217,0.847682119,0.96046386,-0.315787123,-0.721691239,511,17,BAX;BAK1;GADD45A;APC;GSK3B;PTCH1
BP_toll-like_receptor_4_signaling_pathway%0034142,0.768656716,0.96084421,0.295894142,0.802238847,308,23,PIK3AP1;TBK1;MYD88;ECSIT;MAP3K7;RELA;TLR4;OAS1A;TRAF6;TICAM2;OAS1G;IRAK1;NAGLU
BP_nucleotide-excision_repair%0006289,0.769230769,0.96084421,-0.308757684,-0.797810273,489,33,GTF2H5;XPA;RPA3;CETN2;COMMD1;MNAT1;RPA2;NTHL1;ERCC2
BP_vesicle_fusion%0006906,0.769230769,0.96084421,-0.328764425,-0.782368387,459,21,VAMP8;STX4A;STX8;STX16
BP_regulation_of_Notch_signaling_pathway%0008593,0.774117647,0.961287559,0.322246071,0.786122978,328,15,GALNT11;LLGL2;CC2D1A
BP_negative_regulation_of_proteolysis%0045861,0.771929825,0.961287559,0.308382271,0.801658858,307,20,AKT1;NR1H2;IDE;UBXN2A;TRP53;HDAC6;BAG6
BP_muscle_organ_development%0007517,0.774278215,0.961287559,0.296496371,0.83043794,294,28,XBP1;RIPOR2;ITGB1;PRR14;UNC45A;HDGFL2;KMT5B
BP_positive_regulation_of_blood_vessel_endothelial_cell_migration%0043536,0.7725,0.961287559,0.289236847,0.795496865,308,24,AKT1;VEGFA;PLCG1;MAP2K3;ADAM17;P2RX4;PRKD2;TGFB1;HIF1A
BP_cellular_response_to_virus%0098586,0.776025237,0.961287559,-0.300603355,-0.789593822,491,36,PENK;BAX;POU2F2;HSP90AA1
BP_liver_regeneration%0097421,0.773109244,0.961287559,-0.333135451,-0.778677043,459,19,CCND1;GFER;CEBPB;PCNA;PTCH1;CSNK2A1
BP_hair_follicle_development%0001942,0.776068376,0.961287559,-0.33829079,-0.776282788,453,18,DBI;PSEN2;PUM2;LDB1;APC;TRPS1;ACVR1B;LGR4;SOS1
KEGG_Biosynthesis_of_unsaturated_fatty_acids%mmu01040,0.854098361,0.96359815,-0.315508132,-0.738984033,520,19,ACAA1A;HACD4
WP_SIDS_Susceptibility_Pathways%WP1266,0.923261391,0.963928992,0.261914593,0.66714846,384,18,CDCA7L;CC2D1A;CREB1
WP_Alzheimers_Disease%WP2075,0.899390244,0.963928992,0.240087208,0.754654807,294,52,CASP8;NCSTN;IDE;CAPN1;PSEN1;ATP2A2;TRP53;ADAM17;ITPR1;ATF6;ITPR2;CASP7
WP_Delta-Notch_Signaling_Pathway%WP265,0.954478708,0.963928992,-0.242061074,-0.69022507,649,55,PSENEN;RBX1;PSEN2;YY1;CIR1;NOTCH1;NFKBIA;POFUT1;NOTCH2;GSK3B;EP300;SAP30;CDK2;MAML3;TCF3;LFNG
WP_Toll_Like_Receptor_signaling%WP88,0.947368421,0.963928992,-0.252936176,-0.64464822,593,30,TAB2;RALBP1
WP_Id_Signaling_Pathway%WP512,0.943521595,0.963928992,-0.260280383,-0.632802344,567,24,IGF1R;BMPR2;SMAD5;PSMD4;ID1;CDK2;TCF3
WP_One_carbon_metabolism_and_related_pathways%WP1770,0.942716858,0.963928992,-0.263888271,-0.648597874,575,25,SOD1;SOD2;DHFR;ETNK1;GPX1;BCAT2;GSS;PCYT2
WP_White_fat_cell_differentiation%WP2872,0.953608247,0.963928992,-0.277069189,-0.619672111,554,16,CEBPB;KLF5;CEBPD;IRF3;CEBPA;SREBF1
WP_EBV_LMP1_signaling%WP1243,0.931271478,0.963928992,-0.29504956,-0.659885656,541,16,TRADD;HSP90AA1
BP_positive_regulation_of_MAP_kinase_activity%0043406,0.781954887,0.96405684,0.3023204,0.785900647,311,20,CEACAM1;PIK3CG;PSEN1;LRRK2;PDGFRB;ADAM9;PIK3R5;KIT;TLR4
BP_adult_locomotory_behavior%0008344,0.782152231,0.96405684,0.295313296,0.82712434,297,28,KALRN;ARCN1;IDUA;ATP1A3;HIPK2;CNP;PPT1;MECP2;TSHR;APP;TBCE;WDR47;CLN8;BTBD9;INPP5F;GIGYF2;PBX3;NTAN1
BP_negative_regulation_of_cold-induced_thermogenesis%0120163,0.7890625,0.96405684,0.286937963,0.794000148,302,26,DOCK7;PLCL2;NR1H2;ADAM17;ACOT11;IP6K1;RB1
BP_cellular_response_to_cAMP%0071320,0.7890625,0.96405684,0.285380367,0.789690048,302,26,PIK3CG;PDE4D;CRTC1;SLC8A1;EZR;EEF2K;ITPR1;ITPR2;KDM1A;FBP1;ASS1;CRTC3;INPP5K;CRTC2;RAP1B
BP_homeostasis_of_number_of_cells%0048872,0.789333333,0.96405684,0.278618948,0.797411791,295,30,WDR48;AP3B1;CARMIL2
BP_nucleosome_assembly%0006334,0.786324786,0.96405684,0.270049283,0.809912011,275,39,PADI4;NAA60;MCM2;CHAF1A;SMARCA4
BP_hemopoiesis%0030097,0.790163934,0.96405684,0.264005971,0.834356366,240,60,ZFAT;PGM3;BRCA2;MEN1;RPA1;CSF1R;PKNOX1;MELK;PINK1;SH2B3;MKNK2;TIPARP
BP_regulation_of_cell_population_proliferation%0042127,0.788461538,0.96405684,0.252309619,0.85169175,204,89,DNMT1;CTNNA1;PLA2G4A;STAT6;EMILIN1;TGFBR2;SHC1;STAT1;TOPORS;E2F4;JUP;NF2;RIOX2;STAT2;DVL2;TRP53;ANXA1;PDS5B;ERBB3;DHCR7;STAT4;RBBP9;MYD88;PIAS1;CCND3;MBD2;RNF126;TGFB1;HIF1A
BP_protein_dephosphorylation%0006470,0.785074627,0.96405684,-0.286742943,-0.809265455,525,53,PHPT1;CTDSP1;BCL2;DUSP19;CTDNEP1;PTPRU;PPP3CB
BP_regulation_of_G1/S_transition_of_mitotic_cell_cycle%2000045,0.789940828,0.96405684,-0.289509466,-0.808041995,533,48,CDKN1B;ACTB;BCL7C;CDKN2A;CCND1;MNAT1;ARID1A;CCNH
BP_osteoclast_differentiation%0030316,0.785824345,0.96405684,-0.299412399,-0.784662758,509,34,FCER1G;FOSL2;TYROBP;FOXP1;FOS;JUNB;IREB2;NFIX;GLO1;TFRC;TCIRG1;CD300LF;EPHA2
BP_positive_regulation_of_interleukin-8_production%0032757,0.784219002,0.96405684,-0.308778578,-0.780106764,486,28,CAMP;PARK7;LAMTOR5
BP_aorta_development%0035904,0.790378007,0.96405684,-0.337083701,-0.762845756,459,17,CXCR4
BP_synaptic_vesicle_endocytosis%0048488,0.791327913,0.964082599,0.279096813,0.805578487,291,31,EPS15L1;AP2A1;PIK3C3;CLTC;DNM2;AP2M1;BTBD8;AP2A2;AP2B1;SYNJ2
BP_regulation_of_protein_localization%0032880,0.793442623,0.965525724,0.263105006,0.831508982,241,60,AKT1;PARP1;USP8;DVL3;PPM1F;RALGAPB;STX6;SWAP70;TPR;UFL1;CEP120;KDM1A
BP_regulation_of_growth%0040008,0.804705882,0.967338066,0.311220395,0.759225716,341,15,PRKCB;VEGFA
BP_protein_localization_to_cilium%0061512,0.796068796,0.967338066,0.303949628,0.779039569,323,19,BBS9;FAM149B;CEP78;TBC1D32;CSNK1D;IFT140;ASAP1
BP_somitogenesis%0001756,0.805970149,0.967338066,0.28250969,0.76595044,323,23,PRKDC;KAT2A;MED12;PSEN1;TRP53;ATM;XRCC2;PALB2;SMAD3
BP_positive_regulation_of_nitric_oxide_biosynthetic_process%0045429,0.805333333,0.967338066,0.27495089,0.786913752,301,30,AKT1;MTOR;ITGB2;DNM2;NFATC3;ITGB2L;JAK2;PIK3CB
BP_T_cell_proliferation%0042098,0.803814714,0.967338066,0.272972483,0.793711459,294,32,DOCK2;TSC2;NCSTN;MSN;PTPN6
BP_cell_surface_receptor_signaling_pathway%0007166,0.803738318,0.967338066,0.26186914,0.819699818,257,55,BTLA;PKD1;ADGRE5;ADGRG3;PDK1;MLKL;ANXA1;PECAM1;SYK;MYD88;ADGRL4;ADGRE1;FCGR3;L1CAM;ADGRG1;OSMR;MAPK1;ADGRB1;TSHR;NUP62
BP_positive_regulation_of_tumor_necrosis_factor_production%0032760,0.801324503,0.967338066,0.258759694,0.839470521,241,66,PLCG2;RIPK1;CSF1R;PSEN1;LGALS9;ABCC8;SASH3;ADAM17;JAK2;FRMD8;IFIH1;SYK;MAVS;MYD88;ARHGEF2;ARID5A;TGFB1;DHX9;FCGR3;IFNGR1;STAT3;LRRK2;APP;SPHK2;MMP8;TLR4;MAPKAPK2;LBP;BTK;OAS3;OAS1A;TNFRSF1A
BP_regulation_of_DNA_repair%0006282,0.806167401,0.967338066,-0.285237165,-0.803028041,548,49,INO80D;ENY2;YY1;TAF10;TAF12;KAT2B;BARD1;ATXN7;UIMC1;TFPT
BP_cellular_response_to_UV%0034644,0.801775148,0.967338066,-0.287616128,-0.809812287,541,51,RPL26;COPS9;RBX1;BAX;BAK1;NPM1
BP_response_to_cytokine%0034097,0.805031447,0.967338066,-0.295974156,-0.774286503,511,35,COMT
BP_bone_mineralization%0030282,0.802588997,0.967338066,-0.305085128,-0.757758914,495,26,FOSL2;MTSS1;ATF4;ERCC2;TMEM38B;NFIX;GLA;LGR4;ROGDI
BP_regulation_of_multicellular_organism_growth%0040014,0.80704698,0.967338066,-0.32059818,-0.768550246,480,22,SOD1;FOSL2
BP_positive_regulation_of_neurogenesis%0050769,0.805369128,0.967338066,-0.321204912,-0.770004728,479,22,CXCR4;NAP1L1;FAIM;CX3CR1;MAN2A1;JADE2
BP_positive_regulation_of_protein_localization_to_plasma_membrane%1903078,0.80839895,0.967840958,0.287213822,0.804439035,307,28,SPTBN1;AKT1;ITGB1;MYO5A;SQSTM1
BP_response_to_hypoxia%0001666,0.80952381,0.968071099,0.25012903,0.840338565,220,86,RAF1;ARNT;TSC2;ADSL;CAT;SCFD1;BECN1;VEGFA;TM9SF4;NFATC3;ADAM17;SLC8A1;XRCC1;PLEKHN1;ITPR1;UCP2;ITPR2;PML
WP_TGF_Beta_Signaling_Pathway%WP113,0.968586387,0.968586387,0.228023104,0.648906159,369,29,JAK1;TGFBR2;STAT1
KEGG_Spinocerebellar_ataxia%mmu05017,0.862433862,0.968861871,-0.256431977,-0.804519237,651,105,SEM1;PSMB5;PSMB4;PSMB6;PSMA7;PSMD9;PSMB1;ATXN1;PUM2;PSMA3;PSMA6;ATG101;SLC25A4;PSMA2;PSMD13;PSMC5;PSMD7;NFYA;SP1;PSMD4;PSMB3;PSMA4
BP_negative_regulation_of_cell_cycle%0045786,0.811518325,0.969339495,0.28027029,0.797590747,309,29,TAF6;MEN1;HPGD;PPP1R13B;RPS6KA2;MFN2
BP_negative_regulation_of_cysteine-type_endopeptidase_activity%2000117,0.813953488,0.971130714,0.261505785,0.81016287,279,44,AKT1;ARRB1;RPS6KA1;INTS1;VEGFA;USP47;RFFL;RNF34;MICAL1;NAIP2;DNAJA3;IFI209
BP_cellular_response_to_type_II_interferon%0071346,0.815942029,0.971270443,-0.280772559,-0.811955193,562,61,PIM1;AIF1;VAMP8;STX4A;STX8;CALM3;H2-Q7
BP_sphingolipid_biosynthetic_process%0030148,0.81512605,0.971270443,-0.321089392,-0.75052036,484,19,CERS4;ORMDL1;HACD4;B4GALT6
KEGG_Terpenoid_backbone_biosynthesis%mmu00900,0.869346734,0.972489566,0.29444753,0.719552208,345,18,PCYOX1;FNTB;GGPS1;ZMPSTE24
BP_negative_regulation_of_endoplasmic_reticulum_stress-induced_intrinsic_apoptotic_signaling_pathway%1902236,0.818024263,0.97263366,-0.344079761,-0.758780056,471,15,SELENOS;PARK7;TXNDC12
RA_Signaling_by_TGF-beta_Receptor_Complex%R-MMU-170834,0.937592868,0.973317844,-0.246488141,-0.666524961,630,39,RPS27A;NEDD8
"RA_Transport_of_bile_salts_and_organic_acids,_metal_ions_and_amine_compounds%R-MMU-425366",0.938741722,0.973317844,-0.269060987,-0.638287141,566,21,SLC39A1;SLC22A15;SLC30A1
BP_neuron_differentiation%0030182,0.819694868,0.973504889,-0.273341703,-0.814823934,590,75,FUOM;CCND1;CASZ1;NOTCH1;SOX4;DDX6;CEBPB;IER2;FOS;LDB1;PPIA;ATF4;ZHX2;RUNX3;ITM2C;VHL;RTN4;ID1;GAS7;RUNX1;PIN1;NFIX;HIPK1;KDM2A;RTN3
RA_Cellular_Senescence%R-MMU-2559583,0.940751445,0.973608573,-0.246344853,-0.705855005,650,60,RPS27A;CDKN1B;UBE2S;KDM6B;ANAPC16;CEBPB;FOS;ASF1A;UBN1
KEGG_Calcium_signaling_pathway%mmu04020,0.87804878,0.973970076,0.247987378,0.820659258,251,73,PLCG2;PRKCB;GNAS;ADCY3;HGF;VEGFA;PHKG2;PLCG1;GNA15;ATP2A2;ASPH;PRKACA;SLC8A1;GNA11;ITPR1;ITPR2;P2RX4;ERBB3
KEGG_Transcriptional_misregulation_in_cancer%mmu05202,0.877631579,0.973970076,-0.252655652,-0.793807579,666,104,CDKN1B;PLAU;BAX;TAF15;BAK1;IGF1R;KMT2A;CEBPB;LDB1;ATF1;LYL1;GADD45A;H3F3B;SP1;LMO2
BP_positive_regulation_of_defense_response_to_virus_by_host%0002230,0.822541966,0.974655892,0.296549741,0.755371059,342,18,STAT1;SIN3A;PTPN22;PML;MAVS;PARP9;ERCC6;IL12RB1
BP_protein_targeting_to_membrane%0006612,0.822259136,0.974655892,-0.311178547,-0.756547656,494,24,NACA;ZDHHC12
BP_positive_regulation_of_interleukin-10_production%0032733,0.826190476,0.975448954,0.301188001,0.758168644,346,17,PLCG2;HGF;LGALS9;SASH3;SYK
BP_semaphorin-plexin_signaling_pathway%0071526,0.828571429,0.975448954,0.297901982,0.733587962,347,16,FLNA;RAC1;PLXNB3
BP_DNA_repair-dependent_chromatin_remodeling%0140861,0.828009828,0.975448954,0.296748055,0.760581543,336,19,UBR5;HDGFL2;KAT5;TRIP12;KDM1A;USP3;HDAC3;PARP2;APLF;DTX3L
BP_energy_homeostasis%0097009,0.830729167,0.975448954,0.277120403,0.766833496,318,26,EIF4G1;AMPD3;CRTC1;SQSTM1;PRKAA1;TMEM18;AMPD2;LIPA;STAT3;CRTC3;PPRC1
BP_negative_regulation_of_angiogenesis%0016525,0.830045524,0.975448954,-0.283785674,-0.774688099,546,41,SPRY2;FOXO4;NAXE;TCF4;RGCC;GADD45A;AGO1;ATP2B4;SYNJ2BP;ROCK1
BP_epithelial_cell_proliferation%0050673,0.825545171,0.975448954,-0.288490655,-0.763262488,529,37,BAX;BAK1;PURA;NOTCH1;PPARD;B4GALT1;BAD;APC
BP_GPI_anchor_biosynthetic_process%0006506,0.824414716,0.975448954,-0.31161355,-0.74155405,492,21,DPM3;PIGL;PIGF
BP_negative_regulation_of_epithelial_to_mesenchymal_transition%0010719,0.829896907,0.975448954,-0.331741322,-0.74194769,482,16,SPRY2;USF3;GSK3B;FBXO11
BP_actin_filament_polymerization%0030041,0.833887043,0.975845266,-0.30667586,-0.745600574,501,24,AIF1;DIAPH1;MSRB1;WASHC3;MTSS1
BP_adipose_tissue_development%0060612,0.832225914,0.975845266,-0.306728786,-0.745729249,500,24,SELENOM;DHRS7B;PPARD;PUM2;ASNSD1;CD2AP;HRAS;TBL1XR1
BP_ribosome_disassembly%0032790,0.833333333,0.975845266,-0.322428855,-0.729680737,484,17,DDRGK1;MCTS1;DENR
BP_peroxisome_organization%0007031,0.838095238,0.979004276,0.295360444,0.727329387,351,16,ABCD2;ABCD1;PEX14
BP_positive_regulation_of_proteasomal_ubiquitin-dependent_protein_catabolic_process%0032436,0.838472834,0.979004276,-0.276385386,-0.778107633,570,49,RACK1;RBX1;DDRGK1;PSEN2;UBE2V2;STUB1;SUMO2;RCHY1;PSMD10;GSK3B;CBFA2T3
KEGG_NOD-like_receptor_signaling_pathway%mmu04621,0.887029289,0.979814779,0.23440915,0.83999219,211,129,NLRP1A;ERBIN;CASP8;JAK1;TYK2;RIPK3;STAT1;NLRX1;TRP53BP1;RIPK1;CARD6;STAT2;PKN1;TBK1;MAPK14;ANTXR2;MFN2;IKBKG;NAIP2;IFNAR1;DHX33;ITPR1;ITPR2;CTSB;MAVS
KEGG_Tuberculosis%mmu05152,0.891076115,0.980183727,-0.247618287,-0.782041381,678,109,CAMP;BAX;ATP6V0B;H2-AB1;FCER1G;TRADD;CALM3;CALML4;CEBPB;BCL2;BAD;CREBBP;CAMK2G;FCGR4;EEA1;NFYA;LSP1;CALM1;PPP3CB;CTSS;H2-AA;EP300
BP_oogenesis%0048477,0.845208845,0.980253387,0.291678801,0.747588767,343,19,MLH1;DDX20;METTL3;DIAPH2;ZSCAN21;ASPM;TRIP13
BP_mRNA_stabilization%0048255,0.844155844,0.980253387,0.279198494,0.778023424,324,27,THRAP3;MTOR;VEGFA;HNRNPU
BP_DNA_methylation-dependent_constitutive_heterochromatin_formation%0006346,0.844827586,0.980253387,0.273850818,0.734986467,342,22,DNMT1;MBD1;MBD2;SETDB1;SMARCA5;PPM1D
BP_intrinsic_apoptotic_signaling_pathway_in_response_to_DNA_damage_by_p53_class_mediator%0042771,0.84375,0.980253387,0.273169037,0.755899477,323,26,MSH2;BRCA2;SNW1;TOPORS;PPP2R5C;TRP53;HIPK2;PML;BAG6;SHISA5;URI1
BP_lipid_metabolic_process%0006629,0.845070423,0.980253387,-0.269797298,-0.798392724,599,70,MTLN;ACOT13;PPARD;B4GALT1;FABP5;ABHD11;MGST2;DIO2;RIDA;CD2AP;TMEM86A;LPIN2;APOE;SLC16A1;GPX1;BCAT2;RUBCNL;ANGPTL8;MID1IP1
BP_negative_regulation_of_translation%0017148,0.843165468,0.980253387,-0.273184958,-0.800755563,585,65,RACK1;MRPL13;PURA;CIRBP;RPS3;DDX6;MALSU1;SERBP1
BP_decidualization%0046697,0.847619048,0.981951531,0.290540559,0.731366261,355,17,PARP1;PLA2G4A;DEDD;NDRG3;CTSB
BP_lysosome_localization%0032418,0.848958333,0.982022729,0.270924842,0.749689454,325,26,KIF1B;MYH9;VPS33B;NDEL1;DEF8;HDAC6
BP_positive_regulation_of_bone_mineralization%0030501,0.84957265,0.982022729,-0.312817556,-0.717828839,496,18,ATP2B1;ISG15;BMPR2;MIA3;ADRB2
BP_protein_N-linked_glycosylation%0006487,0.854227405,0.983024442,0.262353973,0.794429832,292,41,PGM3;STT3A;STT3B;EXT2;ENTPD5;MGAT4B;ALG12;RFT1;ALG6;GORASP1
BP_autophagosome_maturation%0097352,0.853620955,0.983024442,-0.280632923,-0.749290802,553,38,VAMP8;CHMP4B;CHMP5;GABARAPL2;LIX1L;CHMP2A
BP_cerebellum_development%0021549,0.851612903,0.983024442,-0.288483174,-0.731075403,527,29,PFDN1;ZBTB18;IGF1R;LDB1
BP_blastocyst_development%0001824,0.852404643,0.983024442,-0.306359919,-0.726999981,513,20,EMG1;CDK11B;RPL13;MED21;NASP
RA_Metabolism_of_steroids%R-MMU-8957322,0.952243126,0.983693358,-0.240854669,-0.677103645,657,50,HSD17B11;FDX1;DHCR24;RAN;PMVK;TSPO;SUMO2
RA_Cardiac_conduction%R-MMU-5576891,0.960212202,0.985382352,0.237213957,0.627513685,361,24,ATP1A3;ATP2A2;ASPH;PRKACA;SLC8A1;ATP1A1;ITPR1;ITPR2
RA_Apoptotic_execution_phase%R-MMU-75153,0.966942149,0.985382352,0.228813085,0.641835701,350,30,CASP8;ADD1;KPNA1;GSN;PLEC;STK24;CASP7
RA_Collagen_formation%R-MMU-1474290,0.970731707,0.985382352,0.228331256,0.548563088,397,16,COL1A2;COL19A1;COL11A2;COL1A1;CTSB;PLOD1;P4HB
RA_Sphingolipid_metabolism%R-MMU-428157,0.963076923,0.985382352,0.220683729,0.680484821,312,44,ESYT1;GBA2;ASAH1;SGMS2;GLB1L;B4GALNT1;CERK;CTSA;SGPL1;DEGS1;SPTLC2;SPHK2;GLTP;ARSG;ORMDL2
RA_Pyruvate_metabolism_and_Citric_Acid_(TCA)_cycle%R-MMU-71406,0.97005988,0.985382352,0.212725738,0.615012711,323,35,PDK1;SDHA;IDH3G;OGDH;IDH3A;PDPR;IDH3B;ACO2;ME2;DLD
RA_Neuronal_System%R-MMU-112316,0.968115942,0.985382352,-0.234180193,-0.671751053,667,61,COMT;AP2S1;KCNN4;NAAA;CAMK2G;GLUL;CALM1;NLGN2
RA_Pyruvate_metabolism%R-MMU-70268,0.971186441,0.985382352,-0.24226082,-0.538217651,572,15,PPARD;PDP2;PDHB;GLO1;VDAC1;PDP1
RA_Cholesterol_biosynthesis%R-MMU-191273,0.971380471,0.985382352,-0.246060306,-0.57317754,576,19,DHCR24;PMVK;FDFT1;MVK;HMGCS1;SREBF1;EBP
RA_Cargo_concentration_in_the_ER%R-MMU-5694530,0.964285714,0.985382352,-0.248112556,-0.570473334,566,18,CNIH1;MIA3;MCFD2;CTSZ;SEC22B;LMAN2L
RA_Metabolism_of_porphyrins%R-MMU-189445,0.959322034,0.985382352,-0.255204316,-0.56697351,565,15,FLVCR1;BLVRA;BLVRB
BP_positive_regulation_of_insulin_secretion_involved_in_cellular_response_to_glucose_stimulus%0035774,0.860892388,0.986976758,0.277377116,0.776888027,327,28,ARRB1;MYH9;RAC1;ATG7;ABCC8;FTO;NADK
BP_epithelial_to_mesenchymal_transition%0001837,0.861892583,0.986976758,0.260635606,0.719739237,336,25,FLNA;TGFBR2;NFATC1
BP_post-embryonic_development%0009791,0.862295082,0.986976758,0.250428913,0.791447848,262,60,TMTC3;PLEKHA1;ACO1;MTOR;ATG7;GNAS;LLGL2;KDM5B;PSEN1;ABL2;SLC8A1;TIPARP;ITPR1;DHCR7;ATM;HEG1;MORC3;SGPL1
BP_protein_destabilization%0031648,0.86119403,0.986976758,-0.274601719,-0.761861247,576,47,SERF2;ISOC2A;CDKN2A;NPM1;CCDC88C
BP_B_cell_homeostasis%0001782,0.862416107,0.986976758,-0.297519957,-0.713226246,513,22,BAX;BAK1;BCL2;RC3H1;RC3H2
BP_neutrophil_chemotaxis%0030593,0.866666667,0.988540784,0.264129167,0.755941813,324,30,NCKAP1L;PDE4D;ITGB2;GBF1;VAV3;VAV1;ITGB2L;SYK;CSF3R;PREX1;FCGR3;PDE4B
BP_cerebral_cortex_development%0021987,0.865030675,0.988540784,0.250812388,0.778879649,281,48,FLNA;TRAPPC9;ATG7;GART;WDR62;PSEN1;ATP1A3;NCOA1;NSUN5;ATIC;CEP120;KDM1A;ASPM;HIF1A;MECP2;HNRNPK;BBS2;TACC1
BP_establishment_of_localization_in_cell%0051649,0.868131868,0.988540784,0.246870343,0.805380069,236,76,SH2B2;NEDD4L;PLA2G4A;P2RY2;ARCN1;ATG7;EIF2AK1;SLC31A1;NEDD4;UNC13D;ABL2;PINK1;ABR;SLC22A3;ANO6;ULK1;SYK;MYO1G;CDC42
BP_negative_regulation_of_DNA-binding_transcription_factor_activity%0043433,0.869496855,0.988540784,-0.280961749,-0.735013129,552,35,PIM1;PURA;IGF1R;TAF3;ID1;PTCH1;KAT6A;HES6;PHB2;CEBPG;SIRT1;MED13
BP_ephrin_receptor_signaling_pathway%0048013,0.869127517,0.988540784,-0.292508286,-0.701212075,517,22,DIAPH1;IGF1R;TIAM1;INSR
BP_positive_regulation_of_receptor_signaling_pathway_via_JAK-STAT%0046427,0.869415808,0.988540784,-0.319181332,-0.713856962,505,16,AGAP2;CALM3;NOTCH1;CALM1;EP300
BP_positive_regulation_of_microtubule_polymerization%0031116,0.871237458,0.989435975,-0.296580027,-0.705778422,520,21,CDKN1B;RPS3;APC;ARL2
BP_positive_regulation_of_ubiquitin-dependent_protein_catabolic_process%2000060,0.882494005,0.990193674,0.272625286,0.694430722,367,18,VCP;AXIN1;FBXW7;HERPUD1;TRAF7;PTK2B;CDK5RAP3;RNF139
BP_canonical_Wnt_signaling_pathway%0060070,0.885714286,0.990193674,0.265669674,0.740323582,340,27,DVL3;LRP5;JUP;DVL2;AXIN1;NDEL1;VPS4B;TGFB1
BP_fibroblast_proliferation%0048144,0.882513661,0.990193674,0.260780774,0.769747013,322,35,FNTB;KAT2A;DPH1;MEN1;ECD;KDM8;TRP53;SP2
BP_microtubule_cytoskeleton_organization%0000226,0.883211679,0.990193674,0.244650211,0.808649678,241,80,CLASP2;DOCK7;PRC1;TBCD;MAP1S;TTLL1;MARK2;CLASP1;TTLL7;PPP2R3C;FER;NDEL1;TUBD1;CFAP44;CEP120;RANBP10;MARK3
BP_memory%0007613,0.878971256,0.990193674,-0.267383344,-0.731024181,580,43,COMT;PSEN2;ATXN1;EIF4EBP2;KAT2B;CX3CR1;LGMN;KLK8;PGRMC1;NFIX;ATXN1L;CIC;ROGDI
BP_positive_regulation_of_stem_cell_population_maintenance%1902459,0.889060092,0.990193674,-0.271885686,-0.725935649,576,38,ACTB;BCL7C;BICRA;ING2;ING1;ARID1A;SAP30L
BP_female_pregnancy%0007565,0.885113269,0.990193674,-0.281639859,-0.699526442,546,26,COMT;FOS;EPN1;ADIPOR2
BP_negative_regulation_of_intrinsic_apoptotic_signaling_pathway%2001243,0.886666667,0.990193674,-0.289536553,-0.698607683,531,23,NDUFA13;PARL;BCL2;PLAUR
BP_ceramide_biosynthetic_process%0046513,0.888888889,0.990193674,-0.289950641,-0.68806034,535,20,SAMD8;CERS4;SPTSSA;MECR;ASAH2
BP_positive_regulation_of_DNA_replication%0045740,0.873754153,0.990193674,-0.291206432,-0.707990784,525,24,NPM1;CST3;BRPF3;ATF1;CACYBP;PCNA;CDK1;HRAS
BP_regulation_of_immune_response%0050776,0.879598662,0.990193674,-0.292551127,-0.696190755,525,21,DNASE2A;FCER1G;SPN
BP_cellular_response_to_retinoic_acid%0071300,0.88907563,0.990193674,-0.295320856,-0.690288501,528,19,NDUFA13
BP_regulation_of_reactive_oxygen_species_metabolic_process%2000377,0.88907563,0.990193674,-0.296795273,-0.693734831,528,19,FOXO3;PARL;PRCP;COQ7;EIF6;BIRC2;MPV17;PID1
BP_regulation_of_G0_to_G1_transition%0070316,0.877310924,0.990193674,-0.300834553,-0.703176321,521,19,ACTB;BCL7C
BP_TOR_signaling%0031929,0.88034188,0.990193674,-0.302299997,-0.693693982,514,18,RPS6;EIF4EBP2;TIPRL;FNIP1
BP_response_to_cold%0009409,0.87628866,0.990193674,-0.315089299,-0.704705028,509,16,HSP90AA1;ADRB2;RBM3;PLAC8;HSPA2;METRNL;ACADM
BP_vasculature_development%0001944,0.887348354,0.990193674,-0.318597231,-0.702584843,511,15,ANP32B
BP_binding_of_sperm_to_zona_pellucida%0007339,0.875216638,0.990193674,-0.323689668,-0.713814911,504,15,LY6K
BP_negative_regulation_of_cell_population_proliferation%0008285,0.890745501,0.990990172,-0.247171912,-0.814147847,692,167,CDKN1B;TFAP4;PDCD5;SPRY2;CIB1;BAX;BAK1;CDKN2A;NPM1;IFITM3;FOXO4;EEF1E1;GAL;PHF14;CELF1;DHCR24;NOTCH1;SOD2;SOX4;PTTG1;BCL2;KAT2B;RGCC;ATG101
RA_TBC/RABGAPs%R-MMU-8854214,0.981432361,0.993788524,0.223231013,0.60559159,369,26,TBC1D15;TBC1D25;RABGAP1;RAB7B;RAB11B;ULK1;TBC1D2;TBC1D14;TBC1D10A
BP_regulation_of_postsynaptic_membrane_neurotransmitter_receptor_levels%0099072,0.906633907,0.994692614,0.269499981,0.690743235,368,19,ERBIN;CLPTM1;ALS2;ZDHHC5;FLOT2;SNX27
BP_centriole_replication%0007099,0.909774436,0.994692614,0.266763951,0.693469452,362,20,SASS6;WDR62;CCDC57;RTTN;PLK4;CENPJ;CDK5RAP2;CEP72;POC1B
BP_positive_regulation_of_cell_differentiation%0045597,0.902887139,0.994692614,0.261236088,0.731679642,343,28,ACTL6A;SMARCC2;SMARCA4;NF2;JAK2
BP_positive_regulation_of_insulin_secretion%0032024,0.904371585,0.994692614,0.257820581,0.761009404,330,35,PRKCB;GNAS;AACS;PRKACA;JAK2;GNA11;ITPR1;SIRT3
BP_transcription_initiation-coupled_chromatin_remodeling%0045815,0.904371585,0.994692614,0.257150324,0.759031006,330,35,RBBP5;KAT7;SMARCA4;MEN1;GLYR1;USP21;ATAD2;VPS72
BP_transmembrane_transport%0055085,0.896193772,0.994692614,0.242268422,0.791714403,258,73,ABCA9;ABCA2;SLC10A3;ABCC10;ABCD2;SLC35A4;GSDME;SLC31A1;ABCC8;ATP1A1;ABCC4;ABCC5;SLC25A44;ABCC2;ABCC3;ATP13A1
BP_endoplasmic_reticulum_organization%0007029,0.912280702,0.994692614,-0.267363686,-0.681419031,571,30,TOR1B;USE1;BNIP1;MIA3;RETREG1;RETREG2;RTN4;TMEM38B
BP_sodium_ion_transmembrane_transport%0035725,0.907617504,0.994692614,-0.268297328,-0.673843323,559,27,WNK1;SLC20A1;TPCN1;SLC8B1;ATP1B1;SLC9A6;SLC5A3;SLC4A7;TRPM2;SLC41A3;SLC9A8;SLC4A8
BP_symbiont_entry_into_host_cell%0046718,0.908661417,0.994692614,-0.26893064,-0.692458884,576,32,VAMP8;SIVA1
BP_cellular_response_to_interferon-beta%0035458,0.904238619,0.994692614,-0.268983051,-0.695035145,575,33,NDUFA13;UBE2K;CALM3;CDC34;IFI203;CALM1
BP_cellular_response_to_glucose_stimulus%0071333,0.898617512,0.994692614,-0.2698638,-0.724509995,584,39,RACK1;USF2;FOXO3;IGF1R;SOX4
BP_positive_regulation_of_extrinsic_apoptotic_signaling_pathway%2001238,0.898671096,0.994692614,-0.279411402,-0.679314315,540,24,G0S2;PYCARD;RUNX3;ITM2C;TNFSF14;PAK2
BP_cellular_response_to_amyloid-beta%1904646,0.903333333,0.994692614,-0.281484615,-0.679179579,541,23,FOXO3;IGF1R;FPR2;ADRB2;GSK3B;LGMN;ITGA4;CDK5;SIRT1
BP_regulation_of_mitotic_spindle_assembly%1901673,0.904201681,0.994692614,-0.290602144,-0.679258896,537,19,CHMP4B;CHMP5
BP_negative_regulation_of_miRNA_transcription%1902894,0.907692308,0.994692614,-0.292239617,-0.670608222,530,18,YY1;PPARD
BP_regulation_of_protein-containing_complex_assembly%0043254,0.899145299,0.994692614,-0.294830112,-0.676552684,525,18,DUT;APOE;AIDA
BP_blood_vessel_remodeling%0001974,0.910652921,0.994692614,-0.297726102,-0.673776549,529,17,BAX;BAK1
BP_mitochondrial_calcium_ion_homeostasis%0051560,0.911611785,0.994692614,-0.307348302,-0.677778201,525,15,SMDT1;MAIP1
BP_fertilization%0009566,0.908145581,0.994692614,-0.30933007,-0.682148486,523,15,BAX
KEGG_Leishmaniasis%mmu05140,0.925,0.99557783,0.240659284,0.738709106,295,46,PRKCB;JAK1;ITGB1;ITGB2;STAT1;PTPN6;MAPK14;ITGB2L;JAK2
KEGG_Circadian_entrainment%mmu04713,0.96011396,0.99557783,0.237251601,0.696759288,336,36,PRKCB;GNAS;ADCY3;PRKACA;GNB5;ITPR1;CREB1
KEGG_FoxO_signaling_pathway%mmu04068,0.914179104,0.99557783,0.231764681,0.787746946,244,86,RAF1;AKT1;USP7;CCNB1;CAT;RBL2;TGFBR2;PLK1
KEGG_Lysine_degradation%mmu00310,0.965408805,0.99557783,0.231265898,0.708731076,306,45,ALDH3A2;EHHADH;HADHA;ALDH9A1;EZH1;ALDH2;SMYD2;SETDB2;KMT5B;DLD;SETDB1;PLOD1;NSD3
KEGG_TNF_signaling_pathway%mmu04668,0.957446809,0.99557783,0.226470217,0.750113953,269,74,AKT1;CASP8;RIPK3;RIPK1;MAPK14;MAP2K1;MLKL;IKBKG;MAP2K3;CREB1;RPS6KA4;PIK3R2;PIK3CB;CASP7;VCAM1;ATF6B;IFI47
KEGG_Alcoholic_liver_disease%mmu04936,0.963235294,0.99557783,0.224507532,0.753143268,261,79,AKT1;FASN;CASP8;ALDH3A2;RIPK1;ALDH9A1;PRKAA1;TBK1;MAPK14;ALDH2;IKBKG;MAP2K3;ACACA
KEGG_Protein_processing_in_endoplasmic_reticulum%mmu04141,0.948051948,0.99557783,-0.235176242,-0.758485265,729,136,ERP29;RBX1;SELENOS;BAX;SEC62;BAK1;UBXN1;ERLEC1;DNAJC1;HSP90AA1;SSR4;SSR3;BCL2;UBXN8;STUB1;UBQLN2;HSP90AB1;BCAP31;ATF4
KEGG_Measles%mmu05162,0.939516129,0.99557783,-0.242251703,-0.746581085,698,92,CDKN1B;RACK1;TAB2;BAX;BAK1;CCND1;TRADD;BCL2;FOS;NFKBIA;CSNK2A2;BAD;RCHY1
KEGG_NF-kappa_B_signaling_pathway%mmu04064,0.964131994,0.99557783,-0.243823561,-0.695130161,671,60,PLAU;TAB2;XIAP;TRADD;BCL2;NFKBIA;CSNK2A2;GADD45A;TNFSF14;CSNK2B
KEGG_N-Glycan_biosynthesis%mmu00510,0.958208955,0.99557783,-0.250577864,-0.666582975,641,38,DPM3;B4GALT1;ALG10B;MAN2A1
KEGG_Longevity_regulating_pathway%mmu04213,0.929850746,0.99557783,-0.260023302,-0.694551183,622,40,SOD1;FOXO3;IGF1R;SOD2;EIF4EBP2
KEGG_Small_cell_lung_cancer%mmu05222,0.917630058,0.99557783,-0.260643085,-0.74080314,634,59,CDKN1B;BAX;BAK1;XIAP;CCND1;CKS2;BCL2;NFKBIA
KEGG_Notch_signaling_pathway%mmu04330,0.947772657,0.99557783,-0.26137506,-0.68294221,616,36,PSENEN;PSEN2;CIR1;NOTCH1;ATXN1;KAT2B;NOTCH2;CREBBP;EP300;MAML3;LFNG;ATXN1L;MAML1;TLE4
KEGG_Amphetamine_addiction%mmu05031,0.941455696,0.99557783,-0.266782091,-0.660870738,594,27,CALM3;CALML4;FOS;CAMK2G;ATF4;CALM1;PPP3CB
KEGG_Regulation_of_lipolysis_in_adipocytes%mmu04923,0.931962025,0.99557783,-0.27067367,-0.670510931,588,27,NPR1;FABP4
KEGG_Olfactory_transduction%mmu04740,0.928807947,0.99557783,-0.284137164,-0.64935929,560,17,CNGB1;CALM3;CALML4;CAMK2G;CALM1
RA_Heparan_sulfate/heparin_(HS-GAG)_metabolism%R-MMU-1638091,0.985507246,0.996123123,0.224149084,0.553992275,407,18,GLB1L;EXT2;NDST2;HGSNAT;GLB1;NDST1;SLC35D2;GUSB;NAGLU
BP_ubiquitin-dependent_protein_catabolic_process_via_the_multivesicular_body_sorting_pathway%0043162,0.915,0.996610703,-0.273703801,-0.660405658,548,23,CHMP4B;CHMP5
KEGG_Lipid_and_atherosclerosis%mmu05417,0.974576271,0.997240836,0.21734798,0.789542913,229,134,XBP1;AKT1;CASP8;POU2F1;RAC1;ARHGEF1;HSPA4;NFATC1;EIF2S1;VAV3;VAV1;PLCG1;TBK1;MAPK14;NFATC3;HSPA5;IKBKG;MAP2K3;TRP53;JAK2;ITPR1;ATF6;PIK3R2;PIK3CB;OLR1;CASP7;MIB2
KEGG_Epstein-Barr_virus_infection%mmu05169,0.972938144,0.997240836,-0.224245792,-0.731309201,754,152,SEM1;CDKN1B;H2-Q4;TAB2;BAX;BAK1;H2-AB1;H2-Q6;CCND1;TRADD;CIR1;CD44;H2-Q7;ISG15;BCL2;H2-T22;NFKBIA;SAP30L;PSMD13;GADD45A;PSMC5;PSMD7
KEGG_Other_types_of_O-glycan_biosynthesis%mmu00514,0.978891821,0.997789346,0.229780153,0.621319544,370,25,GALNT11;ST3GAL3;GALNT12;POMT1;POMT2;GALNT10;XXYLT1
BP_negative_regulation_of_inflammatory_response%0050728,0.918220947,0.998024443,-0.249807871,-0.723348195,639,59,SOD1;SELENOS;TMSB4X;PGLYRP1;FPR2;PPARD;CD44
BP_positive_regulation_of_protein_export_from_nucleus%0046827,0.917525773,0.998024443,-0.291570827,-0.659846701,533,17,ANP32B
RA_Protein-protein_interactions_at_synapses%R-MMU-6794362,0.995037221,0.998584591,0.187450526,0.452754633,400,17,EPB41;EPB41L2;FLOT2
"RA_Transport_of_vitamins,_nucleosides,_and_related_molecules%R-MMU-425397",0.991721854,0.998584591,-0.198136147,-0.470033789,598,21,SLC25A4;ARL2;SLC35A3;SLC35A1;SLC27A4;SLC33A1;SLC35B3;SLCO3A1;SLC27A1;SLC35C1
RA_RAB_geranylgeranylation%R-MMU-8873719,0.990712074,0.998584591,-0.212089495,-0.54889632,639,31,RAB33B;RABGGTB;RAB24;RAB11A;CHML;RAB5C
RA_SLC-mediated_transmembrane_transport%R-MMU-425407,0.994413408,0.998584591,-0.21342257,-0.642548804,711,81,SLC39A1;SLC16A10;SLC25A4;SLC43A2;SLC22A15;ARL2;SLC20A1;CALM1;SLC30A1;SLC8B1;SLC26A2;SLC36A1;SLC35A3;SLC7A1;SLC2A1;SLC50A1;SLC35A1;SLC27A4;SLC3A2;SLC9A6;SLC5A3;SLC11A1;SLC33A1;SLC35B3;CTNS;SLCO3A1;SLC27A1
KEGG_Mineral_absorption%mmu04978,0.983606557,0.998738966,-0.228836138,-0.535980644,599,19,ATP2B1;ATOX1;ATP2B4;SLC30A1
KEGG_Sphingolipid_metabolism%mmu00600,0.988304094,0.998959554,0.193097267,0.558715815,337,34,GBA2;ASAH1;SGMS2;B4GALT5;B4GALNT1;CERK;SGPL1;DEGS1;SPTLC2;SPHK2
KEGG_p53_signaling_pathway%mmu04115,0.991391679,0.998959554,-0.217341934,-0.61480481,690,56,SIVA1;BAX;CDKN2A;CCND1;BCL2;RCHY1;GADD45A;MDM4;SESN3;TNFRSF10B;CDK2;CDK1
BP_interleukin-1-mediated_signaling_pathway%0070498,0.921428571,0.999699285,0.264585495,0.666030603,386,17,RPS6KA4;MYD88;RELA;TRAF6;IRAK3;IRAK1;RPS6KA5;IL1RAP;IRAK4;PLCB1;IRAK2
BP_negative_regulation_of_neuron_projection_development%0010977,0.922619048,0.999699285,0.238282213,0.737397272,309,45,FLNA;GAK;INPP5J;THOC2;ADAM17;BAG5;LRIG2;CBFA2T2;DENND5A
BP_fat_cell_differentiation%0045444,0.923312883,0.999699285,0.23452114,0.728288359,300,48,BBS9;OSBPL8;FBXO9;FAM120B;BCL2L13;TRIM32;MED1
BP_response_to_xenobiotic_stimulus%0009410,0.924577373,0.999699285,-0.244989556,-0.787432039,710,136,COMT;CDKN1B;SOD1;PAM;BAK1;CDKN2A;FOXO3;CCND1;MGST1;HSP90AA1;FOSL2;SOD2;NPC1;BCL2;TSPO;FOS;ADIPOR2
BP_regulation_of_double-strand_break_repair%2000779,0.923824959,0.999699285,-0.262094646,-0.658264952,569,27,ACTB;YEATS4;MEAF6;PPP4C;DEK;EPC2
BP_cholesterol_transport%0030301,0.943529412,0.999754833,0.261252773,0.63732913,400,15,OSBPL2;SCARB1;STARD3;VPS4B;LIPA
BP_positive_regulation_of_peptidyl-threonine_phosphorylation%0010800,0.94047619,0.999754833,0.260649918,0.641854213,394,16,PLK1;AXIN1;RPTOR;MAPK1;IGTP;APP;TNKS1BP1
BP_hepatocyte_growth_factor_receptor_signaling_pathway%0048012,0.945882353,0.999754833,0.25627808,0.625193309,401,15,RAC1;HGF;CSF1R;PAK1;EPHA7;PDGFRB;KIT;NRP1
BP_regulation_of_canonical_Wnt_signaling_pathway%0060828,0.945238095,0.999754833,0.252023745,0.620612136,396,16,PSEN1;BTRC;KPNA1;AXIN1;CCNY;LRRK2;CCNYL1;EMD
BP_heme_biosynthetic_process%0006783,0.954761905,0.999754833,0.249663593,0.614800228,400,16,ALAS1;FECH
BP_protein_complex_oligomerization%0051259,0.957142857,0.999754833,0.247448896,0.609346504,401,16,BLM;SLC31A1;IFIH1;HGSNAT;OPA1;OAS1A;SLC9A1;OAS1G;DNM1L
BP_positive_regulation_of_JUN_kinase_activity%0043507,0.942257218,0.999754833,0.239988628,0.672168976,358,28,MAP3K4;DVL2;AXIN1;FGD2;BCL10;SYK;MAP3K11;PAK1
BP_camera-type_eye_development%0043010,0.9525,0.999754833,0.239464797,0.658607287,380,24,MED1;PKNOX1;SLC25A25;TBC1D32;TBC1D20;CC2D2A;GPD2;PCNT;RXRA;SKI
BP_response_to_calcium_ion%0051592,0.953929539,0.999754833,0.238066935,0.687150812,351,31,SLC25A12;PLA2G4A;SLC25A13;SEC31A
BP_protein_maturation%0051604,0.947222222,0.999754833,0.235828604,0.698792866,340,37,RNF123;CASP8;TSPAN5;PSEN1;AFG3L2;CASP7;ZMPSTE24;TMEM260;LMF2;GZMB;CASP1;CASP3
BP_cellular_response_to_heat%0034605,0.945504087,0.999754833,0.232421939,0.675804223,346,32,VCP;RASA3;EIF2S1;HSF1;DHX36;PRKACA;TPR
BP_response_to_endoplasmic_reticulum_stress%0034976,0.953736655,0.999754833,0.228615583,0.747030616,267,75,USP19;XBP1;TMTC3;RASGRF2;TMEM33;EIF2S1;QRICH1;HSPA5;ATF6;UFL1;PIK3R2;GORASP2;HERPUD1;NCK2;SEC16A;ATF6B;PDIA4;PPP2CB
BP_activation_of_innate_immune_response%0002218,0.958944282,0.999754833,0.227883965,0.683103285,326,40,NLRP1A;PRKDC;ZNFX1;TBK1;XRCC6;SIN3A;IFI209;MAVS;MATR3
BP_positive_regulation_of_NF-kappaB_transcription_factor_activity%0051092,0.953736655,0.999754833,0.226629905,0.740542161,267,75,CARM1;PLCG2;CAT;TRAPPC9;RIPK3;TRIM37;RIPK1;TRIM32;FER;IKBKG;RAB7B;DHX33;TRIM14;BCL10;ERC1;MYD88;ARHGEF2;PRKD2;DHX9
BP_neuron_projection_development%0031175,0.958277254,0.999754833,-0.23282137,-0.713766115,711,90,UPF3B;BLOC1S1;DIAPH1;IGF1R;BLOC1S4;PPP1R9B;CD44;BLOC1S2;STMN1;ROCK1;APC;PTPRU;RAB11A;RUNX3;CD2AP;MAP4;GSK3B;APOE
BP_positive_regulation_of_protein_ubiquitination%0031398,0.959302326,0.999754833,-0.234324963,-0.672705621,659,57,NPM1;BIRC5;XIAP;FBXO33;COMMD1;STUB1;NSMCE3;RCHY1;SPRTN;PSMD10
BP_protein_homotetramerization%0051289,0.958525346,0.999754833,-0.241269441,-0.647742015,623,39,SSBP1;ACOT13;THG1L;SOD2;KCNN4
BP_negative_regulation_of_cell_migration%0030336,0.943884892,0.999754833,-0.24199716,-0.706595827,655,64,BST2;FOXO3;RHOB;RAP2B;ING2;BCL2;ING1;CX3CR1;SAP30L;MIA3;PTPRU;RNF20;GSK3B;SAP30;DUSP22;ARID2;SRGAP3;OGT;TRP53INP1;PTPRJ
BP_cellular_response_to_lipopolysaccharide%0071222,0.935483871,0.999754833,-0.24322796,-0.751299036,695,98,CAMP;SELENOS;CHMP5;TRIM41;GSTP1;GFER;PPARD;CEBPB;NFKBIL1;PABPN1;TSPO;PDCD4;CX3CR1;HMGB2;FCGR4;PYCARD
BP_spleen_development%0048536,0.955766193,0.999754833,-0.24732949,-0.635073877,604,31,RBM15;KMT2A;BCL2;FLVCR1;COA5;RC3H1;RC3H2
BP_regulation_of_embryonic_development%0045995,0.947949527,0.999754833,-0.252098939,-0.662187437,600,36,INO80D;YY1;KAT2B;INSR;TFPT
BP_calcium-mediated_signaling%0019722,0.929121726,0.999754833,-0.253183362,-0.676000386,602,38,CXCR4;FPR2;PPP1R9B;CX3CR1;BNIP1;PDPK1;TPCN1;CCR2
BP_positive_regulation_of_proteolysis%0045862,0.95819398,0.999754833,-0.254369339,-0.605328662,572,21,BAK1;AURKAIP1;STUB1;BAD
BP_base-excision_repair%0006284,0.94599018,0.999754833,-0.26052614,-0.640334259,577,25,XPA;RPA3;UNG;RPA2
BP_fibroblast_growth_factor_receptor_signaling_pathway%0008543,0.941860465,0.999754833,-0.261415732,-0.635562641,566,24,SPRY2;IGF1R
BP_negative_regulation_of_non-canonical_NF-kappaB_signal_transduction%1901223,0.958974359,0.999754833,-0.266714256,-0.612034654,560,18,NDUFC2
BP_negative_regulation_of_extrinsic_apoptotic_signaling_pathway%2001237,0.931666667,0.999754833,-0.267444644,-0.645303265,558,23,GSTP1;PARK7;PRDX2;LGALS3
BP_bone_resorption%0045453,0.957264957,0.999754833,-0.267929364,-0.614822987,559,18,CCDC154;CBL;CTSS;ADRB2
BP_membrane_fission%0090148,0.931666667,0.999754833,-0.268408839,-0.647629719,558,23,CHMP4B;CHMP5;EPN1;CHMP2A
BP_vascular_endothelial_growth_factor_signaling_pathway%0038084,0.953206239,0.999754833,-0.275358133,-0.607232052,549,15,IGF1R;NUS1;INSR
BP_B_cell_activation%0042113,0.95532646,0.999754833,-0.276024842,-0.617336402,555,16,PFDN1;IGBP1
BP_response_to_heat%0009408,0.926495726,0.999754833,-0.282708204,-0.648736294,541,18,SOD1;HSP90AA1
"BP_maturation_of_LSU-rRNA_from_tricistronic_rRNA_transcript_(SSU-rRNA,_5.8S_rRNA,_LSU-rRNA)%0000463",0.949740035,0.999754833,-0.284466177,-0.627317519,547,15,RPL7;ZNHIT6;RBM34;PAK1IP1;ZNHIT3
BP_negative_regulation_of_Wnt_signaling_pathway%0030178,0.943298969,0.999754833,-0.28518452,-0.637822248,548,16,RACK1;NXN;APC;CHD8;CSNK1E;AIDA;NLK;CBY1
BP_brain-derived_neurotrophic_factor_receptor_signaling_pathway%0031547,0.941074523,0.999754833,-0.290454613,-0.640523484,542,15,IGF1R;TIAM1;INSR
BP_immunoglobulin_mediated_immune_response%0016064,0.928942808,0.999754833,-0.302192793,-0.666409042,535,15,FCER1G
BP_positive_regulation_of_Wnt_signaling_pathway%0030177,0.960591133,1,0.239770265,0.643517887,389,22,SMARCA4;CRBN;DEPDC1B;CSNK1D;MBD2
BP_phospholipid_biosynthetic_process%0008654,0.964028777,1,0.228149803,0.581142838,401,18,ACSL5;ISYNA1;MBOAT1;LPCAT3;AGPAT2;SERINC1;PLD1
BP_negative_regulation_of_G1/S_transition_of_mitotic_cell_cycle%2000134,0.970149254,1,0.225145743,0.610423242,389,23,RBL2;ZFP655;GPNMB;CRLF3;HASPIN;RBL1;RB1
BP_natural_killer_cell_mediated_cytotoxicity%0042267,0.976470588,1,0.22294969,0.543888321,414,15,PTPN6;VAV1;GZMB;STAT5A;STAT5B;LYST;GRB2;PIK3R1;STX11;ARL8B;PLEKHM2;KIF5B;CEBPG;RNF19B;PRDX1
BP_positive_regulation_of_ERK1_and_ERK2_cascade%0070374,0.972318339,1,0.220233631,0.718181562,280,72,NPTN;ARRB1;MYH9;SHC1;VEGFA;CSF1R;GPNMB;MAP2K1;PTPN22;ABL2;ADAM17
BP_canonical_NF-kappaB_signal_transduction%0007249,0.976,1,0.220059605,0.629814036,365,30,AKT1;MYO18A;ABL2;IKBKG
BP_myeloid_cell_differentiation%0030099,0.985,1,0.208885301,0.574503573,393,24,TIFAB;JAK2;PML;IRF8;CLEC5A;LIPA
BP_positive_regulation_of_B_cell_proliferation%0030890,0.9921875,1,0.20415829,0.564936443,380,26,NCKAP1L;VAV3;SASH3
BP_autophagosome_assembly%0000045,0.987261146,1,0.202043225,0.63493186,309,57,PIK3C3;BECN1;ATG7;ATG13;UBXN2A;PSEN1;TRIM32;ATP2A2;WIPI2
BP_regulation_of_cell_morphogenesis%0022604,0.99047619,1,0.191298078,0.481547087,415,17,RAC1;ZMYM4;LARP4;STRIP1
KEGG_Fatty_acid_elongation%mmu00062,0.997474747,1,0.187484192,0.473423373,394,20,HADHB;HADHA;PPT1
BP_stress-activated_MAPK_cascade%0051403,1,1,0.172409832,0.42059576,424,15,MAPK14;MAPK1;MAP3K7;TLR4;PBK;MAP3K20;TAOK2;MAP2K6
BP_multicellular_organismal-level_iron_ion_homeostasis%0060586,0.997619048,1,0.16883544,0.425002776,418,17,EIF2AK1;FECH
BP_embryonic_digit_morphogenesis%0042733,1,1,-0.144701083,-0.365576829,620,28,FLVCR1;MEGF8;FBXW4;LNPK;ECE1;ZBTB16;CPLANE1
BP_positive_regulation_of_JNK_cascade%0046330,1,1,-0.16511903,-0.466010167,669,53,CCDC88C;XIAP;TAOK1;GADD45A;DUSP19;PYCARD;DUSP22;MAP3K5;NAIP5;HRAS;HMGB1
BP_negative_regulation_of_endothelial_cell_apoptotic_process%2000352,0.996563574,1,-0.184072366,-0.41168241,579,16,PDPK1;ID1;ANGPT1;GATA2;BRAF
RA_PKMTs_methylate_histone_lysines%R-MMU-3214841,1,1,-0.18453456,-0.471638933,638,30,SETD1A;SETD7;SETD1B;KMT2B;SETD3;DOT1L;AEBP2;EZH2;WDR5;SETD6;SUZ12;EHMT2
KEGG_Pertussis%mmu05133,1,1,-0.190162751,-0.511984599,667,43,CALM3;CALML4;FOS;C1QB;C1QC;PYCARD;CALM1
BP_potassium_ion_transmembrane_transport%0071805,0.998341625,1,-0.197898013,-0.469617083,601,20,KCNN4;ALG10B;TMEM38B;KCNJ2;CCDC51;SLC9A6
RA_Metabolism_of_amino_acids_and_derivatives%R-MMU-71291,0.998650472,1,-0.198107365,-0.626372619,739,111,PSMB5;PSMB6;PSMA7;PSMD9;PSMB1;NDUFAB1;PSMD13;OAZ1;PSMC5;PSMD7;PSMD10;GLUL;TST;DIO2;LIAS;RIDA;SAT1;PSMD4;SERINC5;ETHE1;DLST;MRI1;PSME1;SMS;PDHB;QDPR;PSPH
BP_T_cell_differentiation%0030217,0.995377504,1,-0.203601738,-0.5335741,645,34,KDELR1;FOSL2;SOX4;BCL2;PPP3CB;RHOH;LFNG;ADA;PTPN2
BP_cellular_response_to_leukemia_inhibitory_factor%1990830,0.994467497,1,-0.205129376,-0.611073617,718,74,RPS16;SPRY2;EEF1E1;EIF4A2;GSTT2;KLF5;CACYBP;SRSF3;MRPL15;PMM1;SRSF7;MPC1;BCAT2;STOML1;PDCD10;TLE4;LAPTM5;KAT6B;MTF2;SIRT1;CHCHD4;TFRC;LRBA
BP_platelet_activation%0030168,0.996563574,1,-0.209309951,-0.473684154,579,17,RAP2B;PPIA
BP_negative_regulation_of_transforming_growth_factor_beta_receptor_signaling_pathway%0030512,0.99408284,1,-0.21083166,-0.588446512,671,48,SPRY2;ZBTB7A;ING2;ING1;STUB1;FKBP1A;SAP30L;PDPK1;SAP30;LEMD3
BP_positive_regulation_of_Notch_signaling_pathway%0045747,0.991334489,1,-0.211556531,-0.46653391,571,15,NOTCH1;TSPAN14;LFNG;ITGB1BP1;PDCD10
BP_positive_regulation_of_multicellular_organism_growth%0040018,0.998341625,1,-0.212503155,-0.504275462,601,20,CELF1;BCL2
BP_response_to_unfolded_protein%0006986,0.996850394,1,-0.213208987,-0.5489834,632,32,MANF;HSP90AA1
BP_heterochromatin_formation%0031507,0.979495268,1,-0.218140743,-0.572989556,620,36,POLE3;MIS18A;CBX8;KMT2D;CBX1;H1F0;BAZ2A
BP_defense_response_to_protozoan%0042832,0.993127148,1,-0.219395725,-0.496509019,577,17,CCDC88B;BATF;HRAS;TSPAN32;NRAS;SLC11A1
BP_dorsal/ventral_pattern_formation%0009953,0.987972509,1,-0.222334864,-0.497257435,574,16,APC;PTCH1;FKBP8;AIDA;ARL13B;TGIF1
BP_protein_stabilization%0050821,0.977660972,1,-0.224241111,-0.723734705,743,146,HYPK;RPL23;PIM1;RPL11;CDKN2A;NPM1;HSP90AA1;PARK7;TYROBP;SOX4;RPL5;STUB1;DNLZ;HSP90AB1;CRTAP;P3H1;CCNH;PER3;PRKRA;UBE2B;CAML;RTN4;IP6K2;EP300
BP_positive_regulation_of_interferon-beta_production%0032728,0.978494624,1,-0.225220714,-0.604655601,636,39,TRADD;HSP90AA1;TRIM56;ISG15;HMGB2
BP_positive_regulation_of_endothelial_cell_proliferation%0001938,0.982200647,1,-0.225253976,-0.559477316,606,26,CYBA;MYDGF;HMGB2;EGFL7;PDCD6;EMC10;PDCL3;NRAS;POLD4;SIRT1
BP_positive_regulation_of_neuron_apoptotic_process%0043525,0.965566714,1,-0.226931629,-0.657107334,672,59,FIS1;BAX;FOXO3
BP_brain_development%0007420,0.971774194,1,-0.228217543,-0.704933843,722,98,CXCR4;UPF3B;IER3IP1;NDUFS4;DIAPH1;UFC1;IGF1R;PBX2;SETD1A;ATXN1;SOX4;BPTF;CX3CR1
BP_positive_regulation_of_T_cell_receptor_signaling_pathway%0050862,0.987972509,1,-0.228504789,-0.511056626,574,16,RPS3;KCNN4
BP_endosomal_transport%0016197,0.982089552,1,-0.229061104,-0.63551233,657,47,AGAP2;BLOC1S1;DPY30;WASHC3;BLOC1S2
BP_T_cell_differentiation_in_thymus%0033077,0.978964401,1,-0.231121759,-0.574051494,604,26,RPS6;BCL2;NKAP;APC;TCF3;CDK6;ADA
BP_negative_regulation_of_MAPK_cascade%0043409,0.971014493,1,-0.234132527,-0.59151891,602,28,IGF1R;RNF149;PSMD10;APC;DUSP19
BP_positive_regulation_of_interleukin-6_production%0032755,0.967694567,1,-0.23467183,-0.66915501,658,55,AIF1;CYBA;FCER1G;POU2F2;TYROBP;AKIRIN2
BP_T_cell_activation%0042110,0.977952756,1,-0.23956353,-0.61684267,620,32,RBX1;SATB1;CD44
BP_positive_regulation_of_cell_adhesion%0045785,0.976377953,1,-0.240045166,-0.618082818,619,32,CD63;STX4A;LDB1;PKP3;APC;ZFHX3;TNFRSF18
BP_positive_regulation_of_T_cell_activation%0050870,0.963210702,1,-0.246901462,-0.587557182,575,21,H2-AB1;PYCARD;CCDC88B;H2-AA;CCR2;ADA;H2-DMA
BP_nuclear_envelope_organization%0006998,0.979381443,1,-0.250179028,-0.559531598,569,16,REEP3;REEP4;CTDNEP1;LEMD3;LEMD2
BP_cellular_response_to_interleukin-7%0098761,0.974226804,1,-0.256744805,-0.574216122,566,16,HDGF;HNRNPH1;LSP1;YBX1
BP_peptide_cross-linking%0018149,0.965635739,1,-0.270741274,-0.605519572,561,16,STFA3;STFA2L1;CSTDC4;STFA2;STFA1;CSTDC5;ABCA7;THBS1;CSTA2
