"pathway","pval","padj","ES","NES","nMoreExtreme","size","leadingEdge"
"KEGG_Oxidative_phosphorylation%mmu00190",0.00120048019207683,0.0246835443037975,-0.644979080289598,-2.14663123880413,0,88,"COX5A;NDUFC2;NDUFS1;COX7A2;NDUFB3;UQCRC2;UQCRH;NDUFS3;NDUFA9;UQCRB;ATP5O;NDUFS2;NDUFB11;ATP5H;ATP5C1;ATP5G3;ATP5K;NDUFC1;NDUFA12;NDUFAB1;ATP6V1G1;NDUFA13;NDUFA10;ATP6V1D;NDUFS4;NDUFV3;NDUFS6;COX5B;NDUFB5;COX8A;CYC1;ATP5E;UQCR10;ATP5A1;NDUFV2;SDHC;NDUFB10;NDUFA1;PPA1;PPA2;UQCRQ;COX6B1;NDUFA2;ATP5J2;ATP5B;NDUFS5;NDUFB7;COX7B;ATP6AP1;COX6C"
"KEGG_Ribosome%mmu03010",0.00118483412322275,0.0246835443037975,-0.65497173644729,-2.2164234841495,0,99,"RPS13;RPL30;MRPS18C;RPS15A;RPL22;RPL36A;MRPL20;RPL18A;RPL23;RPL21;RPL9;FAU;RPL27A;RPS27L;RPS28;RPS27A;RPS16;RPL17;RPS19;RPS12;RPL36AL;RPL34;RPL10A;RPL39;RPL36;RPS29;RPL14;RPS9;RPL11;MRPL21;RPS5;RPS17;MRPL1;MRPS17;RPL27;RPS4X;MRPL23;RPL7;RPL13;RPL26;MRPS14;RPS23;RPS14;RPSA;RPS18;RPL6;MRPS15;RPL23A;RPLP1;MRPS16;RPS3A1;RPL32;RPL31;RPL3;RPL15;MRPL24;RPS25;RPS11;RPS3;MRPL28;MRPL19;RPL19;RPS21;RPL38;RPS24;RPL28;MRPS9;RPLP2;RPL35A"
"KEGG_Spliceosome%mmu03040",0.00116144018583043,0.0246835443037975,-0.546853493692991,-1.8792215631705,0,115,"PRPF40A;RBM25;SRSF5;SMNDC1;CDC5L;FUS;ZMAT2;SNRPB2;ALYREF;SNRPD3;LSM3;SF3B1;SRSF7;RBM17;SNRPE;SNRNP70;SNRPD1;THOC1;PRPF6;SYF2;DDX5;U2SURP;SNRPF;HNRNPM;SNRPG;CCDC12;LSM5;PRPF38B;LSM4;CWC15;CRNKL1;SNRPA1;SNW1;THOC3;TRA2A;SART1;MAGOH;PQBP1;SNRNP200;PRPF38A;HNRNPU;DDX46;RP9;SRSF9;EIF4A3;PPIE;HNRNPC;LSM8;THOC2;EFTUD2;XAB2;LSM2;SF3A1;RBMX;SNRNP40;PRPF8;BUD31;PHF5A;SNRNP27;HNRNPA3;PRPF3;SF3A2"
"KEGG_Thermogenesis%mmu04714",0.00115074798619102,0.0246835443037975,-0.564179434440736,-1.95166368768679,0,122,"COX5A;NDUFC2;NDUFS1;COX7A2;COA3;NDUFB3;UQCRC2;UQCRH;NDUFS3;NDUFA9;UQCRB;ATP5O;NDUFS2;NDUFB11;ATP5H;COX20;ATP5C1;ATP5G3;ATP5K;NDUFC1;NDUFA12;NDUFAB1;NDUFAF7;NDUFA13;SMARCA4;NDUFA10;NDUFS4;NDUFV3;NDUFS6;COX5B;SMARCB1;SMARCC1;NDUFB5;COX8A;CYC1;ATP5E;UQCR10;ACTG1;ATP5A1;NDUFV2;RHEB;SDHC;NDUFB10;NDUFA1;NDUFAF3;KDM1A;UQCRQ;COX6B1;NDUFA2;ATP5J2;ATP5B;NDUFS5;NDUFB7;GRB2;COX7B;SMARCE1"
"KEGG_Retrograde_endocannabinoid_signaling%mmu04723",0.00126582278481013,0.0246835443037975,-0.536710680549542,-1.67387521964903,0,55,"NDUFC2;NDUFS1;NDUFB3;NDUFS3;NDUFA9;NDUFS2;NDUFB11;NDUFC1;NDUFA12;NDUFAB1;NDUFA13;NDUFA10;NDUFS4;NDUFV3;NDUFS6;NDUFB5;NDUFV2;NDUFB10;NDUFA1;NDUFA2;NDUFS5;NDUFB7"
"KEGG_Non-alcoholic_fatty_liver_disease%mmu04932",0.00119331742243437,0.0246835443037975,-0.536689291232335,-1.80905882394479,0,97,"COX5A;NDUFC2;NDUFS1;COX7A2;NDUFB3;UQCRC2;UQCRH;NDUFS3;NDUFA9;UQCRB;NDUFS2;NDUFB11;NDUFC1;NDUFA12;NDUFAB1;NDUFA13;NDUFA10;FAS;NDUFS4;NDUFV3;NDUFS6;COX5B;NDUFB5;COX8A;CYC1;IL6RA;UQCR10;NDUFV2;SDHC;NDUFB10;NDUFA1;UQCRQ;COX6B1;NDUFA2;NDUFS5;NDUFB7"
"KEGG_Parkinson_disease%mmu05012",0.00112107623318386,0.0246835443037975,-0.543981564192369,-1.94152605905183,0,163,"COX5A;NDUFC2;NDUFS1;TUBA1B;COX7A2;NDUFB3;UQCRC2;UQCRH;NDUFS3;NDUFA9;UQCRB;ATP5O;NDUFS2;NDUFB11;ATP5H;ATP5C1;ATP5G3;SOD1;NDUFC1;NDUFA12;NDUFAB1;RPS27A;NDUFA13;SEM1;NDUFA10;NDUFS4;SLC25A4;NDUFV3;CALM2;NDUFS6;PSMA2;COX5B;PSMA3;NDUFB5;PSMD6;COX8A;CYC1;ATP5E;UQCR10;TXN1;HTRA2;PSMA7;ATP5A1;NDUFV2;SDHC;NDUFB10;NDUFA1;PSMA4;UBE2G2;UQCRQ;COX6B1;PSMC5;NDUFA2;ATP5B;UBE2L3;NDUFS5;PSMD7;VDAC3;NDUFB7;PSMB7"
"KEGG_Huntington_disease%mmu05016",0.00110987791342952,0.0246835443037975,-0.495215671585206,-1.783976152644,0,183,"COX5A;NDUFC2;NDUFS1;TUBA1B;POLR2G;COX7A2;NDUFB3;UQCRC2;UQCRH;NDUFS3;NDUFA9;UQCRB;ATP5O;NDUFS2;NDUFB11;ATP5H;ATP5C1;ATP5G3;SOD1;NDUFC1;NDUFA12;NDUFAB1;NDUFA13;SEM1;NDUFA10;NDUFS4;SLC25A4;NDUFV3;NDUFS6;PSMA2;COX5B;PSMA3;NDUFB5;PSMD6;COX8A;CYC1;ATP5E;UQCR10;ATG101;AP2S1;PSMA7;ATP5A1;NDUFV2;SDHC;NDUFB10;NDUFA1;PSMA4;UQCRQ;POLR2F;COX6B1;PSMC5;NDUFA2;CLTC;ATP5B;NDUFS5;PSMD7;VDAC3;NDUFB7;IFT57;PSMB7"
"KEGG_Prion_disease%mmu05020",0.00111358574610245,0.0246835443037975,-0.54448053002157,-1.94427156471702,0,157,"COX5A;NDUFC2;NDUFS1;TUBA1B;COX7A2;NDUFB3;UQCRC2;UQCRH;NDUFS3;NDUFA9;UQCRB;ATP5O;NDUFS2;NDUFB11;ATP5H;ATP5C1;ATP5G3;SOD1;CSNK2A1;NDUFC1;NDUFA12;NDUFAB1;NDUFA13;SEM1;NDUFA10;NDUFS4;SLC25A4;NDUFV3;CYBB;NDUFS6;PSMA2;COX5B;PSMA3;NDUFB5;PSMD6;COX8A;CYC1;ATP5E;UQCR10;PSMA7;ATP5A1;NDUFV2;SDHC;NDUFB10;RAC2;NDUFA1;PSMA4;UQCRQ;PPP3CA;COX6B1;PSMC5;NDUFA2;ATP5B;NDUFS5;CSNK2B;PSMD7;VDAC3;NDUFB7;PSMB7;COX7B;CYBA;COX6C"
"KEGG_Coronavirus_disease%mmu05171",0.00115207373271889,0.0246835443037975,-0.48134537151207,-1.66476897507553,0,119,"RPS13;RPL30;CASP1;RPS15A;RPL22;RPL36A;RPL18A;IFNAR2;RPL23;RPL21;RPL9;FAU;RPL27A;RPS27L;RPS28;RPS27A;RPS16;RPL17;FCGR3;RPS19;RPS12;CYBB;RPL36AL;RPL34;IL6RA;RPL10A;RPL39;RPL36;RPS29;RPL14;RPS9;RPL11;RPS5;RPS17;RPL27;RPS4X;RPL7;RPL13;RPL26;RPS23;RPS14;RPSA;RPS18;RPL6;RPL23A;RPLP1;RPS3A1;RPL32;RPL31;RPL3;RPL15;C3;RPS25;RPS11;RPS3;RPL19;RPS21;RPL38;RPS24;RPL28;RPLP2;RPL35A"
"KEGG_Chemical_carcinogenesis%mmu05208",0.00115340253748558,0.0246835443037975,-0.500313633154517,-1.74380368032839,0,129,"COX5A;NDUFC2;NDUFS1;COX7A2;NDUFB3;UQCRC2;UQCRH;NDUFS3;NDUFA9;UQCRB;ATP5O;NDUFS2;NDUFB11;ATP5H;ATP5C1;ATP5G3;SOD1;NDUFC1;NDUFA12;NDUFAB1;MGST1;NDUFA13;NDUFA10;NDUFS4;SLC25A4;NDUFV3;NDUFS6;COX5B;NDUFB5;COX8A;CYC1;ATP5E;UQCR10;ATP5A1;NDUFV2;SDHC;NDUFB10;NDUFA1;GSTM4;UQCRQ;COX6B1;NDUFA2;ATP5B;NDUFS5;VDAC3;NDUFB7;GRB2;COX7B;CYBA;COX6C"
"KEGG_Diabetic_cardiomyopathy%mmu05415",0.00115606936416185,0.0246835443037975,-0.603443844064123,-2.08289020529109,0,118,"COX5A;NDUFC2;NDUFS1;COX7A2;PDHB;NDUFB3;UQCRC2;UQCRH;NDUFS3;NDUFA9;UQCRB;PARP1;ATP5O;NDUFS2;NDUFB11;ATP5H;ATP5C1;ATP5G3;NDUFC1;NDUFA12;NDUFAB1;CTSD;NDUFA13;NDUFA10;NDUFS4;SLC25A4;NDUFV3;CYBB;NDUFS6;COX5B;NDUFB5;COX8A;CYC1;MPC2;ATP5E;UQCR10;ATP5A1;NDUFV2;SDHC;NDUFB10;RAC2;NDUFA1;UQCRQ;COX6B1;NDUFA2;ATP5B;NDUFS5;VDAC3;NDUFB7"
"RA_mRNA_Splicing_-_Major_Pathway%R-MMU-72163",0.00113636363636364,0.0295139947557778,-0.534419311597313,-1.90435627433363,0,161,"GTF2F2;POLR2G;PRPF40A;DHX9;RBM25;SRRM1;SRSF5;SMNDC1;CDC5L;FUS;ZMAT2;ALYREF;PPIG;SMU1;SNRPD3;IK;LSM3;CWC27;UPF3B;SRSF7;RBM17;NSRP1;SNRPE;SNRNP70;SNRPD1;PNN;UBL5;HNRNPH1;PRPF6;SYF2;U2SURP;SNRPF;SNRPG;WBP4;CASC3;CCDC12;LSM5;CWC22;HTATSF1;LSM4;GTF2F1;LUC7L3;CWC15;CRNKL1;SNRPA1;SNW1;PPIL4;SART1;POLR2F;HNRNPD;MAGOH;PQBP1;FAM32A;SNRNP200;PRPF38A;NKAP;HNRNPU;DDX46"
"RA_mRNA_Splicing%R-MMU-72172",0.00112994350282486,0.0295139947557778,-0.534668812249413,-1.91195505836601,0,163,"GTF2F2;POLR2G;PRPF40A;DHX9;RBM25;SRRM1;SRSF5;SMNDC1;CDC5L;FUS;ZMAT2;ALYREF;PPIG;SMU1;SNRPD3;IK;LSM3;CWC27;UPF3B;SRSF7;RBM17;NSRP1;SNRPE;SNRNP70;SNRPD1;PNN;UBL5;HNRNPH1;PRPF6;SYF2;U2SURP;SNRPF;SNRPG;WBP4;CASC3;CCDC12;LSM5;CWC22;HTATSF1;LSM4;GTF2F1;LUC7L3;CWC15;CRNKL1;SNRPA1;SNW1;PPIL4;SART1;POLR2F;SNRNP25;HNRNPD;MAGOH;PQBP1;FAM32A;SNRNP200;PRPF38A;NKAP;HNRNPU;DDX46"
"RA_The_citric_acid_(TCA)_cycle_and_respiratory_electron_transport%R-MMU-1428517",0.00123609394313968,0.0295139947557778,-0.6960620215522,-2.330482337565,0,84,"GLO1;COX5A;NDUFC2;NDUFS1;DLD;PDHB;NDUFB3;UQCRC2;UQCRH;NDUFS3;NDUFA9;NDUFS2;ACAD9;NDUFB11;SUCLA2;COX20;NDUFC1;NDUFA12;NDUFAB1;NDUFAF7;IDH3G;NDUFA13;NDUFA10;NDUFS4;NDUFV3;NDUFS6;NDUFB5;COX8A;CYC1;UQCR10;ATP5A1;NDUFV2;ACO2;SDHC;NDUFB10;LRPPRC;NDUFA1;NDUFAF3;ETFB;UQCRQ;SURF1;COX6B1;NDUFA2;ATP5B;NDUFS5;NDUFB7"
"RA_Respiratory_electron_transport,_ATP_synthesis_by_chemiosmotic_coupling,_and_heat_production_by_uncoupling_proteins.%R-MMU-163200",0.0013262599469496,0.0295139947557778,-0.715055698367048,-2.24701421781986,0,60,"COX5A;NDUFC2;NDUFS1;NDUFB3;UQCRC2;UQCRH;NDUFS3;NDUFA9;NDUFS2;ACAD9;NDUFB11;COX20;NDUFC1;NDUFA12;NDUFAB1;NDUFAF7;NDUFA13;NDUFA10;NDUFS4;NDUFV3;NDUFS6;NDUFB5;COX8A;CYC1;UQCR10;ATP5A1;NDUFV2;NDUFB10;LRPPRC;NDUFA1;NDUFAF3;ETFB;UQCRQ;SURF1;COX6B1;NDUFA2;ATP5B;NDUFS5;NDUFB7"
"RA_Respiratory_electron_transport%R-MMU-611105",0.00131578947368421,0.0295139947557778,-0.731265322083627,-2.29448368514433,0,57,"COX5A;NDUFC2;NDUFS1;NDUFB3;UQCRC2;UQCRH;NDUFS3;NDUFA9;NDUFS2;ACAD9;NDUFB11;COX20;NDUFC1;NDUFA12;NDUFAB1;NDUFAF7;NDUFA13;NDUFA10;NDUFS4;NDUFV3;NDUFS6;NDUFB5;COX8A;CYC1;UQCR10;NDUFV2;NDUFB10;LRPPRC;NDUFA1;NDUFAF3;ETFB;UQCRQ;SURF1;COX6B1;NDUFA2;NDUFS5;NDUFB7"
"RA_Complex_I_biogenesis%R-MMU-6799198",0.00140056022408964,0.0295139947557778,-0.739804966471745,-2.16718796605101,0,37,"NDUFC2;NDUFS1;NDUFB3;NDUFS3;NDUFA9;NDUFS2;ACAD9;NDUFB11;NDUFC1;NDUFA12;NDUFAB1;NDUFAF7;NDUFA13;NDUFA10;NDUFS4;NDUFV3;NDUFS6;NDUFB5;NDUFV2;NDUFB10;NDUFA1;NDUFAF3;NDUFA2;NDUFS5;NDUFB7"
"RA_L13a-mediated_translational_silencing_of_Ceruloplasmin_expression%R-MMU-156827",0.00123609394313968,0.0295139947557778,-0.657363344762117,-2.19871730739304,0,82,"RPS13;RPL30;EIF4H;EIF3F;RPS15A;RPL22;RPL36A;RPL18A;RPL23;EIF3A;RPL9;RPL27A;RPS27L;RPS28;RPS16;RPS19;RPS12;RPL34;RPL39;RPS29;EIF3M;RPL14;RPS9;RPL11;RPS5;RPS17;RPL27;EIF4G1;EIF4A2;RPS4X;RPL7;RPL13;RPL26;RPS23;RPS14;RPSA;RPS18;RPL6;RPL23A;RPLP1;RPL32;RPL31;EIF2S2;RPL3;RPL15;RPS25;RPS11;RPS3;EIF3K;RPL19;RPS21;RPL38;RPS24;RPL28;RPLP2;RPL35A;RPS6;EIF2S3X;EIF3E;RPS20;EIF3C;RPS15;RPL24;EIF1AX;RPL8;PABPC1;RPS8"
"RA_Eukaryotic_Translation_Initiation%R-MMU-72613",0.00122249388753056,0.0295139947557778,-0.659253869934235,-2.22494084812374,0,90,"EIF5B;RPS13;RPL30;EIF4H;EIF3F;RPS15A;RPL22;RPL36A;RPL18A;RPL23;EIF3A;RPL9;RPL27A;RPS27L;RPS28;RPS16;RPS19;RPS12;RPL34;RPL39;RPS29;EIF3M;RPL14;RPS9;RPL11;RPS5;RPS17;RPL27;EIF4G1;EIF4A2;RPS4X;RPL7;RPL13;RPL26;RPS23;RPS14;RPSA;RPS18;RPL6;RPL23A;EIF2B3;RPLP1;RPL32;RPL31;EIF2S2;RPL3;RPL15;RPS25;RPS11;RPS3;EIF3K;RPL19;RPS21;RPL38;RPS24;RPL28;RPLP2;RPL35A;EIF2B5;RPS6;EIF2S3X;EIF3E;RPS20;EIF3C;RPS15;RPL24;EIF1AX;RPL8;PABPC1;RPS8"
"RA_Translation_initiation_complex_formation%R-MMU-72649",0.00133689839572193,0.0295139947557778,-0.644376936986026,-1.98025353928872,0,48,"RPS13;EIF4H;EIF3F;RPS15A;EIF3A;RPS27L;RPS28;RPS16;RPS19;RPS12;RPS29;EIF3M;RPS9;RPS5;RPS17;EIF4G1;EIF4A2;RPS4X;RPS23;RPS14;RPSA;RPS18;EIF2S2;RPS25;RPS11;RPS3;EIF3K;RPS21;RPS24;RPS6;EIF2S3X;EIF3E;RPS20;EIF3C;RPS15;EIF1AX;PABPC1;RPS8"
"RA_Activation_of_the_mRNA_upon_binding_of_the_cap-binding_complex_and_eIFs,_and_subsequent_binding_to_43S%R-MMU-72662",0.00132978723404255,0.0295139947557778,-0.64353010545866,-1.98683342324923,0,49,"RPS13;EIF4H;EIF3F;RPS15A;EIF3A;RPS27L;RPS28;RPS16;RPS19;RPS12;RPS29;EIF3M;RPS9;RPS5;RPS17;EIF4G1;EIF4A2;RPS4X;RPS23;RPS14;RPSA;RPS18;EIF2S2;RPS25;RPS11;RPS3;EIF3K;RPS21;RPS24;RPS6;EIF2S3X;EIF3E;RPS20;EIF3C;RPS15;EIF1AX;PABPC1;RPS8"
"RA_Formation_of_a_pool_of_free_40S_subunits%R-MMU-72689",0.00127064803049555,0.0295139947557778,-0.661046790346931,-2.16073736160168,0,72,"RPS13;RPL30;EIF3F;RPS15A;RPL22;RPL36A;RPL18A;RPL23;EIF3A;RPL9;RPL27A;RPS27L;RPS28;RPS16;RPS19;RPS12;RPL34;RPL39;RPS29;EIF3M;RPL14;RPS9;RPL11;RPS5;RPS17;RPL27;RPS4X;RPL7;RPL13;RPL26;RPS23;RPS14;RPSA;RPS18;RPL6;RPL23A;RPLP1;RPL32;RPL31;RPL3;RPL15;RPS25;RPS11;RPS3;EIF3K;RPL19;RPS21;RPL38;RPS24;RPL28;RPLP2;RPL35A;RPS6;EIF3E;RPS20;EIF3C;RPS15;RPL24"
"RA_Formation_of_the_ternary_complex,_and_subsequently,_the_43S_complex%R-MMU-72695",0.00140252454417952,0.0295139947557778,-0.648202216685091,-1.93009446024756,0,41,"RPS13;EIF3F;RPS15A;EIF3A;RPS27L;RPS28;RPS16;RPS19;RPS12;RPS29;EIF3M;RPS9;RPS5;RPS17;RPS4X;RPS23;RPS14;RPSA;RPS18;EIF2S2;RPS25;RPS11;RPS3;EIF3K;RPS21;RPS24;RPS6;EIF2S3X;EIF3E;RPS20;EIF3C;RPS15"
"RA_Ribosomal_scanning_and_start_codon_recognition%R-MMU-72702",0.00133689839572193,0.0295139947557778,-0.647606847497898,-1.99017947138778,0,48,"RPS13;EIF4H;EIF3F;RPS15A;EIF3A;RPS27L;RPS28;RPS16;RPS19;RPS12;RPS29;EIF3M;RPS9;RPS5;RPS17;EIF4G1;EIF4A2;RPS4X;RPS23;RPS14;RPSA;RPS18;EIF2S2;RPS25;RPS11;RPS3;EIF3K;RPS21;RPS24;RPS6;EIF2S3X;EIF3E;RPS20;EIF3C;RPS15"
"RA_GTP_hydrolysis_and_joining_of_the_60S_ribosomal_subunit%R-MMU-72706",0.00123304562268804,0.0295139947557778,-0.6621976911402,-2.21717458264694,0,83,"EIF5B;RPS13;RPL30;EIF4H;EIF3F;RPS15A;RPL22;RPL36A;RPL18A;RPL23;EIF3A;RPL9;RPL27A;RPS27L;RPS28;RPS16;RPS19;RPS12;RPL34;RPL39;RPS29;EIF3M;RPL14;RPS9;RPL11;RPS5;RPS17;RPL27;EIF4G1;EIF4A2;RPS4X;RPL7;RPL13;RPL26;RPS23;RPS14;RPSA;RPS18;RPL6;RPL23A;RPLP1;RPL32;RPL31;EIF2S2;RPL3;RPL15;RPS25;RPS11;RPS3;EIF3K;RPL19;RPS21;RPL38;RPS24;RPL28;RPLP2;RPL35A;RPS6;EIF2S3X;EIF3E;RPS20;EIF3C;RPS15;RPL24"
"RA_Cap-dependent_Translation_Initiation%R-MMU-72737",0.00122249388753056,0.0295139947557778,-0.659253869934235,-2.22494084812374,0,90,"EIF5B;RPS13;RPL30;EIF4H;EIF3F;RPS15A;RPL22;RPL36A;RPL18A;RPL23;EIF3A;RPL9;RPL27A;RPS27L;RPS28;RPS16;RPS19;RPS12;RPL34;RPL39;RPS29;EIF3M;RPL14;RPS9;RPL11;RPS5;RPS17;RPL27;EIF4G1;EIF4A2;RPS4X;RPL7;RPL13;RPL26;RPS23;RPS14;RPSA;RPS18;RPL6;RPL23A;EIF2B3;RPLP1;RPL32;RPL31;EIF2S2;RPL3;RPL15;RPS25;RPS11;RPS3;EIF3K;RPL19;RPS21;RPL38;RPS24;RPL28;RPLP2;RPL35A;EIF2B5;RPS6;EIF2S3X;EIF3E;RPS20;EIF3C;RPS15;RPL24;EIF1AX;RPL8;PABPC1;RPS8"
"RA_Translation%R-MMU-72766",0.00114025085518814,0.0295139947557778,-0.619276805885326,-2.20480451427371,0,159,"EIF5B;RPS13;RPL30;EIF4H;EIF3F;MRPS18C;RPS15A;SRP9;MRPS33;RPL22;RPL36A;MRPL20;SRP14;RPL18A;RPL23;EIF3A;RPL9;TRMT112;RPL27A;RPS27L;RPS28;EEF1A1;DAP3;RPS16;MRPS30;RPS19;RPS12;RPL34;RPL39;RPS29;EIF3M;RPL14;RPS9;RPL11;MRPL21;RPS5;RPS17;MRPL1;MRPS17;RPL27;EIF4G1;EIF4A2;MRPL48;RPS4X;MRPL23;RPL7;RPL13;PPA1;RPL26;PPA2;MRPS14;MRPL39;RPS23;RPS14;CHCHD1;RPSA;RPS18;MRPS22;RPL6;EEF1D;MRPS15;RPL23A;EIF2B3;RPLP1;MRPS16;AURKAIP1;RPL32;RPL31;EIF2S2;RPL3;RPL15;MRPL24;RPS25;RPS11;RPS3;MRPL28;MRPL19;EEF1G;GSPT1;EIF3K;RPL19;RPS21;RPL38;RPS24;RPL28;MRPS9;RPLP2;RPL35A;EIF2B5;PTCD3;RPS6;MRPS5;MRPS35;EIF2S3X;GADD45GIP1;EIF3E;RPS20;EIF3C;MRPS28;RPS15;RPL24;EEF2;MRPL49;EIF1AX;RPL8;PABPC1;RPS8"
"RA_SRP-dependent_cotranslational_protein_targeting_to_membrane%R-MMU-1799339",0.00130039011703511,0.0295139947557778,-0.692899444994236,-2.20460700980825,0,63,"RPS13;RPL30;RPS15A;SRP9;RPL22;RPL36A;SRP14;RPL18A;RPL23;RPL9;RPL27A;RPS27L;RPS28;RPS16;RPS19;RPS12;RPL34;RPL39;RPS29;RPL14;RPS9;RPL11;RPS5;RPS17;RPL27;RPS4X;RPL7;RPL13;RPL26;RPS23;RPS14;RPSA;RPS18;RPL6;RPL23A;RPLP1;RPL32;RPL31;RPL3;RPL15;RPS25;RPS11;RPS3;RPL19;RPS21;RPL38;RPS24;RPL28;RPLP2;RPL35A"
"RA_Major_pathway_of_rRNA_processing_in_the_nucleolus_and_cytosol%R-MMU-6791226",0.00115074798619102,0.0295139947557778,-0.567648021379894,-2.00554698206326,0,136,"C1D;RPS13;RPL30;NOP58;UTP3;RPS15A;FCF1;RPL22;RPL36A;RPL18A;RPL23;RPL9;RPL27A;RPS27L;RPS28;PELP1;NCL;RPS16;RPS19;RPS12;RPL34;MPHOSPH10;FBL;RPL39;RPS29;RPL14;RPS9;RPL11;RPS5;DIS3;RPS17;RIOK1;DDX21;RPL27;LTV1;RPS4X;RPL7;WDR36;RPL13;EXOSC9;UTP18;RPL26;XRN2;EXOSC3;RPS23;PDCD11;RPS14;FTSJ3;RPSA;RPS18;EXOSC8;MPHOSPH6;BUD23;RPL6;RPL23A;ISG20L2;RPLP1;GNL3;RPL32;RPL31;RPL3;UTP4;RPL15;RPS25;WDR75;RPS11;RPS3;EXOSC7;RPL19;RPS21;RPL38;RPS24;RPL28;RPLP2;RPL35A"
"RA_rRNA_processing%R-MMU-72312",0.00115074798619102,0.0295139947557778,-0.567648021379894,-2.00554698206326,0,136,"C1D;RPS13;RPL30;NOP58;UTP3;RPS15A;FCF1;RPL22;RPL36A;RPL18A;RPL23;RPL9;RPL27A;RPS27L;RPS28;PELP1;NCL;RPS16;RPS19;RPS12;RPL34;MPHOSPH10;FBL;RPL39;RPS29;RPL14;RPS9;RPL11;RPS5;DIS3;RPS17;RIOK1;DDX21;RPL27;LTV1;RPS4X;RPL7;WDR36;RPL13;EXOSC9;UTP18;RPL26;XRN2;EXOSC3;RPS23;PDCD11;RPS14;FTSJ3;RPSA;RPS18;EXOSC8;MPHOSPH6;BUD23;RPL6;RPL23A;ISG20L2;RPLP1;GNL3;RPL32;RPL31;RPL3;UTP4;RPL15;RPS25;WDR75;RPS11;RPS3;EXOSC7;RPL19;RPS21;RPL38;RPS24;RPL28;RPLP2;RPL35A"
"RA_rRNA_processing_in_the_nucleus_and_cytosol%R-MMU-8868773",0.00115074798619102,0.0295139947557778,-0.567648021379894,-2.00554698206326,0,136,"C1D;RPS13;RPL30;NOP58;UTP3;RPS15A;FCF1;RPL22;RPL36A;RPL18A;RPL23;RPL9;RPL27A;RPS27L;RPS28;PELP1;NCL;RPS16;RPS19;RPS12;RPL34;MPHOSPH10;FBL;RPL39;RPS29;RPL14;RPS9;RPL11;RPS5;DIS3;RPS17;RIOK1;DDX21;RPL27;LTV1;RPS4X;RPL7;WDR36;RPL13;EXOSC9;UTP18;RPL26;XRN2;EXOSC3;RPS23;PDCD11;RPS14;FTSJ3;RPSA;RPS18;EXOSC8;MPHOSPH6;BUD23;RPL6;RPL23A;ISG20L2;RPLP1;GNL3;RPL32;RPL31;RPL3;UTP4;RPL15;RPS25;WDR75;RPS11;RPS3;EXOSC7;RPL19;RPS21;RPL38;RPS24;RPL28;RPLP2;RPL35A"
"RA_Nonsense-Mediated_Decay_(NMD)%R-MMU-927802",0.00123609394313968,0.0295139947557778,-0.610934219772814,-2.04342340259213,0,82,"RPS13;RPL30;RPS15A;RPL22;RPL36A;RPL18A;RPL23;UPF3B;RPL9;RPL27A;RPS27L;RPS28;RPS16;RPS19;RPS12;RPL34;RPL39;CASC3;RPS29;RPL14;RPS9;RPL11;RPS5;RPS17;RPL27;EIF4G1;RPS4X;RPL7;RPL13;RPL26;RPS23;RPS14;MAGOH;RPSA;RPS18;RPL6;RPL23A;RPLP1;UPF2;RPL32;RPL31;EIF4A3;RPL3;RPL15;RPS25;RPS11;RPS3;GSPT1;RPL19;RPS21;RPL38;RPS24;RPL28;RPLP2;RPL35A"
"RA_Nonsense_Mediated_Decay_(NMD)_independent_of_the_Exon_Junction_Complex_(EJC)%R-MMU-975956",0.00130039011703511,0.0295139947557778,-0.669155706181619,-2.14416389731512,0,66,"RPS13;RPL30;RPS15A;RPL22;RPL36A;RPL18A;RPL23;RPL9;RPL27A;RPS27L;RPS28;RPS16;RPS19;RPS12;RPL34;RPL39;RPS29;RPL14;RPS9;RPL11;RPS5;RPS17;RPL27;EIF4G1;RPS4X;RPL7;RPL13;RPL26;RPS23;RPS14;RPSA;RPS18;RPL6;RPL23A;RPLP1;RPL32;RPL31;RPL3;RPL15;RPS25;RPS11;RPS3;GSPT1;RPL19;RPS21;RPL38;RPS24;RPL28;RPLP2;RPL35A"
"RA_Nonsense_Mediated_Decay_(NMD)_enhanced_by_the_Exon_Junction_Complex_(EJC)%R-MMU-975957",0.00123609394313968,0.0295139947557778,-0.610934219772814,-2.04342340259213,0,82,"RPS13;RPL30;RPS15A;RPL22;RPL36A;RPL18A;RPL23;UPF3B;RPL9;RPL27A;RPS27L;RPS28;RPS16;RPS19;RPS12;RPL34;RPL39;CASC3;RPS29;RPL14;RPS9;RPL11;RPS5;RPS17;RPL27;EIF4G1;RPS4X;RPL7;RPL13;RPL26;RPS23;RPS14;MAGOH;RPSA;RPS18;RPL6;RPL23A;RPLP1;UPF2;RPL32;RPL31;EIF4A3;RPL3;RPL15;RPS25;RPS11;RPS3;GSPT1;RPL19;RPS21;RPL38;RPS24;RPL28;RPLP2;RPL35A"
"RA_Pyruvate_metabolism_and_Citric_Acid_(TCA)_cycle%R-MMU-71406",0.00148148148148148,0.0298765432098765,-0.673177837760876,-1.79859040407548,0,24,"GLO1;DLD;PDHB;SUCLA2;IDH3G;ACO2;SDHC"
"RA_Mitochondrial_Fatty_Acid_Beta-Oxidation%R-MMU-77289",0.00158227848101266,0.0306329113924051,-0.706053146772454,-1.72651667000456,0,16,"ACADM;MCEE;ACAA2;ACADVL;DECR1;ECHS1;HADH;ECI1;HADHA;HADHB"
"KEGG_Inositol_phosphate_metabolism%mmu00562",0.0036231884057971,0.0347851939943511,0.530537908751242,1.83888143382731,0,36,"MTMR2;IPMK;MTMR14;MTMR4;MTMR3;INPP5B;PIK3CD;PIK3CB;INPPL1;PI4K2B;MTMR1;PIP4K2A;PLCB2;SACM1L;PLCG2;PIP5K1C;PIK3CG;MTMR6;OCRL;INPP5K;SYNJ1;FIG4;PIK3C2A;INPP5D;MTM1"
"KEGG_Protein_export%mmu03060",0.0029806259314456,0.0347851939943511,-0.75461355713161,-1.843422714547,1,16,"SRP9;SPCS1;SRP14;SRP19;SEC62;SPCS2;SRPRB;SEC11C"
"KEGG_Phosphatidylinositol_signaling_system%mmu04070",0.00425531914893617,0.0347851939943511,0.51175804472939,1.84093717685024,0,44,"MTMR2;IPMK;MTMR14;MTMR4;DGKZ;MTMR3;INPP5B;PPIP5K2;PIK3CD;PIK3CB;INPPL1;PIK3R1;PI4K2B;MTMR1"
"KEGG_Phospholipase_D_signaling_pathway%mmu04072",0.00448430493273543,0.0347851939943511,0.52182335133034,1.88608788212811,0,49,"RALB;CYTH1;PLD1;GNA13;PTPN11;DGKZ;MAPK1;ARF6;GAB2;PIK3CD;MAPK3;TSC2;SYK;PIK3CB;PDGFRB;GNAS;MAP2K2;PIK3R1"
"KEGG_Longevity_regulating_pathway%mmu04211",0.00425531914893617,0.0347851939943511,0.485682931586116,1.74713768376868,0,44,"ADIPOR1;CREB1;PRKACA;PIK3CD;ATF2;TSC2;CAT;PRKAG1;PIK3CB;PIK3R1;EHMT1;STK11;ATF6B;IGF1R;ADCY7;RB1CC1;PRKACB"
"KEGG_Cardiac_muscle_contraction%mmu04260",0.00440528634361234,0.0347851939943511,-0.644590052577476,-1.74443713375996,2,25,"COX5A;COX7A2;UQCRC2;UQCRH;UQCRB;COX5B;COX8A;CYC1;UQCR10;UQCRQ;COX6B1;COX7B;COX6C;COX4I1;UQCRFS1"
"KEGG_Signaling_pathways_regulating_pluripotency_of_stem_cells%mmu04550",0.00378787878787879,0.0347851939943511,0.528798553062178,1.83895272312777,0,38,"TCF3;BMI1;MAPK1;MAPK14;PIK3CD;MAPK3;PIK3CB;MAP2K2;JAK2;PIK3R1;STAT3;IGF1R;SMAD4;PCGF5;SMAD5"
"KEGG_Toll-like_receptor_signaling_pathway%mmu04620",0.00393700787401575,0.0347851939943511,0.52766000273719,1.87141921840206,0,40,"TRAF6;MAP3K7;MAPK1;MAPK14;IKBKE;PIK3CD;MAPK3;TBK1;STAT1;PIK3CB;MAP2K2;PIK3R1;IRAK4;IKBKB"
"KEGG_TNF_signaling_pathway%mmu04668",0.00460829493087558,0.0347851939943511,0.480256508842334,1.75423014407561,0,52,"MAP3K7;CREB1;MAPK1;MAPK14;MAP3K5;DNM1L;ICAM1;PIK3CD;CFLAR;MAPK3;ATF2;PIK3CB;PIK3R1;IKBKB;ATF6B;RPS6KA5"
"KEGG_Relaxin_signaling_pathway%mmu04926",0.00425531914893617,0.0347851939943511,0.527612825180879,1.89797126759791,0,44,"CREB1;MAPK1;MAPK14;PRKACA;GNG12;PIK3CD;MAPK3;ATF2;GNAI3;PIK3CB;GNAS;MAP2K2;PIK3R1;TGFBR1;ATF6B;ADCY7;PRKACB;PLCB2;GNA15;NFKB1;AKT1;RELA;MAPK9"
"KEGG_Parathyroid_hormone_synthesis,_secretion_and_action%mmu04928",0.00350877192982456,0.0347851939943511,0.561537222460304,1.92751618074429,0,34,"PLD1;GNA13;CREB1;MAPK1;PRKACA;ARAF;MAPK3;ATF2;GNAI3;RXRB;AKAP13;GNAS;BRAF;ATF6B;ADCY7;LRP5;PRKACB;SP1"
"KEGG_Cushing_syndrome%mmu04934",0.00448430493273543,0.0347851939943511,0.471005478814241,1.70241083259824,0,49,"CREB1;MAPK1;MEN1;PRKACA;ARNT;MAPK3;ATF2;GNAI3;GNAS;MAP2K2;BRAF;RB1;CDK6;ATF6B;LDLR;ADCY7;RAP1B;CDKN1B;CDK4;E2F1;SCARB1;PRKACB;SP1;USP8"
"KEGG_Growth_hormone_synthesis,_secretion_and_action%mmu04935",0.00448430493273543,0.0347851939943511,0.522077969644319,1.90147784313826,0,50,"CRK;CREB1;MAPK1;MAPK14;PRKACA;PIK3CD;MAPK3;ATF2;GNAI3;CRKL;STAT1;PIK3CB;GNAS;MAP2K2;JAK2;PIK3R1;ATF6B;STAT3;ADCY7;PRKACB;CREBBP;PLCB2;PLCG2;PRKCB;AKT1;MAPK9;GNAQ;MAP2K3;SOS2;MAP2K1;STAT5B;MAP2K4"
"KEGG_Chagas_disease%mmu05142",0.00429184549356223,0.0347851939943511,0.495151320563392,1.79148046845091,0,45,"TRAF6;MAPK1;MAPK14;PIK3CD;CFLAR;MAPK3;GNAI3;PPP2R2A;PPP2CB;PIK3CB;GNAS;PIK3R1;IRAK4;IKBKB;TGFBR1;MYD88;CASP8;PPP2CA;PLCB2;GNA15;NFKB1;AKT1;RELA;TNFRSF1A;MAPK9;GNAQ;CALR"
"KEGG_Toxoplasmosis%mmu05145",0.00429184549356223,0.0347851939943511,0.521368167965151,1.88832051664164,0,47,"TRAF6;MAP3K7;IRGM1;MAPK1;MAPK14;MAPK3;GNAI3;STAT1;PDPK1;JAK2;IRAK4;IKBKB;LDLR;STAT3;MYD88;CASP8;ALOX5;NFKB1;AKT1;PIK3CG;RELA;TNFRSF1A;MAPK9"
"KEGG_Pancreatic_cancer%mmu05212",0.00421940928270042,0.0347851939943511,0.476125698580182,1.71707019276091,0,46,"RALB;PLD1;MAPK1;ARAF;PIK3CD;MAPK3;RAD51;STAT1;PIK3CB;PIK3R1;BRAF;RB1;CDK6;IKBKB;TGFBR1;STAT3;SMAD4;CDK4;E2F1"
"KEGG_Chronic_myeloid_leukemia%mmu05220",0.00454545454545455,0.0347851939943511,0.532805780058311,1.93915321433693,0,51,"CRK;PTPN11;MAPK1;CTBP1;GAB2;ARAF;PIK3CD;MAPK3;CRKL;CTBP2;PIK3CB;RUNX1;MAP2K2;PIK3R1;BRAF;RB1;CDK6;IKBKB;TGFBR1;SMAD4;CDKN1B;CDK4;E2F1"
"KEGG_Gastric_cancer%mmu05226",0.00429184549356223,0.0347851939943511,0.480649720960202,1.73901300775454,0,45,"MAPK1;ARAF;PIK3CD;MAPK3;RXRB;CTNNA1;PIK3CB;MAP2K2;PIK3R1;BRAF;RB1;TGFBR1;SMAD4;CDKN1B;E2F1;LRP5"
"KEGG_PD-L1_expression_and_PD-1_checkpoint_pathway_in_cancer%mmu05235",0.00425531914893617,0.0347851939943511,0.53376117903485,1.920088620325,0,44,"TRAF6;NFATC1;MAP3K3;PTPN11;MAPK1;MAPK14;NFATC3;PIK3CD;MAPK3;STAT1;PIK3CB;MAP2K2;JAK2;PIK3R1;IKBKB;STAT3;MYD88"
"WP_Electron_Transport_Chain%WP295",0.00123762376237624,0.0352267723469837,-0.68539835671583,-2.22639212957199,0,69,"COX5A;NDUFC2;NDUFS1;COX7A2;NDUFB3;UQCRC2;UQCRH;NDUFS3;NDUFA9;UQCRB;ATP5O;NDUFS2;ATP5H;ATP5C1;ATP5G3;ATP5K;NDUFC1;NDUFA12;NDUFAB1;NDUFA10;NDUFS4;SLC25A4;NDUFV3;NDUFS6;COX5B;NDUFB5;COX8A;ATP5E;UQCR10;ATP5A1;NDUFV2;SDHC;NDUFB10;NDUFA1;UQCRQ;SURF1;COX6B1;NDUFA2;ATP5J2;ATP5B;NDUFS5;NDUFB7"
"WP_Cytoplasmic_Ribosomal_Proteins%WP163",0.00124843945068664,0.0352267723469837,-0.68966050228191,-2.22521849277423,0,65,"RPS13;RPL30;RPS15A;RPL22;RPL36A;RPL18A;RPL21;RPL9;FAU;RPL27A;RPS28;RPS27A;RPS16;RPL17;RPS19;RPS12;RPL34;RPL10A;RPL39;RPL36;RPS29;RPL11;RPS5;RPS17;RPL27;RPS4X;RPL7;RPL13;RPL26;RPS23;RPS14;RPSA;RPS18;RPL6;RPL23A;RPLP1;RPS3A1;RPL32;RPL31;RPL3;RPL15;RPS25;RPS11;RPS3;RPL19;RPS21;RPL38;RPS24;RPL28;RPLP2;RPL35A"
"WP_Oxidative_phosphorylation%WP1248",0.00132100396301189,0.0352267723469837,-0.669479747699413,-2.01908975381847,0,43,"NDUFC2;NDUFS1;NDUFS3;NDUFA9;ATP5O;NDUFS2;ATP5H;ATP5G3;ATP5K;NDUFC1;NDUFA10;NDUFS4;NDUFV3;NDUFS6;NDUFB5;ATP5E;ATP5A1;NDUFV2;NDUFB10;NDUFA2;ATP5J2;ATP5B;NDUFS5;NDUFB7;ATP6AP2"
"KEGG_Valine,_leucine_and_isoleucine_degradation%mmu00280",0.00565770862800566,0.0357811842960358,-0.60618827399803,-1.69206881569357,3,29,"DLD;MCCC1;ACADM;MCEE;ALDH2;ACAA2;OXCT1;ECHS1;PCCA;HADH;HADHA;HADHB"
"KEGG_Ras_signaling_pathway%mmu04014",0.00540540540540541,0.0357811842960358,0.432358726670183,1.69562217767035,0,78,"RALB;PLD1;PTPN11;MAPK1;ARF6;RASSF5;PRKACA;GNG12;GAB2;RAB5A;PIK3CD;SHOC2;RASGRP2;MAPK3;RAB5B;TBK1;PIK3CB;PDGFRB;MAP2K2;PIK3R1;RASA3;IKBKB;ETS1;IGF1R;RAP1B;BRAP;PRKACB"
"KEGG_Neurotrophin_signaling_pathway%mmu04722",0.00518134715025907,0.0357811842960358,0.464216922170178,1.78347630905664,0,70,"TRAF6;CRK;MAP3K3;PTPN11;MAPK1;MAPK14;MAP3K5;ZFP110;FRS2;PIK3CD;MAPK3;CRKL;PDPK1;PIK3CB;MAP2K2;PIK3R1;BRAF;IRAK4;SH2B2;IKBKB;RPS6KA5;RAP1B;SH2B3"
"KEGG_Insulin_signaling_pathway%mmu04910",0.00515463917525773,0.0357811842960358,0.415469953699585,1.61429639671035,0,73,"CRK;PRKAR2A;PYGB;PRKAR2B;MAPK1;PRKACA;EXOC7;ARAF;PIK3CD;MAPK3;TSC2;PRKAG1;PDE3B;CRKL;PDPK1;PIK3CB;INPPL1;MAP2K2;PIK3R1;BRAF;SH2B2;IKBKB"
"KEGG_Hepatitis_C%mmu05160",0.0053475935828877,0.0357811842960358,0.442348162448817,1.76582336130354,0,82,"TRAF6;PSME3;MAPK1;YWHAZ;IKBKE;BID;ARAF;YWHAG;PIK3CD;CFLAR;MAPK3;PPP2R2A;PPP2CB;TBK1;STAT1;PIK3CB;PIAS1;MAP2K2;PIK3R1;BRAF;RB1;CDK6;IKBKB;IRF9;LDLR;STAT3;CDK4;E2F1;SCARB1;EIF2AK2;CASP8;PPP2CA"
"KEGG_Hepatitis_B%mmu05161",0.00564971751412429,0.0357811842960358,0.459078591064513,1.85311548010248,0,89,"TRAF6;MAP3K7;NFATC1;CREB1;MAPK1;YWHAZ;STAT6;MAPK14;IKBKE;BID;NFATC3;ARAF;PIK3CD;MAPK3;ATF2;TBK1;STAT1;PIK3CB;MAP2K2;JAK2;PIK3R1;BRAF;IRAK4;RB1;IKBKB;TGFBR1;ATF6B;STAT3;SMAD4;MYD88;E2F1"
"KEGG_Citrate_cycle_(TCA_cycle)%mmu00020",0.00587371512481645,0.036055469953775,-0.61651887101383,-1.66846883218234,3,25,"DLD;PDHB;SUCLA2;IDH3G;FH1;PCK2;ACO2;SDHC"
"KEGG_MAPK_signaling_pathway%mmu04010",0.00628930817610063,0.036055469953775,0.461075505236012,1.90575841253031,0,108,"TRAF6;MAP3K7;CRK;NFATC1;MAP3K20;MAP3K3;PTPN7;MAP3K11;MAPK1;MAPK14;MAP3K5;PRKACA;TAOK3;GNG12;NFATC3;ARAF;RASGRP2;MAPK3;ATF2;MAPKAPK3;CRKL;PDGFRB;MAX;MAP2K2;BRAF;IRAK4;IKBKB;TGFBR1;RPS6KA5;IGF1R;RAP1B;TAOK2;DAXX;MYD88;PRKACB;ERBB3"
"KEGG_Cholinergic_synapse%mmu04725",0.00677966101694915,0.036055469953775,0.55794860886343,1.8099739655334,1,29,"CREB1;MAPK1;PRKACA;GNG12;PIK3CD;MAPK3;GNAI3;PIK3CB;JAK2;PIK3R1;ADCY7;PRKACB;PLCB2;PRKCB;AKT1;PIK3CG;GNAQ;MAP2K1"
"KEGG_Prolactin_signaling_pathway%mmu04917",0.00677966101694915,0.036055469953775,0.539869342059108,1.7513251908758,1,29,"SOCS6;MAPK1;MAPK14;PIK3CD;MAPK3;STAT1;PIK3CB;MAP2K2;JAK2;PIK3R1;STAT3"
"KEGG_Regulation_of_lipolysis_in_adipocytes%mmu04923",0.00604229607250755,0.036055469953775,0.666060226770152,1.84761335546257,1,16,"PRKACA;PIK3CD;GNAI3;PDE3B;PIK3CB;GNAS;PIK3R1;PTGS1;ADCY7;PRKACB"
"KEGG_Melanoma%mmu05218",0.00651465798045603,0.036055469953775,0.57826221077811,1.89501031109168,1,28,"MAPK1;ARAF;PIK3CD;MAPK3;PIK3CB;PDGFRB;MAP2K2;PIK3R1;BRAF;RB1;CDK6;IGF1R;CDK4;E2F1"
"KEGG_Bladder_cancer%mmu05219",0.00638977635782748,0.036055469953775,0.59753910727927,1.77048234586596,1,20,"MAPK1;ARAF;MAPK3;MAP2K2;BRAF;RB1;RPS6KA5;CDK4;E2F1"
"KEGG_Fatty_acid_degradation%mmu00071",0.00722543352601156,0.0375722543352601,-0.628550315060443,-1.69607961808479,4,23,"ACADM;ALDH2;ACAA2;ACADVL;ECHS1;HADH;ADH5;ECI1;HADHA;HADHB"
"WP_Fatty_Acid_Beta_Oxidation%WP1269",0.00573065902578797,0.0382043935052531,-0.647523371386202,-1.69251515285488,3,21,"DLD;ACADM;ACADVL;GPD2;DECR1;ECHS1;HADH;ECI1;HADHA;HADHB"
"WP_IL-2_Signaling_Pathway%WP450",0.00431034482758621,0.0382043935052531,0.46713282198972,1.77806988332958,0,55,"CRK;PTPN11;CREB1;MAPK1;MAPK14;GAB2;LYN;ICAM1;PIK3CD;MAPK3;SYK;CRKL;STAT1;PIK3CB;MAP2K2;JAK2;PIK3R1;ETS1;STAM;STAT3"
"WP_IL-3_Signaling_Pathway%WP373",0.005,0.0382043935052531,0.443346499613706,1.71730497583928,0,68,"CRK;PTPN11;CREB1;MAPK1;YWHAZ;STAT6;MAPK14;PRKACA;GAB2;PXN;LYN;PIK3CD;MAPK3;ATF2;SYK;CRKL;STAT1;JAK2;PIK3R1;GATA2;STAT3;ATF1;SLC2A1"
"WP_MAPK_signaling_pathway%WP493",0.005,0.0382043935052531,0.440112388172537,1.77914430749865,0,79,"TRAF6;MAP3K7;CRK;MAP3K20;MAPK6;PTPN7;MAP3K11;MAPK1;MAPK14;MAP3K5;PRKACA;MAPK3;ATF2;CRKL;PDGFRB;MAX;MAP2K2;BRAF;IKBKB;TGFBR1;RAP1B;TAOK2;DAXX"
"WP_Myometrial_Relaxation_and_Contraction_Pathways%WP385",0.00421940928270042,0.0382043935052531,0.543391660529861,1.99677863434468,0,50,"IGFBP4;PRKAR2A;PRKAR2B;CREB1;DGKZ;YWHAZ;RGS19;ATP2A3;GNG12;RGS14;YWHAG;ATF2;RGS18;CDK5RAP2;GNAS;GABPA;GRK6;ATF6B;ADCY7;PKIB;ATF1;PRKACB;SP1"
"WP_Insulin_Signaling%WP65",0.00485436893203884,0.0382043935052531,0.45910680787844,1.87055880279905,0,81,"MAP3K7;CRK;MAPK6;MAP3K3;MYO1C;PTPN11;MAP3K11;MAPK1;MAPK14;MAP3K5;ARF6;PIK3CD;MAPK3;TSC2;PDPK1;PIK3CB;INPPL1;MAP2K2;PIK3R1;CAP1;SGK3;SH2B2;IKBKB;RPS6KA5;IGF1R;SLC2A1;KIF5B;FLOT2"
"WP_EGFR1_Signaling_Pathway%WP572",0.00568181818181818,0.0382043935052531,0.445872400634993,1.85881423794254,0,99,"CRK;RALB;PLD1;EPN1;MAP3K3;PTPN11;CREB1;TNIP1;MAPK1;MAPK14;GAB2;PXN;ARAF;RAB5A;PIK3CD;SHOC2;REPS1;MAPK3;AP2A1;CRKL;SH2D3C;HIP1;STAT1;PIK3CB;INPPL1;MAP2K2;JAK2;PIK3R1;SH3KBP1;STAT3;RPS6KA5;ATF1;PKN2;MTA2;SP1;EPS15;HTT;CEACAM1;PRKCI;ARF4;RBBP7;PLCG2;STAT2;PRKCB"
"WP_Translation_Factors%WP307",0.00394736842105263,0.0382043935052531,-0.551469839761839,-1.67141057764846,2,44,"EIF4H;EIF3F;EIF3A;EIF1;EEF1A1;EIF4EBP2;EEF1B2;EIF4G1;EIF4A2;PAIP1;EEF1D;EIF2B3;EIF2S2;EEF1G;EIF1A;EIF2B5;EIF2S3X;EIF3E;EIF3C;EEF2;PABPC1;ETF1;EIF3G;EIF4A1;EIF2S3Y"
"WP_Oxidative_Stress_and_Redox_Pathway%WP4466",0.00528401585204756,0.0382043935052531,-0.550503458493785,-1.66026813552766,3,43,"S100A9;S100A8;PRDX1;SOD1;MGST1;PRDX5;PRDX4;PRDX2;CYBB;TXN1;CD44"
"KEGG_Non-small_cell_lung_cancer%mmu05223",0.00769230769230769,0.0391304347826087,0.50493121824375,1.77576463215161,1,39,"MAPK1;RASSF5;ARAF;PIK3CD;MAPK3;RXRB;PDPK1;PIK3CB;MAP2K2;PIK3R1;BRAF;RB1;CDK6;STAT3;CDK4;E2F1;KIF5B;PLCG2;PRKCB;EML4;AKT1;SOS2;MAP2K1;STAT5B;STK4"
"KEGG_Th17_cell_differentiation%mmu04659",0.00806451612903226,0.0401509951956074,0.473637422161147,1.68105559892281,1,41,"NFATC1;MAPK1;STAT6;MAPK14;NFATC3;MAPK3;RXRB;STAT1;RUNX1;JAK2;IKBKB;TGFBR1;STAT3;SMAD4"
"KEGG_Insulin_resistance%mmu04931",0.00858369098712446,0.0418454935622318,0.456255413971201,1.6524914867611,1,47,"PYGB;PTPN11;CREB1;MLX;NR1H2;PIK3CD;PRKAG1;GFPT1;PDPK1;PIK3CB;PIK3R1;IKBKB;STAT3;SLC2A1;PRKCB;NFKB1;AKT1;RELA;TNFRSF1A;MAPK9;PTPN1"
"KEGG_Pyruvate_metabolism%mmu00620",0.00884955752212389,0.0420359281437126,-0.652071124982329,-1.71098555101379,5,21,"GLO1;DLD;PDHB;ALDH2;FH1;PCK2;ADH5"
"KEGG_Insulin_secretion%mmu04911",0.00898203592814371,0.0420359281437126,0.638185878621068,1.80409973938705,2,17,"CREB1;ATP1B3;PRKACA;ATF2;GNAS;ATF6B;ADCY7;SLC2A1;PRKACB;PLCB2;PRKCB;ATP1A3;GNAQ"
"WP_ESC_Pluripotency_Pathways%WP339",0.00694444444444444,0.0427350427350427,0.573565012895998,1.90497615920504,1,30,"MAPK6;PTPN11;MAPK1;SELENOP;ARAF;PIK3CD;PDGFRB;MAP2K2;BRAF;STAT3;SMAD4;LRP5;SMAD5"
"KEGG_Cysteine_and_methionine_metabolism%mmu00270",0.00967741935483871,0.0435483870967742,0.611645970065567,1.88251015933962,2,23,"AHCYL1;PSAT1;GCLM;SRM;ENOPH1;GOT2;PHGDH;MAT2A;BCAT2;4930438A08RIK"
"KEGG_AMPK_signaling_pathway%mmu04152",0.00952380952380953,0.0435483870967742,0.438283418605605,1.63777654623217,1,57,"MAP3K7;ADIPOR1;SCD2;PPP2R5C;CREB1;PFKFB3;ELAVL1;CAB39;TBC1D1;PIK3CD;TSC2;PPP2R2A;PRKAG1;PPP2CB;PDPK1;PIK3CB;PIK3R1;STK11;IGF1R"
"WP_Calcium_Regulation_in_the_Cardiac_Cell%WP553",0.00769230769230769,0.043956043956044,0.49468184301194,1.75793955152636,1,40,"PRKAR2A;PRKAR2B;YWHAZ;RGS19;ATP2A3;ATP1B3;GNG12;RGS14;YWHAG;RGS18;GNAI3;CDK5RAP2;GNAS;GRK6;ADCY7;PKIB"
"KEGG_Sphingolipid_signaling_pathway%mmu04071",0.0103092783505155,0.0455164364909551,0.416298901059739,1.56276473726926,1,65,"PLD1;GNA13;PPP2R5C;MAPK1;MAPK14;MAP3K5;BID;GAB2;PIK3CD;MAPK3;GNAI3;PPP2R2A;PPP2CB;PDPK1;PIK3CB;MAP2K2;PIK3R1;SPTLC1;ABCC1;SGPP1;SGPL1;PPP2R5D;PPP2CA;PLCB2;PPP2R5E;PRKCB;NFKB1;CERS6;AKT1;RELA;TNFRSF1A;MAPK9"
"KEGG_Pathways_in_cancer%mmu05200",0.0108695652173913,0.0471014492753623,0.294175730772064,1.28859117216765,0,188,"TRAF6;CRK;RALB;PLD1;CSF3R;GNA13;PML;MAPK1;STAT6;RASSF5;CSF2RA;BID;PRKACA;GNG12;CTBP1;ARAF;PIK3CD;ARNT;RASGRP2;MAPK3;TXNRD1;RAD51;GNAI3;RXRB;CTNNA1;CRKL;CTBP2;STAT1;PIK3CB;PDGFRB;CUL1;MAX;RUNX1;GNAS;MAP2K2;JAK2;PIK3R1;BRAF;RB1;CDK6;IKBKB;TGFBR1;ETS1;CCND3;STAT3;RPS6KA5;IGF1R;ADCY7;SMAD4;CDKN1B;CDK4;SLC2A1;EGLN1;E2F1;LRP5;PRKACB;SP1"
"WP_Toll_Like_Receptor_signaling%WP88",0.0099009900990099,0.0476190476190476,0.627530390088053,1.86045999324252,2,20,"TRAF6;MAPK14;IKBKE;NR2C2;TBK1;IRAK4;IKBKB;MYD88;EIF2AK2;CASP8"
"WP_Adipogenesis_genes%WP447",0.0107142857142857,0.0476190476190476,0.480392717819046,1.65905954548224,2,35,"TLE3;E2F4;CREB1;STAT6;KLF6;CELF1;STAT1;RB1;NCOR2;GATA2;RBL1;LPL;STAT3;E2F1;SP1;NCOA2"
"WP_One_carbon_metabolism_and_related_pathways%WP1770",0.00986842105263158,0.0476190476190476,0.589008391945925,1.77886558681989,2,21,"AHCYL1;PLD1;GCLM;SHMT2;GSR;GPX1;SHMT1;ETNK1;MAT2A"
"WP_IL-6_signaling_Pathway%WP387",0.0101522842639594,0.0476190476190476,0.401787907384113,1.54581791427728,1,67,"MAP3K7;PPP2R5C;PTPN11;MAPK1;MAPK14;GAB2;PXN;LYN;MAPK3;PPP2R2A;PPP2CB;STAT1;INPPL1;MAP2K2;JAK2;PIK3R1;RB1;STAT3;DAXX;TEC;ERBB3;PPP2R5D;PPP2CA;MAPKAPK2;CREBBP;PPP2R5E"
"WP_MAPK_Cascade%WP251",0.0126182965299685,0.0499609679937549,0.65878092548663,1.82925685563348,3,16,"MAP3K3;MAPK1;MAPK14;ARAF;MAPK3;MAP2K2;BRAF;RASA3;SIPA1"
"WP_p38_MAPK_Signaling_Pathway%WP350",0.0131147540983607,0.0499609679937549,0.560485145001168,1.767883262491,3,24,"MAP3K7;CREB1;MAPK14;MAP3K5;ATF2;STAT1;MAX;TGFBR1;RPS6KA5;DAXX"
"WP_IL-5_Signaling_Pathway%WP151",0.0127659574468085,0.0499609679937549,0.42742723374641,1.6188595726526,2,54,"PTPN11;MAPK1;YWHAZ;MAPK14;LYN;ICAM1;MAPK3;ATF2;SYK;CRKL;STAT1;MAP2K2;JAK2;PIK3R1;SH2B2;SDCBP;CCND3;STAT3;CDKN1B;CSF2RB;ALOX5;PRKCB;NFKB1;DNM2;AKT1;PIK3CG;MAPK9;RAPGEF1;PTPN6"
"KEGG_Acute_myeloid_leukemia%mmu05221",0.0118110236220472,0.0502505368647101,0.470911911667627,1.67015426050434,2,40,"PML;MAPK1;MPO;ARAF;PIK3CD;MAPK3;PIK3CB;RUNX1;MAP2K2;PIK3R1;BRAF;IKBKB;STAT3"
"RA_mRNA_Splicing_-_Minor_Pathway%R-MMU-72165",0.00282885431400283,0.0526602110760527,-0.608205644786688,-1.75437229527047,1,34,"GTF2F2;POLR2G;SNRPD3;SRSF7;SNRPE;SNRPD1;PRPF6;SNRPF;SNRPG;GTF2F1;POLR2F;SNRNP25;SNRNP200"
"RA_Intra-Golgi_traffic%R-MMU-6811438",0.0029585798816568,0.0530352838045146,0.715379155436586,2.14546880316066,0,20,"SNAP29;CYTH1;GOSR2;STX16;COG1;COG2;COG6;VTI1A;COG8;NAPA;CYTH4;COG5"
"KEGG_Adrenergic_signaling_in_cardiomyocytes%mmu04261",0.0128755364806867,0.0538013488657266,0.444707348836262,1.60897183654941,2,45,"PPP2R5C;CREB1;MAPK1;MAPK14;ATP2A3;ATP1B3;PRKACA;MAPK3;ATF2;GNAI3;PPP2R2A;PPP2CB;GNAS;ATF6B;RPS6KA5;ADCY7;PRKACB;PPP2R5D;PPP2CA;PLCB2;PPP2R5E;ATP1A3;AKT1;PIK3CG"
"KEGG_RIG-I-like_receptor_signaling_pathway%mmu04622",0.0132013201320132,0.0541948931735279,0.496967955461451,1.70087275444686,3,33,"TRAF6;MAP3K7;MAPK14;IKBKE;TBK1;OTUD5;IKBKB;SIKE1;CASP8;ADAR;AZI2;NFKB1;RELA;MAPK9;IFIH1;TANK"
"WP_Chemokine_signaling_pathway%WP2292",0.0150753768844221,0.0548195523069895,0.368649414927715,1.46645665430328,2,76,"CRK;MAPK1;PRKACA;GNG12;PXN;LYN;PIK3CD;RASGRP2;MAPK3;GNAI3;CCR2;CRKL;STAT1;PIK3CB;PREX1;JAK2;PIK3R1;BRAF;GRK6;IKBKB;ELMO1;STAT3;ADCY7;RAP1B"
"KEGG_Cortisol_synthesis_and_secretion%mmu04927",0.0148367952522255,0.0598587946382892,0.580452451602759,1.67817546376042,4,18,"CREB1;PRKACA;ATF2;GNAS;ATF6B;LDLR;ADCY7;SCARB1;PRKACB;SP1;PLCB2"
"RA_PI_Metabolism%R-MMU-1483255",0.00350877192982456,0.0606516290726817,0.556761230320283,1.99248537643478,0,44,"MTMR2;MTMR14;PLEKHA3;ARF3;MTMR4;VAC14;MTMR3;PLEKHA2;RAB5A;PIK3CD;PIK3CB;INPPL1;PIK3R1;PI4K2B;MTMR1;PIP4K2A;PITPNB;SACM1L;PIP5K1C;RAB14;PIK3CG;TNFAIP8;MTMR6;OCRL;INPP5K;FIG4;PIK3C2A;INPP5D;MTM1;MTMR9"
"WP_TCA_Cycle%WP434",0.0186513629842181,0.0625,-0.592791361024377,-1.58504388097022,12,24,"DLD;PDHB;SUCLA2;IDH3G;FH1;ACO2;SDHC"
"WP_TGF_Beta_Signaling_Pathway%WP113",0.01875,0.0625,0.601327247495741,1.73278626990052,5,18,"ZEB2;MAPK3;STAT1;TGFBR1;STAT3;SMAD4;SMAD5;CREBBP;NFKB1;MAPK9"
"KEGG_Autophagy%mmu04140",0.0172413793103448,0.0661390616167326,0.379723759495036,1.51087799869491,2,84,"TRAF6;MAP3K7;VMP1;SNAP29;MTMR14;MTMR4;MAPK1;ATG2A;PRKACA;MTMR3;ATG2B;PIK3CD;CFLAR;MAPK3;TSC2;ATG4B;PPP2CB;TBK1;UVRAG;PDPK1;PIK3CB;RAB7;ATG9A;MAP2K2;PIK3R1;STK11;WDR41;IGF1R"
"KEGG_Adipocytokine_signaling_pathway%mmu04920",0.0170068027210884,0.0661390616167326,0.492643272911161,1.63766739516054,4,31,"ADIPOR1;PTPN11;RXRB;PRKAG1;JAK2;IKBKB;STK11;STAT3;SLC2A1;ACSL5;NFKB1;AKT1;RELA;TNFRSF1A;MAPK9;ACSL4"
"KEGG_Renal_cell_carcinoma%mmu05211",0.0169491525423729,0.0661390616167326,0.430080689485249,1.53873697168931,3,43,"CRK;PTPN11;MAPK1;ARAF;PIK3CD;ARNT;MAPK3;CRKL;PIK3CB;MAP2K2;PIK3R1;BRAF;ETS1;RAP1B;SLC2A1;EGLN1"
"WP_Id_Signaling_Pathway%WP512",0.0215384615384615,0.0689230769230769,0.602113364984676,1.66248520186564,6,15,"TCF3;TCF12;RB1;RBL1;IGF1R;SMAD4;SMAD5;NFKB1;RBL2;RELA"
"WP_Signaling_of_Hepatocyte_Growth_Factor_Receptor%WP193",0.0229508196721311,0.0706179066834805,0.548167828875207,1.72903196159193,6,24,"CRK;PTPN11;MAPK1;PXN;MAPK3;CRKL;MAP2K2;STAT3;RAP1B"
"RA_TP53_Regulates_Metabolic_Genes%R-MMU-5628897",0.00437956204379562,0.0730933803171407,-0.591326722854241,-1.65512602507234,2,30,"COX5A;PRDX1;COX20;LAMTOR4;PRDX5;PRDX2;COX8A;RHEB;RRAGC;LRPPRC;LAMTOR5;SURF1;COX6B1"
"KEGG_Osteoclast_differentiation%mmu04380",0.0202020202020202,0.075801749271137,0.38971278063783,1.46899912337962,3,64,"TRAF6;MAP3K7;NFATC1;CREB1;MAPK1;MAPK14;GAB2;PIK3CD;MAPK3;SYK;STAT1;PIK3CB;PIK3R1;IKBKB;TGFBR1;IRF9"
"KEGG_Endometrial_cancer%mmu05213",0.0204081632653061,0.075801749271137,0.46932660268118,1.56015704903584,5,31,"MAPK1;ARAF;PIK3CD;MAPK3;CTNNA1;PDPK1;PIK3CB;MAP2K2;PIK3R1;BRAF"
"KEGG_ECM-receptor_interaction%mmu04512",0.0227617602427921,0.0819423368740516,-0.663988274556183,-1.58982878252092,14,15,"FN1;HMMR;ITGB7;CD47;CD44"
"KEGG_Glutamatergic_synapse%mmu04724",0.0225806451612903,0.0819423368740516,0.518183133539743,1.68095347567237,6,27,"PLD1;SLC38A1;MAPK1;PRKACA;GNG12;MAPK3;GNAI3;GNAS;ADCY7;PRKACB;PLCB2;GRK2;PRKCB"
"WP_Novel_Jun-Dmp1_Pathway%WP3654",0.0278637770897833,0.0825593395252838,0.596924857150561,1.70804971936283,8,17,"MAPK1;ARAF;MAPK3;MAP2K2;BRAF;RB1;ETS1;CDK4;E2F1"
"KEGG_Fc_gamma_R-mediated_phagocytosis%mmu04666",0.0235849056603774,0.0836192109777016,0.407619373713564,1.49426423061258,4,54,"CRK;MARCKSL1;PLD1;MAPK1;ARF6;GAB2;LYN;PIK3CD;MAPK3;SYK;CRKL;PIK3CB;INPPL1;PIK3R1"
"RA_Processing_of_Intronless_Pre-mRNAs%R-MMU-77595",0.00539083557951483,0.0869721473495059,0.651473082216307,1.88286848395527,1,17,"SYMPK;CSTF2;CSTF2T;PAPOLA;CPSF6;CPSF1;FIP1L1;CPSF3"
"KEGG_Choline_metabolism_in_cancer%mmu05231",0.0254237288135593,0.0887933215279535,0.418338009564481,1.49672416762125,5,43,"PLD1;DGKZ;MAPK1;PIK3CD;MAPK3;TSC2;PDPK1;PIK3CB;PDGFRB;MAP2K2;PIK3R1"
"KEGG_Type_II_diabetes_mellitus%mmu04930",0.0262390670553936,0.0902932601612074,0.588091929650791,1.62335255691666,8,15,"MAPK1;PIK3CD;MAPK3;PIK3CB;PIK3R1;IKBKB"
"KEGG_Chemokine_signaling_pathway%mmu04062",0.027027027027027,0.0916568742655699,0.354898320184125,1.39183836338108,4,78,"CRK;MAPK1;PRKACA;GNG12;PXN;LYN;PIK3CD;RASGRP2;MAPK3;GNAI3;CCR2;CRKL;STAT1;PIK3CB;PREX1;JAK2;PIK3R1;BRAF;GRK6;IKBKB;ELMO1;STAT3;ADCY7;RAP1B;PRKACB;PLCB2;PLCG2;GRK2;STAT2;PRKCB;NFKB1;AKT1;PIK3CG;VAV3;RELA"
"KEGG_Propanoate_metabolism%mmu00640",0.0283159463487332,0.0933229781070926,-0.638518257371633,-1.55981700589371,18,16,"DLD;MCEE;SUCLA2;ECHS1;PCCA;HADHA"
"KEGG_ErbB_signaling_pathway%mmu04012",0.0282258064516129,0.0933229781070926,0.424727482555708,1.50746220454629,6,41,"CRK;MAPK1;ARAF;PIK3CD;MAPK3;CRKL;PIK3CB;MAP2K2;PIK3R1;BRAF;CDKN1B;NRG2;ERBB3;PLCG2;PRKCB;AKT1;MAPK9;ABL1;SOS2;MAP2K1;STAT5B;MYC;MAP2K4"
"RA_Synthesis_of_PIPs_at_the_plasma_membrane%R-MMU-1660499",0.00657894736842105,0.096031746031746,0.574979947684454,1.85039466499104,1,28,"MTMR14;PLEKHA3;MTMR3;PLEKHA2;RAB5A;PIK3CD;PIK3CB;INPPL1;PIK3R1;PI4K2B;MTMR1;PIP4K2A;PIP5K1C;RAB14;PIK3CG;MTMR6;OCRL;INPP5K;PIK3C2A;INPP5D;MTM1;MTMR9"
"RA_Signaling_by_Interleukins%R-MMU-449147",0.00628930817610063,0.096031746031746,0.353660555608055,1.49514072111182,0,120,"TRAF6;MAP3K7;CRK;PSME3;MAP3K3;PTPN11;CREB1;CTSG;MAPK1;YWHAZ;STAT6;MAPK14;PRKACA;LYN;PIK3CD;MAPK3;ATF2;SYK;MAPKAPK3;PPP2CB;TBK1;CRKL;PSMB5;PIK3CB;CUL1;INPPL1;JAK2;PIK3R1;IRAK4;IKBKB;TXLNA;STAT3;RPS6KA5;ATF1;MYD88;PSMD8;TEC;PSME4"
"RA_Mitochondrial_translation_termination%R-MMU-5419276",0.00667556742323098,0.096031746031746,-0.513485540702897,-1.59646119508933,4,54,"MRPS18C;MRPS33;MRPL20;DAP3;MRPS30;MRPL21;MRPL1;MRPS17;MRPL48;MRPL23;MRPS14;MRPL39;CHCHD1;MRPS22;MRPS15;MRPS16;AURKAIP1;MRPL24;MRPL28;MRPL19;MRPS9;PTCD3;MRPS5;MRPS35;GADD45GIP1;MRPS28"
"RA_snRNP_Assembly%R-MMU-191859",0.00694444444444444,0.096031746031746,-0.552605257016454,-1.64112728210711,4,39,"RANBP2;GEMIN2;SNRPD3;SNRPE;SNRPD1;NUP37;NUP43;SEC13;SNRPF;SNRPG;TPR"
"RA_Metabolism_of_non-coding_RNA%R-MMU-194441",0.00694444444444444,0.096031746031746,-0.552605257016454,-1.64112728210711,4,39,"RANBP2;GEMIN2;SNRPD3;SNRPE;SNRPD1;NUP37;NUP43;SEC13;SNRPF;SNRPG;TPR"
"BP_antimicrobial_humoral_immune_response_mediated_by_antimicrobial_peptide%0061844",0.0015625,0.0977272727272727,-0.80255219274275,-1.91065020239495,0,15,"CAMP;S100A9;LGALS3;RPL30;FAU;CCL9;RPS19;PGLYRP1;RPL39;B2M;CCL6"
"BP_mRNA_splicing,_via_spliceosome%0000398",0.00116959064327485,0.0977272727272727,-0.511138771486996,-1.76000053949459,0,114,"PRPF40A;SRRM1;SRSF5;CDC5L;ZMAT2;SNRPB2;SMU1;SNRPD3;IK;LSM3;SF3B1;YTHDC1;SNRPE;SNRNP70;SNRPD1;UBL5;PRPF6;SYF2;ZRSR2;SNRPF;SNRPG;WBP4;CASC3;LSM5;CWC22;HTATSF1;LSM4;CWC15;CRNKL1;SNRPA1;SNW1;TRA2A;SART1;SNRNP25;SNRNP200;PRPF38A;DDX46;RSRC1;EIF4A3;PPIE;HNRNPC;LSM8;CWF19L2;EFTUD2;XAB2;SRRM2;SF1;LSM2;SF3A1;RBM6;PRPF8;BUD31;PHF5A;HNRNPA3;PRPF3;SF3A2;SNIP1;HNRNPA2B1"
"BP_mitochondrial_respiratory_chain_complex_I_assembly%0032981",0.00137551581843191,0.0977272727272727,-0.749505893469538,-2.2046934274987,0,40,"MT-ND6;NDUFC2;NDUFS1;AIFM1;NDUFB3;NDUFS3;NDUFA9;NDUFS2;ACAD9;NDUFB11;NDUFC1;NDUFA12;NDUFAB1;NDUFAF7;NDUFA13;NDUFA10;NDUFS4;NDUFS6;NDUFB5;NDUFB10;NDUFA1;NDUFAF3;NDUFA2;NDUFS5;NDUFB7"
"BP_translation%0006412",0.00123762376237624,0.0977272727272727,-0.587487549973117,-1.89092194338149,0,67,"MRPS18C;MRPL20;RPL23;RPL9;RPL27A;RPS27L;EEF1A1;RPL10A;RPS29;EIF3M;RPS9;RPL11;RPS5;RPS17;MRPL1;EIF4G1;RPS4X;MRPL23;RPL7;PAIP2;MRPS14;AIMP1;MRPL39;RPS23;RPS14;MRPL43;RPS3A1;RPL32;RPL3;MRPL24;SECISBP2;MRPL19;GSPT1;RPL19;RPS24;EEF1E1;MRPS5"
"BP_cytoplasmic_translation%0002181",0.00123304562268804,0.0977272727272727,-0.69359479502049,-2.24679052500807,0,71,"RPS13;RPL30;RPS15A;DRG1;RPL22;RPL36A;RPL18A;RPL23;RPL21;RPL9;FAU;RPL27A;RPS28;RPS27A;RWDD1;RPS16;RPL17;RPS19;RPS12;RPL34;RPL10A;RPL39;RPL36;ZC3H15;RPS29;RPL14;RPS9;RPL11;RPS5;RPS17;RPL27;RPS4X;RPL7;RPL13;RPL26;RPS23;RPS14;RPSA;RPS18;RPL6;RPL23A;RPLP1;RPL32;RPL31;RPL3;RPL15;RPS25;RPS11;RPS3;RPL19;RPS21;RPL38;RPS24;RPL28;RPLP2;RPL35A;RPS6;CKAP5"
"BP_aerobic_respiration%0009060",0.00132802124833997,0.0977272727272727,-0.65983089113287,-1.99595826422667,0,47,"NDUFC2;NDUFS1;NDUFB3;NDUFS3;NDUFA9;NDUFS2;NDUFB11;NDUFC1;NDUFA12;NDUFAB1;BLOC1S1;NDUFA13;NDUFA10;NDUFS4;NDUFV3;NDUFS6;NDUFB5;NDUFV2;NDUFB10;MTFR2;NDUFA1;NDUFA2;NDUFS5;NDUFB7"
"BP_proton_motive_force-driven_mitochondrial_ATP_synthesis%0042776",0.00137174211248285,0.0977272727272727,-0.661372915772591,-1.95763305070544,0,41,"NDUFC2;NDUFS1;NDUFB3;NDUFS3;NDUFA9;NDUFS2;NDUFB11;NDUFC1;NDUFA12;NDUFAB1;NDUFA13;NDUFA10;NDUFS4;NDUFV3;NDUFS6;NDUFB5;NDUFV2;SDHC;NDUFB10;NDUFA1;NDUFA2;NDUFS5;NDUFB7"
"BP_ribosomal_small_subunit_biogenesis%0042274",0.00125470514429109,0.0977272727272727,-0.551427350324226,-1.7630873194236,0,65,"RPS13;NOP58;UTP3;RPS15A;FCF1;RPS28;RPS27A;NAT10;RPS16;RPS19;RPS12;MPHOSPH10;FBL;NPM1;RPS9;RPS5;RPS17;RIOK1;LTV1;RPS4X;DNTTIP2;UTP20;WDR36;UTP18;RPS23;RPS14"
"BP_translation_at_presynapse%0140236",0.00138121546961326,0.0977272727272727,-0.701164215293753,-2.03822702737906,0,37,"RPS15A;RPL22;RPL36A;RPL23;RPL9;RPL27A;RPS28;RPS27A;RPS16;RPL17;RPS12;RPL34;RPL10A;RPL36;RPL14;RPS5;RPL27;RPL7;RPL13;RPL26;RPS14;RPL6;RPL23A;RPL32;RPL15;RPS11;RPL38;RPS24;RPL28;RPLP2;RPL35A"
"BP_translation_at_postsynapse%0140242",0.00139082058414465,0.0977272727272727,-0.691106504218198,-2.01783630360639,0,38,"RPS15A;RPL22;RPL36A;RPL23;RPL9;RPL27A;RPS28;RPS27A;RPS16;RPL17;RPS12;RPL34;RPL10A;RPL36;RPL14;RPS5;RPL27;RPL7;RPL13;RPL26;RPS14;RPL6;RPL23A;RPL32;RPL15;RPS11;RPL38;RPS24;RPL28;RPLP2;RPL35A"
"BP_mitochondrial_electron_transport,_NADH_to_ubiquinone%0006120",0.00145137880986938,0.0977272727272727,-0.725326021261111,-1.92262470584629,0,22,"MT-ND6;NDUFC2;NDUFS1;DLD;NDUFS3;NDUFS2;NDUFA10;NDUFS6;NDUFV2"
"KEGG_Ribosome_biogenesis_in_eukaryotes%mmu03008",0.0303030303030303,0.0984848484848485,-0.45263579585856,-1.41866780344582,23,57,"NOP58;FCF1;RBM28;CSNK2A1;MDN1;GTPBP4;NAT10;TCOF1;MPHOSPH10;FBL;RIOK1;WDR36;GAR1;UTP18;XRN2;CSNK2B;LSG1;NMD3;GNL3;XPO1;UTP4;WDR75;SPATA5"
"WP_G_Protein_Signaling_Pathways%WP232",0.034965034965035,0.0999000999000999,0.434731593798518,1.49144837994911,9,34,"PRKD3;GNA13;PRKAR2A;PRKAR2B;PRKACA;GNG12;GNAI3;AKAP13;GNAS;ADCY7;PRKACB;PRKCI;GNA15;PRKCB"
"KEGG_Legionellosis%mmu05134",0.0312056737588653,0.100029146021568,-0.528347885942301,-1.49782975249814,21,32,"CASP1;HSPD1;EEF1A1;VCP;SEC22B;CR1L;PYCARD;NAIP2;C3;SAR1A;EEF1G;SAR1B"
"RA_DNA_Double-Strand_Break_Repair%R-MMU-5693532",0.0116279069767442,0.1084229390681,-0.47166712629599,-1.51389864578663,8,67,"BRCA2;HERC2;RFC4;SUMO1;BARD1;PCNA;RPS27A;PARP2;POLE3;RFC3;BLM;UBE2I;TIMELESS;SUMO2;UBE2V2;POLE4;RPA3;CHEK1;BABAM2;NBN;PPP4C;RMI1;TIPIN;TDP2;UIMC1;UBXN1"
"RA_Homology_Directed_Repair%R-MMU-5693538",0.0108548168249661,0.1084229390681,-0.505741290545924,-1.54300507694995,7,47,"BRCA2;RFC4;PCNA;RPS27A;PARP2;POLE3;RFC3;BLM;UBE2I;TIMELESS;SUMO2;UBE2V2;POLE4;RPA3;CHEK1;BABAM2;NBN;PPP4C;RMI1;TIPIN"
"RA_Transcriptional_Regulation_by_TP53%R-MMU-3700989",0.0101010101010101,0.1084229390681,-0.394059020227182,-1.40718777180271,8,154,"GTF2F2;COX5A;POLR2G;PRDX1;CHD4;PRELID1;RFC4;COX20;CSNK2A1;RABGGTB;ELOC;CNOT9;LAMTOR4;PCNA;RPS27A;CCNH;TAF15;TAF9;PRDX5;PRDX2;RFC3;BLM;COX8A;MNAT1;NPM1;PPP2R1A;RHEB;RRAGC;LRPPRC;GTF2F1;LAMTOR5;CDK7;TPX2;SURF1;POLR2F;RPA3;COX6B1;CSNK2B;TAF10"
"RA_Cellular_response_to_chemical_stress%R-MMU-9711123",0.0110294117647059,0.1084229390681,-0.436526967929766,-1.47147133380501,8,87,"COX5A;PRDX1;COX20;SOD1;MAP1LC3B;RPS27A;PRDX5;PRDX2;CYBB;PSMD6;COX8A;VCP;HDAC3;PSMA7;LRPPRC;SURF1;BLVRA;COX6B1;PSMC5;PSMD7;PSME1;SQSTM1;COX7B;CYBA"
"RA_Intra-Golgi_and_retrograde_Golgi-to-ER_traffic%R-MMU-6811442",0.0121951219512195,0.1084229390681,0.367448009706198,1.50966215614676,1,100,"TMED2;SNAP29;CYTH1;KDELR2;ARF3;GOSR2;TMED7;STX16;COG1;ZW10;PAFAH1B2;GBF1;KIF20A;COG2;RAB6A;COG6;VTI1A;STX18;VPS54;COG8;NAPA;KIF16B;VPS52;ARCN1"
"RA_Neuronal_System%R-MMU-112316",0.013840830449827,0.1084229390681,0.485916803439047,1.70838292353442,3,41,"PRKAR2B;SLC38A1;PPFIBP1;CREB1;PRKACA;GNG12;AP2A1;GNAI3;ARL6IP5;LIN7C;PPFIA1;EPB41;AP2B1;ADCY7;KCNAB2;PRKACB;FLOT2"
"RA_Fatty_acid_metabolism%R-MMU-8978868",0.00960219478737997,0.1084229390681,-0.513952886171449,-1.56011160388478,6,45,"HACD4;PON3;ACADM;MCEE;ACAA2;ACADVL;CROT;DECR1;ECHS1;ELOVL1;HADH;ECI1;HADHA;HADHB;HACD2;PTGES3"
"RA_MyD88:MAL(TIRAP)_cascade_initiated_on_plasma_membrane%R-MMU-166058",0.0138888888888889,0.1084229390681,0.487255700192392,1.68247198458818,3,37,"TRAF6;MAP3K7;CREB1;MAPK1;MAPK14;MAPK3;ATF2;MAPKAPK3;PPP2CB;CUL1;IKBKB;RPS6KA5;ATF1;CASP8;PPP2CA;MAPKAPK2;NFKB1;RELA;FBXW11;MAPK9;UBC"
"RA_MyD88-independent_TLR4_cascade%R-MMU-166166",0.0113207547169811,0.1084229390681,0.465607825988189,1.68952835603537,2,47,"TRAF6;MAP3K7;PTPN11;CREB1;MAPK1;MAPK14;IKBKE;MAPK3;ATF2;MAPKAPK3;PPP2CB;TBK1;CUL1;IKBKB;RPS6KA5;ATF1"
"RA_Toll_Like_Receptor_10_(TLR10)_Cascade%R-MMU-168142",0.0138888888888889,0.1084229390681,0.487255700192392,1.68247198458818,3,37,"TRAF6;MAP3K7;CREB1;MAPK1;MAPK14;MAPK3;ATF2;MAPKAPK3;PPP2CB;CUL1;IKBKB;RPS6KA5;ATF1;CASP8;PPP2CA;MAPKAPK2;NFKB1;RELA;FBXW11;MAPK9;UBC"
"RA_Toll_Like_Receptor_3_(TLR3)_Cascade%R-MMU-168164",0.0138888888888889,0.1084229390681,0.487255700192392,1.68247198458818,3,37,"TRAF6;MAP3K7;CREB1;MAPK1;MAPK14;MAPK3;ATF2;MAPKAPK3;PPP2CB;CUL1;IKBKB;RPS6KA5;ATF1;CASP8;PPP2CA;MAPKAPK2;NFKB1;RELA;FBXW11;MAPK9;UBC"
"RA_Toll_Like_Receptor_5_(TLR5)_Cascade%R-MMU-168176",0.0138888888888889,0.1084229390681,0.487255700192392,1.68247198458818,3,37,"TRAF6;MAP3K7;CREB1;MAPK1;MAPK14;MAPK3;ATF2;MAPKAPK3;PPP2CB;CUL1;IKBKB;RPS6KA5;ATF1;CASP8;PPP2CA;MAPKAPK2;NFKB1;RELA;FBXW11;MAPK9;UBC"
"RA_Toll_Like_Receptor_TLR1:TLR2_Cascade%R-MMU-168179",0.0138888888888889,0.1084229390681,0.487255700192392,1.68247198458818,3,37,"TRAF6;MAP3K7;CREB1;MAPK1;MAPK14;MAPK3;ATF2;MAPKAPK3;PPP2CB;CUL1;IKBKB;RPS6KA5;ATF1;CASP8;PPP2CA;MAPKAPK2;NFKB1;RELA;FBXW11;MAPK9;UBC"
"RA_Toll_Like_Receptor_7/8_(TLR7/8)_Cascade%R-MMU-168181",0.0138888888888889,0.1084229390681,0.487255700192392,1.68247198458818,3,37,"TRAF6;MAP3K7;CREB1;MAPK1;MAPK14;MAPK3;ATF2;MAPKAPK3;PPP2CB;CUL1;IKBKB;RPS6KA5;ATF1;CASP8;PPP2CA;MAPKAPK2;NFKB1;RELA;FBXW11;MAPK9;UBC"
"RA_Toll_Like_Receptor_TLR6:TLR2_Cascade%R-MMU-168188",0.0138888888888889,0.1084229390681,0.487255700192392,1.68247198458818,3,37,"TRAF6;MAP3K7;CREB1;MAPK1;MAPK14;MAPK3;ATF2;MAPKAPK3;PPP2CB;CUL1;IKBKB;RPS6KA5;ATF1;CASP8;PPP2CA;MAPKAPK2;NFKB1;RELA;FBXW11;MAPK9;UBC"
"RA_Toll_Like_Receptor_2_(TLR2)_Cascade%R-MMU-181438",0.0138888888888889,0.1084229390681,0.487255700192392,1.68247198458818,3,37,"TRAF6;MAP3K7;CREB1;MAPK1;MAPK14;MAPK3;ATF2;MAPKAPK3;PPP2CB;CUL1;IKBKB;RPS6KA5;ATF1;CASP8;PPP2CA;MAPKAPK2;NFKB1;RELA;FBXW11;MAPK9;UBC"
"RA_Interleukin-17_signaling%R-MMU-448424",0.0126182965299685,0.1084229390681,0.522640645425379,1.71077298094782,3,30,"TRAF6;MAP3K7;CREB1;MAPK1;MAPK14;MAPK3;ATF2;MAPKAPK3;PPP2CB;CUL1;RPS6KA5;ATF1;PPP2CA;MAPKAPK2;NFKB1;FBXW11;MAPK9;UBC"
"RA_MAP_kinase_activation%R-MMU-450294",0.0126182965299685,0.1084229390681,0.522640645425379,1.71077298094782,3,30,"TRAF6;MAP3K7;CREB1;MAPK1;MAPK14;MAPK3;ATF2;MAPKAPK3;PPP2CB;CUL1;RPS6KA5;ATF1;PPP2CA;MAPKAPK2;NFKB1;FBXW11;MAPK9;UBC"
"RA_TRIF(TICAM1)-mediated_TLR4_signaling%R-MMU-937061",0.0113207547169811,0.1084229390681,0.465607825988189,1.68952835603537,2,47,"TRAF6;MAP3K7;PTPN11;CREB1;MAPK1;MAPK14;IKBKE;MAPK3;ATF2;MAPKAPK3;PPP2CB;TBK1;CUL1;IKBKB;RPS6KA5;ATF1"
"RA_TRAF6_mediated_induction_of_NFkB_and_MAP_kinases_upon_TLR7/8_or_9_activation%R-MMU-975138",0.0138888888888889,0.1084229390681,0.487255700192392,1.68247198458818,3,37,"TRAF6;MAP3K7;CREB1;MAPK1;MAPK14;MAPK3;ATF2;MAPKAPK3;PPP2CB;CUL1;IKBKB;RPS6KA5;ATF1;CASP8;PPP2CA;MAPKAPK2;NFKB1;RELA;FBXW11;MAPK9;UBC"
"RA_MyD88_dependent_cascade_initiated_on_endosome%R-MMU-975155",0.0138888888888889,0.1084229390681,0.487255700192392,1.68247198458818,3,37,"TRAF6;MAP3K7;CREB1;MAPK1;MAPK14;MAPK3;ATF2;MAPKAPK3;PPP2CB;CUL1;IKBKB;RPS6KA5;ATF1;CASP8;PPP2CA;MAPKAPK2;NFKB1;RELA;FBXW11;MAPK9;UBC"
"RA_MyD88_cascade_initiated_on_plasma_membrane%R-MMU-975871",0.0138888888888889,0.1084229390681,0.487255700192392,1.68247198458818,3,37,"TRAF6;MAP3K7;CREB1;MAPK1;MAPK14;MAPK3;ATF2;MAPKAPK3;PPP2CB;CUL1;IKBKB;RPS6KA5;ATF1;CASP8;PPP2CA;MAPKAPK2;NFKB1;RELA;FBXW11;MAPK9;UBC"
"RA_Cargo_trafficking_to_the_periciliary_membrane%R-MMU-5620920",0.0108108108108108,0.1084229390681,0.604487116060715,1.7146350050744,3,16,"EXOC8;EXOC3;EXOC7;GBF1;RP2;EXOC1;PDE6D;EXOC5;ARF4;EXOC4"
"RA_Mitochondrial_translation%R-MMU-5368287",0.0133155792276964,0.1084229390681,-0.508251181409772,-1.58109738044319,9,55,"MRPS18C;MRPS33;MRPL20;DAP3;MRPS30;MRPL21;MRPL1;MRPS17;MRPL48;MRPL23;MRPS14;MRPL39;CHCHD1;MRPS22;MRPS15;MRPS16;AURKAIP1;MRPL24;MRPL28;MRPL19;MRPS9;PTCD3;MRPS5;MRPS35;GADD45GIP1;MRPS28"
"RA_Mitochondrial_translation_elongation%R-MMU-5389840",0.0133155792276964,0.1084229390681,-0.508251181409772,-1.58109738044319,9,55,"MRPS18C;MRPS33;MRPL20;DAP3;MRPS30;MRPL21;MRPL1;MRPS17;MRPL48;MRPL23;MRPS14;MRPL39;CHCHD1;MRPS22;MRPS15;MRPS16;AURKAIP1;MRPL24;MRPL28;MRPL19;MRPS9;PTCD3;MRPS5;MRPS35;GADD45GIP1;MRPS28"
"RA_Retrograde_transport_at_the_Trans-Golgi-Network%R-MMU-6811440",0.00911854103343465,0.1084229390681,0.590204359152333,1.82359477705347,2,23,"STX16;COG1;COG2;RAB6A;COG6;VTI1A;VPS54;COG8;NAPA;VPS52;COG5"
"RA_Signaling_by_PDGF%R-MMU-186797",0.0134770889487871,0.1084229390681,0.595367569695498,1.72071396953971,4,17,"CRK;PTPN11;STAT6;CRKL;PIK3CB;PDGFRB;PIK3R1;STAT3"
"KEGG_Serotonergic_synapse%mmu04726",0.0354838709677419,0.112205754141238,0.488911708784641,1.58599881583261,10,27,"MAPK1;PRKACA;GNG12;ARAF;MAPK3;GNAI3;GNAS;BRAF;PTGS1;PRKACB;PLCB2;ALOX5;PRKCB"
"KEGG_Long-term_depression%mmu04730",0.0387096774193548,0.120774193548387,0.480706381988271,1.55938125207061,11,27,"GNA13;MAPK1;ARAF;LYN;MAPK3;GNAI3;PPP2CB;GNAS;MAP2K2;BRAF;IGF1R;PPP2CA;PLCB2;PRKCB"
"KEGG_Leishmaniasis%mmu05140",0.0401459854014599,0.123607376104495,0.411099018489577,1.41214425834756,10,35,"TRAF6;MAP3K7;MARCKSL1;MAPK1;MAPK14;MAPK3;STAT1;JAK2;IRAK4"
"KEGG_JAK-STAT_signaling_pathway%mmu04630",0.0409090909090909,0.124321133412043,0.410628546545516,1.4944876646141,8,51,"SOCS6;CSF3R;PTPN11;STAT6;CSF2RA;PIK3CD;STAT1;PIK3CB;PDGFRB;PIAS1;JAK2;PIK3R1;PIAS2;STAM;CCND3;IRF9;STAT3"
"BP_RNA_splicing%0008380",0.00235017626321974,0.12661023187339,-0.464165622053362,-1.59893597034458,1,116,"LGALS3;FRG1;RBM25;SFPQ;SRSF5;SMNDC1;FUS;ALYREF;SMU1;RBM28;ARGLU1;SRSF7;NSRP1;ZC3H13;CIR1;PNN;TAF15;HNRNPH1;THOC1;SNRPF;WBP4;SON;C1QBP;LARP7;PRPF38B;LUC7L3;VIRMA;THOC3;TRA2A;MAGOH;THOC5;HNRNPU;CD2BP2;RP9;SRSF9;RALY;RSRC1;TARDBP"
"BP_rRNA_processing%0006364",0.00239234449760766,0.12661023187339,-0.462818706311834,-1.56091108124024,1,98,"MRTO4;FRG1;RPS28;PELP1;ESF1;RPS16;RPS19;LYAR;MPHOSPH10;NOP53;PIN4;RPL14;RPL11;DIS3;RPS17;DDX21;RPL27;RPF1;RPL7;UTP20;WDR36;NPM3;GAR1;EXOSC9;UTP18;RPL26;RRP1;EXOSC3;PDCD11;EXOSC8;RNASEL;RRP8;NSA2;EIF4A3;RPS25;WDR75;DDX27;EXOSC7;NVL;RBFA;RRP15;RPS24;RPL35A;RPS6;WDR43;UTP11"
"KEGG_Base_excision_repair%mmu03410",0.043859649122807,0.129913391072618,-0.578035106075766,-1.48698149138617,29,19,"PARP1;PCNA;PARP2;POLE3;POLE4;MBD4;HMGB1"
"KEGG_Th1_and_Th2_cell_differentiation%mmu04658",0.0437710437710438,0.129913391072618,0.430258063524641,1.44166958425727,12,32,"NFATC1;MAPK1;STAT6;MAPK14;NFATC3;MAPK3;STAT1;JAK2;IKBKB"
"KEGG_Human_T-cell_leukemia_virus_1_infection%mmu05166",0.0444444444444444,0.13,0.322305915642868,1.33417122275362,5,120,"NFYB;NFATC1;ANAPC16;TCF3;MAP3K3;TBP;CREB1;MAPK1;H2-Q6;VAC14;PRKACA;NFATC3;ICAM1;PIK3CD;ANAPC5;MAPK3;ATF2;PIK3CB;MAP2K2;PIK3R1;RB1;IKBKB;TGFBR1;ETS1;ATF6B;CCND3;TBPL1;ADCY7;SMAD4;CDK4;SLC2A1"
"RA_RHOB_GTPase_cycle%R-MMU-9013026",0.0173010380622837,0.132915911462624,0.474297091456179,1.60612951107173,4,35,"ARHGEF10L;ABR;AKAP13;ANLN;DEPDC1B;PREX1;ARHGAP26;PIK3R1;PKN1;ECT2;SLK;PKN2;RHOB;FLOT2;ARHGEF3;ERBIN;ARHGAP21;STK10;FLOT1;IQGAP3;SNAP23;ARHGEF1;RACGAP1"
"KEGG_Circadian_entrainment%mmu04713",0.0464396284829721,0.134158926728586,0.484749495461862,1.4880264779193,14,22,"CREB1;MAPK1;PRKACA;GNG12;MAPK3;GNAI3;GNAS;RPS6KA5;ADCY7;PRKACB;PLCB2;PRKCB"
"KEGG_Glioma%mmu05214",0.0471014492753623,0.13441145281018,0.408407574824658,1.41556916931196,12,36,"MAPK1;ARAF;PIK3CD;MAPK3;PIK3CB;PDGFRB;MAP2K2;PIK3R1;BRAF;RB1;CDK6;IGF1R;CDK4;E2F1"
"KEGG_Wnt_signaling_pathway%mmu04310",0.0480349344978166,0.135423791234808,0.394947079732206,1.42796192288285,10,48,"MAP3K7;NFATC1;TLE3;TLE4;PRKACA;CTBP1;NFATC3;CTBP2;SENP2;CUL1;CCND3;SMAD4;LRP5;PRKACB"
"KEGG_TGF-beta_signaling_pathway%mmu04350",0.0491803278688525,0.137002341920375,0.467866056904662,1.49742663071444,14,26,"E2F4;MAPK1;MAPK3;PPP2CB;CUL1;TGFBR1;RBL1;SMAD4;SP1;SMAD5;PPP2CA;CREBBP"
"KEGG_Purine_metabolism%mmu00230",0.0515021459227468,0.140133745882823,0.394187145974742,1.42618739686416,11,45,"CANT1;DCK;PRPS2;PAPSS2;PPAT;PDE3B;ADA;PRPS1L3;AMPD3;AK6;PDE6D;ADCY7"
"KEGG_T_cell_receptor_signaling_pathway%mmu04660",0.0515021459227468,0.140133745882823,0.383003698261889,1.38718430816415,11,47,"MAP3K7;NFATC1;MAPK1;MAPK14;NFATC3;PIK3CD;MAPK3;PDPK1;PIK3CB;MAP2K2;PIK3R1;IKBKB;CDK4;TEC"
"RA_Translesion_synthesis_by_Y_family_DNA_polymerases_bypasses_lesions_on_DNA_template%R-MMU-110313",0.0191740412979351,0.142118863049096,-0.56692518625351,-1.54309784616411,12,26,"PCLAF;RFC4;PCNA;RPS27A;POLE3;RCHY1;RFC3;VCP;POLE4;RPA3"
"RA_Cytoprotection_by_HMOX1%R-MMU-9707564",0.0192592592592593,0.142118863049096,-0.56680723237239,-1.52769862711554,12,25,"COX5A;COX20;COX8A;HDAC3;LRPPRC;SURF1;BLVRA;COX6B1;COX7B;COX4I1;HMOX2;NDUFA4;SIN3B"
"RA_Transport_of_Mature_mRNA_derived_from_an_Intron-Containing_Transcript%R-MMU-159236",0.0193798449612403,0.142118863049096,-0.475999965224638,-1.51171502684795,14,62,"RANBP2;SRRM1;SRSF5;ALYREF;UPF3B;SRSF7;NUP37;THOC1;NUP43;SEC13;CASC3;TPR;THOC3;NUP93;MAGOH;SARNP;THOC5;SRSF9;EIF4A3"
"KEGG_Cellular_senescence%mmu04218",0.0535714285714286,0.144088669950739,0.329943140426753,1.33080908105768,8,93,"ZFP36L2;NFATC1;HIPK1;E2F4;MCU;MAPK1;HIPK2;H2-Q6;MAPK14;RASSF5;NFATC3;PIK3CD;MAPK3;TSC2;LIN54;PIK3CB;MAP2K2;PIK3R1;RB1;CDK6;TGFBR1;ETS1;RBL1;CCND3;CDK4;FOXM1;E2F1"
"WP_Eukaryotic_Transcription_Initiation%WP567",0.0546218487394958,0.145658263305322,-0.508705047837087,-1.42246473132751,38,30,"GTF2F2;POLR2G;CCNH;TAF9;MNAT1;GTF2B;GTF2A2;CDK7"
"WP_Kit_Receptor_Signaling_Pathway%WP407",0.0538461538461539,0.145658263305322,0.409791135638867,1.45626538629007,13,40,"SOCS6;CRK;PTPN11;MAPK1;LYN;CRKL;STAT1;JAK2;PIK3R1;SH2B2;SH3KBP1;STAT3;TEC;CSF2RB;PRKCB;AKT1;PIK3CG;KIT;ABL1;PTPN6;MAP2K1;STAT5B;FES;INPP5D"
"KEGG_Progesterone-mediated_oocyte_maturation%mmu04914",0.0552995391705069,0.145918367346939,0.372776930220374,1.36164011516444,11,52,"ANAPC16;MAPK1;MAPK14;PRKACA;ARAF;PIK3CD;ANAPC5;MAPK3;GNAI3;PDE3B;PIK3CB;PIK3R1;BRAF;IGF1R;ADCY7"
"KEGG_Thyroid_hormone_synthesis%mmu04918",0.0557377049180328,0.145918367346939,0.453664609252781,1.45197425049837,16,26,"CREB1;ATP1B3;PRKACA;ATF2;GSR;GPX1;GNAS;ATF6B;ADCY7;PRKACB;PLCB2;PRKCB;ATP1A3"
"KEGG_Measles%mmu05162",0.0561224489795918,0.145918367346939,0.350963334126969,1.33557000041928,10,67,"TRAF6;MAP3K7;IKBKE;BID;PIK3CD;TBK1;STAT1;PIK3CB;EIF3H;PIK3R1;IRAK4;CDK6;IKBKB;CCND3;IRF9;STAT3;CDKN1B;CDK4;MYD88;EIF2AK2;CASP8;MSN;ADAR;STAT2;NFKB1;AKT1;RELA;MAPK9;EIF2AK4"
"KEGG_Dopaminergic_synapse%mmu04728",0.0567685589519651,0.14597629444791,0.367747153080121,1.329618469905,12,48,"PPP2R5C;CREB1;MAPK14;PRKACA;GNG12;ATF2;GNAI3;PPP2R2A;PPP2CB;GNAS;ATF6B;KIF5B;PRKACB;PPP2R5D;PPP2CA;PLCB2;PPP2R5E;PRKCB;AKT1;MAPK9;GNAQ"
"KEGG_FoxO_signaling_pathway%mmu04068",0.0576923076923077,0.146648701156269,0.357836081340453,1.33855396516908,11,59,"MAPK1;MAPK14;ARAF;PIK3CD;MAPK3;CAT;PRKAG1;PDPK1;PIK3CB;MAP2K2;PIK3R1;BRAF;SGK3;IKBKB;STK11;TGFBR1;STAT3;IGF1R;SMAD4;CDKN1B;USP7"
"KEGG_Salivary_secretion%mmu04970",0.0589101620029455,0.146648701156269,-0.545450829530112,-1.44840307798779,39,22,"CAMP;LYZ2;CALM2;ATP2B4"
"KEGG_Prostate_cancer%mmu05215",0.0582959641255605,0.146648701156269,0.374796159735792,1.35467010693112,12,49,"CREB1;MAPK1;ARAF;PIK3CD;MAPK3;PDPK1;PIK3CB;PDGFRB;MAP2K2;PIK3R1;BRAF;RB1;IKBKB;IGF1R;CDKN1B;E2F1;CREBBP;NFKB1;AKT1;ERG;RELA"
"BP_protein_folding%0006457",0.00365408038976857,0.147576147576148,-0.47591063187603,-1.57184370872899,2,83,"RANBP2;DNAJC1;PPIA;PPIG;TTC4;HSPD1;CWC27;VBP1;PPIB;WDR83OS;HSP90AA1;PDIA3;DNAJB11;HSP90B1;CLPX;PDRG1;CCT8;PFDN5;PFDN4;ERP44;FKBP8;TBCA;STUB1;PFDN2;PPIE;PTGES3;HSP90AB1;NUDCD3;NKTR;QSOX1;HSPA9;PPID;DNAJB6;TBCE;HSPE1;PDIA4;AHSA1;MESD;AHSA2;CCT5;DNAJA3"
"BP_MAPK_cascade%0000165",0.00386100386100386,0.147576147576148,0.602387272519191,2.11102138513357,0,45,"ZFP36L2;MAP3K7;MAP3K20;IGFBP4;MAP3K3;MAP3K11;MAPK1;MEN1;MAPK14;MAP3K5;TAOK3;PXN;ARAF;MAPK3;SPAG9;ATF2;AKAP13;MAP2K2;BRAF;NF2;IGF1R;TAOK2;BRAP"
"BP_JNK_cascade%0007254",0.00348432055749129,0.147576147576148,0.658292339659895,2.17036824956084,0,32,"TRAF6;MAP3K7;MAP3K20;MAPK6;MAP3K11;MAPK1;MAPK14;MAP3K5;MAPK3;ATF2;MAP2K2;IRAK4;DAXX;PBK;MYD88"
"BP_positive_regulation_of_cysteine-type_endopeptidase_activity%2001056",0.00381679389312977,0.147576147576148,-0.505997612675869,-1.59109265446271,2,58,"S100A9;S100A8;AIFM1;CASP1;ANP32B;PDCD5;HSPD1;RPS27L;CTSD;FAS;VCP;MTCH2;HTRA2;BCL10;PYCARD;LAPTM5;HMGB1;FAM162A;AIM2;IFT57;PDCD6"
"BP_mitochondrial_translation%0032543",0.00379746835443038,0.147576147576148,-0.510323499855325,-1.61345869496704,2,60,"MRPS18C;MRPS33;MRPL20;DAP3;MRPS30;MRPL21;IARS2;MRPL1;MRPS17;MRPL48;MRPL23;MRPS14;MRPL39;CHCHD1;MRPS22;MRPS15;MRPL43;MRPS16;AURKAIP1;MRPL24;MRPL28;MRPL19;MRPS9;PTCD3;MRPS5;MRPS35;GADD45GIP1;MRPS28"
"KEGG_AGE-RAGE_signaling_pathway_in_diabetic_complications%mmu04933",0.0604838709677419,0.148981324278438,0.385227593360143,1.36726739142098,14,41,"NFATC1;MAPK1;MAPK14;ICAM1;PIK3CD;MAPK3;STAT1;PIK3CB;JAK2;PIK3R1;TGFBR1;STAT3;SMAD4;CDKN1B;CDK4;PLCB2;PLCG2;PRKCB;NFKB1;AKT1;RELA;MAPK9"
"KEGG_VEGF_signaling_pathway%mmu04370",0.0612903225806452,0.149395161290323,0.43281036885168,1.4040095995762,18,27,"MAPK1;MAPK14;PXN;PIK3CD;MAPK3;MAPKAPK3;PIK3CB;MAP2K2;PIK3R1;MAPKAPK2;PLCG2;PRKCB;AKT1"
"WP_IL-1_Signaling_Pathway%WP37",0.0594059405940594,0.15017667844523,0.431374468266591,1.38439735615578,17,26,"TRAF6;MAP3K7;PTPN11;MAPK1;MAPK3;IRAK4;MYD88;CAPN1"
"WP_Wnt_Signaling_Pathway_and_Pluripotency%WP723",0.0600706713780919,0.15017667844523,0.410599420809889,1.4461457514027,16,37,"MAP3K7;NFYA;PPP2R5C;CTBP1;PPP2R2A;PPP2CB;CTBP2;CCND3;LDLR;LRP5;PPP2CA;PRKCI;CREBBP;PPP2R5E;PRKCB"
"KEGG_Human_cytomegalovirus_infection%mmu05163",0.0647482014388489,0.156196692130831,0.322527943497014,1.31509031503805,8,111,"CRK;NFATC1;GNA13;CREB1;MAPK1;H2-Q6;MAPK14;BID;PRKACA;GNG12;PXN;NFATC3;PIK3CD;CGAS;MAPK3;ATF2;GNAI3;TSC2;AKAP13;TBK1;CRKL;PIK3CB;GNAS;MAP2K2;PIK3R1;RB1;CDK6;IKBKB;ATF6B;STAT3;ADCY7;CDK4;E2F1;PRKACB;SP1"
"BP_defense_response_to_Gram-negative_bacterium%0050829",0.00594353640416048,0.159406858202039,-0.66499993719656,-1.68743303266882,3,18,"CAMP;LYZ2;RPL30;CASP1;MPEG1;RPS19;HMGB2;PYCARD;B2M"
"BP_double-strand_break_repair%0006302",0.0053835800807537,0.159406858202039,-0.551561060159429,-1.65697609481039,3,45,"BRCA2;PARP1;MSH2;CSNK2A1;HPF1;PARP2;VCP;INO80;SETX;TRIP13;MRE11A;BABAM2;DDX1;NBN;SMCHD1;MPND;ACTR8;TDP2;UIMC1;ATR"
"BP_Golgi_organization%0007030",0.00523560209424084,0.159406858202039,0.473496718147538,1.83187840503736,0,68,"VMP1;TMED2;DYM;TMED7;COG1;ZW10;SEC16A;TBC1D20;GBF1;COG2;VCPIP1;COG6;GOLPH3L;TRAPPC12;COG8;COG3;CLASP2;TRAPPC8;PI4K2B;TRAPPC11;CLASP1;COG5;ARL1;SEC16B;BLZF1;HTT"
"BP_endocytosis%0006897",0.00598802395209581,0.159406858202039,0.388290578724106,1.5456158909449,0,88,"EPN1;GAPVD1;MYO1C;DNM1L;MYO1G;RAB5A;RINL;REPS1;AP3M1;CSNK1G2;RAB5B;SYNRG;HIP1;PIK3CB;INPPL1;DENND1B;RABEP1;RABEP2;EHD4;ANKFY1;LDLR;LRP5;RAB31;ESYT2;EPS15;SNX18;SNX10;TBC1D2B;MYO7A;SCAMP1;HEATR5A;DNM2;PIK3CG;FNBP1L;DENND1C;HEATR5B;EHD1;MTMR6;EPS15L1;MYO1F;ITSN2;LRRK2;FLOT1;EEA1;PIK3C2A;MTMR9;WASF2"
"BP_protein_K48-linked_deubiquitination%0071108",0.00552486187845304,0.159406858202039,0.670585972056191,1.82546272677833,1,15,"BAP1;USP25;OTUD4;VCPIP1;ATXN3;OTUB1;OTUD5;USP8"
"BP_phosphatidylinositol_dephosphorylation%0046856",0.00589970501474926,0.159406858202039,0.655322694079714,1.84246905890501,1,17,"MTMR2;MTMR4;MTMR3;INPP5B;INPPL1;MTMR1;SACM1L;MTMR6;OCRL;INPP5K;SYNJ1;FIG4;INPP5D;MTM1;MTMR9"
"BP_positive_regulation_of_JUN_kinase_activity%0043507",0.00602409638554217,0.159406858202039,0.65762043075355,1.95235805087139,1,20,"TRAF6;MAP3K7;MAP3K11;MAP3K5;ZEB2;TAOK3;SYK"
"BP_regulation_of_cytokine_production%0001817",0.00552486187845304,0.159406858202039,0.68346796561231,1.8605299665704,1,15,"MYNN;ICOSL;ZBTB34;PATZ1;LYN;ELF1;UBASH3A;ZFP131"
"KEGG_DNA_replication%mmu03030",0.0695035460992908,0.16263829787234,-0.49442520955284,-1.40166130868979,48,32,"RFC4;SSBP1;PCNA;POLE3;RFC3;MCM7;POLE4;RNASEH2C;RPA3;PRIM1;RNASEH2B;MCM5;RPA2;LIG1;RNASEH2A;MCM2;RPA1"
"KEGG_IL-17_signaling_pathway%mmu04657",0.0693430656934307,0.16263829787234,0.393975513536054,1.35332422201727,18,35,"TRAF6;MAP3K7;MAPK6;SRSF1;MAPK1;MAPK14;IKBKE;USP25;ELAVL1;ANAPC5;MAPK3"
"KEGG_Fc_epsilon_RI_signaling_pathway%mmu04664",0.0688405797101449,0.16263829787234,0.398332722924053,1.38064902919947,18,36,"MAPK1;MAPK14;GAB2;LYN;PIK3CD;MAPK3;SYK;PDPK1;PIK3CB;MAP2K2;PIK3R1"
"KEGG_Nucleocytoplasmic_transport%mmu03013",0.0704738760631835,0.163276108898861,-0.395797317450974,-1.3112016765031,57,86,"RANBP2;SRRM1;SUMO1;ALYREF;UPF3B;NUP37;TMEM33;PNN;EEF1A1;THOC1;NUP43;SEC13;UBE2I;CASC3;TPR;SUMO2;RANGAP1;THOC3;NUP93;MAGOH;THOC5;NMD3;UPF2;XPO1;EIF4A3"
"KEGG_Lipid_and_atherosclerosis%mmu05417",0.0731707317073171,0.167862266857963,0.321218396388786,1.2973921701993,11,97,"TRAF6;MAP3K7;NFATC1;OLR1;MAPK1;MAPK14;MAP3K5;IKBKE;BID;NFATC3;LYN;ICAM1;PIK3CD;MAPK3;RXRB;TBK1;PDPK1;PIK3CB;JAK2;PIK3R1;IRAK4;IKBKB;LDLR;STAT3;RAP1B"
"KEGG_B_cell_receptor_signaling_pathway%mmu04662",0.074235807860262,0.168652223682537,0.361296957788992,1.30629728652738,16,48,"NFATC1;MAPK1;NFATC3;LYN;DAPP1;PIK3CD;MAPK3;SYK;PIK3CB;INPPL1;MAP2K2;PIK3R1;IKBKB"
"KEGG_RNA_polymerase%mmu03020",0.0766917293233083,0.170912996777658,-0.563824059737296,-1.41740280703258,50,18,"POLR2G;POLR3GL"
"KEGG_cAMP_signaling_pathway%mmu04024",0.076530612244898,0.170912996777658,0.341735127796205,1.26571705236933,14,61,"NFATC1;PLD1;CREB1;MAPK1;ATP2A3;ATP1B3;PRKACA;PIK3CD;MAPK3;GNAI3;PDE3B;PIK3CB;GNAS;MAP2K2;PIK3R1;BRAF;ADCY7;RAP1B;PRKACB;ACOX3;ABCC4;CREBBP;NFKB1;ATP1A3;AKT1;VAV3;RELA;MAPK9"
"BP_negative_regulation_of_canonical_Wnt_signaling_pathway%0090090",0.00719424460431655,0.172163555377609,0.512157285456361,1.74261999258126,1,37,"TLE3;TLE5;TLE4;JADE1;MAPK14;FRMD8;LATS1;EMD;SOX13;OTUD5;STK11;SMAD4;STK3;TMEM131L"
"BP_reactive_oxygen_species_metabolic_process%0072593",0.00725689404934688,0.172163555377609,-0.637995559017839,-1.69113748580977,4,22,"NDUFS1;NDUFS3;SOD1;NDUFA13;PRDX4;VAV1;NDUFS4;NDUFS6"
"BP_neutrophil_chemotaxis%0030593",0.00725689404934688,0.172163555377609,-0.642606819054947,-1.70336057199797,4,22,"S100A9;S100A8;LGALS3;PPIA;PPIB;FCGR3;VAV1"
"RA_Phospholipid_metabolism%R-MMU-1483257",0.0246305418719212,0.172853284524899,0.362105013607892,1.41046314078173,4,75,"MTMR2;MTMR14;PLEKHA3;ARF3;GPD1L;MTMR4;VAC14;MTMR3;DDHD2;PLEKHA2;RAB5A;PIK3CD;PNPLA8;OSBPL8;ETNK1;PIK3CB;INPPL1;PIK3R1;PI4K2B;MTMR1"
"RA_Amino_acids_regulate_mTORC1%R-MMU-9639288",0.0250737463126844,0.172853284524899,-0.552582211331955,-1.50405810292162,16,26,"ATP6V1G1;LAMTOR4;ATP6V1D;SEC13;RHEB;RRAGC;LAMTOR5;LAMTOR3;ATP6V1H;ATP6V1F;ATP6V0D1;ATP6V0C;SEH1L;FNIP1;ATP6V1E1;LAMTOR2;ATP6V0B;TCIRG1"
"RA_Cellular_response_to_starvation%R-MMU-9711097",0.0250737463126844,0.172853284524899,-0.552582211331955,-1.50405810292162,16,26,"ATP6V1G1;LAMTOR4;ATP6V1D;SEC13;RHEB;RRAGC;LAMTOR5;LAMTOR3;ATP6V1H;ATP6V1F;ATP6V0D1;ATP6V0C;SEH1L;FNIP1;ATP6V1E1;LAMTOR2;ATP6V0B;TCIRG1"
"RA_Toll_Like_Receptor_9_(TLR9)_Cascade%R-MMU-168138",0.025089605734767,0.172853284524899,0.462403752431646,1.60780418132406,6,40,"TRAF6;MAP3K7;CREB1;MAPK1;MAPK14;MAPK3;ATF2;MAPKAPK3;PPP2CB;CUL1;IKBKB;RPS6KA5;ATF1;CASP8;PPP2CA;MAPKAPK2;NFKB1;RELA;FBXW11;MAPK9;UBC"
"RA_mTORC1-mediated_signalling%R-MMU-166208",0.0253565768621236,0.172853284524899,-0.627087563978881,-1.55478364855623,15,17,"LAMTOR4;RHEB;RRAGC;EIF4G1;LAMTOR5;LAMTOR3;RPS6"
"RA_Interleukin-3,_Interleukin-5_and_GM-CSF_signaling%R-MMU-512988",0.0263157894736842,0.176900584795322,0.489714058996454,1.57599284251117,7,28,"CRK;PTPN11;YWHAZ;PRKACA;LYN;PIK3CD;SYK;CRKL;PIK3CB;INPPL1;JAK2;PIK3R1"
"KEGG_Alcoholism%mmu05034",0.0807692307692308,0.178301886792453,0.381727726708186,1.3424770972921,20,39,"CREB1;MAPK1;PRKACA;GNG12;ARAF;MAPK3;ATF2;GNAI3;GNAS;BRAF;ATF6B"
"KEGG_Hippo_signaling_pathway%mmu04390",0.0823045267489712,0.179993077189339,0.367642876894262,1.31313745520983,19,42,"SCRIB;YWHAZ;YWHAG;PPP2R2A;PPP2CB;LATS1;CTNNA1;TGFBR1;NF2;CCND3;SMAD4;STK3;PPP2CA;PRKCI"
"BP_intracellular_signal_transduction%0035556",0.0078740157480315,0.180577427821522,0.440752880152485,1.88903409187277,0,150,"SOCS6;NFATC1;PRKD3;STK24;PLD1;MAP3K20;MAPK6;GNA13;ABR;MAP3K3;DGKZ;MAPK1;MAPK14;ARFGEF2;GAB2;DNMBP;LRRK1;CAB39;LYN;SHOC2;NFAM1;MAPK3;PNPLA8;SYK;MAPKAPK3;MCF2L;DEPDC1B;MAST3;PDPK1;PDGFRB;PREX1;JAK2;PKN1;SGK3;IRAK4;PINK1;SH2B2;RASA3;ECT2;TGFBR1;RSU1;SLK;RPS6KA5;ADCY7;SMAD4;PKN2;NRG2"
"WP_Wnt_Signaling_Pathway_NetPath%WP539",0.075,0.181818181818182,0.357407850564889,1.2919293098549,17,46,"MAP3K7;TCF3;TBP;MAPK1;HIPK2;CTBP1;MAPK3;MYB;CTBP2;SENP2;CUL1"
"RA_SUMOylation_of_DNA_replication_proteins%R-MMU-4615885",0.0279329608938548,0.185199357159256,-0.511971725650453,-1.50728393380429,19,38,"RANBP2;SUMO1;PCNA;NUP37;NUP43;UBE2I;TPR;SUMO2;RANGAP1;TOP2A;INCENP;NUP93"
"WP_MicroRNAs_in_Cardiomyocyte_Hypertrophy%WP1560",0.0788381742738589,0.185501586526727,0.355056434537812,1.27307302991581,18,45,"MAPK1;MAPK14;IKBKE;PIK3CD;MAPK3;PDPK1;PIK3CB;MAP2K2;PIK3R1;IKBKB;STAT3;IGF1R;LRP5;PLCB2;PRKCB;NFKB1;AKT1;PIK3CG;HDAC4"
"KEGG_PI3K-Akt_signaling_pathway%mmu04151",0.0875912408759124,0.18978102189781,0.300674276499321,1.23363947432834,11,117,"CSF3R;PPP2R5C;CREB1;MAPK1;YWHAZ;GNG12;YWHAG;PIK3CD;MAPK3;ATF2;MYB;TSC2;PPP2R2A;SYK;PPP2CB;PDPK1;PIK3CB;PDGFRB;MAP2K2;JAK2;PIK3R1;PKN1;SGK3;CDK6;IKBKB;STK11;ATF6B;CCND3;ITGB5;IGF1R;PKN2;CDKN1B;CDK4"
"BP_defense_response_to_Gram-positive_bacterium%0050830",0.0097629009762901,0.191910739191074,-0.579721090576019,-1.65405111428409,6,33,"CAMP;LYZ2;H2-T23;MPEG1;FAU;HMGB2;PGLYRP1;RPL39;PYCARD;GBP3;PPP1R11"
"BP_chromatin_looping%0140588",0.00948991696322657,0.191910739191074,-0.431641895302821,-1.4641936134131,7,101,"ATRX;DHX9;CHD4;YTHDC2;AFG3L1;RNF213;SPG7;CHD6;BLM;DDX6;DDX5;CHD2;VCP;INO80;MCM7;DDX21;EIF4A2;AFG3L2;SNRNP200;DDX46;DDX1;ASCC3;EIF4A3;SMPDL3A;DDX3Y;SMCHD1;CHD8;ATAD2;DDX27;MCM5;PCBP2;YME1L1;DDX18;DHX36;DDX3X"
"BP_protein_phosphorylation%0006468",0.00869565217391304,0.191910739191074,0.342922214601046,1.49005632530868,0,162,"MAP3K7;HIPK1;STK24;MAP3K20;MAPK6;CREB1;CTSG;MAP3K11;MAPK1;YWHAZ;HIPK2;MAPK14;MAP3K5;PRKACA;TAOK3;NEK2;LYN;LMTK2;MAPK3;PRKAG1;SYK;LATS1;TBK1;CLK3;MAP2K2;PIK3R1;BRAF;PKN1;PINK1;CDK6;IKBKB;STK11;RPS6KA5;IGF1R;PKN2;CDK4;PBK;RB1CC1;PRKACB;EIF2AK2;SMAD5;STK3;ADAM10;HIPK3;PRKCI;DYRK1A;MAPKAPK2;STK16;GRK2;NEK7;PRKCB;PLK1;MAP4K1;PTPRA;AKT1;STK25;CCNB1;PIK3CG;MAPK9;EIF2AK4;CHEK2;PASK;KIT"
"BP_osteoblast_differentiation%0001649",0.00903614457831325,0.191910739191074,0.622371944527651,1.84771156690296,2,20,"MAP3K7;IFT80;MAPK14;ASF1A;CBFB;SMAD4;FOSL2;SMAD5;ADAR;FIGNL1;AKT1;HDAC4"
"BP_positive_regulation_of_inflammatory_response%0050729",0.00962861072902338,0.191910739191074,-0.569666917231744,-1.63787507631562,6,34,"S100A9;S100A8;CTSS;CASP1;DHX9;LGALS1;CD47"
"KEGG_Endocytosis%mmu04144",0.0894308943089431,0.191989259342135,0.287954033777202,1.22336797134241,10,140,"TRAF6;CHMP1B;CYTH1;PLD1;AP2A2;EPN1;ARF3;MVB12B;PML;H2-Q6;PSD4;ARF6;AP2M1;ARFGEF2;SNX2;RAB5A;CHMP7;GBF1;AP2A1;GIT2;RAB5B;WASHC4;RAB7;RABEP1;SH3KBP1;GRK6;TGFBR1;EHD4;STAM;LDLR;AP2B1;IGF1R;SNF8;LDLRAP1;ACAP2;STAM2;KIF5B;VPS26A;CYTH4;RAB31;USP8;EPS15;VPS26B"
"RA_Formation_of_the_Early_Elongation_Complex%R-MMU-113418",0.0301659125188537,0.197301373771962,-0.587770958972724,-1.54219779088897,19,21,"GTF2F2;POLR2G;CCNH;MNAT1;GTF2F1;CDK7;POLR2F"
"RA_DNA_Repair%R-MMU-73894",0.0318181818181818,0.198219373219373,-0.381467939588935,-1.35319546980912,27,150,"POLR2G;BRCA2;PCLAF;HERC2;RFC4;SUMO1;MSH2;BARD1;PCNA;RPS27A;CCNH;PARP2;POLE3;RCHY1;RFC3;BLM;UBE2I;TIMELESS;MNAT1;CENPX;VCP;INO80;ACTG1;SUMO2;CETN2;CDK7;UBE2V2;POLE4;MBD4;POLR2F;RPA3;CHEK1;BABAM2;NBN;PPP4C;PPIE;RMI1;UBE2B;TIPIN;TRIM25;COPS3;ACTR8;XAB2;TDP2;LIG1;UBA7;UIMC1;UBXN1"
"RA_Toll_Like_Receptor_4_(TLR4)_Cascade%R-MMU-166016",0.032258064516129,0.198219373219373,0.394936069777293,1.45458197949338,7,52,"TRAF6;MAP3K7;PTPN11;CREB1;MAPK1;MAPK14;IKBKE;MAPK3;ATF2;MAPKAPK3;PPP2CB;TBK1;CUL1;IKBKB;RPS6KA5;ATF1;CASP8;PPP2CA;MAPKAPK2;PLCG2;NFKB1;DNM2;RELA;FBXW11;MAPK9;UBC"
"RA_RNA_Polymerase_II_Promoter_Escape%R-MMU-73776",0.0327635327635328,0.198219373219373,-0.531397995053489,-1.5082608145852,22,31,"GTF2F2;POLR2G;CCNH;TAF15;TAF9;MNAT1;GTF2B;GTF2A2;GTF2F1;CDK7;POLR2F;TAF10"
"RA_RNA_Polymerase_II_Transcription_Pre-Initiation_And_Promoter_Opening%R-MMU-73779",0.0327635327635328,0.198219373219373,-0.531397995053489,-1.5082608145852,22,31,"GTF2F2;POLR2G;CCNH;TAF15;TAF9;MNAT1;GTF2B;GTF2A2;GTF2F1;CDK7;POLR2F;TAF10"
"RA_RNA_Polymerase_II_Transcription_Initiation%R-MMU-75953",0.0327635327635328,0.198219373219373,-0.531397995053489,-1.5082608145852,22,31,"GTF2F2;POLR2G;CCNH;TAF15;TAF9;MNAT1;GTF2B;GTF2A2;GTF2F1;CDK7;POLR2F;TAF10"
"RA_RNA_Polymerase_II_Transcription_Initiation_And_Promoter_Clearance%R-MMU-76042",0.0327635327635328,0.198219373219373,-0.531397995053489,-1.5082608145852,22,31,"GTF2F2;POLR2G;CCNH;TAF15;TAF9;MNAT1;GTF2B;GTF2A2;GTF2F1;CDK7;POLR2F;TAF10"
"BP_cellular_oxidant_detoxification%0098869",0.0104477611940299,0.199668325041459,-0.641971819367015,-1.66181256495905,6,20,"S100A9;S100A8;HP;PRDX5;PRDX4;SELENOW"
"RA_Processing_of_DNA_double-strand_break_ends%R-MMU-5693607",0.0335766423357664,0.20036568116742,-0.537230730192447,-1.50371111036245,22,30,"RFC4;RFC3;BLM;UBE2I;TIMELESS;SUMO2;UBE2V2;RPA3;CHEK1;BABAM2;PPP4C;RMI1;TIPIN;UIMC1"
"RA_Regulated_Necrosis%R-MMU-5218859",0.0339462517680339,0.20036568116742,-0.51221991549129,-1.47750096784924,23,34,"CASP1;CHMP2A;RPS27A;FAS;HSP90AA1;BIRC3;CHMP4B;HMGB1;UBE2L3;CHMP3;STUB1;GSDMD;CHMP2B"
"RA_SUMOylation_of_SUMOylation_proteins%R-MMU-4085377",0.0356125356125356,0.205196038529372,-0.527044134798071,-1.49590330312194,24,31,"RANBP2;SUMO1;NUP37;NUP43;SEC13;UBE2I;TPR;SUMO2;NUP93"
"RA_mRNA_Capping%R-MMU-72086",0.0354938271604938,0.205196038529372,-0.606329080732117,-1.53632664154866,22,18,"GTF2F2;POLR2G;CCNH;MNAT1;GTF2F1;CDK7;POLR2F"
"RA_Postmitotic_nuclear_pore_complex_(NPC)_reformation%R-MMU-9615933",0.0361990950226244,0.205585642986089,-0.580524107604915,-1.52318344865289,23,21,"SUMO1;NUP37;NUP43;SEC13;UBE2I;RANGAP1;NUP93"
"RA_Lysosome_Vesicle_Biogenesis%R-MMU-432720",0.0365296803652968,0.205585642986089,-0.59351864630898,-1.52468729012704,23,19,"VAMP8;CHMP2A;AP1S2;BLOC1S1;CTSZ;CLTC;AP1B1"
"KEGG_Glycolysis_/_Gluconeogenesis%mmu00010",0.0988700564971751,0.208723575060209,-0.474905175619075,-1.34055043520698,69,31,"DLD;PDHB;ALDH2;PGK1;MINPP1;PCK2;ADH5"
"KEGG_Necroptosis%mmu04217",0.099009900990099,0.208723575060209,-0.393449538385652,-1.27281095913567,79,73,"AIFM1;CASP1;PPIA;PARP1;IFNAR2;CHMP2A;CHMP5;FAS;SLC25A4;CYBB;HSP90AA1;PYCARD;BIRC3;STAT4;CHMP4B;HMGB1;VDAC3;CHMP3;SQSTM1;FTH1;CHMP2B;HSP90AB1;PLA2G4A"
"BP_regulation_of_DNA-templated_transcription%0006355",0.0113636363636364,0.211302211302211,0.335514201788561,1.50449411107242,0,198,"NFYB;YAF2;NFYA;CEBPG;TRP53BP1;TCF3;TLE3;NFYC;E2F4;MXI1;PML;JADE1;MLF2;CREB1;SRSF10;DACH1;MAPK14;NR1H2;PATZ1;SP3;YY1;ATF7IP;SETD5;NFATC3;CASZ1;ETV6;IKZF1;VPS72;BRD1;USF1;ELF1;ZBTB7A;ATF2;MYB;KDM5C;AEBP2;LIN54;HCFC2;RNF141;NR2C2;PRMT7;SREBF2;STAT1;MAX;RUNX1;ZHX1;SOX13;RB1;TGFBR1;PIAS2;ATF6B;BDP1;STAT3;FLI1;RPS6KA5;LRRFIP1;SMAD4;DAXX"
"WP_IL-9_Signaling_Pathway%WP10",0.0928792569659443,0.212295444493587,0.504022951082602,1.44221881504245,29,17,"PTPN11;MAPK1;MAPK3;STAT1;MAP2K2;PIK3R1;STAT3"
"BP_adenylate_cyclase-activating_G_protein-coupled_receptor_signaling_pathway%0007189",0.0117994100294985,0.213631423691973,0.633332444636118,1.78064248924176,3,17,"GNA13;PRKAR2A;PRKAR2B;PRKACA;ADGRG3;GNAS;ADCY7"
"KEGG_Small_cell_lung_cancer%mmu05222",0.102272727272727,0.213676948051948,0.371729782791407,1.2927295136747,26,38,"TRAF6;PIK3CD;RXRB;PIK3CB;MAX;PIK3R1;RB1;CDK6;IKBKB;CDKN1B;CDK4;E2F1"
"KEGG_Homologous_recombination%mmu03440",0.103299856527977,0.213912977234926,-0.492958471276885,-1.34996149431779,71,26,"BRCA2;SSBP1;BARD1;SEM1;BLM;MRE11A;RPA3;BABAM2;NBN"
"RA_Opioid_Signalling%R-MMU-111885",0.0384615384615385,0.213969938107869,0.535585994408884,1.60625737230598,12,20,"PRKAR2B;PRKACA;GNG12;GNAI3;PPP2CB;ADCY7;PRKACB;PPP2CA;PLCB2;GRK2;GNA15"
"RA_TP53_Regulates_Transcription_of_DNA_Repair_Genes%R-MMU-6796648",0.0393013100436681,0.216157205240175,-0.533205349340826,-1.48812859791701,26,29,"GTF2F2;POLR2G;ELOC;CCNH;MNAT1;GTF2F1;CDK7;POLR2F"
"RA_Nucleotide_Excision_Repair%R-MMU-5696398",0.0402010050251256,0.218018018018018,-0.420811027161905,-1.39192785187596,31,76,"POLR2G;RFC4;SUMO1;PCNA;RPS27A;CCNH;PARP2;POLE3;RFC3;UBE2I;MNAT1;INO80;ACTG1;SUMO2;CETN2;CDK7;UBE2V2;POLE4;POLR2F;RPA3"
"RA_Transcriptional_Regulation_by_E2F6%R-MMU-8953750",0.0405405405405405,0.218018018018018,0.54960757708882,1.55896853000249,14,16,"E2F6;YAF2;BMI1;MAX;EHMT1;L3MBTL2;EPC1;RBBP7"
"RA_Neurotransmitter_receptors_and_postsynaptic_signal_transmission%R-MMU-112314",0.0414201183431953,0.220300409649522,0.523422869179159,1.56977936546024,13,20,"PRKAR2B;CREB1;PRKACA;GNG12;AP2A1;GNAI3;AP2B1;ADCY7;PRKACB;PLCB2;PRKCB"
"KEGG_Melanogenesis%mmu04916",0.108196721311475,0.220396630212966,0.409134352785563,1.30945313591334,32,26,"CREB1;MAPK1;PRKACA;MAPK3;GNAI3;GNAS;MAP2K2;ADCY7;PRKACB;CREBBP;PLCB2;PRKCB;KIT;GNAQ;MAP2K1"
"KEGG_GnRH_secretion%mmu04929",0.108626198083067,0.220396630212966,0.451569755104641,1.33798151384613,33,20,"MAPK1;PIK3CD;MAPK3;PIK3CB;MAP2K2;PIK3R1;PLCB2;PRKCB;AKT1;GNAQ;MAP2K1"
"KEGG_Systemic_lupus_erythematosus%mmu05322",0.109256449165402,0.220396630212966,-0.571240116945904,-1.36775604999689,71,15,"SNRPD3;SNRPD1;SSB;FCGR3"
"RA_HDMs_demethylate_histones%R-MMU-3214842",0.0432432432432432,0.222656699252444,0.545064803677208,1.54608289835755,15,16,"KDM2B;PHF2;RIOX2;KDM5C;KDM7A;KDM6B;KDM2A"
"RA_DNA_Double_Strand_Break_Response%R-MMU-5693606",0.0427728613569322,0.222656699252444,-0.536416164588327,-1.46005619135383,28,26,"HERC2;SUMO1;BARD1;RPS27A;UBE2I;UBE2V2;BABAM2;NBN;UIMC1;UBXN1"
"RA_RNA_Pol_II_CTD_phosphorylation_and_interaction_with_CE%R-MMU-77075",0.0427892234548336,0.222656699252444,-0.605716553629565,-1.50179695363054,26,17,"GTF2F2;POLR2G;CCNH;MNAT1;GTF2F1;CDK7;POLR2F"
"RA_Transmission_across_Chemical_Synapses%R-MMU-112315",0.0437710437710438,0.223001949317739,0.465072668681757,1.52161177234463,12,32,"PRKAR2B;SLC38A1;CREB1;PRKACA;GNG12;AP2A1;GNAI3;ARL6IP5;LIN7C;PPFIA1;AP2B1;ADCY7;PRKACB"
"RA_Recruitment_and_ATM-mediated_phosphorylation_of_repair_and_signaling_proteins_at_DNA_double_strand_breaks%R-MMU-5693565",0.0444444444444444,0.224074074074074,-0.536782819728087,-1.44677472326084,29,25,"HERC2;SUMO1;BARD1;RPS27A;UBE2I;UBE2V2;BABAM2;NBN;UIMC1;UBXN1"
"KEGG_Rap1_signaling_pathway%mmu04015",0.11340206185567,0.224882054866329,0.31420074467185,1.2208178364066,21,73,"CRK;RALB;PRKD3;MAPK1;MAPK14;RASSF5;RGS14;PIK3CD;RASGRP2;MAPK3;GNAI3;CRKL;PIK3CB;PDGFRB;GNAS;MAP2K2;PIK3R1;BRAF;SIPA1;KRIT1;IGF1R;ADCY7;RAP1B"
"KEGG_Peroxisome%mmu04146",0.112637362637363,0.224882054866329,-0.456685363560699,-1.32065364586816,81,35,"SCP2;PRDX1;DHRS4;SOD1;PRDX5;CROT"
"RA_COPI-mediated_anterograde_transport%R-MMU-6807878",0.0452674897119342,0.225870773408001,0.380233868268932,1.41987910680809,10,56,"TMED2;KDELR2;ARF3;GOSR2;TMED7;COG1;GBF1;COG2;COG6;COG8;NAPA;BET1"
"KEGG_Yersinia_infection%mmu05135",0.114942528735632,0.226021443059983,0.301806702400515,1.20085481909794,19,84,"TRAF6;MAP3K7;CRK;NFATC1;MAPK1;ELMO2;MAPK14;ARF6;PXN;NFATC3;PIK3CD;MAPK3;GIT2;TBK1;CRKL;PIK3CB;MAP2K2;PIK3R1;PKN1;IRAK4;IKBKB;ELMO1"
"RA_Signaling_by_NTRK1_(TRKA)%R-MMU-187037",0.0471380471380471,0.232804232804233,0.447373197575641,1.46370313695723,13,32,"CRK;CREB1;MAPK1;AP2M1;FRS2;MAPK3;AP2A1;MAPKAPK3;PPP2CB;CRKL;PIK3CB;MAP2K2;PIK3R1;AP2B1;RPS6KA5;ATF1"
"KEGG_Human_immunodeficiency_virus_1_infection%mmu05170",0.119402985074627,0.232835820895522,0.294591814572677,1.19796557779991,15,113,"TRAF6;MAP3K7;CRK;NFATC1;CUL4A;MAPK1;H2-Q6;MAPK14;BID;GNG12;PXN;NFATC3;PIK3CD;CGAS;MAPK3;GNAI3;TBK1;CRKL;PIK3CB;CUL1;MAP2K2;PIK3R1;IRAK4;AP1M1;IKBKB"
"KEGG_GnRH_signaling_pathway%mmu04912",0.127737226277372,0.24500418810578,0.370097074241773,1.2713006718964,34,35,"PLD1;MAP3K3;MAPK1;MAPK14;PRKACA;MAPK3;GNAS;MAP2K2;ADCY7;PRKACB;PLCB2;PRKCB;MAPK9;GNAQ;MAP2K3;SOS2;MAP2K1;MAP2K4"
"KEGG_Thyroid_hormone_signaling_pathway%mmu04919",0.127551020408163,0.24500418810578,0.316872793541936,1.20584048489395,24,67,"MAPK1;ATP2A3;ATP1B3;PRKACA;PIK3CD;MAPK3;MED24;TSC2;RXRB;MED12;STAT1;PDPK1;PIK3CB;MAP2K2;PIK3R1;SLC2A1;MED14;PRKACB;NCOA2;NCOA3;CREBBP;PLCB2;MED27;PLCG2;PRKCB;ATP1A3;AKT1;KAT2A;PFKL;NOTCH1;MAP2K1;PFKP;MYC"
"RA_ER_to_Golgi_Anterograde_Transport%R-MMU-199977",0.0540540540540541,0.249163449163449,0.328557508565387,1.31803211447305,9,88,"TMED2;KDELR2;ARF3;GOSR2;TMED7;COG1;SEC16A;SEC31A;TRAPPC10;SEC24D;TBC1D20;SEC24C;GBF1;COG2;COG6;COG8;NAPA;BET1"
"RA_Gap-filling_DNA_repair_synthesis_and_ligation_in_GG-NER%R-MMU-5696397",0.0540540540540541,0.249163449163449,-0.613023686277046,-1.46894037574844,33,15,"RFC4;PCNA;RPS27A;POLE3;RFC3;POLE4;RPA3"
"RA_Global_Genome_Nucleotide_Excision_Repair_(GG-NER)%R-MMU-5696399",0.0539473684210526,0.249163449163449,-0.441161780920204,-1.384228785725,40,57,"RFC4;SUMO1;PCNA;RPS27A;CCNH;PARP2;POLE3;RFC3;UBE2I;MNAT1;INO80;ACTG1;SUMO2;CETN2;CDK7;UBE2V2;POLE4;RPA3"
"RA_Formation_of_RNA_Pol_II_elongation_complex%R-MMU-112382",0.0518207282913165,0.249163449163449,-0.487593302060056,-1.42835799223036,36,37,"GTF2F2;POLR2G;PAF1;ELOC;CCNH;MNAT1;GTF2F1;CDK7;POLR2F"
"RA_RNA_Polymerase_II_Transcription_Elongation%R-MMU-75955",0.0518207282913165,0.249163449163449,-0.487593302060056,-1.42835799223036,36,37,"GTF2F2;POLR2G;PAF1;ELOC;CCNH;MNAT1;GTF2F1;CDK7;POLR2F"
"RA_Citric_acid_cycle_(TCA_cycle)%R-MMU-71403",0.0540123456790123,0.249163449163449,-0.578717874027581,-1.46636490985295,34,18,"DLD;SUCLA2;IDH3G;ACO2;SDHC"
"RA_RHOC_GTPase_cycle%R-MMU-9013106",0.0537634408602151,0.249163449163449,0.408012519688565,1.41868276746913,14,40,"ARHGEF10L;ABR;FMNL3;AKAP13;ANLN;DEPDC1B;PREX1;ARHGAP26;PIK3R1;PKN1;SLK;PKN2;FLOT2;ERBIN;ARHGAP21;ABCD3;STK10;FLOT1;LMAN1;IQGAP3;ARHGEF1;RACGAP1;ARHGAP18"
"RA_Dual_incision_in_TC-NER%R-MMU-6782135",0.0546984572230014,0.24975521977295,-0.470302759619677,-1.40037896757467,38,41,"POLR2G;RFC4;PCNA;RPS27A;CCNH;POLE3;RFC3;MNAT1;CDK7;POLE4;POLR2F;RPA3"
"RA_RNA_Polymerase_II_Pre-transcription_Events%R-MMU-674695",0.0560747663551402,0.251298026998962,-0.441671062656641,-1.37318513693684,41,54,"GTF2F2;POLR2G;PAF1;ELOC;CCNH;TAF15;TAF9;MNAT1;GTF2B;GTF2A2;GTF2F1;CDK7;POLR2F;TAF10"
"RA_Detoxification_of_Reactive_Oxygen_Species%R-MMU-3299685",0.0557228915662651,0.251298026998962,-0.566481355381816,-1.4692727057583,36,20,"PRDX1;SOD1;PRDX5;PRDX2;CYBB"
"RA_Termination_of_translesion_DNA_synthesis%R-MMU-5656169",0.057315233785822,0.252950075642965,-0.554730457157903,-1.45550587777075,37,21,"PCLAF;RFC4;PCNA;RPS27A;POLE3;RFC3;POLE4;RPA3"
"RA_Base_Excision_Repair%R-MMU-73884",0.0574886535552194,0.252950075642965,-0.552742936459989,-1.462119916313,37,22,"RFC4;PCNA;PARP2;POLE3;RFC3;POLE4;MBD4;RPA3"
"RA_Resolution_of_Abasic_Sites_(AP_sites)%R-MMU-73933",0.0588235294117647,0.256491785903551,-0.553189015177703,-1.45146143089844,38,21,"RFC4;PCNA;PARP2;POLE3;RFC3;POLE4;MBD4;RPA3"
"KEGG_Mismatch_repair%mmu03430",0.135338345864662,0.256553942110905,-0.536180493609605,-1.34790937632649,89,18,"RFC4;SSBP1;MSH2;PCNA;RFC3"
"KEGG_Carbohydrate_digestion_and_absorption%mmu04973",0.13595166163142,0.256553942110905,0.476756564289596,1.3224957144752,44,16,"ATP1B3;PIK3CD;PIK3CB;PIK3R1;PLCB2;PRKCB;ATP1A3;AKT1"
"KEGG_MicroRNAs_in_cancer%mmu05206",0.137566137566138,0.25752380952381,0.299036359127527,1.17902328487836,25,79,"CRK;BMI1;MAPK1;ZEB2;RDX;FOXP1;PIK3CD;MAPK3;CRKL;PIK3CB;PDGFRB;MAP2K2;PIK3R1;CDK6;IKBKB;STAT3;RPS6KA5;CDKN1B;ABCC1;E2F1;ERBB3;CDCA5;CREBBP;PLCG2;EZR;PRKCB;NFKB1"
"BP_DNA_duplex_unwinding%0032508",0.0148048452220727,0.261172654174,-0.516681421296758,-1.55219217882045,10,45,"GTF2F2;ATRX;DHX9;SUB1;CHD4;RFC4;CHD6;RFC3;BLM;CHD2;MRE11A;DDX1;NBN;ASCC3;CHD8;DHX36;DDX3X;DSCC1"
"BP_mRNA_export_from_nucleus%0006406",0.0152990264255911,0.263143254520167,-0.531255085772332,-1.55111519281619,10,38,"ALYREF;YTHDC1;SEM1;THOC1;CASC3;TPR;THOC3;MAGOH;SARNP;THOC5;XPO1;EIF4A3;THOC2;NUP133;NUP155;HNRNPA2B1;THOC6;SRSF3;DDX39B;CHTOP;FMR1"
"RA_Signaling_by_NTRKs%R-MMU-166520",0.0610169491525424,0.263680387409201,0.443339308252031,1.48844220770193,17,34,"CRK;CREB1;MAPK1;AP2M1;FRS2;MAPK3;AP2A1;MAPKAPK3;PPP2CB;CRKL;PIK3CB;MAP2K2;PIK3R1;AP2B1;RPS6KA5;ATF1"
"BP_fatty_acid_beta-oxidation%0006635",0.0158045977011494,0.265208858985142,-0.585030396250642,-1.59152503988687,10,26,"SCP2;ACADM;ACAA2;ACADVL;CROT;DECR1;ECHS1;HADH;ECI1;HADHA;PEX7;HADHB;HSD17B4"
"RA_RAB_GEFs_exchange_GTP_for_GDP_on_RABs%R-MMU-8876198",0.0625,0.267699115044248,0.450892027039886,1.45105617105708,18,28,"ALS2;GAPVD1;TRAPPC10;RINL;HPS1;TRAPPC12;TRAPPC8;DENND1B;TRAPPC11;DENND5A;RIN3"
"BP_vesicle-mediated_transport%0016192",0.0166666666666667,0.273015873015873,0.360201334142209,1.43528965268879,2,84,"TMED2;AP2A2;ARL5A;SFT2D2;ARF3;GOSR2;OLR1;MIA2;ARF6;AP2M1;RAB32;AP5B1;SPAG9;AP2A1;STX18;GOLPH3L;HPS1;AP3M1;BET1;VPS33B;RABEP1;AP1M1"
"BP_ribosomal_large_subunit_biogenesis%0042273",0.0170697012802276,0.273115220483642,-0.576920119454028,-1.58069383150639,11,27,"MRTO4;GTPBP4;PAK1IP1;ZFP622;NPM1;RPL14;RPL11;RPL7;RPL26;RPF2"
"KEGG_Alanine,_aspartate_and_glutamate_metabolism%mmu00250",0.152694610778443,0.281342826158706,0.450781935398054,1.27432398524584,50,17,"ASNS;GOT2;PPAT;GFPT1"
"KEGG_Apoptosis%mmu04210",0.151774785801714,0.281342826158706,-0.371422193661347,-1.214013117872,123,78,"TUBA1B;AIFM1;CTSS;CTSH;SPTAN1;PARP1;CTSD;PARP2;FAS;HTRA2;ACTG1;BIRC3"
"WP_ErbB_signaling_pathway%WP1261",0.126934984520124,0.282077743378053,0.477830194752597,1.3672704700994,40,17,"CRK;MAPK1;ARAF;CDKN1B;NRG2;ERBB3"
"RA_Transport_to_the_Golgi_and_subsequent_modification%R-MMU-948021",0.0666666666666667,0.283040935672515,0.316862260740331,1.29696155525499,10,99,"TMED2;KDELR2;ARF3;GOSR2;TMED7;COG1;SEC16A;SEC31A;TRAPPC10;SEC24D;TBC1D20;SEC24C;MGAT2;GBF1;COG2;COG6;COG8;NAPA;BET1;MAN2A2;ARCN1;FUT8"
"KEGG_C-type_lectin_receptor_signaling_pathway%mmu04625",0.155963302752294,0.28369888680701,0.332391660214624,1.21483250236427,33,53,"NFATC1;PTPN11;MAPK1;MAPK14;IKBKE;NFATC3;PIK3CD;MAPK3;CLEC4E;SYK;STAT1;PIK3CB;PIK3R1;IKBKB;IRF9"
"KEGG_Alcoholic_liver_disease%mmu04936",0.156398104265403,0.28369888680701,0.321445155217952,1.20270005769889,32,56,"TRAF6;MAP3K7;ADIPOR1;SCD2;MAPK14;MAP3K5;IKBKE;PRKAG1;TBK1;IRAK4;IKBKB;TRA2B;MYD88"
"KEGG_Apelin_signaling_pathway%mmu04371",0.158798283261803,0.285836909871245,0.335240358968141,1.21419236298324,36,47,"GNA13;MAPK1;NRF1;PRKACA;GNG12;MAPK3;GNAI3;PRKAG1;PDE3B;MAP2K2;TGFBR1;ADCY7;SMAD4;PRKACB"
"KEGG_Pyrimidine_metabolism%mmu00240",0.162939297124601,0.290082644628099,0.392181766616998,1.2406888370264,50,24,"CANT1;DCK;UMPS"
"KEGG_Kaposi_sarcoma-associated_herpesvirus_infection%mmu05167",0.163636363636364,0.290082644628099,0.290127113115413,1.16629874891075,26,96,"NFATC1;CREB1;MAPK1;H2-Q6;MAPK14;IKBKE;BID;GNG12;NFATC3;LYN;ICAM1;PIK3CD;MAPK3;SYK;TBK1;STAT1;PIK3CB;PREX1;MAP2K2;JAK2;PIK3R1;RB1;CDK6;IKBKB;IRF9;STAT3"
"RA_Mitotic_Prophase%R-MMU-68875",0.0699588477366255,0.290536723163842,-0.445137132086452,-1.35122036235905,50,45,"SMC2;RANBP2;NUP37;SMC4;NUP43;SEC13;TPR;ARPP19;CCNB2;NUP93;VRK1;RAB2A"
"RA_Chromosome_Maintenance%R-MMU-73886",0.0691994572591588,0.290536723163842,-0.447573917385543,-1.3655377556592,50,47,"ATRX;RFC4;PCNA;CENPA;TERF1;RFC3;BLM;CENPX;NPM1;CENPK;GAR1;RPA3;PRIM1;CENPQ;CENPH;LIG1;DSCC1;TERF2"
"RA_HDR_through_Homologous_Recombination_(HRR)_or_Single_Strand_Annealing_(SSA)%R-MMU-5693567",0.0708333333333333,0.290536723163842,-0.457526247681828,-1.38005821416599,50,43,"RFC4;PCNA;RPS27A;POLE3;RFC3;BLM;UBE2I;TIMELESS;SUMO2;UBE2V2;POLE4;RPA3;CHEK1;BABAM2;PPP4C;RMI1;TIPIN"
"RA_Gap-filling_DNA_repair_synthesis_and_ligation_in_TC-NER%R-MMU-6782210",0.0708333333333333,0.290536723163842,-0.455300899605945,-1.37334579076501,50,43,"POLR2G;RFC4;PCNA;RPS27A;CCNH;POLE3;RFC3;MNAT1;CDK7;POLE4;POLR2F;RPA3"
"KEGG_Tuberculosis%mmu05152",0.168478260869565,0.296420398823145,0.291445047569675,1.15412288587742,30,81,"TRAF6;NFYB;ATP6V0A2;NFYA;CEBPG;NFYC;CREB1;MAPK1;MAPK14;BID;RAB5A;MAPK3;CLEC4E;SYK;RAB5B;STAT1;RAB7;JAK2;IRAK4"
"WP_Integrin-mediated_Cell_Adhesion%WP6",0.143459915611814,0.299145299145299,0.327758829984664,1.20440168016753,33,50,"CRK;MAPK6;MAPK1;PXN;SELENOP;ARAF;GIT2;PDPK1;MAP2K2;BRAF;ITGB5;RAP1B"
"WP_IL-7_Signaling_Pathway%WP297",0.145833333333333,0.299145299145299,0.373793978053116,1.24147847346943,41,30,"MAPK1;LYN;MAPK3;STAT1;MAP2K2;PIK3R1;RB1;STAM;STAT3;CDK4;STAM2"
"WP_Proteasome_Degradation%WP519",0.142105263157895,0.299145299145299,-0.417072113156219,-1.26407410035797,107,44,"UBE2D2A;PSMA2;PSMA3;PSMD6;PSMA7;PSMA4;PSMC5;H2AFZ;PSMD7;PSME1;PSMB7;RPN2;PSMB4;UBE2B;PSMA5;PSMB8;UBA7"
"KEGG_RNA_degradation%mmu03018",0.171355498721228,0.29923273657289,-0.392287281637769,-1.21278918968369,133,51,"C1D;LSM3;HSPD1;CNOT9;DDX6;LSM5;DIS3;BTG1;LSM4;EXOSC9;XRN2;EXOSC3;EXOSC8;MPHOSPH6;PNPT1;EXOSC7;LSM8;DHX36;PARN;LSM2;HSPA9"
"BP_endosome_organization%0007032",0.0196078431372549,0.299782135076253,0.551428723091925,1.71114297458048,5,26,"ALS2;PLEKHA3;EXOC8;ARFGEF2;RAB5B;WASHC4;VPS33B;PI4K2B;USP8;SNX10;PLEKHF2;WASHC5"
"BP_cell_redox_homeostasis%0045454",0.0194029850746269,0.299782135076253,-0.611454530931129,-1.58281530707125,12,20,"PRDX1;PRDX5;PRDX4;CHD6;PRDX2;GLRX3;TXN1"
"BP_translational_initiation%0006413",0.0205761316872428,0.307747360887458,-0.518049067017858,-1.53340112861529,14,41,"EIF5B;EIF4H;EIF3F;ABCF1;LARP1;EIF1;EIF4G1;EIF4A2;EIF2B3;EIF2S2;DDX3X;EIF3K;EIF1A;EIF2B5;EIF2S3X;EIF4E3;EIF3E;EIF3C"
"KEGG_Aldosterone_synthesis_and_secretion%mmu04925",0.179738562091503,0.311546840958606,0.364919725366096,1.20852264093034,54,30,"PRKD3;CREB1;ATP1B3;PRKACA;ATF2;GNAS;ATF6B;LDLR;ADCY7;ATF1;SCARB1;PRKACB"
"BP_exocytosis%0006887",0.0214285714285714,0.312046444121916,0.452637082350122,1.53605181292367,5,39,"SNAP29;EXOC8;ARFGEF2;EXOC3;EXOC7;MYO1G;EXOC1;LIN7C;RAB3D;TXLNA;TNFAIP2;STX2;MIA3;STXBP5;EXOC5;SCAMP1;EXOC4;WASHC5"
"BP_transcription_elongation_by_RNA_polymerase_II%0006368",0.0217706821480406,0.312046444121916,-0.596318069087807,-1.58066278964787,14,22,"GTF2F2;PAF1;SUPT4A;SUPT16;ENY2;SUPT6;GTF2F1"
"WP_Focal_Adhesion-PI3K-Akt-mTOR-signaling_pathway%WP2841",0.15606936416185,0.312138728323699,0.279426449463571,1.17173283989564,26,102,"CSF3R;PPP2R5C;CREB1;MAPK1;GNG12;PFKFB3;ELAVL1;CAB39;TBC1D1;PIK3CD;MAPK3;ATF2;TSC2;PPP2CB;PDPK1;PIK3CB;PDGFRB;MAP2K2;JAK2;PIK3R1;IKBKB;STK11;ATF6B;ITGB5;IGF1R;CDKN1B;SLC2A1"
"KEGG_Mitophagy%mmu04137",0.181697612732096,0.31262677484787,-0.410576912392354,-1.2196177908094,136,41,"GABARAPL2;CSNK2A1;TAX1BP1;MAP1LC3B;RPS27A;GABARAP;CITED2"
"RA_Transport_of_Mature_Transcript_to_Cytoplasm%R-MMU-72202",0.077319587628866,0.314476305986312,-0.402746458635768,-1.30285986959278,59,70,"RANBP2;SRRM1;SRSF5;ALYREF;UPF3B;SRSF7;NUP37;THOC1;NUP43;SEC13;CASC3;TPR;THOC3;NUP93;MAGOH;SARNP;THOC5;SRSF9;EIF4A3"
"KEGG_Proteasome%mmu03050",0.185828877005348,0.317401147585776,-0.411932467231492,-1.21524606043786,138,40,"POMP;SEM1;PSMA2;PSMA3;PSMD6;PSMA7;PSMA4;PSMC5;PSMD7;PSME1;PSMB7;PSMB4;PSMA5;PSMA1;PSMB8"
"RA_RHO_GTPase_Effectors%R-MMU-195258",0.0796359499431172,0.318543799772469,-0.354407069240777,-1.25627403961152,69,139,"S100A9;S100A8;RANBP2;KTN1;EVL;DYNC1H1;PPP1R12A;NUP37;CENPE;CENPA;NUP43;CYBB;SEC13;MYL6;NDC80;BUB1;CENPK;RAC2;RANGAP1;RHOA;KIF14;INCENP;NCK1;FLNA;RHOG;SPDL1;DIAPH1;GRB2;PRC1;CYBA;KIF2A;CDCA8;XPO1;PFN1;CENPQ;BUB1B;DIAPH3;IQGAP2"
"RA_COPII-mediated_vesicle_transport%R-MMU-204005",0.0790378006872852,0.318543799772469,0.374596936776453,1.32646727438121,22,42,"TMED2;GOSR2;SEC16A;SEC31A;TRAPPC10;SEC24D;TBC1D20;SEC24C;NAPA;BET1"
"WP_EPO_Receptor_Signaling%WP1249",0.16403785488959,0.3200738631992,0.454261558804973,1.26136176465785,51,16,"MAPK1;MAPK3;STAT1;MAP2K2;JAK2;STAT3;AKT1;PIK3CG;MAP2K1;STAT5B;SHC1;RASA1"
"KEGG_Antigen_processing_and_presentation%mmu04612",0.189830508474576,0.321886514369934,0.365464924643323,1.18556079970791,55,29,"PSME3;NFYB;NFYA;NFYC;CREB1;H2-Q6"
"RA_HATs_acetylate_histones%R-MMU-3214847",0.0819209039548023,0.324997684542002,0.492684995804467,1.43206518398715,28,18,"JADE1;BRD1;MCRS1;MSL2;NCOA2;RBBP7;KANSL3;MSL3"
"RA_Ion_homeostasis%R-MMU-5578775",0.0831099195710456,0.327034155060049,0.518526531864139,1.43649970036814,30,15,"AHCYL1;ATP2A3;ATP1B3;PRKACA"
"RA_Signaling_by_NOTCH%R-MMU-157118",0.0862533692722372,0.336666376836797,0.480994993576875,1.39015768888739,31,17,"TMED2;DTX4;YWHAZ;WWP2"
"KEGG_Cell_adhesion_molecules%mmu04514",0.201149425287356,0.338625651203175,-0.433428971978101,-1.21351236319036,139,30,"H2-T23;VSIR;ITGB7;SELL;H2-D1;VCAM1;SELPLG;H2-K1;ITGAL;H2-T22;ITGA6"
"BP_cell_differentiation%0030154",0.0272108843537415,0.339384372533544,0.339085157825958,1.41385448112689,3,126,"AGO2;TLE3;GNA13;NUS1;TSNAX;CREB1;ARF6;NR1H2;RNF114;TCF12;BAG6;TAF8;CASZ1;ETV6;PIK3CD;ELF1;ARNT;DDX41;ANKRD49;RXRB;EID1;ELF2;ALKBH5;NR2C2;HIP1;JAK2;BRAF;GABPA;RB1;ECT2;ETS1;RBL1;STAT3;FLI1;TNFAIP2;SMAD4;ELF4;UNC45A;STX2;RHOB"
"BP_negative_regulation_of_TORC1_signaling%1904262",0.0244648318042813,0.339384372533544,0.546547683927241,1.64722907095192,7,21,"YWHAZ;PRKACA;YWHAG;MAPK3;TSC2;ATXN3;TBK1;STK11;USP7;PRKACB"
"BP_defense_response_to_bacterium%0042742",0.0274869109947644,0.339384372533544,-0.479885742098036,-1.46950494193025,20,51,"CAMP;LYZ2;PLAC8;CASP1;MPEG1;HP;NOTCH2;RNF213"
"BP_establishment_of_cell_polarity%0030010",0.0275229357798165,0.339384372533544,0.538057186140059,1.62163973045485,8,21,"CRK;TSC2;CRKL;CLASP2;STK11;IGF1R;CLASP1;PRKCI;EXOC4"
"BP_protein_branched_polyubiquitination%0141198",0.0276243093922652,0.339384372533544,0.581580023246777,1.58317158323572,9,15,"TRAF6;ANAPC16;ANAPC5"
"BP_T_cell_receptor_signaling_pathway%0050852",0.0254545454545455,0.339384372533544,0.453545148859118,1.55590245617981,6,40,"TRAF6;ICOSL;RFTN1;MAPK1;RC3H2;RBCK1;ADA;CRKL;BRAF;DENND1B;STK11;FOSL2;TEC"
"BP_regulation_of_signal_transduction%0009966",0.0265486725663717,0.339384372533544,0.597617701333797,1.6802288913674,8,17,"CRK;CDC42SE2;NCLN;STRN4;RUNX1;GNAS;GRK6;CDK13"
"BP_positive_regulation_of_axonogenesis%0050772",0.0265486725663717,0.339384372533544,0.587391465838761,1.65147737297975,8,17,"TRAK1;ZEB2;CYFIP1;MAP2K2;BRAF;STK11;PLXNC1"
"BP_mRNA_cis_splicing,_via_spliceosome%0045292",0.028125,0.339473684210526,-0.67474044505615,-1.60636651369019,17,15,"PRPF40A;SRSF7;RBM17;WBP4;CWC15;SART1"
"KEGG_PPAR_signaling_pathway%mmu03320",0.203193033381713,0.339622641509434,-0.477801728380342,-1.24377778777455,139,20,"SCP2;FABP5;ACADM"
"BP_tricarboxylic_acid_cycle%0006099",0.0288184438040346,0.341846367882341,-0.575454912280652,-1.5580927531429,19,25,"PDHB;SUCLA2;IDH3G;FH1;NDUFS4;ACO2;SDHC"
"RA_TAK1-dependent_IKK_and_NF-kappa-B_activation_%R-MMU-445989",0.0884718498659517,0.342563002680965,0.515776919945905,1.42888231446028,32,15,"TRAF6;MAP3K7;IKBKB;CASP8;NFKB1;RELA;UBC"
"RA_SUMOylation_of_ubiquitinylation_proteins%R-MMU-3232142",0.0898716119828816,0.345221112696148,-0.476782133780838,-1.36641760193898,62,33,"RANBP2;SUMO1;NUP37;NUP43;SEC13;UBE2I;TPR;TRIM27;NUP93"
"KEGG_Lysosome%mmu04142",0.211284513805522,0.345738295318127,-0.3487864845169,-1.16083759336888,175,88,"CTSS;NPC2;PSAP;CTSH;HEXA;CLN5;AP1S2;CTSD;AP3S2;CD68;LAPTM5;AGA;DMXL1;CTSZ;ASAH1;GLA;CD63;CLTC;AP1B1;DNASE2A;ATP6AP1;LIPA;CTSC;CTSL;CLN3"
"KEGG_Ferroptosis%mmu04216",0.209131075110457,0.345738295318127,-0.461637479547964,-1.22584311929236,141,22,"SAT1;MAP1LC3B;CYBB;LPCAT3;VDAC3;FTH1;NCOA4;TFRC;PCBP2"
"KEGG_Endocrine_and_other_factor-regulated_calcium_reabsorption%mmu04961",0.209876543209877,0.345738295318127,0.394262466754718,1.20534518012885,67,21,"AP2A2;AP2M1;ATP1B3;PRKACA;AP2A1;GNAS;AP2B1;PRKACB;PLCB2;PRKCB;DNM2;ATP1A3"
"KEGG_Notch_signaling_pathway%mmu04330",0.21671826625387,0.349738443471763,0.38287149352475,1.17529347702056,69,22,"DTX4;TLE3;TLE4;CTBP1;DTX3L;CTBP2;NCOR2"
"KEGG_Amoebiasis%mmu05146",0.216393442622951,0.349738443471763,0.369206001868422,1.18166062970034,65,26,"CTSG;PRKACA;RAB5A;PIK3CD;RAB5B;PIK3CB;GNAS;RAB7;PIK3R1;PRKACB;PLCB2;GNA15;PRKCB;NFKB1;RELA;GNAQ"
"BP_positive_regulation_of_interleukin-2_production%0032743",0.03003003003003,0.35018068916374,0.544253011458208,1.5810390763467,9,19,"TRAF6;MAP3K7;CCR2;RUNX1"
"KEGG_Bile_secretion%mmu04976",0.221556886227545,0.352682390321398,0.422327404855122,1.19388533428759,73,17,"ATP1B3;PRKACA;GNAS;LDLR;ADCY7;SLC2A1;SCARB1;PRKACB;ABCC4;ATP1A3"
"KEGG_Breast_cancer%mmu05224",0.221276595744681,0.352682390321398,0.322562830308948,1.1603489428286,51,44,"MAPK1;ARAF;PIK3CD;MAPK3;PIK3CB;MAP2K2;PIK3R1;BRAF;RB1;CDK6;IGF1R;CDK4;E2F1;LRP5;SP1;NCOA3"
"KEGG_Estrogen_signaling_pathway%mmu04915",0.223175965665236,0.352859297065306,0.314729915258182,1.1399064858571,51,47,"CREB1;MAPK1;PRKACA;PIK3CD;MAPK3;ATF2;GNAI3;PIK3CB;GNAS;MAP2K2;PIK3R1;ATF6B;ADCY7;PRKACB;SP1;NCOA2;NCOA3"
"KEGG_Basal_transcription_factors%mmu03022",0.227722772277228,0.355247524752475,-0.433428601819011,-1.20984032919449,160,29,"GTF2F2;CCNH;TAF15;TAF9;MNAT1;GTF2B;GTF2A2;GTF2F1;CDK7"
"KEGG_Cholesterol_metabolism%mmu04979",0.226415094339623,0.355247524752475,-0.469410205692017,-1.22193360240351,155,20,"NPC2;STARD3;LRP1;LRPAP1;VDAC3;LIPA;APOE"
"KEGG_Viral_life_cycle%mmu03250",0.230352303523035,0.356969794863512,-0.401982554702231,-1.17867318607673,169,38,"RANBP2;PPIA;SUPT4A;CXCR4;SMARCB1;SERINC3;CHMP4B;BST2;XPO1"
"KEGG_Drug_metabolism%mmu00983",0.23367198838897,0.359731876861966,-0.436365323390294,-1.18748961535906,160,24,"CMPK1;HPRT;UGT1A7C;MGST1;GSTM4;TK1;RRM1;UCKL1;CES1D;GSTM1;DUT"
"KEGG_Colorectal_cancer%mmu05210",0.236051502145923,0.36101994445847,0.315341126903054,1.14091883891844,54,45,"RALB;MAPK1;ARAF;PIK3CD;MAPK3;PIK3CB;MAP2K2;PIK3R1;BRAF;TGFBR1;SMAD4"
"BP_protein_localization%0008104",0.0317460317460317,0.364021164021164,0.351238628945911,1.37738735300012,5,72,"TMED2;SPTSSA;ALS2;SCRIB;AP1AR;YWHAZ;EXOC8;YWHAG;TSC2;GGA1;VPS54;STK11IP;LATS1;CTNNA1"
"RA_Resolution_of_AP_sites_via_the_multiple-nucleotide_patch_replacement_pathway%R-MMU-110373",0.0987654320987654,0.367711301044634,-0.541836924149058,-1.37291534976327,63,18,"RFC4;PCNA;PARP2;POLE3;RFC3;POLE4;RPA3"
"RA_Macroautophagy%R-MMU-1632852",0.0981432360742706,0.367711301044634,-0.404706991575638,-1.27176437611544,73,60,"CHMP2A;DYNC1H1;GABARAPL2;CSNK2A1;LAMTOR4;MAP1LC3B;RPS27A;PCNT;GABARAP;ATG101;RHEB;RRAGC;LAMTOR5;ATG3;CHMP4B;TOMM22;CSNK2B;CHMP3;SQSTM1"
"RA_Autophagy%R-MMU-9612973",0.0981432360742706,0.367711301044634,-0.404706991575638,-1.27176437611544,73,60,"CHMP2A;DYNC1H1;GABARAPL2;CSNK2A1;LAMTOR4;MAP1LC3B;RPS27A;PCNT;GABARAP;ATG101;RHEB;RRAGC;LAMTOR5;ATG3;CHMP4B;TOMM22;CSNK2B;CHMP3;SQSTM1"
"RA_E3_ubiquitin_ligases_ubiquitinate_target_proteins%R-MMU-8866654",0.0969609261939219,0.367711301044634,-0.484800517932656,-1.33862625900546,66,27,"UBE2E1;PAF1;PCNA;RPS27A;BCL10;UBE2V2;RNF181;UBE2L3;UBE2A;UBE2B"
"BP_positive_regulation_of_JNK_cascade%0046330",0.0327272727272727,0.369120715350224,0.455250503253475,1.51871277090022,8,34,"MAP3K7;CRK;MAP3K11;HIPK2;MAP3K5;TAOK3;RASSF2;TAOK2;RB1CC1;MYD88;STK3"
"BP_activation_of_GTPase_activity%0090630",0.0334346504559271,0.371016766349642,0.564291889927419,1.61577999675861,10,18,"CRK;SCRIB;ABR;NDEL1;CRKL;ECT2;NEDD9;SIPA1L1;RALGAPA1;RALGAPB;CCDC125"
"RA_Nuclear_Pore_Complex_(NPC)_Disassembly%R-MMU-3301854",0.101719197707736,0.37581749382095,-0.478566637185583,-1.33360337079518,70,28,"RANBP2;NUP37;NUP43;SEC13;TPR;CCNB2;NUP93"
"KEGG_cGMP-PKG_signaling_pathway%mmu04022",0.25,0.37741935483871,0.302786517707818,1.10996457013466,52,54,"NFATC1;GNA13;CREB1;MAPK1;ATP2A3;ATP1B3;NFATC3;MAPK3;ATF2;GNAI3;PDE3B;MAP2K2;ATF6B;ADCY7"
"KEGG_Influenza_A%mmu05164",0.248677248677249,0.37741935483871,0.27613788712805,1.08874051206008,46,79,"PML;MAPK1;IKBKE;BID;ICAM1;NXF1;PIK3CD;MAPK3;TBK1;STAT1;PIK3CB;MAP2K2;JAK2;PIK3R1;IRAK4;CDK6;IKBKB;CCND3;IRF9;DNAJB1;CDK4;NXT2;MYD88;EIF2AK2;KPNA6;CASP8;CREBBP;ADAR;STAT2;PRKCB;NFKB1;AKT1;RELA;TNFRSF1A;IFIH1;SLC25A5;KPNA1;MAP2K1;IFNGR1;HNRNPUL1"
"RA_Integration_of_energy_metabolism%R-MMU-163685",0.104519774011299,0.380495474611462,0.467232178728644,1.35808263229778,36,18,"ADIPOR1;PRKAR2B;PRKACA;GNG12;SLC2A1;PRKACB;PLCB2;GNA15;ACSL4;GNAQ"
"RA_Intrinsic_Pathway_for_Apoptosis%R-MMU-109606",0.10455764075067,0.380495474611462,0.5017882643008,1.39012884977159,38,15,"YWHAZ;BID;NMT1;CASP8;DYNLL1"
"RA_Transport_of_the_SLBP_independent_Mature_mRNA%R-MMU-159227",0.105413105413105,0.380745843432411,-0.47051734468034,-1.33546396518226,73,31,"RANBP2;ALYREF;NUP37;NUP43;SEC13;TPR;NUP93"
"RA_Costimulation_by_the_CD28_family%R-MMU-388841",0.106382978723404,0.38140267927502,0.43166951034348,1.33375881128052,34,23,"PPP2R5C;PTPN11;MAPKAP1;LYN;PPP2CB;PDPK1;PIK3R1"
"KEGG_Viral_carcinogenesis%mmu05203",0.255474452554745,0.383211678832117,0.268738833259392,1.09483456144742,34,114,"GTF2H1;SCRIB;TBP;CREB1;MAPK1;YWHAZ;H2-Q6;VAC14;PRKACA;PXN;LYN;YWHAG;PIK3CD;MAPK3;ATF2;SYK;GTF2A1;PIK3CB;PIK3R1;RB1;CDK6;RBL1;ATF6B;CCND3;IRF9;STAT3;TBPL1;CDKN1B;CDK4;USP7"
"WP_DNA_Replication%WP150",0.212328767123288,0.385331143951834,-0.408900349298671,-1.19620854415666,154,38,"ORC6;RFC4;GMNN;PCNA;RFC3;MCM7;RPA3;PRIM1;CDC45;MCM5;RPA2;ORC4;MCM2;RPA1;RFC5;CDC6;POLA1"
"WP_Nucleotide_Metabolism%WP87",0.203076923076923,0.385331143951834,0.438701202140972,1.21129059578107,65,15,"PRPS2;POLD1;MTHFD2;SRM"
"WP_Regulation_of_Actin_Cytoskeleton%WP523",0.216748768472906,0.385331143951834,0.291920801573808,1.11905352971133,43,64,"CRK;MAPK6;GNA13;MAPK1;RDX;GNG12;PXN;PIK3CD;MAPK3;PIK3CB;PDGFRB;MAP2K2;PIK3R1;BRAF"
"WP_PPAR_signaling_pathway%WP2316",0.207736389684814,0.385331143951834,-0.48272497749455,-1.22924782317397,144,19,"SCP2;FABP5;ACADM"
"KEGG_GABAergic_synapse%mmu04727",0.260479041916168,0.388229909607537,0.408686235991276,1.15532285583637,86,17,"SLC38A1;PRKACA;GNG12;TRAK2;GNAI3;ADCY7;PRKACB"
"KEGG_Thyroid_cancer%mmu05216",0.265861027190332,0.39374354659834,0.420083157205187,1.16528689217923,87,16,"MAPK1;MAPK3;RXRB;MAP2K2;BRAF"
"KEGG_Glyoxylate_and_dicarboxylate_metabolism%mmu00630",0.268256333830104,0.394792340353738,-0.482891492560504,-1.17964107275147,179,16,"DLD;MCEE;ACO2;PCCA"
"KEGG_Nucleotide_excision_repair%mmu03420",0.272340425531915,0.398297872340426,-0.406102257673143,-1.1512718424427,191,32,"RFC4;PCNA;CCNH;POLE3;RFC3;MNAT1;CETN2;CDK7;POLE4;RPA3"
"RA_Cytokine_Signaling_in_Immune_system%R-MMU-1280215",0.113207547169811,0.402885682574917,0.258101238907205,1.13946332301876,11,171,"SOCS6;TRAF6;MAP3K7;CRK;PSME3;MAP3K3;PTPN11;CREB1;CTSG;MAPK1;YWHAZ;STAT6;MAPK14;PRKACA;LYN;PIK3CD;MAPK3;ATF2;ABCE1;SYK;MAPKAPK3;PPP2CB;SLA;TBK1;CRKL;PSMB5;PIK3CB;CUL1;PIAS1;INPPL1;JAK2;PIK3R1;IRAK4;IKBKB;TXLNA;IRF9;STAT3;RPS6KA5;ATF1;CDKN1B;SH2B3;MYD88;PSMD8;TEC;PSME4"
"BP_protein_polyubiquitination%0000209",0.0423280423280423,0.404467960023516,0.345651225608231,1.34437388076441,7,70,"TRAF6;TNKS;UBE2K;MGRN1;RNF114;UBE3B;UBE2J1;ARIH2;UBE2Q1;RC3H2;FBXO22;UBE4A;TOPORS;RBCK1;SPOP;TNKS2;SHPRH;UBE4B;DTL;CBFB;BFAR;UBE3C"
"BP_bone_development%0060348",0.039344262295082,0.404467960023516,0.517455721773457,1.57538244484379,11,24,"MAP3K7;DYM;SLC10A7;IFT80;MAPK14;PAPSS2;PRPSAP2;AKAP13;GNAS;FOSL2;IDUA;LRP5;POC1A;SMAD5"
"BP_proteasomal_protein_catabolic_process%0010498",0.0386740331491713,0.404467960023516,0.569007599544701,1.54894705154289,13,15,"SOCS6;DTX4;IFT80;BAG6"
"BP_DNA_recombination%0006310",0.0399429386590585,0.404467960023516,-0.531699680217782,-1.46934823080567,27,29,"BRCA2;HMGB2;NSMCE1;SETX;XRN2;HMGB1;HDGFL2;ACTR8;LIG1;UCHL5"
"BP_synaptic_vesicle_endocytosis%0048488",0.0418006430868167,0.404467960023516,0.509331707151264,1.55115474961583,12,23,"AP2A2;SCRIB;SGIP1;ARF6;AP2M1;CTBP1;DNM1L;AP2A1"
"BP_thymus_development%0048538",0.0398671096345515,0.404467960023516,0.472279490902714,1.53553402786734,11,29,"COA5;MAPK1;NFATC3;IKZF1;MAPK3;MYB;CRKL;MAP2K2;BRAF;TGFBR1"
"BP_proteolysis_involved_in_protein_catabolic_process%0051603",0.0402298850574713,0.404467960023516,-0.54654824883493,-1.48683765681543,27,26,"CTSS;CTSH;LONP1;CLPP;CLPX;CTSZ;PSMB7;CTSC;PSMB4;CTSL;PSMB8"
"BP_Ras_protein_signal_transduction%0007265",0.0415335463258786,0.404467960023516,0.499939327545383,1.49521634563357,12,22,"RALB;DGKZ;RASGRP2;SDCBP;RB1;RSU1;BRAP;USP8;RAPGEF1;RAPGEF2;SOS2;IQGAP3"
"BP_positive_regulation_of_vascular_associated_smooth_muscle_cell_proliferation%1904707",0.0395136778115502,0.404467960023516,0.545645595246057,1.56238863938204,12,18,"MAP3K7;MAP3K5;FRS2;MFN2;GNAI3;JAK2;LDLRAP1"
"BP_protein_targeting%0006605",0.0415335463258786,0.404467960023516,0.500352057702229,1.4964507371744,12,22,"TRAK1;PML;PAN3;YWHAZ;TRAK2;YWHAG;NUP54;VPS52"
"BP_extracellular_matrix_organization%0030198",0.042962962962963,0.404911212582445,-0.569893003440821,-1.4890161102275,28,21,"LGALS3;FN1;COL19A1;SMARCA4;PRDX4;MMP8"
"RA_DNA_Damage_Bypass%R-MMU-73893",0.115007012622721,0.406302146783919,-0.448464583728046,-1.30652418517888,81,35,"PCLAF;RFC4;PCNA;RPS27A;POLE3;RCHY1;RFC3;VCP;POLE4;RPA3"
"WP_SIDS_Susceptibility_Pathways%WP1266",0.239747634069401,0.416952407077218,0.42078693912768,1.1684117790626,75,16,"NFYA;ECE1;CREB1;GATA2;FOXM1;SP1;NFKB1;CDCA7L;NR3C1"
"RA_PI5P,_PP2A_and_IER3_Regulate_PI3K/AKT_Signaling%R-MMU-6811558",0.119266055045872,0.418295439436245,0.415486308341549,1.30977298572125,38,25,"TRAF6;PPP2R5C;PIK3CD;PPP2CB;PIK3CB;PIK3R1;IRAK4;MYD88;PPP2CA;PIP4K2A;PPP2R5E;AKT1;PIP5K1C;STRN"
"WP_Glycolysis_and_Gluconeogenesis%WP157",0.247496423462089,0.421270508020577,-0.440659231822141,-1.18754224660356,172,26,"DLD;PDHB;PGK1;MPC2"
"RA_Transcription-Coupled_Nucleotide_Excision_Repair_(TC-NER)%R-MMU-6781827",0.122177954847278,0.422386643900588,-0.414545519354891,-1.28304916598043,91,51,"POLR2G;RFC4;PCNA;RPS27A;CCNH;POLE3;RFC3;MNAT1;CDK7;POLE4;POLR2F;RPA3"
"RA_Interleukin-2_family_signaling%R-MMU-451927",0.121468926553672,0.422386643900588,0.45032988679894,1.30895350515115,42,18,"PIK3CD;SYK;PIK3CB;INPPL1;JAK2;PIK3R1;STAT3;PTPN6;SOS2;STAT5B;INPP5D"
"RA_Signaling_by_GPCR%R-MMU-372790",0.124324324324324,0.426758673567184,0.30176128376253,1.2105371283106,22,88,"ARHGEF10L;ABR;ECE1;PRKAR2B;CREB1;DGKZ;RGS19;PRKACA;GNG12;PLPPR3;RGS14;GPSM2;RGS18;GNAI3;AKAP13;PPP2CB;PDE3B;PDPK1;PREX1;PIK3R1;ECT2;GRK6"
"RA_Positive_epigenetic_regulation_of_rRNA_expression%R-MMU-5250913",0.126331811263318,0.427584591968154,-0.515835268254181,-1.3251268215371,82,19,"BAZ1B;TAF1B;ACTG1;DDX21;MYBBP1A;POLR2F;DEK"
"RA_B-WICH_complex_positively_regulates_rRNA_expression%R-MMU-5250924",0.126331811263318,0.427584591968154,-0.515835268254181,-1.3251268215371,82,19,"BAZ1B;TAF1B;ACTG1;DDX21;MYBBP1A;POLR2F;DEK"
"RA_Mitotic_Metaphase_and_Anaphase%R-MMU-2555396",0.127417519908987,0.427750773309766,-0.337182183242369,-1.19466577433614,111,146,"UBE2E1;RANBP2;SUMO1;SMC3;CHMP2A;DYNC1H1;SMC1A;RPS27A;NUP37;CENPE;CENPA;UBE2C;NUP43;SEC13;UBE2I;PSMD6;NDC80;PSMA7;BUB1;CENPK;ANAPC7;RANGAP1;CCNB2;INCENP;NUP93;CHMP4B;PSMC5;VRK1;PSMD7;PSME1;CHMP3;SPDL1;KIF2A;CDCA8;XPO1;WAPL;CHMP2B;CENPQ;BUB1B"
"RA_Intracellular_signaling_by_second_messengers%R-MMU-9006925",0.129032258064516,0.427750773309766,0.282937366486943,1.16931240568524,19,108,"TRAF6;PHC2;PSME3;TNKS;BMI1;PML;PPP2R5C;PRKAR2B;CREB1;MAF1;PRKACA;MAPKAP1;WWP2;PIK3CD;TNKS2;PPP2CB;PSMB5;PDPK1;PIK3CB;PIK3R1;IRAK4;ADCY7;CDKN1B;GATAD2B;MTA2;USP7;MYD88;PSMD8;PSME4;PRKACB"
"RA_Negative_regulation_of_the_PI3K/AKT_network%R-MMU-199418",0.128617363344051,0.427750773309766,0.40684059572877,1.29472412884679,39,27,"TRAF6;PPP2R5C;PIK3CD;PPP2CB;PIK3CB;PIK3R1;IRAK4;MYD88;PPP2CA;PIP4K2A;PPP2R5E;AKT1;PIP5K1C;STRN"
"KEGG_Synaptic_vesicle_cycle%mmu04721",0.296416938110749,0.430817164707549,0.335893466643705,1.10074905614469,90,28,"ATP6V0A2;AP2A2;AP2M1;ATP6V0E;AP2A1;NAPA;AP2B1;STX2"
"RA_COPI-dependent_Golgi-to-ER_retrograde_traffic%R-MMU-6811434",0.132,0.431675675675676,0.333149923229479,1.20469710677181,32,49,"TMED2;KDELR2;ARF3;TMED7;ZW10;GBF1;KIF20A;STX18;NAPA;KIF16B;ARCN1"
"RA_SUMOylation_of_RNA_binding_proteins%R-MMU-4570464",0.131652661064426,0.431675675675676,-0.436160901379835,-1.27769168844643,93,37,"NOP58;RANBP2;SUMO1;NUP37;NUP43;SEC13;UBE2I;TPR;SUMO2;NUP93"
"RA_Mitotic_Anaphase%R-MMU-68882",0.133938706015891,0.435076065179136,-0.337761889692887,-1.19686740317794,117,145,"UBE2E1;RANBP2;SUMO1;SMC3;CHMP2A;DYNC1H1;SMC1A;RPS27A;NUP37;CENPE;CENPA;UBE2C;NUP43;SEC13;UBE2I;PSMD6;NDC80;PSMA7;BUB1;CENPK;ANAPC7;RANGAP1;CCNB2;INCENP;NUP93;CHMP4B;PSMC5;VRK1;PSMD7;PSME1;CHMP3;SPDL1;KIF2A;CDCA8;XPO1;WAPL;CHMP2B;CENPQ;BUB1B"
"BP_keratinocyte_differentiation%0030216",0.0475504322766571,0.442090505491082,-0.544594654618723,-1.47453600039469,32,25,"STFA2L1;CSTDC4;CSTDC5;SMARCA4;EZH2;ASAH1;PPP3CA;UGCG;TSG101;TXNIP;PLEC"
"BP_G_protein-coupled_receptor_signaling_pathway%0007186",0.048582995951417,0.4437564499484,0.399117650319272,1.45109226975913,11,49,"GNA13;GNG12;LANCL1;RGS14;RGS18;GNAI3;SYK;AKAP13;CCR2;ADGRG3;ATRNL1;RIC8A;PREX1;GNAS;JAK2"
"BP_protein_deubiquitination%0016579",0.0490196078431373,0.4437564499484,0.497022582312694,1.54231483475052,14,26,"BAP1;USP39;USP25;OTUD6B;VCPIP1;OTUB1;OTUD5;USP3;USP22;USP7;USP8"
"BP_chromatin_organization%0006325",0.0502994011976048,0.445181380676993,-0.392716074887282,-1.32386673225575,41,95,"ATRX;ARID4B;HMGN5;UTP3;BAZ1B;ZZEF1;BRD4;PHF14;ANP32E;ENY2;BRD8;HDAC3;HTATSF1;MORF4L2;PTMA;ARID4A;NCOR1;HMGB1;TRRAP;BABAM2;BUD23;HIRIP3;PADI4;UBE2B;RTF1;SIRT1;ZMPSTE24;HDAC2;UIMC1"
"BP_intrinsic_apoptotic_signaling_pathway_in_response_to_endoplasmic_reticulum_stress%0070059",0.0511182108626198,0.445181380676993,0.488877223370014,1.46213185303859,15,22,"UBE2K;PML;MAP3K5;ATP2A3;BAG6;QRICH1;SPOP"
"BP_cellular_response_to_transforming_growth_factor_beta_stimulus%0071560",0.0511182108626198,0.445181380676993,0.487720754508681,1.45867309104607,15,22,"ZFP36L2;MAP3K7;CRK;CRKL;RUNX1;TGFBR1;IGF1R;SMAD4"
"BP_RNA_catabolic_process%0006401",0.0520059435364042,0.447251114413076,-0.592628267393195,-1.50379038937711,34,18,"DIS3;EXOSC9;EXOSC3;RNASEH2C;EXOSC8;RNASEH2B;PNPT1;SECISBP2;EXOSC7;RNASEH2A"
"RA_Transport_of_the_SLBP_Dependant_Mature_mRNA%R-MMU-159230",0.139007092198582,0.448529550827423,-0.452916323988473,-1.29350207870892,97,32,"RANBP2;ALYREF;NUP37;NUP43;SEC13;TPR"
"BP_alternative_mRNA_splicing,_via_spliceosome%0000380",0.0530846484935438,0.45089182917973,-0.541397421445513,-1.45973676312252,36,24,"DHX9;SFPQ;RBM17;SFSWAP;DDX5;HNRNPM;PQBP1;HNRNPU;SRSF9;RSRC1"
"RA_S_Phase%R-MMU-69242",0.14406779661017,0.451586149699357,-0.354706620000604,-1.20713852768377,118,98,"UBE2E1;RFC4;GINS1;SMC1A;GMNN;PCNA;RPS27A;CCNH;UBE2C;POLE3;RFC3;PSMD6;MNAT1;PSMA7;MCM7;ANAPC7;CDK7;POLE4;RPA3;PSMC5;GINS4;PSMD7;PSME1;PRIM1"
"RA_Cardiac_conduction%R-MMU-5576891",0.1455525606469,0.451586149699357,0.436351242952344,1.26112962410454,53,17,"AHCYL1;ATP2A3;ATP1B3;PRKACA"
"RA_Inositol_phosphate_metabolism%R-MMU-1483249",0.142857142857143,0.451586149699357,0.441834780729729,1.2769779849094,52,17,"IPMK;PPIP5K2;NUDT3;INPPL1;NUDT4;PLCB2;PLCG2;OCRL;PLD4;INPP5D"
"RA_RHOQ_GTPase_cycle%R-MMU-9013406",0.141975308641975,0.451586149699357,0.396279234275989,1.26942031776294,45,26,"SCRIB;WWP2;GIT2;DEPDC1B;PREX1;ARHGAP26"
"RA_PCNA-Dependent_Long_Patch_Base_Excision_Repair%R-MMU-5651801",0.142405063291139,0.451586149699357,-0.541670675556967,-1.32455106995385,89,16,"RFC4;PCNA;POLE3;RFC3;POLE4;RPA3"
"RA_Cargo_concentration_in_the_ER%R-MMU-5694530",0.1455525606469,0.451586149699357,0.439393603004211,1.2699225643117,53,17,"TMED2;GOSR2;SEC24D;SEC24C"
"KEGG_Longevity_regulating_pathway%mmu04213",0.312903225806452,0.451971326164875,0.336790941583454,1.09252862006991,96,27,"PRKACA;PIK3CD;CAT;PRKAG1;PIK3CB;PIK3R1;IGF1R;ADCY7;PRKACB"
"BP_positive_regulation_of_interleukin-8_production%0032757",0.0542986425339367,0.455578854431078,-0.59761863091496,-1.48795371412376,35,17,"CAMP;CD244A;BCL10;PYCARD;LAMTOR5;HMGB1"
"BP_positive_regulation_of_intrinsic_apoptotic_signaling_pathway%2001244",0.0549777117384844,0.455718863567196,-0.588202843587463,-1.49256090513861,36,18,"S100A9;S100A8;BCAP31"
"BP_protein_modification_process%0036211",0.0557142857142857,0.456326530612245,-0.523049061381751,-1.43459708063527,38,28,"PARP1;PCMT1;UBL5;UBE2I;KMT2A;HDAC3;ATG3;EZH2;KDM1A;ADPRH;UBE2M;KDM5A;UBA7;FBXO11;HDAC2;TSG101"
"BP_nucleosome_assembly%0006334",0.0574555403556772,0.459644322845417,-0.48950659643806,-1.42555867568514,41,36,"ATRX;ANP32B;CHRAC1;NAP1L4;BAZ1A;NASP;SMARCA4;POLE3;NPM1"
"BP_regulation_of_translational_initiation%0006446",0.0568011958146487,0.459644322845417,-0.570363857436201,-1.45584490594936,37,19,"EIF5B;EIF1;EIF4EBP2;EIF4G1;PAIP1"
"WP_Selenium_metabolism/Selenoproteins%WP108",0.276901004304161,0.461501673840268,-0.434797885160391,-1.16259070668867,192,24,"MSRB1;RPL30;SELENBP1;SELENOW"
"RA_Resolution_of_Sister_Chromatid_Cohesion%R-MMU-2500257",0.150753768844221,0.462440399992579,-0.368300996274126,-1.21823902297689,119,76,"RANBP2;SMC3;DYNC1H1;SMC1A;NUP37;CENPE;CENPA;NUP43;SEC13;NDC80;BUB1;CENPK;RANGAP1;CCNB2;INCENP;SPDL1;KIF2A;CDCA8;XPO1;WAPL;CENPQ;BUB1B;CENPH;NUP133;CKAP5;PDS5B;RAD21;CLIP1;MAD2L1;DYNC1LI1;CENPF"
"RA_Asparagine_N-linked_glycosylation%R-MMU-446203",0.151515151515152,0.462440399992579,0.269464558515647,1.14577850941383,19,135,"TMED2;KDELR2;ARF3;GOSR2;NUS1;TMED7;COG1;SEC16A;SEC31A;DHDDS;TRAPPC10;SEC24D;TBC1D20;SEC24C;MGAT2;GBF1;COG2;COG6;RAD23B;COG8;NAPA;BET1;GFPT1;MAN2A2;ARCN1;SLC35C1;FUT8"
"RA_Regulation_of_Glucokinase_by_Glucokinase_Regulatory_Protein%R-MMU-170822",0.151917404129794,0.462440399992579,-0.467874014564093,-1.27349322566022,102,26,"RANBP2;NUP37;NUP43;SEC13;TPR;NUP93"
"BP_retrograde_transport,_endosome_to_Golgi%0042147",0.0602409638554217,0.462653764146301,0.383164396476727,1.36520468938929,14,47,"PLEKHA3;PREPL;STX16;SNX2;GBF1;RAB6A;SPAG9;VTI1A;GGA1;VPS54;TBC1D10B;RAB7;EVI5;VPS52;RCSD1;ANKFY1;DENND5A;VPS26A;ARL1;VPS26B"
"BP_positive_regulation_of_TOR_signaling%0032008",0.0588235294117647,0.462653764146301,-0.591485022715809,-1.47268222721089,38,17,"LAMTOR4;SEC13;HDAC3;RHEB;RRAGC;LAMTOR5;GOLPH3;RICTOR;LAMTOR3"
"BP_positive_regulation_of_interleukin-1_beta_production%0032731",0.0611940298507463,0.462653764146301,-0.559070514003717,-1.44721368888989,40,20,"MNDAL;CASP1;TYROBP;IFI209;PYCARD;HMGB1;AIM2;GSDMD"
"BP_endothelial_cell_migration%0043542",0.0609375,0.462653764146301,-0.613377137507555,-1.46027780189356,38,15,"S100A9;S100A8"
"BP_spliceosomal_snRNP_assembly%0000387",0.0611940298507463,0.462653764146301,-0.558555385727005,-1.44588022437169,40,20,"GEMIN2;SNRPD3;SNRPE;SNRPD1;SNRPF;SNRPG;LSM4"
"RA_Rab_regulation_of_trafficking%R-MMU-9007101",0.155709342560554,0.465205690119185,0.349025938178943,1.22710296996404,44,41,"ALS2;GAPVD1;ARF6;RABGAP1;TRAPPC10;RINL;RAB6A;HPS1;TBC1D10B;TRAPPC12;TRAPPC8;DENND1B;TRAPPC11;DENND5A;RIN3"
"RA_CDC42_GTPase_cycle%R-MMU-9013148",0.153846153846154,0.465205690119185,0.347033526105475,1.20502912430542,43,38,"ABR;FAM13B;DNMBP;TAGAP;DEPDC1B;PREX1;ARHGAP26;PIK3R1;ECT2"
"RA_HDACs_deacetylate_histones%R-MMU-3214815",0.155063291139241,0.465205690119185,-0.531646988089005,-1.30004007727934,97,16,"ARID4B;CHD4;ARID4A;KDM1A"
"BP_apoptotic_mitochondrial_changes%0008637",0.062407132243685,0.466696815039731,-0.572650521371055,-1.45309698826471,41,18,"NDUFS1;AIFM1;HSPD1;DAP3;SLC25A4"
"BP_activation_of_innate_immune_response%0002218",0.065123010130246,0.478375747462105,-0.533425489754781,-1.42055825679829,44,23,"MNDAL;SFPQ;IFI209;HSP90AA1;PYCARD;GBP3;HMGB1;PQBP1;AIM2"
"BP_peptidyl-tyrosine_phosphorylation%0018108",0.065359477124183,0.478375747462105,0.467196622177548,1.44976165424297,19,26,"PXN;LRRK1;LYN;SYK;PDGFRB;CLK3;JAK2;DYRK1A;KIT;ABL1;PTPN6"
"RA_Protein_ubiquitination%R-MMU-8852135",0.161865569272977,0.480631506307489,-0.405623434227113,-1.23414642088386,117,46,"UBE2E1;PAF1;PCNA;RPS27A;UBE2C;UCHL3;BCL10;UBE2R2;UBE2V2;RNF181;UBE2G2;UBE2L3;UBE2A;UBE2B"
"BP_defense_response_to_virus%0051607",0.0681265206812652,0.4809726443769,-0.397541550075231,-1.30840105996318,55,81,"MNDAL;CASP1;VAMP8;IRF2;IFNAR2;TTC4;IFI209;ZC3HAV1;SERINC3;PYCARD;DDX21;PQBP1;AIM2;TRIM41;RNASEL;IRF1;BST2;DDX1;NT5C3"
"BP_positive_regulation_of_GTPase_activity%0043547",0.0689655172413793,0.4809726443769,0.38770694071684,1.35169090898012,17,44,"MAPRE2;ALS2;NDEL1;RGS14;TBC1D20;RASGRP2;PREX1;EVI5;DENND1B;ECT2;RSU1;WDR41"
"BP_proton_transmembrane_transport%1902600",0.0692520775623269,0.4809726443769,-0.473717893553048,-1.38814496909941,49,39,"NDUFS1;UQCRH;NDUFS3;NDUFS2;NDUFA10;NDUFS4;SLC25A4;CYC1;NDUFV2;SURF1;NDUFA2;LETM1;NDUFB7"
"BP_phosphatidylinositol_3-kinase/protein_kinase_B_signal_transduction%0043491",0.0693069306930693,0.4809726443769,0.441915586635292,1.44960260975047,20,30,"IFT80;GAB2;KBTBD2;PIK3CD;PIK3CB;INPPL1;PIK3R1;STAT3;IGF1R;ERBB3;STK3;ATP1A3;AKT1;PIK3CG;RAPGEF1"
"BP_ERK1_and_ERK2_cascade%0070371",0.0699088145896657,0.4809726443769,0.50372618934408,1.44235760802852,22,18,"ZFP36L2;MAPK1;YWHAZ;MAPK3;INPPL1;MAP2K2;BRAF;SMAD4;ATP1A3;RAPGEF1;ABL1;MAP2K1;MYC;IQGAP3"
"BP_DNA-templated_DNA_replication%0006261",0.0682148040638607,0.4809726443769,-0.538276165467861,-1.42681087395341,46,22,"ORC6;RFC4;CHRAC1;BAZ1A;POLE3;RFC3"
"RA_Ub-specific_processing_proteases%R-MMU-5689880",0.163934426229508,0.483806477409036,0.286390904610302,1.16413217837929,29,93,"TRAF6;MAP3K7;PSME3;TNKS;USP25;TNKS2;USP47;PSMB5;OTUB1;TGFBR1;USP3;WDR48;SMAD4;USP22;USP7;PSMD8;STAM2;PSME4;USP8"
"KEGG_Fluid_shear_stress_and_atherosclerosis%mmu05418",0.337092731829574,0.483924535264542,-0.344399357871983,-1.08848511069204,268,60,"SUMO1;MGST1;ASS1;CALM2;HSP90AA1;TXN1;HSP90B1;ACTG1;THBD;SUMO2;RAC2;GSTM4;RHOA;VCAM1;SQSTM1;CYBA;HSP90AB1;CTSL;ACTB;GSTM1;CALM3"
"RA_Nuclear_Envelope_Breakdown%R-MMU-2980766",0.165477888730385,0.485401806942463,-0.433383646789199,-1.24204117857628,115,33,"RANBP2;NUP37;NUP43;SEC13;TPR;CCNB2;NUP93;VRK1"
"KEGG_Transcriptional_misregulation_in_cancer%mmu05202",0.345177664974619,0.488378711697182,0.274425061746914,1.05521909178643,67,69,"TCF3;BMI1;PML;MPO;MEN1;HOXA10;MLLT1;ETV6;RXRB;HOXA9;MAX;RUNX1;FUT8;FLI1;IGF1R;LDB1;ATF1;CDKN1B"
"KEGG_Chemical_carcinogenesis%mmu05207",0.345177664974619,0.488378711697182,0.274899988135163,1.05704527846517,67,69,"CREB1;MAPK1;IKBKE;PRKACA;PIK3CD;ARNT;MAPK3;ATF2;GNAI3;RXRB;PIK3CB;GNAS;MAP2K2;JAK2;PIK3R1;RB1;ATF6B;CCND3;STAT3;ADCY7;E2F1;PRKACB;KPNA6"
"KEGG_Central_carbon_metabolism_in_cancer%mmu05230",0.346456692913386,0.488378711697182,0.297245817416962,1.05422342496707,87,40,"SLC7A5;MAPK1;PIK3CD;MAPK3;SLC16A3;PIK3CB;PDGFRB;MAP2K2;PIK3R1;SLC2A1;AKT1;G6PDX;KIT;PGAM1;IDH1;PFKL;MAP2K1;PFKP;MYC"
"RA_Signaling_by_VEGF%R-MMU-194138",0.169811320754717,0.48921832884097,0.327137540716009,1.18706800125261,44,47,"CRK;ELMO2;PRKACA;PXN;MAPKAP1;CYFIP1;MAPKAPK3;CTNNA1;PDPK1;PIK3CB;PIK3R1;ELMO1"
"RA_VEGFA-VEGFR2_Pathway%R-MMU-4420097",0.169811320754717,0.48921832884097,0.327137540716009,1.18706800125261,44,47,"CRK;ELMO2;PRKACA;PXN;MAPKAP1;CYFIP1;MAPKAPK3;CTNNA1;PDPK1;PIK3CB;PIK3R1;ELMO1"
"RA_Signaling_by_ERBB2%R-MMU-1227986",0.16852146263911,0.48921832884097,-0.53170724194324,-1.27408818493073,105,15,"RPS27A;HSP90AA1;RHOA;DIAPH1;GRB2;STUB1"
"BP_cellular_response_to_glucose_stimulus%0071333",0.0718954248366013,0.489743091956254,0.461821402619973,1.4330817665302,21,26,"GCLM;UCP2;PRKACA;ICAM1;USF1;GPX1;IGF1R;TRA2B;SMAD4"
"BP_somatic_stem_cell_population_maintenance%0035019",0.0728476821192053,0.491364757823659,0.452421112873144,1.45646691554674,21,28,"ZFP36L2;CUL4A;VPS72;MED24;MED12;BRAF;MED15;GATA2;STAT3;LDB1;MED14;LRP5;MED10;MED27;RBPJ"
"RA_Nuclear_Envelope_(NE)_Reassembly%R-MMU-2995410",0.171589310829817,0.491415541074743,-0.408843735786883,-1.22560034284113,121,42,"SUMO1;CHMP2A;NUP37;NUP43;SEC13;UBE2I;RANGAP1;CCNB2;NUP93;CHMP4B;VRK1;CHMP3;CHMP2B;NUP133;NUP155;RBM39"
"KEGG_Viral_myocarditis%mmu05416",0.351032448377581,0.491865825870383,-0.416333389157981,-1.09242747602604,237,21,"H2-T23;ACTG1;H2-D1;EIF4G1;RAC2;H2-K1;ITGAL;ACTB;H2-T22"
"RA_Peroxisomal_protein_import%R-MMU-9033241",0.173192771084337,0.493090007087172,-0.486124585928897,-1.26085276932366,114,20,"SCP2;DHRS4;RPS27A;CROT;PEX7;HSD17B4"
"BP_positive_regulation_of_insulin_secretion%0032024",0.0746753246753247,0.498802168705081,0.454140960863392,1.4032667851167,22,25,"PTBP1;MCU;PRKACA;SERP1;ANXA7;GNAS;JAK2"
"RA_Cellular_response_to_heat_stress%R-MMU-3371556",0.177333333333333,0.501925925925926,-0.392708137176911,-1.2152132356829,132,53,"RANBP2;NUP37;EEF1A1;NUP43;SEC13;HSP90AA1;VCP;TPR;NUP93;RPA3;PTGES3;HSP90AB1;SIRT1;NUP133;NUP155;HSPA9;DNAJB6;RPA1;DNAJC2;NUP35"
"BP_transcription_initiation_at_RNA_polymerase_II_promoter%0006367",0.0760401721664275,0.503034985100982,-0.515582407491634,-1.39013331948515,52,24,"GTF2F2;POLR2G;ELOC;CCNH;MNAT1;GTF2B;GTF2A2;GTF2F1;CDK7"
"BP_positive_regulation_of_interferon-alpha_production%0032727",0.078125,0.507075471698113,-0.5983688717646,-1.42454735814339,49,15,"DHX9;HSPD1;TRAF3IP3;ZC3HAV1;FLT3"
"BP_negative_regulation_of_intrinsic_apoptotic_signaling_pathway%2001243",0.0777279521674141,0.507075471698113,-0.547355533430494,-1.39711651553432,51,19,"NDUFS3;NDUFA13;PARL;HELLS;PLAUR;NOC2L;DDX3X;HDAC2;G2E3"
"KEGG_Axon_guidance%mmu04360",0.36480686695279,0.508123850398529,0.28701062832895,1.03841777964784,84,45,"PTPN11;MAPK1;NFATC3;PIK3CD;MAPK3;GNAI3;PDPK1;PIK3CB;SEMA4A;PIK3R1;PLXNC1"
"KEGG_Herpes_simplex_virus_1_infection%mmu05168",0.369565217391304,0.511705685618729,0.251227617300336,1.02457805410926,50,112,"TRAF6;MAP3K7;ZFP84;PML;PTPN11;SRSF1;H2-Q6;ZFP282;IKBKE;BID;NXF1;PIK3CD;CGAS;TSC2;SYK;HCFC2;TBK1;STAT1;PIK3CB;JAK2;PIK3R1;IRAK4;IKBKB;IRF9"
"BP_peptidyl-serine_phosphorylation%0018105",0.0796019900497513,0.511833356581578,0.339438306863643,1.29707446844248,15,64,"TNKS;MAPK1;HIPK2;MAPK14;IKBKE;PRKACA;CAB39;LMTK2;SYK;MAPKAPK3;TBK1;PINK1;IKBKB;TGFBR1;PBK;PDK3;HIPK3;DYRK1A;MAPKAPK2;GRK2;PLK1;MAP4K1;AKT1"
"KEGG_Cytokine-cytokine_receptor_interaction%mmu04060",0.371994342291372,0.512039271154006,-0.389165097288014,-1.08628647818342,262,29,"IFNAR2;CXCR4;CCL9;FAS;IL6RA;CCL6;CCR1"
"WP_Primary_Focal_Segmental_Glomerulosclerosis_FSGS%WP2573",0.320675105485232,0.513080168776371,-0.40597781230446,-1.11853700425947,227,28,"MKI67;PCNA;CR1L;PLAUR;NCK1;UTRN;TLN1;CTSL"
"WP_Wnt_Signaling_Pathway%WP403",0.31875,0.513080168776371,0.38073309842641,1.09712155602035,101,18,"PPP2R5C;CCND3;LDLR;PRKCI;PPP2R5E;PRKCB;MAPK9;FBXW2;MYC"
"RA_Synthesis_of_DNA%R-MMU-69239",0.184177997527812,0.515272547996885,-0.351890904343529,-1.17698777678925,148,82,"UBE2E1;RFC4;GINS1;GMNN;PCNA;RPS27A;UBE2C;POLE3;RFC3;PSMD6;PSMA7;MCM7;ANAPC7;POLE4;RPA3;PSMC5;GINS4;PSMD7;PSME1;PRIM1"
"RA_Synthesis_of_active_ubiquitin:_roles_of_E1_and_E2_enzymes%R-MMU-8866652",0.183703703703704,0.515272547996885,-0.46504398525152,-1.24250027619524,123,24,"UBE2E1;RPS27A;UBE2C;UCHL3;UBE2R2;UBE2G2;UBE2L3;UBE2A;UBE2B"
"BP_intracellular_protein_transport%0006886",0.082089552238806,0.518177341328467,0.288629739067174,1.22436982807409,10,137,"TMED2;XPOT;AP2A2;ARL5A;ARF3;APPBP2;XPO7;TMED7;ARF6;AP2M1;STX16;RAB32;SNX2;SEC23B;RAB5A;SNAPIN;RAB6A;AP2A1;VTI1A;STX18;GGA1;VPS39;AP3M1;NAPA;RAB5B;COG3;RAB7;VPS33B;AP1M1;AP2B1;KIF13A;STX2;RHOB;VPS26A;RAB31;ARL1;SNX27;SLU7;SNX10;VPS26B"
"BP_positive_regulation_of_protein_kinase_activity%0045860",0.0836012861736334,0.518177341328467,0.451935493325266,1.37635626674871,25,23,"ALS2;CACUL1;MAP3K5;PXN;RASSF2"
"BP_response_to_heat%0009408",0.0828125,0.518177341328467,-0.592265858203725,-1.41001780579683,52,15,"SOD1;HSP90AA1;EIF2B3;DNAJA2;EIF2B5;DNAJA3;PSIP1"
"BP_cellular_response_to_organic_cyclic_compound%0071407",0.0836012861736334,0.518177341328467,0.447218439019294,1.36199061645014,25,23,"MBD2;ARL6IP5;STAT1;STAT3;RAP1B;CDKN1B;SMAD5;NFKB1;AKT1;SLC16A1"
"BP_innate_immune_response%0045087",0.0931537598204265,0.52162091503268,-0.341465012395577,-1.22301339221179,82,171,"CAMP;S100A9;S100A8;MSRB1;LGALS3;DHX9;LY86;SFPQ;PARP1;TTC4;ZC3HAV1;TMEM33;NDUFS4;LYAR;CYBB;HMGB2;WFDC17;PGLYRP1;C1QBP;CR1L;SERINC3;BCL10;PYCARD;TRIM27;DDX21;B2M;HMGB1;CD177;PQBP1;AIM2;NAIP2;TRIM41;BST2;DDX1;CYBA;GSDMD;PADI4"
"BP_lipid_metabolic_process%0006629",0.0909090909090909,0.52162091503268,0.365464073542077,1.28567377695155,22,46,"CRK;MOGAT2;PTPN11;NR1H2;MBTPS1;KBTBD2;ATF2;ALMS1;HPS1;CRKL;GPX1;TMEM43;AKR1A1;INPPL1"
"BP_transforming_growth_factor_beta_receptor_signaling_pathway%0007179",0.0872727272727273,0.52162091503268,0.401661043037701,1.33993867392787,23,34,"MAP3K7;PML;CREB1;HIPK2;NRROS;PXN;FUT8;TGFBR1;STAT3;ITGB5;SMAD4"
"BP_skeletal_system_development%0001501",0.0947712418300654,0.52162091503268,0.431457137916732,1.33885816872064,28,26,"TLE5;BMI1;IFT80;HOXA10;TRPS1;SERP1;RASSF2;RUNX1;GNAS;TGFBR1"
"BP_DNA_repair%0006281",0.0922551252847381,0.52162091503268,-0.351309813172513,-1.24323852991862,80,151,"ATRX;HERC2;CDC5L;RFC4;PARP1;MSH2;SMC3;BOD1L;SMC1A;BARD1;HPF1;PARP2;RFC3;BLM;TIMELESS;NOP53;MNAT1;NSMCE1;CENPX;NPM1;VCP;INO80;BCCIP;MORF4L2;CDK7;UFL1;XRN2;MBD4;RPA3;CLSPN;CHEK1;NSMCE4A;RRM1;PNKP;KIF22;ASCC2;HDGFL2;STUB1;UBE2A;SSRP1"
"BP_positive_regulation_of_double-strand_break_repair_via_homologous_recombination%1905168",0.0912981455064194,0.52162091503268,-0.492374749278848,-1.3606740678308,63,29,"FUS;PARP1;BLM;TIMELESS;BRD8;MORF4L1;MORF4L2;TRRAP;HDGFL2;ACTB"
"BP_mRNA_3'-end_processing%0031124",0.0926517571884984,0.52162091503268,0.446683338407563,1.33593856716249,28,22,"CSTF2;CSTF2T;PAPOLA;RPRD1B;CPSF6;RPRD1A;CDC73;CPSF3"
"BP_cellular_response_to_ionizing_radiation%0071479",0.0862068965517242,0.52162091503268,-0.508195501459145,-1.3825022954595,59,26,"BRCA2;MNDAL;BARD1;IFI209;BLM;INO80;RPL26;BABAM2;EEF1D;GRB2"
"BP_osteoclast_differentiation%0030316",0.0947712418300654,0.52162091503268,0.439498370401517,1.36381098292327,28,26,"TRAF6;NFATC1;IFT80;CREB1;MAPK14;OSTM1;GAB2;FOXP1;PIK3R1;FOSL2;TOB2;SBNO2;SNX10;ASXL2"
"BP_peptidyl-threonine_phosphorylation%0018107",0.0930232558139535,0.52162091503268,0.422038834908884,1.37218533636806,27,29,"TNKS;MAPK1;HIPK2;PRKACA;LMTK2;TBK1;STK11;PBK;HIPK3;DYRK1A;GRK2;AKT1"
"BP_negative_regulation_of_epithelial_cell_proliferation%0050680",0.0894568690095847,0.52162091503268,0.449910492324326,1.3455903249266,27,22,"MEN1;CELF1;ATF2;TSC2;CDC73;RB1;CDK6;CDKN1B;STK3"
"BP_neural_precursor_cell_proliferation%0061351",0.0935143288084465,0.52162091503268,-0.555497709480654,-1.38308084328549,61,17,"NDUFS2;CXCR4;GRN;ANKRD11;PCNT;HDAC3"
"BP_maturation_of_SSU-rRNA%0030490",0.0935143288084465,0.52162091503268,-0.555780756439199,-1.38378557495122,61,17,"TRMT112;RPS28;RPS19;RIOK1;RPS14;UTP4"
"BP_nuclear-transcribed_mRNA_catabolic_process%0000956",0.0857580398162328,0.52162091503268,-0.576443793376473,-1.40209026272562,55,16,"POLR2G;MRTO4;DDX5;LSM4;EXOSC9;XRN2;EXOSC3"
"RA_NOD1/2_Signaling_Pathway%R-MMU-168638",0.187667560321716,0.5220178114696,0.44573509193775,1.2348419736792,69,15,"TRAF6;MAP3K7;CASP8"
"BP_circadian_rhythm%0007623",0.0957142857142857,0.522630385487528,-0.494707283231541,-1.35686243737467,66,28,"DHX9;NDUFA9;ASS1;FAS;TIMELESS;DDX5;SETX"
"BP_B_cell_homeostasis%0001782",0.0972644376899696,0.522796352583587,0.473856682391782,1.35682997116531,31,18,"LYN;PIK3CD;RC3H2;PKN1;IKBKB;GAPT;RC3H1"
"BP_negative_regulation_of_viral_genome_replication%0045071",0.0971599402092676,0.522796352583587,-0.537644048260327,-1.37232810015726,64,19,"MNDAL;IFI209;ZC3HAV1;RNASEL;BST2;SLPI;APOBEC3;BANF1;FAM111A;SRPK2;SRPK1;OAS1A;LTF"
"BP_positive_regulation_of_cell_population_proliferation%0008284",0.0982857142857143,0.524190476190476,-0.347149519355377,-1.22755037213656,85,150,"CAMP;LGALS3;HMGN5;PLAC8;RPS15A;FN1;CTSH;ANP32B;NOLC1;RPL23;CSNK2A1;NOTCH2;GRN;CD47;SMARCA4;SMARCC1;SYF2;IL6RA;KIF20B;NPM1;BIRC6;RPS9;BLOC1S2;RNF187;RPS4X;S100A13;EZH2;UFL1;NCOR1;KIF14;EAPP;HCLS1;BRD9;NBN;PRC1;ASH2L;CST3;PLA2G4A;TIPIN;PDCD10;DDRGK1;ACTB;SIRT1"
"BP_positive_regulation_of_mRNA_splicing,_via_spliceosome%0048026",0.100149476831091,0.530021846613775,-0.533430429260404,-1.36157290296748,66,19,"SNRNP70;NCL;SNW1;TRA2A;EIF4A3;RBMX"
"KEGG_Lysine_degradation%mmu00310",0.39290780141844,0.531447546427254,-0.372350358768068,-1.05558754100338,276,32,"DLD;ALDH2;KMT2A;ECHS1;HADH;EZH2;HADHA;KMT2B;ASH1L;PLOD3;ACAT1;SETDB1;KMT2E"
"KEGG_Phagosome%mmu04145",0.391676866585067,0.531447546427254,-0.317132139395675,-1.04098463102489,319,80,"H2-T23;TUBA1B;CTSS;DYNC1H1;ATP6V1G1;FCGR3;ATP6V1D;CYBB;SEC22B;ACTG1;H2-D1;CYBA;ATP6AP1;H2-K1;TFRC;CTSL;C3;ACTB;CORO1A;H2-T22;ATP6V1H;ATP6V1F;TAP2;TUBA4A;DYNC1LI1;H2-M3;FCGR4;PIK3C3;DYNC1I2;ATP6V0D1;ATP6V0C"
"KEGG_Neutrophil_extracellular_trap_formation%mmu04613",0.391739674593242,0.531447546427254,-0.330311209341596,-1.04447216431099,312,62,"CAMP;CASP1;FCGR3;SLC25A4;CYBB;CR1L;HDAC3;ACTG1;RAC2;HMGB1;VDAC3;SELPLG;CYBA;GSDMD;PADI4;ITGAL;C3;ACTB;HAT1;HDAC2;RAF1"
"RA_Antigen_processing-Cross_presentation%R-MMU-1236975",0.193415637860082,0.534932392710171,-0.395049081390341,-1.19917734205601,140,45,"H2-T23;VAMP8;LNPEP;CYBB;PSMD6;PDIA3;SEC22B;PSMA7;B2M;PSMC5;PSMD7;PSME1;CYBA;H2-K1"
"KEGG_SNARE_interactions_in_vesicular_transport%mmu04130",0.398148148148148,0.53544061302682,0.338431684190432,1.03465846673051,128,21,"SNAP29;GOSR2;STX16;VTI1A;STX18;BET1"
"KEGG_Glycerophospholipid_metabolism%mmu00564",0.413559322033898,0.549845916795069,0.314867999573402,1.02142540146907,121,29,"PLD1;GPD1L;DGKZ;ETNK1"
"KEGG_Inflammatory_mediator_regulation_of_TRP_channels%mmu04750",0.412903225806452,0.549845916795069,0.312740549526205,1.01451066173971,127,27,"MAPK14;PRKACA;PIK3CD;PIK3CB;GNAS;PIK3R1;ADCY7;PRKACB;PLCB2;PLCG2;PRKCB;MAPK9;GNAQ;MAP2K3"
"BP_positive_regulation_of_interferon-beta_production%0032728",0.106666666666667,0.550387419716121,-0.51820666856696,-1.35397008432242,71,21,"DHX9;TRAF3IP3;ZC3HAV1;HSP90AA1;HMGB2;HMGB1;IRF1"
"BP_mRNA_processing%0006397",0.107142857142857,0.550387419716121,-0.346945262534266,-1.21924139539914,92,137,"LGALS3;FRG1;RBM25;SFPQ;SRSF5;SMNDC1;ALYREF;RBM28;ARGLU1;SRSF7;NSRP1;ZC3H13;CIR1;PNN;HNRNPH1;THOC1;SON;C1QBP;LARP7;PRPF38B;VIRMA;THOC3;XRN2;TRA2A;MAGOH;THOC5;HNRNPU;RNASEL;CD2BP2;DDX1;SCAF8;SRSF9;RALY;RBBP6;TARDBP;PNPT1;CHD8;THOC2;ZRANB2;NUDT21;SF3A1;RBMX;SNRNP40;RBM39;ECD;AKAP8L;SNRNP27;HNRNPA3;KHDRBS1;SF3A2;HNRNPA2B1"
"BP_regulation_of_translation%0006417",0.105732484076433,0.550387419716121,-0.415473684165767,-1.29914369596068,82,56,"S100A9;DNAJC1;NOLC1;CNOT9;NAT10;TCOF1;CASC3;TNRC6C;RPS9;MCTS1;PAIP2;RPS14;MAGOH;SARNP;PUM3;RPLP1;EIF4A3"
"BP_maturation_of_SSU-rRNA_from_tricistronic_rRNA_transcript_(SSU-rRNA,_5.8S_rRNA,_LSU-rRNA)%0000462",0.107197549770291,0.550387419716121,-0.560224904499619,-1.36264088981579,69,16,"UTP3;RPS16;RPS19;UTP4;WDR43;RPS8;DCAF13;NOL10;NGDN"
"BP_cellular_response_to_amino_acid_stimulus%0071230",0.108469539375929,0.552792911782511,-0.540550655684377,-1.37164378703241,72,18,"LAMTOR4;ASS1;LAMTOR5;HNRNPD;LAMTOR3;CUL3;DNMT1"
"BP_cellular_response_to_leukemia_inhibitory_factor%1990830",0.10958904109589,0.554391619661563,0.324945986487432,1.22005797351563,23,57,"MYNN;NFYB;GTF2H1;TLE4;PML;GCLM;CREB1;SRM;ICAM1;MYB;PADI2;CTBP2;SHMT1;MAT2A"
"RA_Separation_of_Sister_Chromatids%R-MMU-2467813",0.206443914081146,0.555227794165847,-0.329587670261761,-1.14211181909917,172,115,"UBE2E1;RANBP2;SMC3;DYNC1H1;SMC1A;RPS27A;NUP37;CENPE;CENPA;UBE2C;NUP43;SEC13;PSMD6;NDC80;PSMA7;BUB1;CENPK;ANAPC7;RANGAP1;INCENP;PSMC5;PSMD7;PSME1;SPDL1;KIF2A;CDCA8;XPO1;WAPL;CENPQ;BUB1B"
"RA_Platelet_homeostasis%R-MMU-418346",0.206489675516224,0.555227794165847,0.394169769445622,1.18975687318392,69,21,"PPP2R5C;PTPN11;ATP2A3;GNG12;PPP2CB"
"RA_Transcriptional_regulation_by_small_RNAs%R-MMU-5578749",0.205839416058394,0.555227794165847,-0.426584149805485,-1.19401085886737,140,30,"RANBP2;TNRC6A;NUP37;NUP43;SEC13;TPR"
"RA_Interleukin-1_signaling%R-MMU-9020702",0.205533596837945,0.555227794165847,0.308751247957958,1.14668654845228,51,54,"TRAF6;MAP3K7;PSME3;MAP3K3;PSMB5;CUL1;IRAK4;IKBKB;MYD88;PSMD8;PSME4;CASP8"
"RA_SUMOylation_of_transcription_cofactors%R-MMU-3899300",0.204892966360856,0.555227794165847,0.380528382379538,1.19957212917643,66,25,"PHC2;BMI1;SUMO3;HIPK2;CTBP1;TOPORS;PIAS1;MRTFA"
"BP_endocytic_recycling%0032456",0.116363636363636,0.555959595959596,0.367679830804886,1.26133848697564,31,40,"ARF6;STX16;CCDC93;LMTK2;VTI1A;VPS39;DENND1B;VPS52;EHD4;SNF8;ACAP2;VPS26A;SNX27;EPS15"
"BP_protein_autophosphorylation%0046777",0.116161616161616,0.555959595959596,0.300365178490246,1.19161087323635,22,74,"STK24;MAP3K20;MAP3K3;MAP3K11;PRKACA;TAOK3;NEK2;LYN;LMTK2;SYK;PDGFRB;CLK3;JAK2;STK11;SLK;IGF1R"
"BP_somitogenesis%0001756",0.116022099447514,0.555959595959596,0.511946834549985,1.39361678219663,41,15,"TMED2;ZEB2;MED12;RBPJ;ABI1;KAT2A"
"BP_DNA-templated_transcription%0006351",0.115789473684211,0.555959595959596,0.385397541250082,1.27739863190562,32,33,"CBFA2T3;CEBPG;MAPK1;ZBTB7A;MAPK3;HOXA9;STAT1;PIAS2;SMAD4;E2F1;DIDO1"
"BP_female_pregnancy%0007565",0.112094395280236,0.555959595959596,0.480490671943761,1.35092101059019,37,17,"EPN1;UMPS;SLC38A1"
"BP_negative_regulation_of_cell_adhesion%0007162",0.116022099447514,0.555959595959596,0.509092691451698,1.38584726112115,41,15,"PDE3B;PIK3R1;PLXNC1;RIPOR2;MIA3;ERBB3;ADAM10;MYO1F;PLXND1;RASA1;SPN"
"BP_negative_regulation_of_fibroblast_proliferation%0048147",0.114114114114114,0.555959595959596,0.470247295536368,1.36605463660616,37,19,"DACH1;MEN1;PARP10;TSC2;EMD;CDC73"
"BP_homeostasis_of_number_of_cells%0048872",0.116207951070336,0.555959595959596,0.43963733380525,1.32501411718763,37,21,"TET2;PIK3CD;MYB;VPS54;RASSF2;ZFX;WDR48;FOSL2;SART3"
"RA_Mitotic_Prometaphase%R-MMU-68877",0.208333333333333,0.557001268260604,-0.328382862938327,-1.1430724749541,174,126,"SMC2;RANBP2;SMC3;DYNC1H1;CSNK2A1;SMC1A;NUP37;CENPE;PCNT;CENPA;SMC4;PCM1;NUP43;SEC13;HSP90AA1;NDC80;BUB1;CENPK;AKAP9;CETN2;RANGAP1;CCNB2;INCENP;CSNK2B;SPDL1;HAUS8;KIF2A;CDCA8;HAUS3;TUBGCP5;XPO1;WAPL;CENPQ;BUB1B"
"RA_Selective_autophagy%R-MMU-9663891",0.210601719197708,0.557001268260604,-0.434072855175829,-1.20961424774099,146,28,"DYNC1H1;CSNK2A1;MAP1LC3B;RPS27A;PCNT;TOMM22;CSNK2B;SQSTM1"
"RA_Signaling_by_EGFR%R-MMU-177929",0.210059171597633,0.557001268260604,0.380010363351469,1.13967589529605,70,20,"EPN1;PTPN11;PXN;PIK3R1;SH3KBP1;STAM;STAM2;EPS15"
"RA_Cilium_Assembly%R-MMU-5617833",0.213270142180095,0.560993200082423,0.287112290654966,1.12973658946674,44,74,"IFT80;PRKAR2B;EXOC8;TUBG1;PRKACA;EXOC3;EXOC7;NEK2;C2CD3;CEP83;GBF1;RP2;ALMS1;EXOC1;CDK5RAP2;NEDD1;CEP192;PDE6D;CLASP1;HAUS4;EXOC5;ARF4;CEP152;CENPJ;CEP76;EXOC4;ACTR1A;SCLT1;PLK1"
"KEGG_Natural_killer_cell_mediated_cytotoxicity%mmu04650",0.425477707006369,0.562495951635539,-0.328519950811676,-1.01914465422076,333,52,"CD244A;H2-T23;CD48;IFNAR2;TYROBP;VAV1;FAS;H2-D1;RAC2"
"BP_cellular_response_to_interferon-beta%0035458",0.119081779053085,0.565022510265671,-0.492250898440462,-1.32722599826041,82,24,"MNDAL;IFNAR2;TRAF3IP3;IFI209;NDUFA13;CALM2;HTRA2;GBP3;UBE2G2;AIM2;IRF1"
"BP_negative_regulation_of_tumor_necrosis_factor_production%0032720",0.120464441219158,0.567668051772472,-0.502749032658656,-1.33263895503053,82,22,"VSIR;FLT3;HDAC3;TRIM27;SELENOS;SIRT1;TSPO;RAD21;LBP"
"BP_neural_tube_closure%0001843",0.121771217712177,0.569922433918217,0.373049227532697,1.25737570343746,32,36,"TRAF6;TMED2;SCRIB;ZEB2;PRKACA;TSC2;MED12;STIL;KDM2A;PRKACB;SETD2"
"RA_Activation_of_ATR_in_response_to_replication_stress%R-MMU-176187",0.21976401179941,0.574950171410348,-0.436457128976091,-1.18798048136957,148,26,"RFC4;RFC3;MCM7;RPA3;CLSPN;CHEK1;CDC45;MCM5;ORC4;MCM2;RPA1;RFC5;CDC6"
"BP_cell-cell_adhesion%0098609",0.124833997343958,0.576414699145254,-0.423936887598076,-1.28238969360639,93,47,"STFA2L1;CSTDC4;ITGB7;CSTDC5;LGALS1;PNN;CD93"
"BP_glutathione_metabolic_process%0006749",0.124444444444444,0.576414699145254,-0.505588916424331,-1.32100242881201,83,21,"GLO1;HMGN5;SOD1;MGST1"
"RA_Regulation_of_signaling_by_CBL%R-MMU-912631",0.222520107238606,0.579030816685405,0.428528225813126,1.18717294130889,82,15,"CRK;LYN;PIK3CD;SYK;CRKL;PIK3CB;PIK3R1"
"RA_FCERI_mediated_NF-kB_activation%R-MMU-2871837",0.224561403508772,0.581217750257998,0.317070774738328,1.13470343758946,63,44,"TRAF6;MAP3K7;PSME3;PSMB5;PDPK1;CUL1;IKBKB;PSMD8;PSME4;NFKB1;PSMD1;PSMD11;RELA;FBXW11;CDC34;UBC"
"BP_regulation_of_GTPase_activity%0043087",0.129518072289157,0.583991172226466,0.440856000621534,1.30882302592416,42,20,"CRK;ALS2;RABGAP1;RDX;TBC1D10B"
"BP_negative_regulation_of_inflammatory_response%0050728",0.128808864265928,0.583991172226466,-0.441386767322559,-1.29340442660997,92,39,"CLEC12A;PTPN2;SOD1;GRN;PGLYRP1;CD44;NDFIP1;FAM76B;LPCAT3;SELENOS;GPS2;APOE;ASH1L;TMSB4X;PDCD10"
"BP_intrinsic_apoptotic_signaling_pathway%0097193",0.128550074738416,0.583991172226466,-0.513882612708035,-1.31167740419215,85,19,"HTRA2;PYCARD;BUB1;IFI27;NBN;DDX3X;BAD;BAK1"
"BP_lipopolysaccharide-mediated_signaling_pathway%0031663",0.12987012987013,0.583991172226466,0.413692835446128,1.27828464122381,39,25,"TRAF6;MAPK1;MAPK14;LYN;MAPK3;NR2C2;STAT1;JAK2;IRAK4;MYD88;SCARB1"
"BP_cellular_response_to_interleukin-1%0071347",0.131851851851852,0.585252090800478,-0.500626728541345,-1.30803722717743,88,21,"CAMP;FN1;CD47;PYCARD"
"BP_positive_regulation_of_Wnt_signaling_pathway%0030177",0.131221719457014,0.585252090800478,-0.525493187808478,-1.30837544229377,86,17,"MACF1;ZRANB1;CSNK2A1;SMARCA4;PBXIP1"
"RA_Telomere_Maintenance%R-MMU-157579",0.228245363766049,0.5861527915302,-0.409943510774358,-1.1748637149651,159,33,"ATRX;RFC4;PCNA;TERF1;RFC3;BLM;GAR1;RPA3;PRIM1"
"RA_RHOBTB_GTPase_Cycle%R-MMU-9706574",0.22962962962963,0.5861527915302,-0.44469183793259,-1.19856464684764,154,25,"SRRM1;HSP90AA1;SPEN;RBBP6;HNRNPC;HSP90AB1;RBMX;CUL3;STK38;VIM;TWF1;DDX39B;CDC37;RNF20;TXNL1"
"RA_Formation_of_Incision_Complex_in_GG-NER%R-MMU-5696395",0.230101302460203,0.5861527915302,-0.429239299083516,-1.18521118665576,158,27,"SUMO1;RPS27A;CCNH;UBE2I;MNAT1;SUMO2;CETN2;CDK7;UBE2V2;RPA3"
"BP_regulation_of_apoptotic_process%0042981",0.133010882708585,0.586612098099402,-0.365974700622638,-1.21912281678789,109,90,"CASP1;RBM25;ANP32B;ANP32A;CDK11B;SELL;ANP32E;PRDX2;FAS;THOC1;SDF2L1;HSP90AA1;NOP53;BRD8;MORF4L1;PYCARD;SRA1;BIRC3;MORF4L2;SERBP1;RSL1D1;TRRAP;NAIP2;IFT57;APOE;TARDBP;RPS3;ACTB;SIRT1;PLSCR3;FBXO11"
"BP_protein_export_from_nucleus%0006611",0.137380191693291,0.588226418890034,0.422224799010717,1.26278807492968,42,22,"AHCYL1;XPO7;PRKACA;CTDSPL2;XPO6;XPO5"
"BP_epidermal_growth_factor_receptor_signaling_pathway%0007173",0.137614678899083,0.588226418890034,0.426792762397641,1.2863021217868,44,21,"PTPN11;PDPK1;PDGFRB;KIF16B;BRAF;IGF1R;NRG2;ERBB3;ARF4;AKT1;KIT;ADGRE4;ABL1"
"BP_positive_regulation_of_DNA_replication%0045740",0.135820895522388,0.588226418890034,-0.498941002228134,-1.29156203070333,90,20,"DHX9;BAZ1A;PCNA;NPM1;ATAD5"
"BP_mRNA_transcription_by_RNA_polymerase_II%0042789",0.135135135135135,0.588226418890034,0.386897003935238,1.28208184350715,39,31,"TBP;CREB1;TAF2;TAF6;NR1H2;TAF8;ATF2;RXRB;STAT3;SP1;NCOA2;TAF1"
"BP_cytokine-mediated_signaling_pathway%0019221",0.137651821862348,0.588226418890034,0.333963058943367,1.2142064196614,33,49,"TRAF6;CSF3R;STAT6;CSF2RA;KLF6;CCR2;STAT1;JAK2;PIK3R1;IRAK4;SH2B2;STAT3;MYD88"
"BP_autophagy%0006914",0.142340168878166,0.591350170297539,-0.362135324089371,-1.20894415688273,117,91,"S100A9;S100A8;TMEM208;CHMP2A;GABARAPL2;MAP1LC3B;CHMP5;GABARAP;RAB24;VCP;TRAPPC4;TMEM59;TMBIM6;RAB8A;LRPPRC;ATG3;CHMP4B;IRF8;HMGB1;CLTC;VPS13A;CHMP3;CREG1;SQSTM1"
"BP_Golgi_to_plasma_membrane_transport%0006893",0.144144144144144,0.591350170297539,0.454565111356693,1.32049835034125,47,19,"EXOC8;ARFGEF2;SEC16A;CCDC93;GGA1;EXOC1;RABEP1;STXBP5;EXOC5;EXOC4;DNM2"
"BP_regulation_of_RNA_splicing%0043484",0.144399460188934,0.591350170297539,-0.431496930876826,-1.28795500885172,106,42,"PTBP2;FUS;CDK11B;SNRNP70;TAF9;HNRNPH1;ENY2;SON;TADA1;HNRNPH3;PQBP1;TRRAP;TAF10;ZFP638"
"BP_endosome_to_lysosome_transport%0008333",0.1438127090301,0.591350170297539,0.404768251130533,1.27092326793534,42,27,"TRAK1;MGRN1;TRAK2;SNAPIN;UEVLD;VPS39;DTX3L;RAB7;KIF13A;RHOB;SNX27;PLEKHF2"
"BP_canonical_NF-kappaB_signal_transduction%0007249",0.140983606557377,0.591350170297539,0.416840496671178,1.26906162812369,42,24,"TRAF6;MAP3K7;IFT80;RASSF2;IKBKB;TRIM8"
"BP_actin_filament_polymerization%0030041",0.141779788838612,0.591350170297539,-0.521322311513919,-1.2979907746268,93,17,"MSRB1;WASHC3;DIAPH1;GAS7;DIAPH3"
"BP_canonical_Wnt_signaling_pathway%0060070",0.141592920353982,0.591350170297539,0.471189795341367,1.32477118010909,47,17,"NDEL1;RAB5A;LRP5;STK3;RAPGEF1;STK4"
"BP_phagocytosis%0006909",0.145593869731801,0.592713505180349,0.34863671392883,1.21547753538535,37,44,"CDC42SE2;ABR;ELMO2;MYO1G;RAB5A;UNC13D;ANXA11;GATA2;LDLR;ELMO1;MYD88;MYO7A;TM9SF4;ABCA7;ELANE;WASHC5;CDC42SE1;DNM2;PIP5K1C"
"KEGG_Protein_processing_in_endoplasmic_reticulum%mmu04141",0.455069124423963,0.595286195286195,-0.291118621974773,-1.00685553162775,394,119,"RRBP1;BCAP31;DNAJC1;UBE2D2A;SEC62;SEC13;HSP90AA1;PDIA3;VCP;DNAJB11;SVIP;HSP90B1;ERP29;GANAB;SSR4;UBE2G2;OS9;PDIA6;SELENOS;DNAJA2;STUB1;NGLY1;RPN2;HSP90AB1;UBXN4;ERLEC1;SAR1A;PRKCSH;SAR1B;UBXN1;DDOST;SSR2;UBE2G1;LMAN2;SIL1;PDIA4;BAK1"
"KEGG_Cytosolic_DNA-sensing_pathway%mmu04623",0.456737588652482,0.595286195286195,-0.355768710287742,-1.00857971320636,321,32,"CASP1;POLR3GL;PYCARD;POLR2F;AIM2;DNASE2A;GSDMD"
"KEGG_Long-term_potentiation%mmu04720",0.457912457912458,0.595286195286195,0.294352378151892,0.986289175289503,135,32,"MAPK1;PRKACA;ARAF;MAPK3;MAP2K2;BRAF;RAP1B;PRKACB;CREBBP;PLCB2;PRKCB"
"RA_Signaling_by_WNT%R-MMU-195721",0.234972677595628,0.59542814636798,0.274936326563674,1.11757119240111,42,93,"MAP3K7;PSME3;TNKS;TLE3;TLE4;PPP2R5C;MEN1;YWHAZ;AP2M1;GNG12;CTBP1;AP2A1;TNKS2;PPP2CB;CTBP2;PSMB5;CUL1;SOX13;CDC73;AP2B1;PSMD8;LRP5;PSME4;VPS26A;USP8"
"BP_anterior/posterior_pattern_specification%0009952",0.147590361445783,0.597306874557052,0.427566395375616,1.26936855252065,48,20,"HIPK1;HIPK2;HOXA10;YY1;HOXA9;CRKL;TGFBR1;SMAD4;LRP5;HTT"
"RA_C-type_lectin_receptors_(CLRs)%R-MMU-5621481",0.2375,0.598697916666667,0.284895882264284,1.09760335432465,56,65,"TRAF6;MAP3K7;PSME3;PRKACA;LYN;CLEC4E;SYK;PSMB5;PDPK1;CUL1;IKBKB;RPS6KA5;PSMD8;PSME4;PRKACB;CASP8;PLCG2;NFKB1;PSMD1;PSMD11;RELA;FBXW11;CDC34;UBC;UBA3"
"WP_Estrogen_signaling%WP1244",0.387728459530026,0.598901098901099,-0.335764618266419,-1.04123650331908,296,52,"GTF2F2;POLR2G;CCNH;TAF9;MNAT1;GTF2B;HDAC3;GTF2A2;CDK7;NCOR1;POLR2F"
"WP_p53_signaling%WP2902",0.389285714285714,0.598901098901099,0.294160827111368,1.01589868044148,108,35,"PPM1D;EI24;BID;SHISA5;TSC2;CDK6;CCND3;CDK4"
"RA_Epigenetic_regulation_of_gene_expression%R-MMU-212165",0.251094890510949,0.59919626652839,-0.413582155910006,-1.157618222373,171,30,"BAZ1B;TAF1B;ACTG1;DDX21;EZH2;MYBBP1A;POLR2F;DEK"
"RA_GPCR_downstream_signalling%R-MMU-388396",0.246073298429319,0.59919626652839,0.277431354621888,1.10778176757533,46,83,"ARHGEF10L;ABR;PRKAR2B;CREB1;DGKZ;RGS19;PRKACA;GNG12;RGS14;GPSM2;RGS18;GNAI3;AKAP13;PPP2CB;PDE3B;PDPK1;PREX1;PIK3R1;ECT2;GRK6"
"RA_Signaling_by_Nuclear_Receptors%R-MMU-9006931",0.251315789473684,0.59919626652839,-0.36405999691962,-1.14648243885588,190,58,"GTF2F2;FABP5;POLR2G;DLD;PDHB;DHRS4;HSP90AA1;HDAC3;GTF2A2;GTF2F1;KDM1A;POLR2F"
"RA_Immunoregulatory_interactions_between_a_Lymphoid_and_a_non-Lymphoid_cell%R-MMU-198933",0.245925925925926,0.59919626652839,-0.436756499825918,-1.177176766738,165,25,"H2-T23;ITGB7;SELL;B2M;TREML2;H2-K1;ITGAL;C3;H2-T22;CD81;CD300A;H2-M3;FCGR4"
"RA_G_alpha_(12/13)_signalling_events%R-MMU-416482",0.250764525993884,0.59919626652839,0.367768222333741,1.14327016511709,81,24,"ARHGEF10L;ABR;GNG12;AKAP13;PREX1;ECT2;RHOB;ARHGEF3;ARHGEF18"
"RA_Gene_Silencing_by_RNA%R-MMU-211000",0.247524752475248,0.59919626652839,-0.397230764812946,-1.14581417418668,174,34,"RANBP2;TNRC6A;NUP37;NUP43;SEC13;TPR;TNRC6C"
"RA_SUMOylation_of_DNA_damage_response_and_repair_proteins%R-MMU-3108214",0.247669773635153,0.59919626652839,-0.371088110762539,-1.15440251061064,185,55,"RANBP2;HERC2;SUMO1;NUP37;NUP43;SEC13;BLM;UBE2I;NSMCE1;TPR;SUMO2;CETN2;NUP93"
"RA_Degradation_of_beta-catenin_by_the_destruction_complex%R-MMU-195253",0.249122807017544,0.59919626652839,0.309466488894209,1.10748992573282,70,44,"PSME3;TLE3;TLE4;PPP2R5C;CTBP1;PPP2CB;CTBP2;PSMB5;CUL1"
"RA_TCF_dependent_signaling_in_response_to_WNT%R-MMU-201681",0.25,0.59919626652839,0.283593464938893,1.09258559971999,59,65,"PSME3;TNKS;TLE3;TLE4;PPP2R5C;MEN1;YWHAZ;CTBP1;TNKS2;PPP2CB;PSMB5;SOX13;CDC73;PSMD8;LRP5;PSME4;USP8;PPP2CA"
"RA_Cyclin_A/B1/B2_associated_events_during_G2/M_transition%R-MMU-69273",0.25,0.59919626652839,-0.488668159452121,-1.19494364872003,157,16,"CCNH;MNAT1;PPP2R1A;CDK7;CCNB2;PPME1;XPO1"
"RA_Endosomal_Sorting_Complex_Required_For_Transport_(ESCRT)%R-MMU-917729",0.243684992570579,0.59919626652839,-0.441553445250768,-1.17790795034828,163,23,"VPS25;CHMP2A;RPS27A;CHMP5;VTA1;CHMP4B;CHMP3;CHMP2B"
"BP_cell-matrix_adhesion%0007160",0.150214592274678,0.604372160730869,-0.453922444848971,-1.26167944552364,104,30,"ANXA2;FN1;ITGB7;RHOA;CD63;VCAM1;ITGAL;MKLN1;ITGA6"
"RA_RUNX1_interacts_with_co-factors_whose_precise_effect_on_RUNX1_targets_is_not_known%R-MMU-8939243",0.255131964809384,0.605313092979127,0.362648051734273,1.1149725382808,86,22,"PHC2;YAF2;BMI1;HIPK2"
"BP_chromosome_segregation%0007059",0.151819322459222,0.607277289836888,-0.380877235038465,-1.21778475978495,120,65,"MKI67;BRD4;NUP37;CENPE;NUP43;UBE2I;CENPX;NDC80;CIAO1;CENPC1;BUB1;PPP2R1A;CENPK;TTK;TOP2A;INCENP"
"KEGG_p53_signaling_pathway%mmu04115",0.471698113207547,0.609819660168873,0.284191010729495,0.981427419302687,124,37,"PPM1D;EI24;BID;SHISA5;TSC2;CDK6;CCND3;CDK4"
"RA_Processing_of_Capped_Intronless_Pre-mRNA%R-MMU-75067",0.258358662613982,0.609978501000816,0.35696586124685,1.10294183711397,84,23,"SYMPK;CSTF2;CSTF2T;PAPOLA;CPSF6;CPSF1;FIP1L1;CPSF3"
"BP_ossification%0001503",0.15359477124183,0.610827760776758,0.406290078609047,1.26076206142371,46,26,"TRAF6;IFT80;MEN1;SP3;RASSF2;SUN1;RUNX1;EXT2;CBFB;FOSL2;SP1"
"BP_regulation_of_mitotic_metaphase/anaphase_transition%0030071",0.15629522431259,0.612979867450294,-0.47435546676657,-1.26324967200655,107,23,"CENPE;SMARCA4;UBE2C;SMARCB1;SMARCC1;SMARCE1;ACTB;SMARCC2;CDC6;BCL7B;SMARCD2;ACTL6A;PBRM1;SMARCA2"
"BP_response_to_virus%0009615",0.156808803301238,0.612979867450294,-0.443642927797184,-1.2755378138399,113,34,"NPC2;RPS15A;ZC3HAV1;PSMA2;DDX21;GTF2F1;BST2;DDX1;EEF1G;DHX36;DDX3X;IL17RA;LCN2;AUP1"
"BP_respiratory_electron_transport_chain%0022904",0.156017830609212,0.612979867450294,-0.510883626408515,-1.2963638924323,104,18,"AIFM1;NDUFS4;NDUFS6;ETFB;MYBBP1A;ETFA;UQCRFS1;NDUFA5;PLEC"
"BP_lactation%0007595",0.158054711246201,0.614359555578452,0.450488338418655,1.2899176099864,51,18,"UMPS;CREB1"
"BP_T_cell_activation%0042110",0.15948275862069,0.616427741185587,-0.467516040437368,-1.27183730909267,110,26,"CD48;HSPD1;VAV1;CD44;NCK1;TREML2;GRB2;CORO1A;CD84;DDOST"
"BP_blastocyst_development%0001824",0.160475482912333,0.616799621473101,-0.50979651337657,-1.29360535015621,107,18,"CDK11B;NASP;SMARCB1;BNIP2;RPL13;THOC5;SPECC1;THOC2;XAB2;G2E3;N4BP2L2"
"BP_positive_regulation_of_transcription_by_RNA_polymerase_I%0045943",0.161434977578475,0.617040358744395,-0.496724069033952,-1.26788048740695,107,19,"BAZ1B;SF3B1;LYAR;DDX21;MYBBP1A;DEK;ACTR6;UBTF;WDR75"
"RA_RNA_Polymerase_II_Transcription_Termination%R-MMU-73856",0.2630173564753,0.61796310938857,-0.367431758540212,-1.14237013090945,196,54,"SRRM1;SRSF5;ALYREF;SNRPD3;UPF3B;SRSF7;SNRPE;THOC1;SNRPF;SNRPG;CASC3;THOC3;MAGOH;SARNP;THOC5;SRSF9;EIF4A3"
"WP_Alzheimers_Disease%WP2075",0.413385826771654,0.623978606447779,0.286133750851651,1.01801827596721,104,42,"BACE1;MAPK1;ATP2A3;HSD17B10;BID;MAPK3;LPL;IDE;CAPN1;CASP8;ADAM10;ADAM17;PLCB2"
"RA_Cell_death_signalling_via_NRAGE,_NRIF_and_NADE%R-MMU-204998",0.269736842105263,0.624653739612188,0.347557469389594,1.11850594047018,81,28,"TRAF6;ARHGEF10L;ABR;AKAP13;PREX1;ECT2"
"RA_HDR_through_Homologous_Recombination_(HRR)%R-MMU-5685942",0.268148148148148,0.624653739612188,-0.432522531118232,-1.15560975180533,180,24,"RFC4;PCNA;RPS27A;POLE3;RFC3;BLM;POLE4;RPA3"
"RA_RHOBTB1_GTPase_cycle%R-MMU-9013422",0.268518518518519,0.624653739612188,-0.468580077195175,-1.18729594072023,173,18,"SRRM1;SPEN;RBBP6;HNRNPC;RBMX;CUL3;STK38;VIM;RNF20;TXNL1;CCT2;ROCK1"
"BP_replication_fork_processing%0031297",0.165457184325109,0.625464520965247,-0.48122010203873,-1.2755721289592,113,22,"ATRX;BRCA2;BOD1L;PCNA;BLM;CENPX"
"BP_retrograde_vesicle-mediated_transport,_Golgi_to_endoplasmic_reticulum%0006890",0.164835164835165,0.625464520965247,0.366432674014382,1.2342987297713,44,35,"ERGIC1;KDELR2;ARF3;GBF1;RAB6A;STX18;GOLPH3L;COG3;UVRAG;ARCN1;BICD2;HTT;STX5A;ARF4;PITPNB"
"RA_NRAGE_signals_death_through_JNK%R-MMU-193648",0.272463768115942,0.627964113181505,0.372985906762014,1.0969229514382,93,19,"ARHGEF10L;ABR;AKAP13;PREX1;ECT2;ARHGEF3;ARHGEF18;VAV3"
"RA_DNA_strand_elongation%R-MMU-69190",0.273972602739726,0.628449003440888,-0.4536916904131,-1.16548647344265,179,19,"RFC4;GINS1;PCNA;RFC3;RPA3;GINS4;PRIM1"
"RA_Telomere_C-strand_(Lagging_Strand)_Synthesis%R-MMU-174417",0.278366111951589,0.633705343225887,-0.433585326915894,-1.14692328040397,183,22,"RFC4;PCNA;TERF1;RFC3;BLM;RPA3;PRIM1;LIG1;DSCC1;TERF2;RPA1;RFC5;POLA1"
"RA_Extra-nuclear_estrogen_signaling%R-MMU-9009391",0.281501340482574,0.633705343225887,0.407041035347057,1.12764591468733,104,15,"CREB1;GNG12;GNAI3;PDPK1;PIK3R1;CDKN1B"
"RA_DNA_Replication%R-MMU-69306",0.279951100244499,0.633705343225887,-0.327869242057173,-1.1065383197055,228,90,"UBE2E1;RFC4;GINS1;GMNN;PCNA;RPS27A;UBE2C;POLE3;RFC3;PSMD6;PSMA7;MCM7;ANAPC7;POLE4;RPA3;PSMC5;GINS4;PSMD7;PSME1;PRIM1"
"RA_Recognition_of_DNA_damage_by_PCNA-containing_replication_complex%R-MMU-110314",0.281481481481482,0.633705343225887,-0.427563305792587,-1.14235973883398,189,24,"RFC4;PCNA;RPS27A;POLE3;RFC3;POLE4;RPA3"
"RA_RHO_GTPases_Activate_Formins%R-MMU-5663220",0.286069651741294,0.636155726715912,-0.329000240019483,-1.09671995160778,229,80,"RANBP2;EVL;DYNC1H1;NUP37;CENPE;CENPA;NUP43;SEC13;NDC80;BUB1;CENPK;RANGAP1;RHOA;INCENP;SPDL1;DIAPH1;KIF2A;CDCA8;XPO1;PFN1;CENPQ;BUB1B;DIAPH3;CENPH;NUP133"
"RA_Mitotic_Spindle_Checkpoint%R-MMU-69618",0.283935242839352,0.636155726715912,-0.330452537793782,-1.09873888474258,227,79,"UBE2E1;RANBP2;DYNC1H1;NUP37;CENPE;CENPA;UBE2C;NUP43;SEC13;NDC80;BUB1;CENPK;ANAPC7;RANGAP1;INCENP;SPDL1;KIF2A;CDCA8;XPO1;CENPQ;BUB1B"
"RA_Activation_of_the_pre-replicative_complex%R-MMU-68962",0.286532951289398,0.636155726715912,-0.408778995024726,-1.13912881366161,199,28,"GMNN;POLE3;MCM7;POLE4;RPA3;PRIM1;CDC45;MCM5;ORC4;MCM2;RPA1;CDC6;POLA1"
"KEGG_Galactose_metabolism%mmu00052",0.497764530551416,0.639344262295082,-0.398861195728402,-0.974365993306524,333,16,"AKR1B3;UGP2;GLA;G6PC3;HK2"
"KEGG_Vascular_smooth_muscle_contraction%mmu04270",0.5,0.639344262295082,0.282185785707273,0.969321304969073,136,35,"GNA13;MAPK1;PRKACA;ARAF;PPP1R12C;MAPK3;GNAS;MAP2K2;BRAF;ADCY7;PRKACB;MYH9"
"BP_microtubule_nucleation%0007020",0.171171171171171,0.64003133568351,0.44300046982746,1.28690340501854,56,19,"SLAIN2;NDEL1;TUBG1;TUBGCP6;NEDD1;CLASP2;CEP192;TUBGCP4;CLASP1"
"BP_positive_regulation_of_smooth_muscle_cell_proliferation%0048661",0.170731707317073,0.64003133568351,0.373397760800713,1.23108016860363,48,32,"TRAF6;FOXP1;MYB;STAT1;PDGFRB;PIK3R1;IRAK4;IGF1R;MYD88;ABCC4;ELANE;AKT1;HDAC4;GNAQ;STAT5B;MYC"
"KEGG_NF-kappa_B_signaling_pathway%mmu04064",0.503846153846154,0.640760869565217,0.273122396955761,0.960529028982292,130,39,"TRAF6;MAP3K7;LYN;ICAM1;CFLAR;SYK;IRAK4;IKBKB"
"BP_mRNA_transport%0051028",0.172739541160594,0.642404347667506,-0.414432271871932,-1.24404910244278,127,44,"RANBP2;DHX9;ALYREF;SRSF7;CETN3;NUP37;NUP43;SEC13;LRPPRC;CETN2;NUP93"
"KEGG_Vasopressin-regulated_water_reabsorption%mmu04962",0.507987220447284,0.642535186944133,0.301021643697497,0.952298716639613,158,24,"CREB1;PRKACA;RAB5A;RAB5B;GNAS;DCTN4;PRKACB;DCTN5"
"BP_learning%0007612",0.174698795180723,0.646197694001814,0.414367705830175,1.23018399165556,57,20,"PRKAR2B;RGS14;PTGS1;HTT;GMFB;ATP8A1;ARF4;ATP1A3;EIF2AK4;SYNJ1;AAAS"
"BP_endosomal_transport%0016197",0.176678445229682,0.650025509722039,0.352544083466692,1.1967580743254,49,38,"ALS2;ARL8B;AP5B1;REPS1;ALMS1;WASHC4;TMCC1;TOM1;ANKFY1;SNX27;EPS15;SNX18;HTT;WASHC5;VPS36"
"RA_Polymerase_switching_on_the_C-strand_of_the_telomere%R-MMU-174411",0.294303797468354,0.650424830934628,-0.469822605672744,-1.14886048500311,185,16,"RFC4;PCNA;TERF1;RFC3"
"KEGG_Oocyte_meiosis%mmu04114",0.520618556701031,0.651469209989525,0.261425532010169,0.981378047857785,100,65,"ANAPC16;PPP2R5C;MAPK1;YWHAZ;MAPK14;PRKACA;YWHAG;ANAPC5;MAPK3;PPP2CB;CUL1;SLK;IGF1R;ADCY7;PRKACB;PPP2R5D;PPP2CA"
"KEGG_Apoptosis%mmu04215",0.520300751879699,0.651469209989525,-0.376462353406806,-0.946392384726394,345,18,"BIRC6;HTRA2;BIRC3;BIRC5"
"RA_Programmed_Cell_Death%R-MMU-5357801",0.296488946684005,0.652275682704812,-0.343746248237999,-1.1014600764824,227,66,"BCAP31;CASP1;CHMP2A;RPS27A;FAS;HSP90AA1;HMGB2;BIRC3;OMA1;CHMP4B;HMGB1;CLSPN;UBE2L3;CHMP3;STUB1;GSDMD;CHMP2B"
"BP_autophagosome_assembly%0000045",0.179054054054054,0.65244191559981,0.361081060873168,1.19653413562561,52,31,"TRAF6;VMP1;IRGM1;UBQLN1;ATG2A;ATG2B;ATG4B;ATG9A"
"BP_phosphatidylinositol_phosphate_biosynthetic_process%0046854",0.179558011049724,0.65244191559981,0.467162930023516,1.2717064651317,64,15,"PIK3CB;PIK3R1;PI4K2B;TTC7B;PIP4K2A;PIP5K1C;PIK3CG;TTC7"
"BP_lysosome_localization%0032418",0.18018018018018,0.65244191559981,0.435646959217193,1.2655416718202,59,19,"DEF8;ARL8B;NDEL1;SNAPIN;SPAG9;VPS33B;KIF5B;MYH9;KIF1B;VPS33A"
"BP_phospholipid_transport%0015914",0.191553544494721,0.660548628428928,-0.500697049453246,-1.24663789889573,126,17,"SCP2;PRELID1"
"BP_fat_cell_differentiation%0045444",0.190635451505017,0.660548628428928,0.386249151811144,1.21277553979589,56,27,"OSBPL11;JDP2;ZBTB7A;OSBPL8;GPX1;SENP2;PIAS1;GATA2;FOSL2;FBXO9;BCL2L13"
"BP_regulation_of_mitochondrial_membrane_potential%0051881",0.188707280832095,0.660548628428928,-0.494123971222187,-1.2538363759685,126,18,"NDUFS1;PRELID1;SOD1;NDUFS4;NDUFS6;PPA2;LIPA;CLIC1;PANK2"
"BP_negative_regulation_of_protein-containing_complex_assembly%0031333",0.190045248868778,0.660548628428928,-0.502236039358409,-1.25046968329287,125,17,"NOP53;SVIP;DNAJC15;DDX3X;RAF1;SORL1;CDC42;EP300"
"BP_mitotic_spindle_assembly_checkpoint_signaling%0007094",0.188571428571429,0.660548628428928,-0.447806167384687,-1.22822401922191,131,28,"IK;CENPE;PSMG2;NDC80;TPR;BUB1;TTK;TRIP13;BIRC5;SPDL1;BUB1B"
"BP_cellular_response_to_lipopolysaccharide%0071222",0.192019950124688,0.660548628428928,-0.368527275267576,-1.18167958410004,153,66,"CAMP;CASP1;PAF1;NCL;CHMP5;CD68;ASS1;HMGB2;BCL10;PYCARD;GBP3;MMP8;B2M;RHOA;STAP1;IRF8;HMGB1;TRIM41;HADHB;SELENOS"
"BP_negative_regulation_of_G1/S_transition_of_mitotic_cell_cycle%2000134",0.189111747851003,0.660548628428928,0.461749275088077,1.27771468001638,65,16,"JADE1;ZFP655;CDK2AP2;CDC73;RB1;RBL1"
"BP_response_to_glucose%0009749",0.184438040345821,0.660548628428928,-0.460326922026206,-1.2463740007763,127,25,"KHK;SELENOS;EIF2B3;RMI1;CTSL;EIF2B5;TXNIP;SREBF1"
"BP_negative_regulation_of_innate_immune_response%0045824",0.188059701492537,0.660548628428928,-0.475121340138679,-1.22990229337659,125,20,"MNDAL;PARP1;IFI209;GRN;LYAR"
"BP_chromosome_organization%0051276",0.183499288762447,0.660548628428928,-0.454518612231149,-1.24532797944113,128,27,"BRCA2;SFPQ;BLM;SMARCC1;GTF2B;MRE11A;CDCA8;SMCHD1;ZMPSTE24;ATR"
"WP_Apoptosis%WP1254",0.458388375165126,0.668247694334651,-0.333878650756555,-1.00694750674365,346,43,"CASP1;IRF2;FAS;HELLS;BIRC3;BIRC5;IRF1"
"WP_Metapathway_biotransformation%WP1251",0.459420289855073,0.668247694334651,-0.387345157610005,-1.0236955709187,316,23,"AKR1B3;MGST1;NAT10;NAA20;GSTM4"
"BP_membrane_fission%0090148",0.198083067092652,0.670384361695749,0.399581054999587,1.19506526476786,61,22,"EPN1;SPAST;EXOC8;EXOC3;EXOC7;CHMP7;EXOC1;TMCC1"
"BP_positive_regulation_of_innate_immune_response%0045089",0.196018376722818,0.670384361695749,-0.506436963778224,-1.23181191949105,127,16,"DHX9;HMGB2;HMGB1"
"BP_negative_regulation_of_cell_cycle%0045786",0.198776758409786,0.670384361695749,0.398098602175529,1.19982136946747,64,21,"TSC22D2;MEN1;TAF6;MFN2;RB1;CDK6;ETS1;RHOB;SUV39H1;DYRK1A"
"BP_cellular_response_to_growth_factor_stimulus%0071363",0.198083067092652,0.670384361695749,0.399136020545856,1.19373425767775,61,22,"CREB1;CAT;EMD;CIB1;TGFBR1;EHD4;PPP2R5D;AKT1;TWF2;STAT5B;URI1"
"RA_SUMO_E3_ligases_SUMOylate_target_proteins%R-MMU-3108232",0.308716707021792,0.671929442508711,-0.321766386377026,-1.09272388571531,254,94,"NOP58;RANBP2;HERC2;SUMO1;PCNA;NUP37;NUP43;SEC13;BLM;UBE2I;NSMCE1;NPM1;TPR;TRIM27;SUMO2;CETN2;RANGAP1;TOP2A;INCENP;NUP93"
"RA_PIP3_activates_AKT_signaling%R-MMU-1257604",0.310975609756098,0.671929442508711,0.260549479798565,1.07046896177264,50,100,"TRAF6;PHC2;PSME3;TNKS;BMI1;PML;PPP2R5C;CREB1;MAF1;MAPKAP1;WWP2;PIK3CD;TNKS2;PPP2CB;PSMB5;PDPK1;PIK3CB;PIK3R1;IRAK4;CDKN1B;GATAD2B;MTA2;USP7;MYD88;PSMD8"
"RA_MTOR_signalling%R-MMU-165159",0.310549777117385,0.671929442508711,-0.417989597275137,-1.11504796325084,208,23,"LAMTOR4;RHEB;RRAGC;EIF4G1;LAMTOR5"
"RA_Dual_Incision_in_GG-NER%R-MMU-5696400",0.310549777117385,0.671929442508711,-0.418784196181132,-1.11716767124718,208,23,"RFC4;PCNA;RPS27A;POLE3;RFC3;POLE4;RPA3"
"BP_protein_catabolic_process%0030163",0.200514138817481,0.672945012226472,-0.38286284127216,-1.18841701001211,155,55,"LONP1;AFG3L1;CTSD;ANKRD11;LNPEP;UCHL3;HTRA2;MMP8;NDFIP1;AFG3L2;UBE2G2;SQSTM1;ERAP1;CTSL;IL17RA;UBE2G1;CTSB;CUL3;CAPNS1;NLN;BCAS2;CAST"
"BP_DNA_unwinding_involved_in_DNA_replication%0006268",0.202080237741456,0.674582215065307,-0.488412133242567,-1.23934262409734,135,18,"GINS1;SSBP1;BLM;MCM7;GINS4;CDC45;MCM5;MCM2;RPA1"
"BP_positive_regulation_of_axon_extension%0045773",0.202962962962963,0.674582215065307,-0.466728226240234,-1.21946723994442,136,21,"FN1;MACF1;LRP1;TRPV2;GDI1;APOE"
"BP_proteolysis%0006508",0.211627906976744,0.680373831775701,-0.32782260623856,-1.14097358246847,181,129,"DLD;CTSS;EIF3F;CASP1;PRCP;UQCRC2;CTSH;LONP1;PRSS57;ZRANB1;LACTB;CTSD;PARL;SPG7;LNPEP;CLPP;CLPX;HTRA2;CPA3;MMP8;AGA;SENP6;SCPEP1;CTSZ;AFG3L2"
"BP_cellular_response_to_amino_acid_starvation%0034198",0.20655737704918,0.680373831775701,0.38286373980246,1.1656201469468,62,24,"UCP2;MAPK1;MAP3K5;MAPK3;ATXN3;GCN1;EIF2AK2;MIOS"
"BP_cellular_response_to_starvation%0009267",0.210909090909091,0.680373831775701,0.341494848865882,1.17150999290751,57,40,"RALB;PPM1D;STK24;FBXO22;TSC2;ATG4B;SREBF2;MAX;RIPOR1"
"BP_regulation_of_G0_to_G1_transition%0070316",0.209800918836141,0.680373831775701,-0.49849803672996,-1.21250198426621,136,16,"SMARCA4;SMARCB1;SMARCC1;SMARCE1;ACTB;SMARCC2;BCL7B;SMARCD2;ACTL6A;PBRM1;SMARCA2"
"BP_angiogenesis%0001525",0.208791208791209,0.680373831775701,0.281436082778977,1.11970017957477,37,80,"ADAM15;MAP3K7;GNA13;NUS1;NINJ1;YWHAZ;MAPK14;FMNL3;SYK;CCR2;PDE3B;PDGFRB;SEMA4A;CIB1;TGFBR1;GATA2;KRIT1;TNFAIP2;CLIC4;RHOB;SLC31A1;SETD2;MYH9;SMAD5;CASP8"
"BP_spleen_development%0048536",0.209003215434084,0.680373831775701,0.390628358734693,1.18964718959859,64,23,"COA5;RBM15;TET2;RC3H2;MYB;PKN1;PCID2"
"BP_RNA_processing%0006396",0.208333333333333,0.680373831775701,-0.444442047257794,-1.20906648872022,144,26,"U2SURP;DIS3;DNTTIP2;EXOSC9;EXOSC3;EXOSC8;RNASEL;ISG20L2;EXOSC7"
"BP_cellular_response_to_hypoxia%0071456",0.213730569948187,0.681621055779871,-0.384441307213381,-1.18341778209869,164,52,"AIFM1;RTN4;ACAA2;PGK1;CITED2;CBL;NOP53;CR1L;HIGD1A"
"BP_immune_response%0006955",0.21399730820996,0.681621055779871,-0.400052349033719,-1.20182011911793,158,45,"CD244A;H2-T23;BCAP31;OLFM4;CD48;CTSH;LST1;CXCR4;CCL9;VAV1;PGLYRP1;H2-D1;IRF8;CCL6;CCR1"
"BP_brain_development%0007420",0.223918575063613,0.681708019227937,-0.37351225844354,-1.17449686692887,175,58,"BRCA2;UTP3;RTN4;CXCR4;CLN5;UPF3B;UFC1;NDUFS4;BPTF;TMX2;ASPM;ANAPC7;UGP2"
"BP_hemopoiesis%0030097",0.222672064777328,0.681708019227937,0.311315369090573,1.13186506580996,54,49,"ZFP36L2;BMI1;CUL4A;TET2;MEN1;YY1;LYN;IKZF1;CCR2;PDGFRB;RUNX1;PINK1;CDK6"
"BP_negative_regulation_of_cell_migration%0030336",0.216117216117216,0.681708019227937,0.336332292186384,1.16140795317686,58,41,"ADAM15;STK24;DACH1;SINHCAF;EMILIN1;OSBPL8;RAP2C;TGFBR1;ING1;SAP130;CLIC4;RHOB;MIA3;ARID2;NEDD9;RBBP7"
"BP_positive_regulation_of_cold-induced_thermogenesis%0120162",0.217510259917921,0.681708019227937,-0.414761593065958,-1.20788359470245,158,36,"FABP5;PLAC8;DYNC1H1;CXCR4;SMARCA4;HDAC3;DECR1;TRPV2;OMA1;HADH;KDM1A"
"BP_receptor-mediated_endocytosis%0006898",0.224137931034483,0.681708019227937,-0.436184599293821,-1.18660280942347,155,26,"HMMR;LRP1;CD44;CLTC;APOE;CLN3;SNX17;CD300A;SORL1;PICALM"
"BP_signal_transduction%0007165",0.218181818181818,0.681708019227937,0.249596435077727,1.08817057637082,23,164,"TRAF6;MOB3A;RALB;MAP3K20;PPP2R5C;FAM13B;PTPN11;CTSG;PTPN7;YWHAZ;STAT6;RASSF5;PPM1E;PRKACA;GAB2;LRRK1;INPP5B;CAB39;TAGAP;PLPPR3;PPP1R12C;YWHAG;NFAM1;MAPK3;RASSF2;CSNK1G2;PPM1H;PDE3B;SLA;SH2D3C;NDRG3;PDPK1;PDGFRB;ARHGAP26;JAK2;PTPRE;PKN1;RABEP1;RABEP2;CDK6;STK11;TGFBR1;TOM1;OLFM1;CCND3"
"BP_fibroblast_growth_factor_receptor_signaling_pathway%0008543",0.221238938053097,0.681708019227937,0.432404058599342,1.21572334685135,74,17,"IFT80;PTPN11;FRS2;CRKL;PDGFRB;KIF16B;IGF1R"
"BP_response_to_hypoxia%0001666",0.223744292237443,0.681708019227937,0.298315224510527,1.12006882195867,48,57,"CBFA2T3;PML;UCP2;ECE1;NFATC3;USF1;ARNT;TSC2;CAT;CCR2;ADA;ALKBH5;SMAD4;SLC2A1;FOSL2;EGLN1"
"BP_mRNA_destabilization%0061157",0.224924012158055,0.681708019227937,0.423681105313587,1.21315841533417,73,18,"ELAVL1;CELF1;CNOT6L;ALKBH5;METTL3"
"BP_spliceosomal_complex_assembly%0000245",0.2234375,0.681708019227937,-0.505896498705239,-1.20439674376653,142,15,"GEMIN2;SF3B1;ZRSR2;CRNKL1"
"BP_single_fertilization%0007338",0.219219219219219,0.681708019227937,0.418687406193704,1.216274666433,72,19,"HOXA10;HPS1;HOXA9;SNU13;CRKL;WDR48;SMAD4;ANTXR2"
"RA_Degradation_of_the_extracellular_matrix%R-MMU-1474228",0.326807228915663,0.683664302600473,-0.423840673844691,-1.09930808446551,216,20,"CTSS;FN1;COL19A1;CTSD;CD44;MMP8"
"RA_Cell_Cycle_Checkpoints%R-MMU-69620",0.329171396140749,0.683664302600473,-0.302120622318335,-1.07614724684709,289,157,"UBE2E1;RANBP2;RFC4;DYNC1H1;RPS27A;NUP37;CENPE;CENPA;UBE2C;NUP43;RFC3;SEC13;BLM;PSMD6;NDC80;PSMA7;MCM7;BUB1;CENPK;ANAPC7;UBE2V2;RANGAP1;CCNB2;INCENP;RPA3;PSMC5;CLSPN;PSMD7;PSME1;CHEK1;BABAM2;SPDL1;KIF2A;CDC45;CDCA8;XPO1;CENPQ;BUB1B;RMI1;MCM5;CENPH;NUP133;UIMC1;ORC4;CKAP5;CLIP1;MCM2;RPA1;MAD2L1;DYNC1LI1;PSMC1;CENPF;PSMD14;RFC5;CCNE2;DYNC1I2;CDC6;CDC20"
"RA_Estrogen-dependent_gene_expression%R-MMU-9018519",0.331403762662808,0.683664302600473,-0.400328016278784,-1.10538164664417,228,27,"GTF2F2;POLR2G;HSP90AA1;GTF2A2;GTF2F1;KDM1A;POLR2F;PTGES3;HSP90AB1"
"RA_Interleukin-1_family_signaling%R-MMU-446652",0.326612903225806,0.683664302600473,0.276909958121662,1.06023506441383,80,60,"TRAF6;MAP3K7;PSME3;MAP3K3;CTSG;TBK1;PSMB5;CUL1;IRAK4;IKBKB;STAT3;MYD88;PSMD8;PSME4;CASP8"
"RA_KEAP1-NFE2L2_pathway%R-MMU-9755511",0.331944444444444,0.683664302600473,-0.363599999141572,-1.09674399671825,238,43,"PRDX1;MAP1LC3B;RPS27A;PSMD6;VCP;PSMA7;PSMC5;PSMD7;PSME1;SQSTM1"
"RA_Regulation_of_TP53_Activity_through_Phosphorylation%R-MMU-6804756",0.331932773109244,0.683664302600473,-0.37003932906621,-1.08399485981081,236,37,"RFC4;CSNK2A1;RPS27A;TAF15;TAF9;RFC3;BLM;TPX2;RPA3;CSNK2B;TAF10;SSRP1;RMI1"
"RA_RHOBTB2_GTPase_cycle%R-MMU-9013418",0.329113924050633,0.683664302600473,-0.455424805399655,-1.11365344386673,207,16,"SRRM1;HSP90AA1;HNRNPC;HSP90AB1;RBMX;CUL3;STK38;TWF1;DDX39B;CDC37;TXNL1"
"RA_Signaling_by_FGFR%R-MMU-190236",0.328888888888889,0.683664302600473,-0.413923436578037,-1.10591686073251,221,24,"GTF2F2;POLR2G;RPS27A;CBL;GTF2F1;POLR2F;GRB2"
"RA_Signaling_by_FGFR2%R-MMU-5654738",0.328888888888889,0.683664302600473,-0.413923436578037,-1.10591686073251,221,24,"GTF2F2;POLR2G;RPS27A;CBL;GTF2F1;POLR2F;GRB2"
"RA_Cell-Cell_communication%R-MMU-1500931",0.327300150829563,0.683664302600473,-0.423328066816398,-1.11073131378688,216,21,"SKAP2;CD47;ACTG1;NCK1;FLNA;GRB2;ACTB;PLEC"
"RA_Mitophagy%R-MMU-5205647",0.320126782884311,0.683664302600473,-0.4510685259214,-1.11836688967504,201,17,"CSNK2A1;MAP1LC3B;RPS27A;TOMM22;CSNK2B;SQSTM1"
"BP_positive_regulation_of_tumor_necrosis_factor_production%0032760",0.231675392670157,0.687287257658724,-0.384694204864837,-1.17800965019152,176,51,"H2-T23;DHX9;HSPD1;TYROBP;NCL;LRRFIP2;FCGR3;CYBB;PYCARD;MMP8"
"BP_regulation_of_cytokinesis%0032465",0.232758620689655,0.687287257658724,-0.432367780842875,-1.17621948203345,161,26,"BRCA2;PRPF40A;CALM2;BIRC6;CETN2;PRC1;SH3GLB1;CALM3"
"BP_negative_regulation_of_neuron_projection_development%0010977",0.232462173314993,0.687287257658724,-0.414319709939581,-1.19122930612503,168,34,"RTN4;LGALS1;LRP1;H2-D1;B2M;RHOA;FLNA;DGUOK;APOE;H2-K1;THOC2;PRKCSH;ITM2C;HDAC2"
"BP_microtubule-based_movement%0007018",0.229018492176387,0.687287257658724,-0.433739155216792,-1.18839469107578,160,27,"DYNLT3;KTN1;CENPE;KIF20B;KIF14;KIF22;KIF2A;ACTR10"
"BP_negative_regulation_of_protein_binding%0032091",0.231788079470199,0.687287257658724,0.362654720322199,1.16748442300093,69,28,"RALB;SYMPK;TLE5"
"BP_regulation_of_protein_localization%0032880",0.230876216968011,0.687287257658724,-0.406678991336671,-1.18738809087242,165,38,"CNPY4;PARP1;HSP90AA1;TPR;BORA;RAB8A;UFL1;KDM1A;RSL1D1;MYCBP2;HSP90AB1;CAMK1;TRIM25"
"BP_protein_import_into_nucleus%0006606",0.234146341463415,0.688430268918074,0.291033767947277,1.12023687185573,47,65,"PML;ELAVL1;NFATC3;ATF2;TSC2;SYK;TNPO3;PIK3R1;ING1;STAT3;EIF4ENIF1;IPO9;KPNA6;STK3;DYRK1A;NUP107;ADAR;NUP62;IPO8;POLA2;AKT1;SPG11;PHIP;NOTCH1;KPNA1;LRRK2;APPL1;CSE1L;STK4;KPNB1;NUP214"
"RA_Organelle_biogenesis_and_maintenance%R-MMU-1852241",0.336734693877551,0.690591490833621,0.264006408330539,1.0443754426493,65,81,"IFT80;PRKAR2B;EXOC8;TUBG1;PRKACA;EXOC3;EXOC7;NEK2;C2CD3;CEP83;GBF1;RP2;ALMS1;EXOC1;CDK5RAP2;NEDD1;CEP192;GABPA;PDE6D;CLASP1;HAUS4;EXOC5;ARF4;CEP152;CENPJ;CEP76;EXOC4;ACTR1A;SCLT1;PLK1"
"RA_Extracellular_matrix_organization%R-MMU-1474244",0.340365682137834,0.692769415458491,-0.363065500376267,-1.0883698655148,241,42,"CTSS;FN1;ITGB7;COL19A1;CTSD;CD47;PPIB;CD44;MMP8"
"RA_Fcgamma_receptor_(FCGR)_dependent_phagocytosis%R-MMU-2029480",0.340659340659341,0.692769415458491,0.294232589312622,1.05070620847006,92,45,"CRK;MYO1C;ELMO2;LYN;CYFIP1;SYK;PIK3CB;PIK3R1;NF2;ELMO1"
"BP_immune_system_process%0002376",0.237037037037037,0.692771950891545,-0.458709189605564,-1.19851510565704,159,21,"PTMS;IRF2;HP;RNF213;IRF8;IRF1;SQSTM1"
"BP_stem_cell_population_maintenance%0019827",0.240231548480463,0.692771950891545,-0.446952052145723,-1.19027200661226,165,23,"PAF1;SMC3;SMARCA4;DDX6;GNL3;PADI4;RTF1"
"BP_protein_sumoylation%0016925",0.240657698056801,0.692771950891545,-0.469421053555228,-1.19818996357111,160,19,"RANBP2;SUMO1;UBE2I;SUMO2;SENP6;RANGAP1"
"BP_DNA_methylation-dependent_constitutive_heterochromatin_formation%0006346",0.24024024024024,0.692771950891545,0.406226441260641,1.1800759278438,79,19,"PPM1D;BMI1;ATF7IP;MBD2;EHMT1"
"BP_embryonic_organ_development%0048568",0.24024024024024,0.692771950891545,0.406531958538063,1.18096344659691,79,19,"EPN1;MBD2;RAD23B;MED12;PDGFRB;WDR48;SETD2;ARID2;PBX3"
"RA_Deubiquitination%R-MMU-5688426",0.342657342657343,0.693916961699389,0.243311868121991,1.01990114106702,48,130,"TRAF6;MAP3K7;PSME3;TNKS;BAP1;TNIP1;USP25;YY1;VCPIP1;RAD23B;TNKS2;USP47;ATXN3;PSMB5;RAD23A;OTUB1;MYSM1;TGFBR1;USP3;STAM;WDR48;MCRS1;SMAD4;USP22;USP7;PSMD8;STAM2;PSME4;USP8"
"KEGG_Fructose_and_mannose_metabolism%mmu00051",0.561456752655539,0.695136931859238,-0.387280473695517,-0.927289935053473,369,15,"KHK;AKR1B3"
"KEGG_Epstein-Barr_virus_infection%mmu05169",0.561151079136691,0.695136931859238,0.231378355428951,0.943432779916207,77,111,"TRAF6;MAP3K7;H2-Q6;MAPK14;IKBKE;BID;LYN;ICAM1;PIK3CD;SYK;TBK1;STAT1;PIK3CB;PIK3R1;IRAK4;RB1;NCOR2;CDK6;IKBKB;CCND3;IRF9;STAT3;CDKN1B;CDK4;USP7;MYD88;PSMD8;E2F1"
"KEGG_Glycerolipid_metabolism%mmu00561",0.564586357039187,0.695332671300894,-0.359692954037891,-0.936325844127581,388,20,"ALDH2;AGPAT5;AKR1B3;GLA;DGAT1;DGAT2;GPAT4;AGK"
"RA_APC/C:Cdc20_mediated_degradation_of_Cyclin_B%R-MMU-174048",0.346518987341772,0.698813291139241,-0.447477216948595,-1.09421915055636,218,16,"UBE2E1;RPS27A;UBE2C;ANAPC7"
"BP_intra-Golgi_vesicle-mediated_transport%0006891",0.243975903614458,0.699397590361446,0.38673963604157,1.14816116821619,80,20,"GOSR2;TRAPPC10;COG2;RAB6A;COG6;VTI1A;COG8;COG3"
"BP_negative_regulation_of_cysteine-type_endopeptidase_activity%2000117",0.245541838134431,0.700965911354723,-0.404597880431358,-1.16834422852444,178,35,"MNDAL;CSNK2A1;IFI209;INTS1;CD44;LAMTOR5;PLAUR;BIRC5;NAIP2"
"BP_regulation_of_mRNA_stability%0043488",0.246753246753247,0.700991094703135,0.364568137631305,1.12649243855313,75,25,"ZFP36L2;AGO2;ALKBH5;SENP1;PCID2"
"BP_endoplasmic_reticulum_organization%0007029",0.247588424437299,0.700991094703135,0.376374656192541,1.14623795728998,76,23,"TMED2;SEC16A;SEC31A;TMCC1;MIA3;RETREG2;SEC16B;HTT;GAK;SEC61A1"
"BP_negative_regulation_of_apoptotic_signaling_pathway%2001234",0.248618784530387,0.701023458020107,0.44096991457434,1.2004040887074,89,15,"MAP3K7;BMI1;MAZ;GNAI3;MRTFA;RB1"
"BP_response_to_peptide_hormone%0043434",0.25,0.702040816326531,0.36341160067425,1.1229188126584,76,25,"PLD1;STAT6;STAT1;BRAF;CCND3;STAT3;CDKN1B;LRP5;PRKCI;STAT2"
"BP_cellular_response_to_oxidative_stress%0034599",0.252980132450331,0.70465721103574,-0.379079109692265,-1.15123364134495,190,49,"PPIA;LONP1;PARP1;RWDD1;PRDX5;PRDX2;HTRA2;SETX;VRK2;SELENOS;CST3;CHCHD4;PNPT1"
"BP_regulation_of_ERK1_and_ERK2_cascade%0070372",0.25214899713467,0.70465721103574,0.437308478880583,1.21008411557283,87,16,"ECE1;YWHAZ;FRS2;LYN;SYK"
"RA_Glycosaminoglycan_metabolism%R-MMU-1630316",0.350903614457831,0.704719292106184,-0.416110979660829,-1.07925971291663,232,20,"HMMR;HEXA;CD44"
"KEGG_Arginine_and_proline_metabolism%mmu00330",0.576347305389222,0.706100887230774,-0.3678080875368,-0.915802636173887,384,17,"ALDH2;SAT1"
"BP_proteasome-mediated_ubiquitin-dependent_protein_catabolic_process%0043161",0.258064516129032,0.706580130776149,0.246290870382527,1.05562403427219,31,151,"DTX4;KLHL5;PML;PPP2R5C;APPBP2;CUL4A;KLHL2;ARIH2;BAG6;WWP2;KBTBD2;FBXO22;RMND5B;KCMF1;TOPORS;RBCK1;SPOP;RAD23B;PPP2CB;ATXN3;PSMB5;RAD23A;EDEM3;UBE4B;CUL1;DTL;OTUD5;SENP1"
"BP_positive_regulation_of_D-glucose_import%0046326",0.258358662613982,0.706580130776149,0.407557938268431,1.16699172171163,84,18,"PTPN11;MAPK14;MFN2;OSBPL8;ERBB3;PRKCI;AKT1;APPL1;C2CD5;AKT2;RASA1"
"BP_in_utero_embryonic_development%0001701",0.258741258741259,0.706580130776149,0.260252812950343,1.07716897174451,36,123,"TRAF6;TMED2;EPN1;GNA13;BMI1;BAP1;SRSF1;CUL4A;SP3;INPP5B;NMT1;SEC24D;C2CD3;SEC24C;CMIP;ATF2;MYB;RXRB;VPS54;ADA;ENO1;GPI1;RIC8A;PDGFRB;RUNX1;GABPA;NCOR2;STIL;TGFBR1;ADD1"
"BP_epithelial_cell_differentiation%0030855",0.258805513016845,0.706580130776149,-0.479619888153507,-1.16658446619859,168,16,"PCNA;ACADVL;PGK1;CD63;CES1D"
"BP_regulation_of_cell_migration%0030334",0.258019525801953,0.706580130776149,-0.408151661651123,-1.1645319132346,184,33,"MACF1;RTN4;CXCR4;SMARCA4;RHOA;KIF14;NCK1;FLNA;KIF2A;TMSB4X"
"RA_RHOV_GTPase_cycle%R-MMU-9013424",0.353887399463807,0.707774798927614,0.38503708566478,1.06668728444738,131,15,"MAP3K11;GIT2;DEPDC1B;PIK3R1;WDR6"
"RA_RIPK1-mediated_regulated_necrosis%R-MMU-5213460",0.357037037037037,0.708221007893139,-0.406856259955465,-1.08703484272142,240,24,"RPS27A;FAS;HSP90AA1;BIRC3;UBE2L3;STUB1"
"RA_Regulation_of_necroptotic_cell_death%R-MMU-5675482",0.357037037037037,0.708221007893139,-0.406856259955465,-1.08703484272142,240,24,"RPS27A;FAS;HSP90AA1;BIRC3;UBE2L3;STUB1"
"BP_positive_regulation_of_angiogenesis%0045766",0.26261319534282,0.714141811841345,-0.372806799498474,-1.14860909626379,202,53,"CAMP;LGALS3;CTSH;RTN4;GRN;MTDH;CYBB"
"RA_G_alpha_(q)_signalling_events%R-MMU-416476",0.361842105263158,0.714822771213749,0.324678836978308,1.04487815653332,109,28,"CREB1;DGKZ;RGS19;GNG12;RGS18;PIK3R1"
"BP_microtubule_bundle_formation%0001578",0.265193370165746,0.718319049897768,0.434625229228371,1.18313264687171,95,15,"SPAST;NUMA1;KIF20A;CDK5RAP2;CLASP1"
"BP_cellular_response_to_heat%0034605",0.266857962697274,0.71999324837539,-0.433430961582005,-1.16863339911653,185,24,"DHX9;SUMO1;HSP90AA1;VCP;TPR;HTRA2;EEF1D;PDCD6;HSP90AB1;DHX36;TFEC;YWHAE"
"RA_Transport_of_Mature_mRNA_Derived_from_an_Intronless_Transcript%R-MMU-159231",0.366946778711485,0.721960328846986,-0.360193940291922,-1.05515373405507,261,37,"RANBP2;ALYREF;NUP37;NUP43;SEC13;TPR"
"BP_positive_regulation_of_translation%0045727",0.269406392694064,0.724029680365297,0.292930346366517,1.09985049710096,58,57,"AGO2;PLD1;ZCCHC4;PTBP1;PCIF1;MAPK1;SERP1;ELAVL1;OTUD6B;MAPK3;LARP4B"
"BP_T_cell_differentiation_in_thymus%0033077",0.271565495207668,0.726992454096791,0.375930534975768,1.12433139332795,84,22,"ZFP36L2;TCF3;ADA;BRAF;CDK6"
"BP_neuron_cellular_homeostasis%0070050",0.276243093922652,0.728181029190745,0.428333032838169,1.16600408996995,99,15,"BAP1;TSC22D4;SNAPIN"
"BP_ephrin_receptor_signaling_pathway%0048013",0.276243093922652,0.728181029190745,0.425652025257042,1.15870587674525,99,15,"CRK;PTPN11;ANKS1;PDGFRB;IGF1R"
"BP_positive_regulation_of_phagocytosis%0050766",0.275862068965517,0.728181029190745,-0.418839096153983,-1.13941585511578,191,26,"SOD1;CD47;FCGR3;LYAR;LRP1;PYCARD;CYBA;C3;PTPRJ;LMAN2;RAP1A"
"BP_leukocyte_cell-cell_adhesion%0007159",0.274336283185841,0.728181029190745,0.411627612890776,1.15730944066761,92,17,"OLR1;TNIP1;ICAM1;SYK"
"BP_double-strand_break_repair_via_homologous_recombination%0000724",0.277777777777778,0.729431721798134,-0.373161746525635,-1.13387593012274,209,50,"BRCA2;SFPQ;CHD4;SEM1;BLM;NSMCE1;INO80;MORF4L1;HTATSF1;MRE11A;RPA3;NBN;PPP4C;RMI1;RPA2;MMS22L;INTS3;SMC6;RPA1;PSMD14;SAMHD1"
"BP_outflow_tract_morphogenesis%0003151",0.280542986425339,0.729516097937151,-0.46345712423169,-1.15391775567952,185,17,"ANKRD11;SMARCA4;CITED2"
"BP_base-excision_repair%0006284",0.282051282051282,0.729516097937151,-0.462954212258807,-1.15266560305372,186,17,"PARP1;PARP2;RPA3;HMGB1;HUWE1;RPA2;LIG1;RPA1"
"BP_regulation_of_DNA_replication%0006275",0.281980742778542,0.729516097937151,-0.394064207577734,-1.13299179667313,204,34,"SMC3;CHRAC1;GMNN;BAZ1A;POLE3;INO80"
"BP_clathrin-dependent_endocytosis%0072583",0.279635258358663,0.729516097937151,0.399780144694927,1.14472097230107,91,18,"AP2A2;SGIP1;AP2M1;AP2A1;AP2B1"
"KEGG_Starch_and_sucrose_metabolism%mmu00500",0.601208459214502,0.732722809667674,0.324381853032473,0.899816893194126,198,16,"PYGB;GAA;GPI1;PGM1"
"RA_Amplification_of_signal_from_the_kinetochores%R-MMU-141424",0.379713914174252,0.738078451647944,-0.330896386184428,-1.06028548879493,291,66,"RANBP2;DYNC1H1;NUP37;CENPE;CENPA;NUP43;SEC13;NDC80;BUB1;CENPK;RANGAP1;INCENP;SPDL1;KIF2A;CDCA8;XPO1;CENPQ;BUB1B;CENPH;NUP133;CKAP5;CLIP1;MAD2L1;DYNC1LI1;CENPF;DYNC1I2;CDC20"
"RA_Amplification__of_signal_from_unattached__kinetochores_via_a_MAD2__inhibitory_signal%R-MMU-141444",0.379713914174252,0.738078451647944,-0.330896386184428,-1.06028548879493,291,66,"RANBP2;DYNC1H1;NUP37;CENPE;CENPA;NUP43;SEC13;NDC80;BUB1;CENPK;RANGAP1;INCENP;SPDL1;KIF2A;CDCA8;XPO1;CENPQ;BUB1B;CENPH;NUP133;CKAP5;CLIP1;MAD2L1;DYNC1LI1;CENPF;DYNC1I2;CDC20"
"RA_Nucleotide-binding_domain,_leucine_rich_repeat_containing_receptor_(NLR)_signaling_pathways%R-MMU-168643",0.378299120234604,0.738078451647944,0.3314749595416,1.01912991190542,128,22,"TRAF6;MAP3K7"
"RA_Cell_surface_interactions_at_the_vascular_wall%R-MMU-202733",0.381560283687943,0.738700709219858,-0.366872608208809,-1.04776634491879,268,32,"FN1;CD48;SELL;CD47;CD44;THBD;CD177;GRB2;ITGAL"
"BP_negative_regulation_of_cell_population_proliferation%0008285",0.2875,0.740823970037453,0.261081197431551,1.08436922481282,45,106,"CBFA2T3;PML;PPP2R5C;BAP1;CNOT7;MEN1;RGCC;TAF6;CELF1;LYN;MFN2;TSC2;TRIM35;TFAP4;AGTPBP1;RUNX1;INPPL1;JAK2;CIB1;CDC73;RB1;STK11;NF2;WDR6;STAT3;DDX20;SMAD4;CDKN1B;RB1CC1;SH2B3"
"BP_response_to_bacterium%0009617",0.289508632138114,0.743216189966502,-0.377267810982602,-1.14121787154369,217,47,"CASP1;CD52;HP;CD47;SNX3;RESF1;PGLYRP1;LSM5;PYCARD;CD79B;STAP1;IRF8"
"BP_regulation_of_immune_response%0050776",0.291233283803863,0.744864309505792,-0.454125451438026,-1.15234039113249,195,18,"CLEC12A;FCGR3;SPPL2A"
"BP_regulation_of_cell_shape%0008360",0.295918367346939,0.74535016756609,0.281470856415824,1.06745639317556,57,63,"CRK;CDC42SE2;GNA13;RDX;DNMBP;PXN;ICAM1;ANXA7;FMNL3;CYFIP1;EPB41;SEMA4A;SH3KBP1;PLXNC1;NF2;TAOK2;MYH9;BRWD3;FMNL1;MSN;ARHGEF18;EZR;CDC42SE1"
"BP_protein_glycosylation%0006486",0.301324503311258,0.74535016756609,0.340203811898038,1.09520882751401,90,28,"NUS1;GGTA1;COG3;MAN2A2;EDEM3;B4GALT6;NAGPA;OSTC;MAN1A2;GMPPB;COG7;ARFGEF1;PSEN1;TRIP11;B3GALNT2"
"BP_vesicle_docking_involved_in_exocytosis%0006904",0.306590257879656,0.74535016756609,0.409662986356087,1.13358577861693,106,16,"EXOC8;EXOC3;EXOC7;EXOC1;EXOC5;PLEK;EXOC4"
"BP_positive_regulation_of_transforming_growth_factor_beta_receptor_signaling_pathway%0030511",0.300911854103344,0.74535016756609,0.390989884676647,1.11955115051669,98,18,"MEN1;HIPK2;ZEB2;SDCBP;STK11;SMAD4;CREBBP;GIPC1"
"BP_positive_regulation_of_protein_localization_to_plasma_membrane%1903078",0.305595408895265,0.74535016756609,-0.422047739389073,-1.13794151315696,212,24,"LGALS3;CNPY4;ATP2B4;LRP1;RHOG;SQSTM1;RER1"
"BP_mitotic_G2_DNA_damage_checkpoint_signaling%0007095",0.295389048991354,0.74535016756609,-0.417543554670528,-1.13053442201983,204,25,"BLM;SYF2;NOP53;MRE11A;MBD4;CLSPN;CHEK1;BABAM2;NBN;CDK5RAP3;UIMC1"
"BP_protein-containing_complex_assembly%0065003",0.297520661157025,0.74535016756609,0.304921995301232,1.09009144237298,71,48,"IRGM1;PML;MGRN1;AP2M1;ZW10;BID;DNM1L;MAPK3;MBD2;EPB41;TFAP4;MAX;NUP210;ATF1;GPAA1;SLC2A1"
"BP_regulation_of_cell_adhesion%0030155",0.306278713629403,0.74535016756609,-0.465537082473058,-1.1323307107704,199,16,"CXCR4;PPP1R12A;SPG7;KIF14;PLAUR"
"BP_positive_regulation_of_protein_ubiquitination%0031398",0.302826379542396,0.74535016756609,-0.374507336966296,-1.12507888882671,224,45,"RCHY1;NPM1;HDAC3;BCL10;LAPTM5;BIRC3;NDFIP1;KDM1A;MYCBP2;BIRC5;UBE2L3;HUWE1;STUB1"
"BP_post-embryonic_development%0009791",0.302158273381295,0.74535016756609,0.32369450061674,1.10137359026478,83,37,"AGO2;TET2;SERP1;SELENOP;RC3H2;EHBP1L1;GNAS;INPPL1;ZFX;TGFBR1;DHCR7;SGPL1"
"BP_cellular_response_to_type_II_interferon%0071346",0.295060080106809,0.74535016756609,-0.37584830630796,-1.13395945922622,220,46,"CASP1;VAMP8;EVL;CD47;ASS1;STX8;CALM2;ACTG1;GBP3"
"BP_receptor_internalization%0031623",0.295081967213115,0.74535016756609,0.358720233245333,1.09211577780635,89,24,"RALB;AP2M1;RAB5A;SYK;LDLRAP1;RAB31;GRK2;EZR;DNM2"
"BP_stress_granule_assembly%0034063",0.306240928882438,0.74535016756609,-0.432246092371514,-1.14575651753686,210,22,"PRRC2C;DYNC1H1;DDX6;RPS23;PQBP1"
"BP_centrosome_cycle%0007098",0.30416068866571,0.74535016756609,-0.42322402446647,-1.14111305868594,211,24,"PCLAF;PPP1R12A;PCM1;BNIP2;NPM1"
"KEGG_Proteoglycans_in_cancer%mmu05205",0.614942528735632,0.745577988207969,0.229219896640592,0.921762227899381,106,90,"PTPN11;MAPK1;MAPK14;RDX;PRKACA;PXN;FRS2;ARAF;PPP1R12C;PIK3CD;MAPK3;TFAP4;DROSHA;PDPK1;PIK3CB;MAP2K2;PIK3R1;BRAF;STAT3;ITGB5;IGF1R"
"RA_G2/M_Transition%R-MMU-69275",0.387828162291169,0.747843946410064,-0.303625809603525,-1.04288445781274,324,104,"HMMR;DYNC1H1;CDK11B;RPS27A;CCNH;PCNT;PCM1;PSMD6;HSP90AA1;MNAT1;PSMA7;PPP2R1A;BORA;RAB8A;AKAP9;CETN2;CDK7;CCNB2;TPX2;PPME1;PSMC5;PSMD7;PSME1;HAUS8;HAUS3;TUBGCP5;XPO1"
"BP_negative_regulation_of_T_cell_proliferation%0042130",0.309341500765697,0.749390677911265,-0.464159252417464,-1.12897940032724,201,16,"H2-T23"
"KEGG_Ubiquitin_mediated_proteolysis%mmu04120",0.625,0.75,0.231366899264141,0.933206764652322,104,93,"TRAF6;ANAPC16;UBE2K;PML;CUL4A;MGRN1;UBE3B;UBE2J1;UBE2Q1;WWP2;TRIM37;ANAPC5;UBE4A;UBE2Q2;UBE4B;CUL1;PIAS1"
"KEGG_Human_papillomavirus_infection%mmu05165",0.622950819672131,0.75,0.218710006929374,0.933731488681672,75,142,"ATP6V0A2;SCRIB;TBP;PPP2R5C;CREB1;MAPK1;H2-Q6;TUBG1;IKBKE;PRKACA;PXN;ATP6V0E;PIK3CD;MAPK3;TSC2;PPP2R2A;PPP2CB;TBK1;STAT1;PIK3CB;PDGFRB;GNAS;MAP2K2;PIK3R1;RB1;CDK6;IKBKB;RBL1;CCND3;IRF9;TBPL1;ITGB5;CDKN1B;CDK4;E2F1;PRKACB;EIF2AK2;PPP2R5D;CASP8;PPP2CA;PRKCI"
"RA_Transcriptional_regulation_by_RUNX1%R-MMU-8878171",0.393203883495146,0.753378584969119,0.260480346121297,1.01663284652933,80,76,"PHC2;PSME3;YAF2;TCF3;BMI1;PML;PTPN11;HIPK2;TCF12;ELF1;ELF2;PSMB5;CDK6;CBFB;GATA2;CCND3;LDB1;PCGF5;PSMD8;PSME4"
"RA_Platelet_degranulation%R-MMU-114608",0.393811533052039,0.753378584969119,-0.350249939709225,-1.04995236226751,279,42,"FN1;PSAP;SOD1;OLA1;ACTG1;CD63;FLNA;TLN1;TMSB4X"
"BP_cell_surface_receptor_protein_tyrosine_kinase_signaling_pathway%0007169",0.312320916905444,0.753953652038406,0.408334281394353,1.12990909534614,108,16,"GAB2;FRS2;LYN;SH2D3C;PDGFRB;ERBB3;NEDD9"
"RA_RNA_polymerase_II_transcribes_snRNA_genes%R-MMU-6807505",0.396551724137931,0.755633994026609,-0.341285153145428,-1.05421723740158,298,50,"GTF2F2;POLR2G;TAF9;INTS12;INTS1;GTF2B;SNAPC5;GTF2A2;GTF2F1;CDK7;POLR2F;SSU72"
"RA_SUMOylation%R-MMU-2990846",0.398305084745763,0.755719670406732,-0.305048182684875,-1.03814079962253,328,98,"NOP58;RANBP2;HERC2;SUMO1;PCNA;NUP37;NUP43;SEC13;BLM;UBE2I;NSMCE1;NPM1;TPR;TRIM27;SUMO2;CETN2;RANGAP1;TOP2A;INCENP;NUP93"
"RA_Formation_of_TC-NER_Pre-Incision_Complex%R-MMU-6781823",0.399719495091164,0.755719670406732,-0.356744052018243,-1.03931224179609,284,35,"POLR2G;RPS27A;CCNH;MNAT1;CDK7;POLR2F;PPIE;COPS3;XAB2"
"WP_Oxidative_Damage%WP1496",0.529230769230769,0.756043956043956,0.346865472848103,0.957724490408505,171,15,"TRAF6;CDKN1B"
"RA_ISG15_antiviral_mechanism%R-MMU-1169408",0.40210843373494,0.75727813979654,-0.402514530390756,-1.04399484211734,266,20,"UBE2E1;EIF4G1;EIF4A2;EIF4A3;FLNB;TRIM25;UBA7;EIF4E3"
"KEGG_Platelet_activation%mmu04611",0.635071090047393,0.758197117709643,0.242446394012494,0.907122995429829,133,56,"GNA13;MAPK1;MAPK14;PRKACA;LYN;PIK3CD;RASGRP2;MAPK3;GNAI3;SYK;PIK3CB;GNAS;PIK3R1;PTGS1;ADCY7;RAP1B"
"RA_EML4_and_NUDC_in_mitotic_spindle_formation%R-MMU-9648025",0.410852713178295,0.760349596194269,-0.325535584351405,-1.0448637456995,317,67,"RANBP2;DYNC1H1;NUP37;CENPE;CENPA;NUP43;SEC13;NDC80;BUB1;CENPK;RANGAP1;INCENP;SPDL1;KIF2A;CDCA8;XPO1;CENPQ;BUB1B;CENPH;NUP133;CKAP5;CLIP1;MAD2L1;DYNC1LI1;CENPF;DYNC1I2;CDC20"
"RA_Transport_of_Mature_mRNAs_Derived_from_Intronless_Transcripts%R-MMU-159234",0.409217877094972,0.760349596194269,-0.349328620828518,-1.02845018858,292,38,"RANBP2;ALYREF;NUP37;NUP43;SEC13;TPR"
"RA_CLEC7A_(Dectin-1)_signaling%R-MMU-5607764",0.408730158730159,0.760349596194269,0.276068418224526,1.02569512039854,102,53,"TRAF6;MAP3K7;PSME3;PSMB5;PDPK1;CUL1;IKBKB;PSMD8;PSME4;CASP8;NFKB1;PSMD1;PSMD11;RELA;FBXW11;CDC34;UBC;UBA3"
"RA_Regulation_of_TP53_Degradation%R-MMU-6804757",0.411594202898551,0.760349596194269,0.342619272930777,1.00761700983688,141,19,"PPP2R5C;MAPKAP1;PPP2CB;PDPK1;DAXX;USP7;PPP2CA"
"RA_Regulation_of_TP53_Expression_and_Degradation%R-MMU-6806003",0.411594202898551,0.760349596194269,0.342619272930777,1.00761700983688,141,19,"PPP2R5C;MAPKAP1;PPP2CB;PDPK1;DAXX;USP7;PPP2CA"
"BP_response_to_wounding%0009611",0.31767955801105,0.761545421294781,0.405643301626435,1.10423832042867,114,15,"ZFP36L2;FGFR1OP2;GPX1;RIPOR1"
"BP_intrinsic_apoptotic_signaling_pathway_by_p53_class_mediator%0072332",0.316998468606432,0.761545421294781,-0.461142003683284,-1.1216405146995,206,16,"MNDAL;IFI209;DDX5;PYCARD;MYBBP1A;RRP8"
"KEGG_Renin_secretion%mmu04924",0.644654088050315,0.761863922241281,0.310146170482033,0.900800701239887,204,19,"CREB1;PRKACA;GNAI3;PDE3B;GNAS;PRKACB;PLCB2"
"KEGG_Amphetamine_addiction%mmu05031",0.643962848297214,0.761863922241281,0.292645357156387,0.898327990365312,207,22,"CREB1;PRKACA;ATF2;GNAS;ATF6B;PRKACB"
"BP_phospholipase_C-activating_G_protein-coupled_receptor_signaling_pathway%0007200",0.319277108433735,0.762717536813922,0.362355486363133,1.07576896640488,105,20,"PRKD3;DGKZ;MYH9;PLCB2;PLEK;GNA15;PIK3CG;GNAQ"
"RA_G2/M_DNA_damage_checkpoint%R-MMU-69473",0.414814814814815,0.763157894736842,-0.385240165370893,-1.03832632707166,279,25,"RFC4;RFC3;BLM;UBE2V2;RPA3;CHEK1;BABAM2;RMI1;UIMC1;RPA1;RFC5"
"RA_Mitotic_G2-G2/M_phases%R-MMU-453274",0.416267942583732,0.763157894736842,-0.299627370577656,-1.03020680617973,347,105,"HMMR;DYNC1H1;CDK11B;RPS27A;CCNH;PCNT;PCM1;PSMD6;HSP90AA1;MNAT1;PSMA7;PPP2R1A;BORA;RAB8A;AKAP9;CETN2;CDK7;CCNB2;TPX2;PPME1;PSMC5;PSMD7;PSME1;HAUS8;HAUS3;TUBGCP5;XPO1"
"KEGG_Glutathione_metabolism%mmu00480",0.654838709677419,0.764460957017488,0.288193758847684,0.886996245280384,202,23,"GCLM;SRM;LANCL1;GSR;GPX1"
"KEGG_Hematopoietic_cell_lineage%mmu04640",0.656346749226006,0.764460957017488,0.289506438728834,0.888692511059084,211,22,"CSF3R;CD33;CSF2RA"
"KEGG_Oxytocin_signaling_pathway%mmu04921",0.656652360515021,0.764460957017488,0.246759811118581,0.893728544718094,152,47,"NFATC1;MAPK1;PRKACA;NFATC3;PPP1R12C;MAPK3;GNAI3;PRKAG1;GNAS;MAP2K2"
"RA_RHOU_GTPase_cycle%R-MMU-9013420",0.419354838709677,0.765916007303713,0.321754156613081,0.989243005679107,142,22,"WWP2;GIT2;DEPDC1B;PIK3R1;WDR6;STAM;STAM2"
"KEGG_Dilated_cardiomyopathy%mmu05414",0.661341853035144,0.766108879258533,0.298731161410035,0.885127418429052,206,20,"ATP2A3;PRKACA;EMD;GNAS;ITGB5;ADCY7;PRKACB"
"KEGG_Pentose_phosphate_pathway%mmu00030",0.664688427299703,0.766192571370101,0.302814666253764,0.875482809264872,223,18,"PRPS2;GPI1;PRPS1L3;H6PD;PGM1;RPE;G6PDX;PFKL;PFKP"
"BP_myeloid_cell_differentiation%0030099",0.322188449848024,0.767009181645124,0.381368477705492,1.09200144228561,105,18,"PML;TET2;MYB;RUNX1;JAK2;CBFB;GATA2"
"RA_Regulation_of_HSF1-mediated_heat_shock_response%R-MMU-3371453",0.422594142259414,0.768930694938182,-0.34158530745522,-1.03071753309221,302,44,"RANBP2;NUP37;NUP43;SEC13;TPR;NUP93;RPA3;SIRT1;NUP133;NUP155;HSPA9;DNAJB6;RPA1;DNAJC2;NUP35"
"BP_regulation_of_cell_growth%0001558",0.324414715719064,0.769267066728215,0.343161536783848,1.0774856489878,96,27,"IGFBP4;JADE1;BAP1;CRKL;CDC73;RB1;STK11"
"BP_cellular_senescence%0090398",0.325373134328358,0.769267066728215,-0.435625166118996,-1.12766223193833,217,20,"BRCA2;CITED2;NDUFS6;NPM1"
"RA_Extension_of_Telomeres%R-MMU-180786",0.424501424501425,0.769508200219811,-0.358709457082734,-1.01812092438279,297,31,"RFC4;PCNA;TERF1;RFC3;BLM;GAR1;RPA3;PRIM1;LIG1;DSCC1;TERF2"
"WP_One_Carbon_Metabolism%WP435",0.548895899053628,0.770380209198074,0.337640963649383,0.937537842405037,173,16,"MTHFD2;SHMT2;SHMT1;EHMT1;GART;TCN2"
"BP_adaptive_immune_response%0002250",0.329218106995885,0.774072569303372,-0.380932719068333,-1.10000710657483,239,35,"H2-T23;LAT2;MPEG1;PDIA3;BCL10;CD79B;HMGB1"
"BP_response_to_glucocorticoid%0051384",0.330781010719755,0.774072569303372,-0.455638409040773,-1.10825406393548,215,16,"ASS1;FAS;HMGB1;CTSL;ANXA3"
"BP_positive_regulation_of_miRNA_transcription%1902895",0.330275229357798,0.774072569303372,0.354541064220173,1.06854418197012,107,21,"NR1H2;MYB;SREBF2;MRTFA;TGFBR1;ETS1;GATA2;STAT3;SMAD4"
"KEGG_Fanconi_anemia_pathway%mmu03460",0.677466863033873,0.776557811120918,-0.326398266203374,-0.866725702527779,459,22,"BRCA2;BLM;CENPX;RPA3;RMI1;RPA2;ATR;RPA1;POLH;REV3L;MLH1"
"KEGG_Gap_junction%mmu04540",0.680781758957655,0.776557811120918,0.267790532552394,0.877570435938868,208,28,"MAPK1;PRKACA;MAPK3;GNAI3;PDGFRB;GNAS;MAP2K2;ADCY7;PRKACB;PLCB2;PRKCB;GNAQ;SOS2;MAP2K1"
"KEGG_NOD-like_receptor_signaling_pathway%mmu04621",0.683636363636364,0.776557811120918,-0.265789492501554,-0.882895032510059,563,89,"CAMP;CASP1;IFNAR2;GABARAPL2;MAP1LC3B;GABARAP;CYBB;HSP90AA1;TXN1;PYCARD;GBP3;BIRC3;TRPV2;RHOA;SUGT1;AIM2;VDAC3;NAIP2;RNASEL"
"KEGG_Pertussis%mmu05133",0.689542483660131,0.7794828076158,0.265267925812425,0.878500864636266,210,30,"TRAF6;MAPK1;MAPK14;MAPK3;GNAI3"
"BP_blastocyst_hatching%0001835",0.334375,0.779830508474576,-0.463003328286335,-1.10228021417092,213,15,"GRN;SMARCA4;SMARCB1;NDUFA2;UBE2A;PHF6"
"KEGG_mTOR_signaling_pathway%mmu04150",0.694736842105263,0.781578947368421,0.237117475390211,0.9009701247285,131,68,"SLC7A5;MAPK1;MAPKAP1;CAB39;PIK3CD;MAPK3;TTI1;TSC2;PDPK1;PIK3CB;MAP2K2;PIK3R1;BRAF;IKBKB;STK11;SLC3A2;IGF1R"
"BP_cell_population_proliferation%0008283",0.337349397590361,0.781818181818182,0.250346378577042,1.02545151415793,55,97,"CRK;HIPK1;MARCKSL1;SCRIB;BAP1;IFT80;CUL4A;MEN1;HIPK2;TACC1;BOP1;OTUD6B;DDX41;TXNRD1;TSC2;PPP1R8;STAT1;CUL1;USPL1;RB1;STAT3;RAP1B;SMAD4;DAXX;FOXM1"
"BP_stem_cell_proliferation%0072089",0.3375,0.781818181818182,-0.462160380022641,-1.10027339232781,215,15,"MKI67;BRCA2"
"RA_Golgi-to-ER_retrograde_transport%R-MMU-8856688",0.437209302325581,0.783063598270838,0.255877305368497,0.993991326681973,93,72,"TMED2;KDELR2;ARF3;TMED7;ZW10;PAFAH1B2;GBF1;KIF20A;RAB6A;STX18;NAPA;KIF16B;ARCN1;DCTN4;BICD2;KIF5B;KLC4;ARF4;DCTN5;ACTR1A;KIF21B;KIF1B"
"RA_Oxidative_Stress_Induced_Senescence%R-MMU-2559580",0.437853107344633,0.783063598270838,0.34505637770747,1.00295975975631,154,18,"MAPK14;MAP3K5;MAPKAPK3;CDK6;CDK4;KDM6B;MAPKAPK2;RBBP7;MAPK9;MAP2K3"
"RA_Cellular_Senescence%R-MMU-2559583",0.437751004016064,0.783063598270838,0.274478424212267,1.00341435294968,108,51,"ANAPC16;MAPK14;MAP3K5;ASF1A;ANAPC5;MAPKAPK3;EHMT1;RB1;CDK6;ETS1;CDKN1B;CDK4;KDM6B"
"RA_Glycolysis%R-MMU-70171",0.438450899031812,0.783063598270838,-0.342228491602059,-1.01986409210516,316,40,"RANBP2;NUP37;PGK1;NUP43;SEC13;TPR;GNPDA2;NUP93"
"BP_positive_regulation_of_T_cell_differentiation%0045582",0.339259259259259,0.783256276410639,-0.428768866877678,-1.12028704772676,228,21,"SMARCA4;SMARCB1;SMARCC1;SMARCE1;ACTB;BAD;SMARCC2;SMARCD2;ACTL6A;PTPRC;H2-DMA;PBRM1;SMARCA2"
"RA_G_alpha_(i)_signalling_events%R-MMU-418594",0.440677966101695,0.784147557328016,0.294386336905821,0.988355963627494,129,34,"PRKAR2B;RGS19;PRKACA;GNG12;RGS14;GPSM2;RGS18;GNAI3;PPP2CB"
"BP_T_cell_differentiation%0030217",0.342507645259939,0.785484199796126,0.350493076076448,1.05634403192777,111,21,"PATZ1;SP3;NFATC3;IKZF1;ADA;PREX1;FOSL2"
"BP_intracellular_iron_ion_homeostasis%0006879",0.341917024320458,0.785484199796126,-0.393147649879794,-1.09275563378299,238,30,"SOD1;ATP6V1G1;GLRX3;FRRS1;ABCB7;NDFIP1;B2M;ATP6AP1;FTH1;NCOA4;TFRC;TMEM199"
"RA_Antigen_Presentation:_Folding,_assembly_and_peptide_loading_of_class_I_MHC%R-MMU-983170",0.444947209653092,0.788844137260427,-0.387920322537628,-1.01782821237725,294,21,"H2-T23;BCAP31;SEC13;B2M;ERAP1;H2-K1;H2-T22;SAR1B;TAP2;H2-M3"
"BP_intrinsic_apoptotic_signaling_pathway_in_response_to_DNA_damage_by_p53_class_mediator%0042771",0.348348348348348,0.794396625761017,0.364622723192224,1.05921834395788,115,19,"HIPK1;PML;PPP2R5C;HIPK2;SHISA5;BAG6;TOPORS"
"BP_chaperone-mediated_protein_folding%0061077",0.348703170028819,0.794396625761017,-0.40452017785871,-1.0952725299082,241,25,"FKBP2;PPIB;CCT8;HSP90AB1;PPID;DNAJB6;CHORDC1;PDIA4;CCT5"
"KEGG_Sphingolipid_metabolism%mmu00600",0.71242774566474,0.797646375528943,-0.307365192360307,-0.829393965097126,492,23,"PSAP;HEXA;SPTLC2;ASAH1;GLA"
"RA_Response_to_elevated_platelet_cytosolic_Ca2+%R-MMU-76005",0.453277545327755,0.797768479776848,-0.333808593626584,-1.00725166638755,324,44,"FN1;PSAP;SOD1;OLA1;ACTG1;CD63;FLNA;TLN1;TMSB4X"
"RA_Signaling_by_SCF-KIT%R-MMU-1433557",0.452173913043478,0.797768479776848,0.33496215558083,0.985098014854128,155,19,"PTPN11;LYN;JAK2;PIK3R1;SH2B2;STAT3;SH2B3;TEC"
"RA_Transcriptional_activity_of_SMAD2/SMAD3:SMAD4_heterotrimer%R-MMU-2173793",0.455621301775148,0.798988079924535,0.328800186100161,0.986093229569709,153,20,"E2F4;MEN1;NCOR2;RBL1;SMAD4;SP1"
"BP_positive_regulation_of_erythrocyte_differentiation%0045648",0.353982300884956,0.803761792108414,0.382284068757681,1.07480875416267,119,17,"MAPK14;BRD1;STAT1;ETS1;GATA2;STAT3"
"BP_positive_regulation_of_stress_fiber_assembly%0051496",0.357357357357357,0.808756124545598,0.361629547571825,1.05052325634497,118,19,"ARHGEF10L;RGCC;PPM1E;PXN;BRAF;TGFBR1;NF2"
"BP_cellular_response_to_nutrient_levels%0031669",0.359583952451709,0.80890222000037,-0.43372536724269,-1.10057530964157,241,18,"CD68;SEC13;RHEB;RRAGC;EIF4G1"
"BP_regulation_of_mitotic_cell_cycle%0007346",0.359773371104816,0.80890222000037,-0.385685317718742,-1.08291130669264,253,31,"DYNLT3;GMNN;HDAC3;SRA1;RPA3;BIRC5;HNRNPU;SIRT1;AATF;CDK5RAP3;ZMPSTE24;YWHAE"
"RA_TNFR1-induced_NFkappaB_signaling_pathway%R-MMU-5357956",0.464864864864865,0.812254854132111,0.348161270687583,0.987563649035908,171,16,"MAP3K7;RBCK1;IKBKB"
"BP_protein_localization_to_chromatin%0071168",0.3625,0.812377850162866,-0.455305918818146,-1.08395485528298,231,15,"PARP1;MSH2;EZH2;WAPL;MMS22L;RAD21"
"KEGG_Leukocyte_transendothelial_migration%mmu04670",0.733624454148472,0.817467248908297,0.238450390027265,0.862135954230561,167,48,"PTPN11;MAPK14;RASSF5;PXN;ICAM1;PIK3CD;GNAI3;CTNNA1;PIK3CB;PIK3R1;SIPA1;RAP1B"
"RA_SUMOylation_of_chromatin_organization_proteins%R-MMU-4551638",0.472650771388499,0.818417253254086,-0.332827804824861,-0.991031943077888,336,41,"RANBP2;SUMO1;NUP37;NUP43;SEC13;UBE2I;TPR;SUMO2;NUP93"
"RA_Glycerophospholipid_biosynthesis%R-MMU-1483206",0.476595744680851,0.818417253254086,-0.345664555225197,-0.987197407199579,335,32,"CSNK2A1;AGPAT5;GPD2;LPCAT3;HADHA;CSNK2B;HADHB;DGAT1;DGAT2;PLA2G4A;CEPT1;GPAT4;AGK"
"RA_Toll-like_Receptor_Cascades%R-MMU-168898",0.4750656167979,0.818417253254086,-0.313914455416924,-1.00092295573316,361,65,"S100A9;S100A8;CTSS;LY86;S100A1"
"RA_Energy_dependent_regulation_of_mTOR_by_LKB1-AMPK%R-MMU-380972",0.478537360890302,0.818417253254086,-0.41841149049916,-1.00260649927567,300,15,"LAMTOR4;RHEB;RRAGC;LAMTOR5"
"RA_MAP2K_and_MAPK_activation%R-MMU-5674135",0.4779299847793,0.818417253254086,-0.382142387038907,-0.981683800770952,313,19,"FN1;APBB1IP;PEBP1;ACTG1;TLN1;ACTB;LAMTOR3;RAP1A"
"RA_G1/S_Transition%R-MMU-69206",0.473548387096774,0.818417253254086,-0.312597489616329,-1.00885421525114,366,69,"GMNN;RPS27A;CCNH;POLE3;PSMD6;MNAT1;PSMA7;MCM7;PPP2R1A;CDK7;POLE4;RPA3;PSMC5;PSMD7;PSME1;PRIM1"
"RA_Cyclin_D_associated_events_in_G1%R-MMU-69231",0.48377581120944,0.818697526662128,0.31783588563332,0.959351677345994,163,21,"E2F4;PPP2R2A;PPP2CB;CUL1;RB1;CDK6;RBL1;CCND3;CDKN1B;CDK4;E2F1;PPP2CA"
"RA_G1_Phase%R-MMU-69236",0.48377581120944,0.818697526662128,0.31783588563332,0.959351677345994,163,21,"E2F4;PPP2R2A;PPP2CB;CUL1;RB1;CDK6;RBL1;CCND3;CDKN1B;CDK4;E2F1;PPP2CA"
"RA_DNA_Replication_Pre-Initiation%R-MMU-69002",0.480818414322251,0.818697526662128,-0.307773805177065,-1.00224433662949,375,71,"UBE2E1;GMNN;RPS27A;UBE2C;POLE3;PSMD6;PSMA7;MCM7;ANAPC7;POLE4;RPA3;PSMC5;PSMD7;PSME1;PRIM1"
"WP_Oxidative_Stress%WP412",0.593846153846154,0.819098143236074,0.32049746151081,0.884920212675871,192,15,"MAPK14;TXNRD1;CAT;GSR;GPX1;SP1"
"BP_T_cell_homeostasis%0043029",0.367164179104478,0.82015894553208,-0.423071566589196,-1.09516589984909,245,20,"PRDX2;FAS;PPP2R1A;CCNB2;AIM2;CORO1A"
"RA_Cyclin_E_associated_events_during_G1/S_transition%R-MMU-69202",0.487394957983193,0.821948291511727,-0.33563686936919,-0.983216141044555,347,37,"RPS27A;CCNH;PSMD6;MNAT1;PSMA7;CDK7;PSMC5;PSMD7;PSME1"
"BP_negative_regulation_of_insulin_receptor_signaling_pathway%0046627",0.370702541106129,0.825383004145684,-0.426538860495663,-1.08873383042423,247,19,"LONP1;PTPN2;NCL"
"BP_cell_surface_receptor_signaling_pathway_via_JAK-STAT%0007259",0.373088685015291,0.828016178356516,0.342624307942464,1.03262850992658,121,21,"STAT6;CSF2RA;STAT1;PIAS1;JAK2;STAT3;CSF2RB;STAT2;TNFRSF1A"
"BP_midbody_abscission%0061952",0.374631268436578,0.828766278727864,0.377117086023976,1.06028155115146,126,17,"CHMP1B;MTMR4;CHMP7;KIF20A"
"WP_TNF-alpha_NF-kB_Signaling_Pathway%WP246",0.612865497076023,0.831004063831896,-0.270436545258671,-0.940595224139697,523,123,"RPS13;RPL30;KTN1;SUMO1;CD3EAP;CSNK2A1;PEBP1;SMARCA4;SKP1A;UBE2I;SMARCB1;SMARCC1;PSMD6;HSP90AA1;FBL;ZFAND5;MCM7;BIRC3;LRPPRC;MTIF2;FLNA;CSNK2B;PSMD7;RPL6;SMARCE1;PFDN2;EIF4A3;HSP90AB1;IQGAP2;MCM5;RPS11;COPS3;DDX3X"
"RA_MHC_class_II_antigen_presentation%R-MMU-2132295",0.49868073878628,0.831263409803598,-0.313563883647808,-0.987043024880414,377,59,"CTSS;CTSH;DYNC1H1;AP1S2;CTSD;CENPE;SEC13;KIF20B;AP2S1;CLTC;KIF22;AP1B1;KIF2A;CTSL;ACTR10"
"RA_Peptide_hormone_metabolism%R-MMU-2980736",0.501506024096386,0.831263409803598,-0.375201387407717,-0.973153224626852,332,20,"SPCS1;CTSD;SPCS2;CPA3;SEC11C;CTSZ;ATP6AP2;CES1D;SEC11A"
"RA_Regulation_of_mRNA_stability_by_proteins_that_bind_AU-rich_elements%R-MMU-450531",0.50132625994695,0.831263409803598,-0.319669855851416,-0.987448382123555,377,50,"ANP32A;RPS27A;PSMD6;PSMA7;DIS3;EIF4G1;EXOSC9;EXOSC3;PSMC5;HNRNPD;PSMD7;PSME1;EXOSC8"
"RA_DDX58/IFIH1-mediated_induction_of_interferon-alpha/beta%R-MMU-168928",0.499207606973059,0.831263409803598,-0.395235717603919,-0.979936561262533,314,17,"TAX1BP1;RPS27A;HSP90AA1;HMGB1;HSP90AB1"
"RA_Autodegradation_of_Cdh1_by_Cdh1:APC/C%R-MMU-174084",0.49792531120332,0.831263409803598,-0.32931346284533,-0.981376431373482,359,40,"UBE2E1;RPS27A;UBE2C;PSMD6;PSMA7;ANAPC7;PSMC5;PSMD7;PSME1"
"BP_cortical_actin_cytoskeleton_organization%0030866",0.378453038674033,0.831871215999153,0.388077440627759,1.05642070143117,136,15,"ARF6;FMNL3;EPB41;IKBKB;FMNL1;PLEK;CALR"
"BP_cellular_response_to_insulin_stimulus%0032869",0.378181818181818,0.831871215999153,0.302714284730083,1.03847191468594,103,40,"UCP2;MAPKAP1;YWHAG;USF1;TSC2;CYFIP1;PDE3B;PIK3R1;RB1;IGF1R;SP1;RAB31;CEACAM1;PRKCI"
"RA_Metabolism_of_steroids%R-MMU-8957322",0.503639010189229,0.831949764271627,-0.356034961913571,-0.99366184029638,345,29,"HSD17B11;STARD3;UBE2I;SUMO2;SRD5A3;EBP;SC5D;SREBF1;TSPO;HSD17B12;FDPS;HMGCR"
"KEGG_Autophagy%mmu04136",0.752994011976048,0.833171028606208,-0.313986171497183,-0.781791845592564,502,17,"GABARAPL2;GABARAP;ATG101;ATG3"
"KEGG_Adherens_junction%mmu04520",0.754838709677419,0.833171028606208,0.254474956228487,0.825500743765607,233,27,"MAP3K7;MAPK1;MAPK3;CTNNA1;TGFBR1;IGF1R;SMAD4"
"BP_DNA_repair-dependent_chromatin_remodeling%0140861",0.381316998468606,0.835497117663698,-0.442294875358279,-1.07579844751364,248,16,"HPF1;PARP2;HDAC3;KDM1A;HDGFL2;SIRT1;UIMC1"
"BP_anterograde_axonal_transport%0008089",0.3843797856049,0.837390457643622,-0.441956408470376,-1.07497519096507,250,16,"SOD1;BLOC1S1;AP3S2;SPG7;BLOC1S2"
"BP_myelination%0042552",0.384615384615385,0.837390457643622,0.334293403461923,1.04964078479574,114,27,"MTMR2;ORMDL1;MAPK1;MAPK3;ATRN;MAP2K2"
"BP_positive_regulation_of_telomere_maintenance_via_telomerase%0032212",0.386363636363636,0.838543160309722,0.333296772921553,1.02986590361332,118,25,"TNKS;MAPK1;NEK2;MAPK3"
"RA_Muscle_contraction%R-MMU-397014",0.517684887459807,0.846679081315953,0.298351830338418,0.949470917308059,160,27,"AHCYL1;ATP2A3;ATP1B3;PRKACA;PXN"
"RA_trans-Golgi_Network_Vesicle_Budding%R-MMU-199992",0.518518518518519,0.846679081315953,-0.316993467391023,-0.962238368805331,377,45,"VAMP8;CHMP2A;AP1S2;BLOC1S1;CTSZ;CLTC;AP1B1;FTH1;TFRC"
"RA_Cyclin_A:Cdk2-associated_events_at_S_phase_entry%R-MMU-69656",0.519553072625698,0.846679081315953,-0.328963711770665,-0.968494338093747,371,38,"RPS27A;CCNH;PSMD6;MNAT1;PSMA7;CDK7;PSMC5;PSMD7;PSME1"
"RA_HSP90_chaperone_cycle_for_steroid_hormone_receptors_(SHR)_in_the_presence_of_ligand%R-MMU-3371497",0.517037037037037,0.846679081315953,-0.357979169322358,-0.964850577542432,348,25,"DYNC1H1;HSP90AA1;DNAJA2;PTGES3;HSP90AB1;ACTR10;DCTN6;DYNC1LI1;DYNC1I2;DCTN3"
"BP_insulin-like_growth_factor_receptor_signaling_pathway%0048009",0.391437308868502,0.846883234281538,0.338160939261064,1.01917645283697,127,21,"MAPK1;MAPK3;PDPK1;PDGFRB;MAP2K2;PIK3R1;IGF1R"
"RA_Antiviral_mechanism_by_IFN-stimulated_genes%R-MMU-1169410",0.523031203566122,0.849486921228198,-0.363873327643998,-0.970684953682409,351,23,"UBE2E1;EIF4G1;EIF4A2;RNASEL;EIF4A3;FLNB;TRIM25;UBA7;EIF4E3"
"BP_positive_regulation_of_interleukin-6_production%0032755",0.395061728395062,0.850134952766532,-0.364710167828092,-1.05316176943844,287,35,"DHX9;HSPD1;TYROBP;NCL;IL6RA;PYCARD;LAPTM5"
"BP_nucleocytoplasmic_transport%0006913",0.395411605937922,0.850134952766532,-0.355029144239454,-1.05970988874096,292,42,"RANBP2;ANP32A;RANBP1;NUP37;NUP43;SEC13;NPM1;TPR;NUP93;RSRC1;XPO1;CAMK1;NUP133;NUP155"
"BP_negative_regulation_of_angiogenesis%0016525",0.402298850574713,0.851249786108223,-0.388275460687484,-1.05627010496903,279,26,"NGP;NAXE;PGK1;ATP2B4"
"BP_positive_regulation_of_intracellular_protein_transport%0090316",0.398162327718224,0.851249786108223,-0.435093037089183,-1.05828134102929,259,16,"PCNT;PCM1;KIF20B;TPR;ERGIC3;PDCD10;EIF3E;OAZ1;CEP290"
"BP_positive_regulation_of_protein-containing_complex_assembly%0031334",0.404591104734577,0.851249786108223,-0.392146961276833,-1.0573218734478,281,24,"LGALS3;SUMO1;FAS;VCP;SH3GLB1;TFRC;RPS3;BAK1;FAF1;PARK7;BRK1"
"BP_regulation_of_protein_phosphorylation%0001932",0.400286944045911,0.851249786108223,-0.393552404595657,-1.06111128433102,278,24,"FN1;NDUFS4;NOP53;EZH2"
"BP_regulation_of_mitotic_spindle_assembly%1901673",0.399693721286371,0.851249786108223,-0.434672115528863,-1.0572575291193,260,16,"DRG1;CHMP2A;CHMP5;TPR;CHMP4B;HNRNPU;CHMP3;CHMP2B"
"BP_glycogen_metabolic_process%0005977",0.404011461318052,0.851249786108223,0.375386994130934,1.03874006731646,140,16,"PYGB;GAA;PHKB;AKT1"
"BP_cellular_response_to_interleukin-7%0098761",0.402756508422665,0.851249786108223,-0.434491138892683,-1.05681733775583,262,16,"HSPD1;HNRNPH1;PDIA3;HMGB1;ATIC"
"RA_G2/M_Checkpoints%R-MMU-69481",0.52851711026616,0.852674271229404,-0.296632262121766,-0.972854157601743,416,73,"RFC4;RPS27A;RFC3;BLM;PSMD6;PSMA7;MCM7;UBE2V2;CCNB2;RPA3;PSMC5;CLSPN;PSMD7;PSME1;CHEK1;BABAM2;CDC45;RMI1;MCM5;UIMC1;ORC4;MCM2;RPA1;PSMC1;PSMD14;RFC5;CDC6"
"RA_Nuclear_events_mediated_by_NFE2L2%R-MMU-9759194",0.527659574468085,0.852674271229404,-0.336902026412801,-0.962172146167324,371,32,"PRDX1;RPS27A;PSMD6;PSMA7;PSMC5;PSMD7;PSME1"
"BP_positive_regulation_of_neuron_differentiation%0045666",0.406626506024096,0.85292389068469,0.340789091166765,1.01174217629793,134,20,"TCF3;TCF12;SHOC2;SPAG9;ECT2;GATA2"
"BP_positive_regulation_of_DNA_repair%0045739",0.40877914951989,0.854832993524877,-0.360000209710929,-1.03956097554176,297,35,"DHX9;PCNA;INO80;UBE2V2;BABAM2;SMCHD1;RPS3;SIRT1;ACTR8;UIMC1;UCHL5"
"RA_Sphingolipid_metabolism%R-MMU-428157",0.533123028391167,0.857247660270182,0.293312045965903,0.960105815759093,168,30,"SPTSSA;ORMDL1;CERK;B4GALNT1;GLTP;SPTLC1;SGPP1;SGPL1;ESYT2"
"KEGG_Regulation_of_actin_cytoskeleton%mmu04810",0.780487804878049,0.857437306767434,0.217373229781947,0.877964430121526,127,97,"CRK;GNA13;MAPK1;RGCC;RDX;GNG12;PXN;ARAF;PPP1R12C;PIK3CD;MAPK3;CYFIP1;CRKL;PIK3CB;PDGFRB;MAP2K2;PIK3R1;BRAF"
"BP_heart_development%0007507",0.414201183431953,0.863546709700556,0.257566810590149,1.02199238713773,69,85,"NFATC1;ECE1;PTPN11;MAPK1;MGRN1;NFATC3;FOXP1;ATF2;TSC2;MED12;AKAP13;CRKL;SENP2;MAP2K2;TGFBR1;AP2B1;CDKN1B;KDM6B;RB1CC1"
"RA_Deadenylation-dependent_mRNA_decay%R-MMU-429914",0.541143654114365,0.86440108445991,-0.314101170548738,-0.947785447978652,387,44,"LSM3;CNOT9;DDX6;LSM5;DIS3;EIF4G1;EIF4A2;LSM4;EXOSC9;EXOSC3;EXOSC8;PAIP1;EIF4A3;EXOSC7;PARN;LSM2"
"RA_Glucose_metabolism%R-MMU-70326",0.540027137042062,0.86440108445991,-0.313294533922712,-0.955854436764671,397,47,"RANBP2;NUP37;PGK1;NUP43;SEC13;TPR;PCK2;GNPDA2;NUP93"
"RA_Metabolism_of_water-soluble_vitamins_and_cofactors%R-MMU-196849",0.552542372881356,0.865470901212221,0.277172510895892,0.93056324208824,162,34,"MTHFD2;RFK;PARP10;PANK3;SHMT2;PPCDC;SHMT1;NADK;SLC2A1;LDLRAP1;ABCC1;NADK2"
"RA_Death_Receptor_Signaling%R-MMU-73887",0.550847457627119,0.865470901212221,0.247704736032908,0.95584704810009,129,64,"TRAF6;MAP3K7;ARHGEF10L;ABR;IKBKE;CFLAR;RBCK1;AKAP13;TBK1;PREX1;ECT2;IKBKB"
"RA_RNA_Polymerase_I_Transcription_Initiation%R-MMU-73762",0.551575931232092,0.865470901212221,-0.339008319698822,-0.944701537359022,384,28,"CHD4;CCNH;MNAT1;TAF1B;CDK7;POLR2F"
"RA_RNA_Polymerase_I_Promoter_Clearance%R-MMU-73854",0.551575931232092,0.865470901212221,-0.339008319698822,-0.944701537359022,384,28,"CHD4;CCNH;MNAT1;TAF1B;CDK7;POLR2F"
"RA_RNA_Polymerase_I_Transcription%R-MMU-73864",0.551575931232092,0.865470901212221,-0.339008319698822,-0.944701537359022,384,28,"CHD4;CCNH;MNAT1;TAF1B;CDK7;POLR2F"
"RA_Lagging_Strand_Synthesis%R-MMU-69186",0.550632911392405,0.865470901212221,-0.382610101848512,-0.935599142887881,347,16,"RFC4;PCNA;RFC3;RPA3;PRIM1;LIG1;RPA1;RFC5;POLA1"
"BP_apoptotic_signaling_pathway%0097190",0.417218543046358,0.867209539625058,0.31510606123121,1.01441232518295,125,28,"MAP3K7;BMI1;SYK;HIP1;SENP1;DAXX;DIDO1;SGPL1;CASP8"
"BP_cellular_response_to_glucose_starvation%0042149",0.418918918918919,0.868121133181374,0.306863801278368,1.01687142584965,123,31,"ASNS;SLC7A5;YWHAZ;MTMR3;YWHAG;PRKAG1"
"BP_meiotic_cell_cycle%0051321",0.434965034965035,0.868675936995323,-0.362284942304069,-1.02774801299364,310,32,"MKI67;SMC3;SMC1A;YTHDC2"
"BP_microtubule_cytoskeleton_organization%0000226",0.429319371727749,0.868675936995323,-0.334253402998822,-1.02354995048681,327,51,"TUBA1B;CETN3;PCNT;GABARAP;BCCIP;SON;CETN2;BIRC5;EML2;PRC1;KIF2A;MAP7;DIAPH3;TBCE;TUBA4A;DYNC1LI1;GAPDH;CEP290;TXNDC9"
"BP_positive_regulation_of_stem_cell_population_maintenance%1902459",0.433666191155492,0.868675936995323,-0.373944205842485,-1.03339211535661,303,29,"ARID4B;SMARCA4;SMARCB1;SMARCC1;ARID4A;BRD9;SMARCE1;ACTB;HDAC2"
"BP_negative_regulation_of_gene_expression%0010629",0.421428571428571,0.868675936995323,0.234773649814256,0.994073625407126,58,134,"MAP3K7;TLE5;SLC7A5;OLR1;CREB1;CNOT7;NR1H2;PARP10;YY1;CELF1;WWP2;FOXP1;ANXA7;PIK3CD;EMILIN1;PPP2CB;TBK1;CRKL;MAX;INPPL1;MAP2K2;PINK1;RB1;OLFM1;GATA2;RBL1;ATF6B;LDLR;STAT3;DAXX;KDM2A;FLOT2;ZFP148;SMAD5;L3MBTL2;ADAM10"
"BP_rescue_of_stalled_ribosome%0072344",0.435600578871201,0.868675936995323,-0.388716682180463,-1.03518617507488,300,23,"NEMF;RCHY1;UFL1;GIGYF2;ASCC2;ASCC3;DDRGK1;CDK5RAP3;TRNT1"
"BP_protein_localization_to_centrosome%0071539",0.431372549019608,0.868675936995323,-0.418038272247071,-1.04083368164675,285,17,"CEP350;PCM1"
"BP_axonogenesis%0007409",0.435087719298246,0.868675936995323,0.302916956440944,1.00401705855095,123,33,"ALS2;PTPN11;SPAST;CREB1;SEMA4A;STK11;IGF1R;TAOK2;STXBP5"
"BP_response_to_hydrogen_peroxide%0042542",0.434250764525994,0.868675936995323,0.33038736112178,0.99574782204609,141,21,"CRK;CAT;PPP2CB;GPX1"
"BP_positive_regulation_of_T_cell_activation%0050870",0.431852986217458,0.868675936995323,-0.425479836848747,-1.03489905362222,281,16,"HSPD1;CD47;BCL10;PYCARD;B2M;CCDC88B;CORO1A"
"BP_animal_organ_morphogenesis%0009887",0.435064935064935,0.868675936995323,0.321076357697613,0.992105595114634,133,25,"TRAF6;E2F4;MAPK1;MAPK3;CRKL;CUL1;FLI1;IGF1R"
"BP_positive_regulation_of_endothelial_cell_proliferation%0001938",0.432392273402675,0.868675936995323,-0.411900155148425,-1.04519397533931,290,18,"HMGB2;EMC10;PDCD6;CYBA;SIRT1;RICTOR;PRKD2;MYDGF"
"BP_extrinsic_apoptotic_signaling_pathway%0097191",0.432786885245902,0.868675936995323,0.329381997911085,1.00279617235322,131,24,"HIPK1;PML;ZFP110;BID;PDPK1;JAK2;SMAD4;RB1CC1;SGPP1;CASP8"
"BP_positive_regulation_of_mitotic_cell_cycle%0045931",0.432592592592593,0.868675936995323,-0.396068146823599,-1.03484662525696,291,21,"DYNLT3;BRCA2"
"RA_Developmental_Biology%R-MMU-1266738",0.569832402234637,0.869078188381527,0.227765282257899,0.930392991149373,101,95,"PTPN11;CREB1;MAPK1;AP2M1;TCF12;RDX;PRKACA;FRS2;LYN;PIK3CD;MAPK3;AP2A1;CTNNA1;PIK3CB;SEMA4A;PIK3R1;SDCBP;NCOR2;SH3KBP1;PLXNC1;AP2B1;RPS6KA5;SMAD4;CDK4;RHOB"
"RA_GPCR_ligand_binding%R-MMU-500792",0.562798092209857,0.869078188381527,-0.384977484164536,-0.922491223263709,353,15,"PSAP;CXCR4;CCL9"
"RA_APC/C:Cdc20_mediated_degradation_of_Securin%R-MMU-174154",0.562587904360056,0.869078188381527,-0.311290767197605,-0.933163547843955,399,42,"UBE2E1;RPS27A;UBE2C;PSMD6;PSMA7;ANAPC7;PSMC5;PSMD7;PSME1"
"RA_AUF1_(hnRNP_D0)_binds_and_destabilizes_mRNA%R-MMU-450408",0.561702127659575,0.869078188381527,-0.32963828784096,-0.941427340903664,395,32,"RPS27A;PSMD6;PSMA7;EIF4G1;PSMC5;HNRNPD;PSMD7;PSME1"
"RA_UCH_proteinases%R-MMU-5689603",0.565508021390374,0.869078188381527,-0.305486197152651,-0.938798532959459,422,48,"BARD1;RPS27A;PSMD6;INO80;UCHL3;ACTG1;PSMA7;NEDD8;PSMC5;PSMD7;PSME1"
"RA_RND2_GTPase_cycle%R-MMU-9696270",0.571005917159763,0.869078188381527,0.308519260047479,0.925269407943703,192,20,"SCRIB;FRS2;DEPDC1B;PIK3R1;UHRF1BP1L;WDR6"
"RA_Signaling_by_PTK6%R-MMU-8848021",0.571005917159763,0.869078188381527,0.30960662324823,0.928530481190228,192,20,"CRK;ELMO2;PXN;ELMO1;STAT3;CDKN1B;CDK4"
"RA_Signaling_by_Non-Receptor_Tyrosine_Kinases%R-MMU-9006927",0.571005917159763,0.869078188381527,0.30960662324823,0.928530481190228,192,20,"CRK;ELMO2;PXN;ELMO1;STAT3;CDKN1B;CDK4"
"RA_Conversion_from_APC/C:Cdc20_to_APC/C:Cdh1_in_late_anaphase%R-MMU-176407",0.570747217806041,0.869078188381527,-0.381577214763475,-0.914343425513879,358,15,"UBE2E1;UBE2C;ANAPC7"
"RA_GPVI-mediated_activation_cascade%R-MMU-114604",0.573913043478261,0.869485294117647,0.313558022533933,0.922150100820048,197,19,"PTPN11;LYN;SYK;PDPK1;PIK3CB;PIK3R1;RHOB;PLCG2;PIK3CG;VAV3;PTPN6"
"RA_mRNA_3'-end_processing%R-MMU-72187",0.574866310160428,0.869485294117647,-0.301990390801295,-0.928055468609078,429,48,"SRRM1;SRSF5;ALYREF;UPF3B;SRSF7;THOC1;CASC3;THOC3;MAGOH;SARNP;THOC5;SRSF9;EIF4A3"
"BP_circadian_regulation_of_gene_expression%0032922",0.438040345821326,0.871016641401942,-0.381075474284621,-1.03179401585121,303,25,"KMT2A;HDAC3;MYBBP1A;NCOR1;MYCBP2;HNRNPU;HUWE1;SIRT1;KDM5A;HDAC2"
"BP_lipid_storage%0019915",0.439509954058193,0.871420312368982,-0.422487547577611,-1.02762087715727,286,16,"HEXA;GLA;DGAT1;LIPA;DGAT2;PLIN3;BSCL2"
"BP_hepatocyte_apoptotic_process%0097284",0.441988950276243,0.872103592055334,0.371357474530851,1.01090576945412,159,15,"ARF6;BID;ATF2;RB1;CASP8;STK3;ADAR;PIK3CG;LIMS1"
"BP_embryo_development%0009790",0.442389758179232,0.872103592055334,-0.37484407442344,-1.02702903961571,310,27,"SLC4A8;ANKRD11;TIMELESS;GTF2B;THBD;BIRC5;TAF10"
"BP_protein_K48-linked_ubiquitination%0070936",0.443877551020408,0.872536443148688,0.262241071242354,0.994528924292288,86,63,"DTX4;ANAPC16;UBE2K;ARIH2;KBTBD2;ANAPC5;KCMF1;TOPORS;UBE2Q2;FBXO38;DTX3L;TTC3;CUL1"
"BP_positive_regulation_of_type_I_interferon_production%0032481",0.451519536903039,0.877529495449974,-0.385124074936816,-1.0256187509802,311,23,"CLEC12A;TRAF3IP3;ZC3HAV1"
"BP_DNA_damage_checkpoint_signaling%0000077",0.451505016722408,0.877529495449974,0.321258069487512,1.00871141544152,134,27,"MAP3K20;TRP53BP1;PTPN11;MAPK14;LYN;DTX3L"
"BP_B_cell_differentiation%0030183",0.45,0.877529495449974,0.290089706358959,0.984437282623036,125,39,"CEBPG;SP3;YY1;IKZF1;ZBTB7A;NFAM1;MYB;SYK;ADGRG3;PIK3R1;TPD52;FOSL2"
"BP_actin_filament_organization%0007015",0.447876447876448,0.877529495449974,0.286822623852904,1.00514854864287,115,45,"MARCKSL1;MYO1C;ELMO2;MYO1G;HIP1;TMOD3;INPPL1;CAP1;SH3KBP1;ELMO1;RHOB;PRKCI;MYO7A"
"KEGG_Rheumatoid_arthritis%mmu05323",0.803225806451613,0.878293638830268,0.256875583978152,0.790605873645058,248,23,"ATP6V0A2;ATP6V0E;ICAM1"
"WP_Amino_Acid_metabolism%WP662",0.660574412532637,0.880765883376849,-0.288657870071529,-0.895154209042734,505,52,"DLD;MCCC1;ACADM;ASS1;FH1;ACO2;HADH;ADH5"
"WP_Notch_Signaling_Pathway%WP29",0.671875,0.881147540983607,0.296680575725149,0.854915572683007,214,18,"DTX4;CTBP1;DTX3L;CTBP2;NCOR2;CREBBP;ADAM17;RBPJ;KAT2A;NOTCH1"
"RA_Regulation_of_APC/C_activators_between_G1/S_and_early_anaphase%R-MMU-176408",0.586924219910847,0.884957390769003,-0.346213421654039,-0.923574589372689,394,23,"UBE2E1;RPS27A;UBE2C;ANAPC7"
"BP_positive_regulation_of_cell_adhesion%0045785",0.457399103139013,0.886452346365187,-0.396140043445748,-1.01114132106023,305,19,"APBB1IP;VAV1;C1QBP;PPP3CA;CD63;PTPRJ;PRKD2"
"RA_RNA_Polymerase_I_Promoter_Escape%R-MMU-73772",0.589812332439678,0.886550213977653,0.323920441890588,0.897372823037842,219,15,"GTF2H1;TBP"
"RA_APC-Cdc20_mediated_degradation_of_Nek2A%R-MMU-179409",0.592085235920852,0.887211313268398,-0.359274882435485,-0.922939574548937,388,19,"UBE2E1;RPS27A;UBE2C;ANAPC7"
"KEGG_Bacterial_invasion_of_epithelial_cells%mmu05100",0.815384615384615,0.887441860465116,0.232693815489901,0.818347990256185,211,39,"CRK;ELMO2;PXN;PIK3CD;CTNNA1;CRKL;PIK3CB;PIK3R1;ELMO1"
"BP_positive_regulation_of_release_of_cytochrome_c_from_mitochondria%0090200",0.459418070444104,0.887864136139168,-0.41732151685197,-1.01505548663596,299,16,"PDCD5;FAS;PYCARD;PLAUR;FAM162A"
"RA_Regulation_of_Insulin-like_Growth_Factor_(IGF)_transport_and_uptake_by_Insulin-like_Growth_Factor_Binding_Proteins_(IGFBPs)%R-MMU-381426",0.605839416058394,0.897043832823649,-0.328670981736494,-0.919951482883075,414,30,"KTN1;FN1;LGALS1;HSP90B1;PDIA6;CST3;APOE;C3;PRKCSH;MFGE8;QSOX1"
"RA_Post-translational_protein_phosphorylation%R-MMU-8957275",0.605839416058394,0.897043832823649,-0.328670981736494,-0.919951482883075,414,30,"KTN1;FN1;LGALS1;HSP90B1;PDIA6;CST3;APOE;C3;PRKCSH;MFGE8;QSOX1"
"RA_RMTs_methylate_histone_arginines%R-MMU-3214858",0.603395061728395,0.897043832823649,-0.355029240408545,-0.899578954566773,390,18,"SMARCA4;SMARCB1;SMARCC1"
"RA_MAPK_family_signaling_cascades%R-MMU-5683057",0.606060606060606,0.897043832823649,0.229115283184847,0.93780090225268,99,99,"PSME3;MAPK6;PPP2R5C;PTPN7;MAP3K11;MAPK1;PRKACA;SHOC2;MAPK3;PPP2CB;PSMB5;PIK3CB;MAP2K2;JAK2;PIK3R1;RASA3;CCND3;PDE6D;DNAJB1;RAP1B;PSMD8;BRAP;PSME4;PRKACB"
"BP_mitotic_cytokinesis%0000281",0.467181467181467,0.900338513783892,0.282895859162962,0.991387493897826,120,45,"SPAST;EXOC8;EXOC3;EXOC7;KIF20A;EXOC1;ANLN;ECT2;ZFYVE26;DAXX;STX2;RHOB;USP8;SNX18;EXOC5"
"BP_positive_regulation_of_epithelial_to_mesenchymal_transition%0010718",0.469613259668508,0.90249699064786,0.359048600464841,0.977398670062801,169,15,"RGCC;SDCBP;TGFBR1;OLFM1;SMAD4"
"BP_negative_regulation_of_protein_ubiquitination%0031397",0.473684210526316,0.905263157894737,-0.365383200970577,-1.00110734993403,332,27,"GTPBP4;UFL1;SQSTM1;RPS3;UBXN1;TSPO;PARK7;BEX3;VPS28;ARRB2;SIRT7;ATG5"
"BP_adult_walking_behavior%0007628",0.4734375,0.905263157894737,-0.422328033520642,-1.00544382037708,302,15,"HEXA;NDUFS4;UCHL3;HTRA2"
"RA_The_role_of_GTSE1_in_G2/M_progression_after_G2_checkpoint%R-MMU-8852276",0.614835948644793,0.906885749047238,-0.317898354436312,-0.911070017839394,430,33,"RPS27A;PSMD6;HSP90AA1;PSMA7;CCNB2;PSMC5;PSMD7;PSME1"
"RA_Golgi_Associated_Vesicle_Biogenesis%R-MMU-432722",0.616457461645746,0.906885749047238,-0.308886405994865,-0.905078453510419,441,36,"VAMP8;AP1S2;BLOC1S1;CLTC;AP1B1;FTH1;TFRC"
"RA_p75_NTR_receptor-mediated_signalling%R-MMU-193704",0.621527777777778,0.907381739346768,0.262283299273516,0.905652417978502,178,37,"TRAF6;ARHGEF10L;ABR;AKAP13;PREX1;ECT2;IKBKB;MYD88;PRKCI;ARHGEF3;ARHGEF18;NFKB1;VAV3;RELA"
"RA_L1CAM_interactions%R-MMU-373760",0.622418879056047,0.907381739346768,0.293239811686466,0.885111209659275,210,21,"MAPK1;AP2M1;RDX;MAPK3;AP2A1;SDCBP;AP2B1"
"RA_Senescence-Associated_Secretory_Phenotype_(SASP)%R-MMU-2559582",0.619469026548673,0.907381739346768,-0.33317311324243,-0.906854600766118,419,26,"UBE2E1;RPS27A;UBE2C;ANAPC7"
"RA_Phase_II_-_Conjugation_of_compounds%R-MMU-156580",0.638930163447251,0.909535879730793,-0.333352098930785,-0.889265142915731,429,23,"TRMT112;MGST1;ESD;UGP2;GSTM4;ABHD10"
"RA_Protein_localization%R-MMU-9609507",0.638772663877266,0.909535879730793,-0.302975786463151,-0.887759548303755,457,36,"SCP2;DHRS4;RPS27A"
"RA_RAC3_GTPase_cycle%R-MMU-9013423",0.637735849056604,0.909535879730793,0.247706823063271,0.898841639228477,168,47,"ABR;TAOK3;CYFIP1;GIT2;EMD;DEPDC1B;PREX1;ARHGAP26;PIK3R1"
"RA_CDK-mediated_phosphorylation_and_removal_of_Cdc6%R-MMU-69017",0.62962962962963,0.909535879730793,-0.297126209998553,-0.90193101451407,458,45,"UBE2E1;RPS27A;UBE2C;PSMD6;PSMA7;ANAPC7;PSMC5;PSMD7;PSME1"
"RA_Signaling_by_MET%R-MMU-6806834",0.634551495016611,0.909535879730793,0.271014040922807,0.894928164940514,190,33,"CRK;PTPN11;ARF6;CRKL;PIK3R1;SH3KBP1;STAM;STAT3;RAP1B;STAM2;USP8;EPS15;TNS3"
"RA_Iron_uptake_and_transport%R-MMU-917937",0.635693215339233,0.909535879730793,-0.328922363357427,-0.895284603258198,430,26,"ATP6V1G1;RPS27A;ATP6V1D;NEDD8;ATP6AP1;FTH1;TFRC;HMOX2;ATP6V1H;LCN2;ATP6V1F;ATP6V0D1;ATP6V0C"
"RA_RNA_Polymerase_I_Transcription_Termination%R-MMU-73863",0.638069705093834,0.909535879730793,0.317640553501013,0.879975337594739,237,15,"GTF2H1;TBP"
"RA_Assembly_of_the_pre-replicative_complex%R-MMU-68867",0.633728590250329,0.909535879730793,-0.288289571500787,-0.900342219014296,480,56,"UBE2E1;GMNN;RPS27A;UBE2C;PSMD6;PSMA7;MCM7;ANAPC7;PSMC5;PSMD7;PSME1"
"BP_mitotic_spindle_assembly%0090307",0.477888730385164,0.910768549875326,-0.365284725661159,-1.00946170434166,334,29,"SMC3;SMC1A;BCCIP;TPX2;RHOA;FLNA;CLTC;KIF2A"
"WP_Cholesterol_metabolism_(includes_both_Bloch_and_Kandutsch-Russell_pathways)%WP4346",0.70957095709571,0.915575428510593,0.284730485382824,0.844149837646808,214,20,"SCD2;NR1H2;SREBF2;DHCR7;CYP51"
"BP_sensory_perception_of_sound%0007605",0.483594864479315,0.917874852420307,-0.362647668321479,-1.00217421540617,338,29,"PSAP;HEXA;SOD1;NDUFS4"
"BP_positive_regulation_of_fibroblast_proliferation%0048146",0.484285714285714,0.917874852420307,-0.362855937722437,-0.995226083711204,338,28,"DHX9;ANXA2;FN1;NDUFS4"
"BP_positive_regulation_of_double-strand_break_repair%2000781",0.487031700288184,0.920543433511733,-0.369549618830608,-1.00058678923202,337,25,"SMARCA4;SMARCB1;SMARCC1;TIMELESS;UBE2V2;SMARCE1;ACTB;SIRT1"
"BP_cell_motility%0048870",0.488817891373802,0.921388244562125,0.324050556207617,0.969168980628542,152,22,"ELMO2;CTNNA1;TMOD3;TGFBR1;ETS1;ELMO1;MYH9;ADAM17;MAP2K1;SIRPA;WASF2;STRBP"
"WP_FAS_pathway_and_Stress_induction_of_HSP_regulation%WP571",0.746376811594203,0.929233248287901,-0.297767668811501,-0.786955607257203,514,23,"SPTAN1;PARP1;FAS"
"WP_Glycogen_Metabolism%WP317",0.732673267326733,0.929233248287901,0.256528302804731,0.823268715019364,221,26,"PPP2R5C;PYGB;PPP2R2A;PPP2CB;PHKB;PPP2R5D;PPP2CA;PPP2R5E"
"WP_Spinal_Cord_Injury%WP2432",0.765119549929676,0.929233248287901,-0.289074001828608,-0.796447387553734,543,28,"RTN4;CD47;LTB4R1;RHOA;PPP3CA"
"WP_Tryptophan_metabolism%WP79",0.766617429837519,0.929233248287901,-0.320543422475726,-0.775850552742619,518,15,"ALDH2;ECHS1;HADH"
"RA_Signaling_by_Receptor_Tyrosine_Kinases%R-MMU-9006934",0.657894736842105,0.931055709449061,0.215205820780254,0.955435528800384,74,166,"CRK;ATP6V0A2;PTBP1;EPN1;PTPN11;CREB1;MAPK1;ELMO2;STAT6;ARF6;AP2M1;PRKACA;PXN;FRS2;MAPKAP1;LYN;MAPK3;AP2A1;CYFIP1;MAPKAPK3;PPP2CB;CTNNA1;CRKL;PDPK1;PIK3CB;PDGFRB;MAP2K2;JAK2;PIK3R1;BRAF;SH2B2;SH3KBP1;STAM;ELMO1;STAT3;AP2B1;RPS6KA5;ATF1;RAP1B"
"RA_Cellular_response_to_hypoxia%R-MMU-1234174",0.657821229050279,0.931055709449061,-0.298504644675978,-0.87882051399309,470,38,"ELOC;RPS27A;CITED2;PSMD6;PSMA7;PSMC5;PSMD7;PSME1"
"KEGG_N-Glycan_biosynthesis%mmu00510",0.865021770682148,0.933723851620964,-0.259698292918919,-0.706722118915629,595,24,"ALG5;GANAB;SRD5A3;RPN2;MGAT5;DDOST"
"KEGG_ABC_transporters%mmu02010",0.865889212827988,0.933723851620964,0.262478597875974,0.724538599349385,296,15,"ABCD1;ABCA2;ABCC1;ABCC4;ABCA7;ABCC5;ABCD3;ABCA3;ABCA13"
"BP_forebrain_development%0030900",0.497126436781609,0.934489039633189,-0.3664454384552,-0.99688340091634,345,26,"ATRX;TYROBP;SMARCA4;HTRA2"
"RA_Insulin_receptor_recycling%R-MMU-77387",0.662440570522979,0.934755790475575,-0.344640881154283,-0.854493116149148,417,17,"ATP6V1G1;CTSD;ATP6V1D"
"RA_Interferon_Signaling%R-MMU-913531",0.667597765363129,0.934978585761778,-0.296047932575501,-0.87158776559409,477,38,"UBE2E1;SUMO1;IFNAR2;EIF4G1;EIF4A2;RNASEL;EIF4A3;FLNB;TRIM25;UBA7"
"RA_Class_I_MHC_mediated_antigen_processing_&_presentation%R-MMU-983169",0.667410714285714,0.934978585761778,-0.254294285217724,-0.914775913153842,597,173,"H2-T23;RNF220;UBE2E1;BCAP31;VAMP8;HERC2;ELOC;RPS27A;UBE2C;LNPEP;RCHY1;CYBB;SEC13;PSMD6;PDIA3;SEC22B;PSMA7;UBE2R2;ANAPC7;UBE2V2;UFL1;B2M;UBE2G2;FBXO7;PSMC5;UBE2L3;PSMD7;PSME1;TRIM41;HUWE1;CYBA;STUB1;ERAP1;UBE2A;RBBP6;H2-K1;UBE2B"
"RA_RAC1_GTPase_cycle%R-MMU-9013149",0.66839378238342,0.934978585761778,0.233204268887718,0.925511911373397,128,82,"ALS2;ABR;FAM13B;TAOK3;TAGAP;CYFIP1;GIT2;EMD;DEPDC1B;PREX1;ARHGAP26;PIK3R1;PKN1;ECT2"
"RA_Plasma_lipoprotein_clearance%R-MMU-8964043",0.67275494672755,0.93520934011889,-0.334306790388426,-0.858799159012514,441,19,"NPC2;RPS27A;AP2S1;CLTC;LIPA;APOE"
"RA_APC/C:Cdh1_mediated_degradation_of_Cdc20_and_other_APC/C:Cdh1_targeted_proteins_in_late_mitosis/early_G1%R-MMU-174178",0.674355495251018,0.93520934011889,-0.284591499482008,-0.868282137065616,496,47,"UBE2E1;RPS27A;UBE2C;PSMD6;PSMA7;ANAPC7;PSMC5;PSMD7;PSME1"
"RA_Semaphorin_interactions%R-MMU-373755",0.671232876712329,0.93520934011889,-0.336225718425852,-0.863728684323179,440,19,"HSP90AA1;DPYSL2;RHOA;TLN1;HSP90AB1;RND1"
"RA_RND3_GTPase_cycle%R-MMU-9696264",0.676549865229111,0.935571813631113,0.297798149047121,0.860687516840282,250,17,"SCRIB;DEPDC1B;TMOD3;PIK3R1;WDR6;FLOT2"
"RA_TGF-beta_receptor_signaling_activates_SMADs%R-MMU-2173789",0.67879746835443,0.936005625879044,-0.342709076487297,-0.838028888082949,428,16,"RPS27A;CBL;NEDD8;STUB1;UBE2M"
"BP_membrane_fusion%0061025",0.501597444089457,0.937769134602028,0.321208627255188,0.960669351996273,156,22,"GOSR2;STX16;DNM1L;ANXA7;STX18;VPS33B;STX2"
"BP_positive_regulation_of_protein_serine/threonine_kinase_activity%0071902",0.501474926253687,0.937769134602028,0.342051222993732,0.961692309178457,169,17,"RALB;IRGM1;CAB39;MAP2K2;CIB1;ETAA1;PPP2CA"
"RA_Regulation_of_TNFR1_signaling%R-MMU-5357905",0.684444444444444,0.941111111111111,-0.319118890268806,-0.860111626504428,461,25,"TAX1BP1;RPS27A;SPPL2A;BIRC3;UBE2L3;STUB1"
"BP_regulation_of_nucleotide-excision_repair%2000819",0.506726457399103,0.942237304569143,-0.381568570324602,-0.973947861763994,338,19,"SMARCA4;SMARCB1;SMARCC1;HMGB1;SMARCE1;ACTB;SMARCC2;BCL7B;SMARCD2;ACTL6A;PBRM1;SMARCA2"
"BP_DNA_replication_initiation%0006270",0.506666666666667,0.942237304569143,-0.376064371603617,-0.982580772916113,341,21,"ORC6;MCM7;PRIM1;CDC45;MCM5;ORC4;MCM2;CCNE2;CDC6;POLA1"
"BP_cellular_response_to_virus%0098586",0.511627906976744,0.94474596220493,0.298918054531944,0.971879688021971,153,29,"IRGM1;MAPK14;IKBKE;GBF1;ATF2"
"BP_protein_secretion%0009306",0.510510510510511,0.94474596220493,0.324719768576067,0.943301428145502,169,19,"TMED2;MIA2;SEL1L;HPS1"
"BP_response_to_toxic_substance%0009636",0.51219512195122,0.94474596220493,0.291336929056385,0.960528298225706,146,32,"ASNS;MAPK1;LYN;ARNT;MAPK3;RAD51;KDM5C;GPX1"
"BP_regulation_of_DNA_repair%0006282",0.513812154696133,0.945194551954383,-0.328628521963139,-0.95529623563616,371,37,"BARD1;TAF9;INO80;ENY2;TADA1;TRRAP;TAF10;BABAM2;ACTR8;UIMC1;UCHL5"
"RA_Cdc20:Phospho-APC/C_mediated_degradation_of_Cyclin_A%R-MMU-174184",0.689986282578875,0.945364933716849,-0.285037386443611,-0.867252334589002,502,46,"UBE2E1;RPS27A;UBE2C;PSMD6;PSMA7;ANAPC7;PSMC5;PSMD7;PSME1"
"RA_PCP/CE_pathway%R-MMU-4086400",0.691444600280505,0.945364933716849,-0.289351333039153,-0.861575894973271,492,41,"RPS27A;PSMD6;AP2S1;PSMA7;RAC2;RHOA;PSMC5;CLTC;PSMD7;PSME1"
"RA_Downstream_TCR_signaling%R-MMU-202424",0.696850393700787,0.947096569124104,0.245401840872243,0.886376629416036,176,48,"TRAF6;PSME3;PSMB5;PDPK1;PIK3CB;CUL1;PIK3R1;IKBKB;PSMD8;PSME4;NFKB1;PSMD1;PSMD11;RELA;FBXW11;CDC34;UBC"
"RA_Apoptosis%R-MMU-109581",0.698581560283688,0.947096569124104,0.249786983662495,0.886247348722351,196,43,"STK24;YWHAZ;BID;NMT1;DNM1L;CFLAR"
"RA_Glycosphingolipid_metabolism%R-MMU-1660662",0.695721077654517,0.947096569124104,-0.334384892300517,-0.829064699631947,438,17,"PSAP;HEXA"
"BP_regulation_of_alternative_mRNA_splicing,_via_spliceosome%0000381",0.51983584131327,0.947697368421053,-0.326494402763434,-0.950828715708524,379,36,"RBM25;SMU1;ARGLU1;YTHDC1;NSRP1;DDX5"
"BP_intracellular_calcium_ion_homeostasis%0006874",0.52,0.947697368421053,0.292238717634931,0.974906495329139,142,34,"SLC10A7;ATP2A3;ANXA7;VPS54;CCR2;PIK3CB"
"BP_kidney_development%0001822",0.522633744855967,0.947697368421053,-0.325116179454961,-0.962328760434083,380,41,"CXCR4;PCNT;ASS1;CITED2;NDUFS6;TIMELESS;HELLS;RHOA;CNTRL;AP1B1;HPGD"
"BP_protein_dephosphorylation%0006470",0.521072796934866,0.947697368421053,0.279970769316096,0.95487804401337,135,42,"PTPN11;PTPN7;PPM1E;MTMR3;DUSP11;PPP2R2A;CTDSPL2;STK11;PPP2R5D;PPP2CA;CTDP1;PTPRS;FBXW11;PTPN6;PTPN1;PPM1B;PPP2R5A"
"BP_defense_response%0006952",0.520059435364042,0.947697368421053,-0.380792526145078,-0.966258568263114,349,18,"NGP;CYBB;STAT4"
"BP_regulatory_ncRNA-mediated_gene_silencing%0031047",0.5234375,0.947697368421053,-0.403290262563236,-0.960120262280996,334,15,"TNRC6A;CNOT9;SND1;TNRC6C"
"KEGG_Various_types_of_N-glycan_biosynthesis%mmu00513",0.886792452830189,0.951878137441579,0.238694802483029,0.693274545756435,281,19,"MGAT2;MAN2A2;FUT8;ALG11;MAN1A"
"RA_Hedgehog_ligand_biogenesis%R-MMU-5358346",0.704384724186704,0.952296666218896,-0.295829487608315,-0.853321671103713,497,34,"RPS27A;PSMD6;VCP;PSMA7;OS9;PSMC5;PSMD7;PSME1"
"RA_Degradation_of_AXIN%R-MMU-4641257",0.707070707070707,0.953265242958836,0.262538189791121,0.858965119168458,209,32,"PSME3;TNKS;TNKS2;PSMB5"
"RA_DNA_Damage_Recognition_in_GG-NER%R-MMU-5696394",0.710564399421129,0.953814849013372,-0.304553468265433,-0.840929938832955,490,27,"RPS27A;PARP2;INO80;ACTG1;CETN2"
"RA_ROS_and_RNS_production_in_phagocytes%R-MMU-1222556",0.71141975308642,0.953814849013372,-0.325289482323162,-0.824223864217789,460,18,"ATP6V1G1;ATP6V1D;CYBB;RAC2;CYBA;ATP6V1H;ATP6V1F;ATP6V0D1;ATP6V0C;ATP6V1E1;ATP6V0B;TCIRG1"
"KEGG_mRNA_surveillance_pathway%mmu03015",0.896907216494845,0.95398313027179,0.215360704834895,0.808453047684431,173,65,"SYMPK;CSTF2;CSTF2T;PPP2R5C;WDR82;UPF1;NXF1;PAPOLA;CPSF6;PPP2R2A;PPP2CB;CPSF1;FIP1L1;CPSF3"
"KEGG_Hepatocellular_carcinoma%mmu05225",0.893401015228426,0.95398313027179,0.205923422487789,0.791816627358607,175,69,"MAPK1;ARAF;PIK3CD;MAPK3;TXNRD1;PIK3CB;MAP2K2;PIK3R1;BRAF;RB1;CDK6;TGFBR1;IGF1R;SMAD4;CDK4;E2F1;LRP5;ARID2"
"KEGG_Amino_sugar_and_nucleotide_sugar_metabolism%mmu00520",0.906382978723404,0.955376653248994,-0.239414592766208,-0.678723829069344,638,32,"HEXA;CMAS;UGP2;GNPDA2;RENBP;HK2;AMDHD2;UXS1"
"KEGG_Aminoacyl-tRNA_biosynthesis%mmu00970",0.904208998548621,0.955376653248994,-0.246907334299182,-0.671913829353538,622,24,"HARS2;IARS2"
"KEGG_Pancreatic_secretion%mmu04972",0.911465892597968,0.956426093578137,-0.243164105687114,-0.661727307037303,627,24,"ATP2B4;CPA3;RAB8A;ATP2B1;RHOA"
"RA_Oxygen-dependent_proline_hydroxylation_of_Hypoxia-inducible_Factor_Alpha%R-MMU-1234176",0.719495091164095,0.956691275064347,-0.291356569664911,-0.848817094124877,512,35,"ELOC;RPS27A;PSMD6;PSMA7;PSMC5;PSMD7;PSME1"
"RA_Inhibition_of_the_proteolytic_activity_of_APC/C_required_for_the_onset_of_anaphase_by_mitotic_spindle_checkpoint_components%R-MMU-141405",0.717908082408875,0.956691275064347,-0.331415222977611,-0.82170178323862,452,17,"UBE2E1;UBE2C;ANAPC7"
"RA_Inactivation_of_APC/C_via_direct_inhibition_of_the_APC/C_complex%R-MMU-141430",0.717908082408875,0.956691275064347,-0.331415222977611,-0.82170178323862,452,17,"UBE2E1;UBE2C;ANAPC7"
"BP_negative_regulation_of_cold-induced_thermogenesis%0120163",0.535816618911175,0.960004775549188,0.33809247623807,0.935541739637967,186,16,"TLE3;NR1H2;RB1;STK11;ADAM17;RBPJ"
"BP_regulation_of_postsynaptic_membrane_neurotransmitter_receptor_levels%0099072",0.534954407294833,0.960004775549188,0.328667542445022,0.941098835807799,175,18,"ALS2;PPFIA1;ZDHHC5;FLOT2;SNX27;PRKCI;ERBIN;KIF21B"
"BP_intracellular_transport%0046907",0.533149171270718,0.960004775549188,0.344507440216239,0.937814862551078,192,15,"APPBP2;HPS1;AP3M1;RAB7"
"BP_positive_regulation_of_proteasomal_ubiquitin-dependent_protein_catabolic_process%0032436",0.534075104311544,0.960004775549188,-0.32563164018394,-0.950752657015357,383,38,"SUMO1;RCHY1;GABARAP;NOP53;VCP;SUMO2;UBE2V2;STUB1;DDRGK1;SIRT1"
"RA_Switching_of_origins_to_a_post-replicative_state%R-MMU-69052",0.724274406332454,0.960407705931254,-0.271972472339751,-0.85612070069891,548,59,"UBE2E1;GMNN;RPS27A;UBE2C;PSMD6;PSMA7;MCM7;ANAPC7;PSMC5;PSMD7;PSME1"
"BP_establishment_of_protein_localization%0045184",0.538681948424069,0.960816062176166,0.336689184712752,0.931658666552689,187,16,"CHMP1B;RDX;IKZF1"
"BP_pyroptotic_inflammatory_response%0070269",0.5390625,0.960816062176166,-0.398448652390823,-0.948593755295546,344,15,"CASP1;DHX9;PYCARD;AIM2;NAIP2;GSDMD"
"BP_DNA_damage_response%0006974",0.545654565456546,0.962153657897037,-0.269993626282343,-0.977166655846169,495,192,"BRCA2;PCLAF;HERC2;BAZ1B;SFPQ;PARP1;MSH2;BOD1L;BRD4;BARD1;HPF1;PARP2;CBX5;POLE3;FH1;BLM;TIMELESS;CBL;NOP53;NSMCE1;CHD2;VCP;BCCIP;C1QBP;MCM7;SETX;MCTS1;ATAD5;MRE11A;UFL1;VRK2;TOP2A;MBD4;VRK1;AIM2;CHEK1;BABAM2;NSMCE4A;PNKP;CDKN2AIP;ASH2L"
"BP_protein_localization_to_cell_surface%0034394",0.545180722891566,0.962153657897037,0.31250914248707,0.927784040417378,180,20,"ARF6;TSC2;GGA1;VPS54"
"BP_positive_regulation_of_DNA-binding_transcription_factor_activity%0051091",0.543165467625899,0.962153657897037,0.280399613264194,0.954062327846886,150,37,"TRAF6;TCF3;HIPK2;RGCC;IKBKE;TRIM37;ATF2"
"BP_positive_regulation_of_cytokinesis%0032467",0.546805349182764,0.962153657897037,-0.365397924100471,-0.927194865303424,367,18,"CSPP1;KIF20B;SVIL;RHOA;KIF14;CHMP3"
"BP_platelet_aggregation%0070527",0.546707503828484,0.962153657897037,-0.38836549491734,-0.944625451880951,356,16,"PPIA;PDIA3;GLA;PDIA6"
"WP_G13_Signaling_Pathway%WP298",0.882352941176471,0.965250965250965,0.228428729954992,0.727544236075395,269,25,"GNA13;PIK3CD;PIK3CB;PKN1"
"WP_Type_II_interferon_signaling_(IFNG)%WP1253",0.857771260997068,0.965250965250965,-0.278689921809905,-0.697422805111872,584,18,"IRF2;CYBB;IRF8;IRF1"
"WP_Microglia_Pathogen_Phagocytosis_Pathway%WP3626",0.866385372714487,0.965250965250965,-0.261974199139815,-0.72178288324626,615,28,"TYROBP;VAV1;CYBB;RAC2"
"WP_Delta-Notch_Signaling_Pathway%WP265",0.842307692307692,0.965250965250965,0.22412287901038,0.796460349171931,218,40,"TCF3;MAPK1;YY1;MAPK3;CUL1;JAK2;PIK3R1;NCOR2;STAT3;SMAD4"
"WP_Exercise-induced_Circadian_Regulation%WP544",0.849275362318841,0.965250965250965,-0.270386980545229,-0.714592525503878,585,23,"SUMO1;BTG1;UGP2;PSMA4;NCOA4"
"WP_Mecp2_and_Associated_Rett_Syndrome%WP2910",0.825464949928469,0.965250965250965,-0.282230680610491,-0.729074324213747,576,20,"SMC3;HNRNPH1;EZH2;NCOR1"
"WP_Parkinsons_Disease_Pathway%WP3638",0.891117478510029,0.965250965250965,-0.262638710717276,-0.668803311372209,621,19,"HTRA2;UBE2G2;UBE2L3;UBA7;UBE2G1;ATXN2;PARK7;CCNE2"
"WP_Focal_Adhesion%WP85",0.892857142857143,0.965250965250965,0.208698325074085,0.824882493851283,174,75,"CRK;MAPK6;MAPK1;PXN;SELENOP;ARAF;PIK3CD;CRKL;PDPK1;PIK3CB;PDGFRB;MAP2K2;PIK3R1;BRAF;CCND3;ITGB5;RAP1B;RHOB"
"KEGG_Calcium_signaling_pathway%mmu04020",0.928198433420366,0.96532637075718,-0.229660692404241,-0.690044357763911,710,43,"CXCR4;SLC25A4;CALM2;MYLK;ATP2B4;ATP2B1;PPP3CA;VDAC3;STIM2;CAMK1;CALM3"
"KEGG_Gastric_acid_secretion%mmu04971",0.925806451612903,0.96532637075718,0.215790211402326,0.664154241394536,286,23,"ATP1B3;PRKACA;GNAI3;GNAS;ADCY7;PRKACB;PLCB2;EZR;PRKCB;ATP1A3"
"BP_endoplasmic_reticulum_to_Golgi_vesicle-mediated_transport%0006888",0.55026455026455,0.96577043515819,0.240100976504333,0.958056318649967,103,78,"TMED2;ERGIC1;SPAST;MIA2;TMED7;ZW10;SEC16A;TRAPPC10;SEC24D;TBC1D20;SEC24C;VTI1A;TRAPPC12;BET1;COG3"
"RA_Transferrin_endocytosis_and_recycling%R-MMU-917977",0.731012658227848,0.966694334924258,-0.330163822727567,-0.807351891819107,461,16,"ATP6V1G1;ATP6V1D;ATP6AP1;TFRC;ATP6V1H;ATP6V1F;ATP6V0D1;ATP6V0C;ATP6V1E1;ATP6V0B;TCIRG1"
"BP_spermatogenesis%0007283",0.553864168618267,0.967153675150679,-0.276388175885975,-0.959570945305937,472,127,"ATRX;ARID4B;BRCA2;BCAP31;S100A11;HERC2;SOD1;YTHDC1;PRDX4;GGNBP2;ATP2B4;HMGB2;ASPM;SETX;LARP7;BTG1;CCDC34;AKAP9;TRIP13;HADH;PAIP2;CETN2;SNRPA1;XRN2;ARID4A"
"BP_odontogenesis_of_dentin-containing_tooth%0042475",0.553008595988539,0.967153675150679,0.33433112012853,0.925133623854762,192,16,"TRAF6;CTNNA1;NF2;NFIC"
"BP_male_gonad_development%0008584",0.556291390728477,0.968932852711878,0.287613164770266,0.925905195500995,167,28,"ADAM15;HOXA10;PATZ1;TBC1D20;HOXA9;CTNNA1;CRKL;TGFBR1;WDR48;SMAD4"
"BP_negative_regulation_of_neuron_differentiation%0045665",0.573770491803279,0.969179544096303,0.299906893494896,0.913059872021944,174,24,"PTBP1;CASZ1;SHOC2;SPAG9;CDK5RAP2;TTC3"
"BP_spermatid_development%0007286",0.571428571428571,0.969179544096303,0.296801056193419,0.917096452061856,175,25,"FANCG;UBE2J1;CELF1;ALMS1;CIB1;STK11;FNDC3A;MFSD14A;EIF4G3;BRIP1"
"BP_positive_regulation_of_cytokine_production%0001819",0.568656716417911,0.969179544096303,-0.361041808530771,-0.934595251367199,380,20,"CASP1;SOD1;BCL10;S100A13"
"BP_positive_regulation_of_cell_differentiation%0045597",0.567293777134588,0.969179544096303,-0.356069905482176,-0.948244982560959,391,23,"SMARCA4;SMARCB1;SMARCC1;SMARCE1;HSP90AB1;ACTB;SMARCC2;SMARCD2;PA2G4;ACTL6A;APC;PBRM1;SMARCA2"
"BP_non-motile_cilium_assembly%1905515",0.566615620214395,0.969179544096303,-0.381953811773592,-0.92903024796545,369,16,"CEP350;PCM1"
"BP_negative_regulation_of_cell_differentiation%0045596",0.569678407350689,0.969179544096303,-0.38159041526905,-0.928146354849795,371,16,"ANP32B;SMARCA4;SMARCC1"
"BP_positive_regulation_of_blood_vessel_endothelial_cell_migration%0043536",0.574468085106383,0.969179544096303,0.320417925405112,0.917477078288443,188,18,"NUS1;PDPK1;ETS1;GATA2;SP1;ADAM17;AKT1;MAP2K3"
"BP_nucleus_organization%0006997",0.565084226646248,0.969179544096303,-0.383096700058753,-0.931810107085141,368,16,"CHMP2A;CHMP5;CHMP4B;CHEK1;CHMP3;MAP7;CHMP2B;ZMPSTE24;PLEC"
"BP_transcription_by_RNA_polymerase_II%0006366",0.568154402895054,0.969179544096303,-0.283650654771969,-0.951561875950293,470,94,"GTF2F2;ATRX;ARID4B;POLR2G;PLAC8;SMARCA4;GTF2B;HDAC3;DDX21;GTF2A2;CDK7;ARID4A;KDM1A;POLR2F;HMGB1;CCDC124;DRAP1;IRF1;SQSTM1;SCAF8"
"BP_cellular_response_to_tumor_necrosis_factor%0071356",0.562326869806094,0.969179544096303,-0.316212368403331,-0.926603394847143,405,39,"CAMP;DHX9;ASS1;PYCARD;GBP3;BIRC3"
"BP_G1/S_transition_of_mitotic_cell_cycle%0000082",0.559386973180077,0.969179544096303,0.276204325220432,0.942032078773001,145,42,"NFATC1;CACUL1;RGCC;MYB;LATS1;PIAS1;RB1;CDK6;CCND3;CDKN1B;CDK4"
"BP_positive_regulation_of_type_II_interferon_production%0032729",0.574746008708273,0.969179544096303,-0.353859730250182,-0.937977460949509,395,22,"CD244A;HSPD1;FLT3;PYCARD;TRIM27;IRF8"
"BP_central_nervous_system_development%0007417",0.572847682119205,0.969179544096303,0.284329272171979,0.915333449869499,172,28,"MARCKSL1;ZEB2;RUNX1;SLC2A1;ELP3;STK3;HTT;TPP1"
"WP_PluriNetWork:_mechanisms_associated_with_pluripotency%WP1763",0.945142857142857,0.969377289377289,-0.209004408939969,-0.736775595458567,826,146,"ATRX;DHX9;PAF1;CHD4;SUMO1;PARP1;NCL;SMARCA4;LYAR;UBE2I;SMARCC1;HELLS;CD44;PPP2R1A;EZH2;DPYSL2;KDM1A;EWSR1"
"WP_G1_to_S_cell_cycle_control%WP413",0.923884514435695,0.969377289377289,-0.230743460170661,-0.701948585489007,703,46,"ORC6;PCNA;CCNH;MNAT1;MCM7;CDK7;RPA3;PRIM1;CDC45;CCNG2;MCM5;RPA2;ORC4;MCM2;RPA1"
"WP_Neural_Crest_Differentiation%WP2074",0.935483870967742,0.969377289377289,-0.244462502553981,-0.611768531738151,637,18,"NOTCH2;HDAC3"
"WP_TYROBP_Causal_Network%WP3625",0.913669064748201,0.969377289377289,0.222662722960966,0.744281774142483,253,32,"ZFP36L2;SFT2D2;NRROS;GPX1;TGFBR1;GAPT;ELF4;SH2B3"
"BP_cilium_assembly%0060271",0.578512396694215,0.973145547495403,0.261700615546668,0.935575674655212,139,48,"SNAP29;E2F4;IFT80;DNMBP;C2CD3;CEP83;ALMS1"
"BP_ubiquitin-dependent_protein_catabolic_process%0006511",0.666666666666667,0.973364800044193,0.222232169293514,0.930437600462731,91,130,"CACUL1;WDR81;BAP1;UBQLN1;CUL4A;FBXL14;RNF114;UBE3B;USP25;TRPC4AP;ARIH2;BAG6;ANKIB1;RC3H2;FBXO22;USP38;UBE4A;TOPORS;SPOP;ATXN3;DTX3L;TTC3;UBE4B;CUL1;DTL"
"BP_positive_regulation_of_insulin_secretion_involved_in_cellular_response_to_glucose_stimulus%0035774",0.641791044776119,0.973364800044193,-0.336724836559779,-0.871648174339742,429,20,"OXCT1;MPC2;LRP1"
"BP_neuron_projection_morphogenesis%0048812",0.642857142857143,0.973364800044193,0.284916812560661,0.880374892473001,197,25,"ALS2;TAOK3;PPP1R12C;VPS54"
"BP_methylation%0032259",0.690376569037657,0.973364800044193,-0.301214109362078,-0.859419367912583,494,33,"PCMT1;KMT2A;EZH2;RRP8;KMT2B;ASH1L;COQ5;ARMT1;DNMT1;SETDB1;SPOUT1;MTAP;COMT;KMT2C;NSD1;DNMT3A;SETD1B;PRMT9"
"BP_protein_homotetramerization%0051289",0.655667144906743,0.973364800044193,-0.323587337959688,-0.872468753248848,456,24,"SSBP1;EVL;B2M;TK1"
"BP_ribosome_biogenesis%0042254",0.63376251788269,0.973364800044193,-0.319640636301767,-0.888442564038042,442,30,"ABCF1;RPS28;LTV1;MYBBP1A;ISG20L2;XPO1;AATF;NVL"
"BP_protein_autoubiquitination%0051865",0.684499314128944,0.973364800044193,-0.288791134871062,-0.854808319016066,498,41,"RNF220;UBE2D2A;RNF213;RCHY1;CBL;RNF187;RNF181;HECTD1;STUB1;UBE2B;UHRF2"
"BP_positive_regulation_of_transcription_initiation_by_RNA_polymerase_II%0060261",0.697416974169742,0.973364800044193,0.259186667799376,0.873597891895615,188,36,"TBP;TAF2;TAF6;TAF8;MED24;MED12;GTF2A1;MED15;MED14;TAF1;MED10;MED27;PAXIP1;NFKB1"
"BP_protein_processing%0016485",0.69684499314129,0.973364800044193,-0.285508656526307,-0.845092335880575,507,41,"CTSS;CASP1;AFG3L1;PARL"
"BP_regulation_of_protein_stability%0031647",0.593516209476309,0.973364800044193,-0.292554496668801,-0.934380691009855,475,62,"SUMO1;APTX;CENPE;NDC80;NPM1;TPR;HDAC3;PYCARD;FBXO7;SUGT1;UBL4A;CDKN2AIP;STUB1;TARDBP;DDRGK1;RNF149;CD81;DDOST;SREBF1"
"BP_mRNA_stabilization%0048255",0.631349782293179,0.973364800044193,-0.333269046009685,-0.88339764846432,434,22,"FUS;LARP1;TAF15;FAM76B;HNRNPU"
"BP_cellular_response_to_calcium_ion%0071277",0.630969609261939,0.973364800044193,-0.33083530940632,-0.881043068702275,435,23,"MICU2;FUS;MYLK"
"BP_negative_regulation_of_cell_growth%0030308",0.691358024691358,0.973364800044193,-0.295973706072954,-0.85467370940415,503,35,"MNDAL;NDUFS3;RTN4;NDUFA13;SMARCA4"
"BP_mitophagy%0000423",0.663703703703704,0.973364800044193,-0.329982527408751,-0.862178157020031,447,21,"GABARAPL2;MAP1LC3B;GABARAP"
"BP_negative_regulation_of_cardiac_muscle_cell_apoptotic_process%0010667",0.69079939668175,0.973364800044193,-0.336153250803061,-0.836955965180352,457,17,"PCMT1;SLC25A4;NPM1"
"BP_positive_regulation_of_phosphatidylinositol_3-kinase/protein_kinase_B_signal_transduction%0051897",0.69300518134715,0.973364800044193,-0.279243209146642,-0.85958863689697,534,52,"FN1;RTN4;MTDH;VAV1;CBL;C1QBP"
"BP_response_to_ethanol%0045471",0.643741403026135,0.973364800044193,-0.305193674438917,-0.877476114010205,467,34,"TUFM;SOD1;CBL;EEF1B2;EIF4G1;SDF4;HPGD;SIRT1;SREBF1;GGH;BAK1;PSMD14"
"BP_positive_regulation_of_NF-kappaB_transcription_factor_activity%0051092",0.698539176626826,0.973364800044193,-0.285120697006829,-0.862477066685637,525,47,"DHX9;PPIA;LRRFIP2;MTDH;NPM1;BCL10;PYCARD;LAMTOR5;AIM2;TFRC;RPS3;DDRGK1;TRIM25;CD84;PRKD2"
"BP_protein_homooligomerization%0051260",0.639575971731449,0.973364800044193,0.270431636727814,0.918016384290339,180,38,"ALS2;TRP53BP1;NINJ1;TIFA;SPAST;ELAVL1"
"BP_positive_regulation_of_neuron_projection_development%0010976",0.66030534351145,0.973364800044193,-0.282571000628069,-0.889037252035798,518,59,"S100A9;RANBP1;GRN;TMEM30A;SNX3;LRP1;SETX;UBE2V2;KDM1A;NCK1"
"BP_muscle_organ_development%0007517",0.675,0.973364800044193,-0.357745244183085,-0.851690431332904,431,15,"FRG1;CHD2;HDGFL2;SIRT1;DTNBP1"
"BP_transcription_initiation-coupled_chromatin_remodeling%0045815",0.695590327169275,0.973364800044193,-0.310944772586934,-0.851952406223005,488,27,"TRMT112;SMARCA4;ZNHIT1;SMARCB1;KMT2A;GLYR1;DPY30;ASH2L;ATAD2;RBBP5"
"BP_calcium_ion_transport%0006816",0.610709117221418,0.973364800044193,-0.343961910011863,-0.916000342458485,421,23,"SARAF;ATP2B4;ATP2B1;ANXA6;PPP3CA;CCR1;LETM1"
"BP_positive_regulation_of_protein_phosphorylation%0001934",0.690621193666261,0.973364800044193,-0.268377799054838,-0.886401619867081,566,83,"CAMP;ANXA2;PPIA;CXCR4;FLT3;FAS;HSP90AA1;HDAC3;ERP29;PLAUR;HMGB1;AKAP11;SQSTM1;TFRC;C3;CLN3;SIRT1"
"BP_positive_regulation_of_protein_binding%0032092",0.702970297029703,0.973364800044193,0.262607201704005,0.861422625591982,212,30,"RALB;HIPK2;DTX3L;EPB41;ADD1;KRIT1;IDE"
"BP_nuclear-transcribed_mRNA_catabolic_process,_nonsense-mediated_decay%0000184",0.652298850574713,0.973364800044193,-0.325957695215824,-0.886739966341069,453,26,"UPF3B;CASC3;MAGOH;UPF2;EIF4A3;GSPT1;PARN;PYM1;SMG1;EIF3E;PABPC1;DCP2;ETF1"
"BP_glycolytic_process%0006096",0.704819277108434,0.973364800044193,0.28897353974323,0.857911023475988,233,20,"UCP2;PFKFB3;ENO1;GPI1"
"BP_response_to_lipopolysaccharide%0032496",0.704714640198511,0.973364800044193,-0.27213626908013,-0.871609673929523,567,63,"S100A8;CASP1;MGST1;PRDX2;SELENOW;HMGB2;BCL10;THBD;LIAS;ADH5"
"BP_response_to_cytokine%0034097",0.66566265060241,0.973364800044193,0.294385064809335,0.873976878544079,220,20,"PML;STAT6;MAPKAPK3;STAT1;STAT3"
"BP_lipid_homeostasis%0055088",0.586626139817629,0.973364800044193,0.31817495102848,0.91105459872477,192,18,"NR1H2;USF1;PNPLA8;HPS1"
"BP_modulation_of_chemical_synaptic_transmission%0050804",0.636015325670498,0.973364800044193,0.267225497582257,0.911408576920943,165,42,"BACE1;ABR;PRKAR2A;PRKAR2B;PRKACA;RGS14;MAPK3"
"BP_liver_development%0001889",0.650793650793651,0.973364800044193,-0.29170071006933,-0.886351339671958,491,50,"ACADM;HP;NOTCH2;UGT1A7C;SMARCA4;ASS1;CITED2;ACO2;HNRNPD;TAF10;UPF2;LIPA;PRKCSH;CDK5RAP3;ZMPSTE24;DUT;ACAT1"
"BP_cellular_response_to_epidermal_growth_factor_stimulus%0071364",0.584415584415584,0.973364800044193,0.293453434914773,0.906752514486741,179,25,"ZFP36L2;PTPN11;PDPK1"
"BP_positive_regulation_of_cell_cycle%0045787",0.69037037037037,0.973364800044193,-0.319323673369531,-0.834328709342771,465,21,"RPS15A;BARD1;CITED2;BIRC5;CHEK1"
"BP_positive_regulation_of_substrate_adhesion-dependent_cell_spreading%1900026",0.70096463022508,0.973364800044193,0.280917399804067,0.85552568755826,217,23,"CRK;UNC13D;CRKL;PREX1;BRAF;CIB1;NEDD9;DNM2;LIMS1;RREB1;ABL1;CALR"
"BP_positive_regulation_of_epithelial_cell_migration%0010634",0.705972434915773,0.973364800044193,-0.339680420389342,-0.82620823632565,460,16,"CTSH;RTN4"
"BP_neurogenesis%0022008",0.629470672389127,0.973364800044193,-0.321496933922798,-0.893602151495782,439,30,"NDUFS2;CXCR4;CLN5;ANKRD11;SMARCA4"
"BP_negative_regulation_of_neuron_apoptotic_process%0043524",0.65211970074813,0.973364800044193,-0.282039836128108,-0.900798244342253,522,62,"MSH2;SOD1;HSPD1;GRN;PRDX2;NPM1;LRP1;TMBIM4;UBE2V2;KIF14;FBXO7;BIRC5;APOE;HSP90AB1;CLN3;SIRT1;CORO1A"
"BP_neuromuscular_process_controlling_balance%0050885",0.619738751814224,0.973364800044193,-0.336506719355723,-0.89197976268894,426,22,"PSAP;HEXA;AP1S2;GIGYF2;VPS13A;NBN;CLN3;MYO5A"
"BP_energy_homeostasis%0097009",0.64424514200299,0.973364800044193,-0.339213174387098,-0.865836370106265,430,19,"PRCP;OMA1;EIF4G1;RRP8;SQSTM1;LIPA;SIRT1"
"BP_regulation_of_autophagy%0010506",0.636494252873563,0.973364800044193,-0.330810344115376,-0.899941181667506,442,26,"CASP1;PYCARD;RAB8A;CHMP4B;CISD2;CLN3;ZMPSTE24"
"BP_germ_cell_development%0007281",0.680241327300151,0.973364800044193,-0.341026121981239,-0.849088463052641,450,17,"MSH2;CXCR4"
"BP_response_to_nutrient%0007584",0.641791044776119,0.973364800044193,-0.336977652485382,-0.872302615343404,429,20,"ASS1;CYBB;TFRC;SREBF1;PLEC;TFAM"
"BP_stem_cell_differentiation%0048863",0.662613981762918,0.973364800044193,0.301051173185695,0.862022779906908,217,18,"IFT80;MEN1;MAPK14;SETD2;SMAD5;L3MBTL2;GAK;NELFB;PSMD11;KIT"
"BP_post-transcriptional_regulation_of_gene_expression%0010608",0.622926093514329,0.973364800044193,-0.353679160381807,-0.880592058337565,412,17,"LARP1;YTHDC1;NPM1"
"BP_protein_localization_to_nucleus%0034504",0.626229508196721,0.973364800044193,0.292887170017766,0.891688479904322,190,24,"SRSF1;SUMO3;RAP1GDS1;ZBTB7A;TOPORS;STK11"
"BP_cellular_response_to_cAMP%0071320",0.6734375,0.973364800044193,-0.358292913794713,-0.852994278065571,430,15,"ASS1;AKAP9;KDM1A;ITPR1;RAP1A"
"BP_epithelial_to_mesenchymal_transition%0001837",0.681957186544342,0.973364800044193,0.289492857916683,0.872496701416442,222,21,"NFATC1;TGFBR1;SMAD4;AKNA;RBPJ"
"BP_regulation_of_synaptic_plasticity%0048167",0.693370165745856,0.973364800044193,0.303699866343993,0.826728874805728,250,15,"BACE1;SLC38A1;YWHAG;HTT;SIPA1L1;GIPC1;SPG11;KAT2A;RAPGEF2"
"BP_antiviral_innate_immune_response%0140374",0.622950819672131,0.973364800044193,0.292914958840378,0.891773082357175,189,24,"TRAF6;DHX16;HCFC2;TBK1"
"BP_regulation_of_blood_pressure%0008217",0.635258358662614,0.973364800044193,0.308827204951574,0.884288484599355,208,18,"GNA13;ECE1;EMILIN1;EXT2;PTGS1;LRP5"
"BP_regulation_of_gene_expression%0010468",0.69375,0.973364800044193,0.220538342231682,0.915979371781343,110,106,"ADNP2;MEN1;HOXA10;PATZ1;DNM1L;MARF1;FOXP1;RC3H2;MYB;PHGDH;HOXA9;ATXN7L3B;PPP2CB;TBK1;CRKL;DROSHA;FUT8;CDK6;TGFBR1;CGGBP1;CDK4;DAXX;KDM6B;MYD88;NCOA2;SETD2;TOB2;TRIM44;STK3;CEP128;HTT;SART3;PLCG2;RC3H1;RBPJ;KDM3A;TRIM11"
"BP_mitotic_metaphase_chromosome_alignment%0007080",0.624645892351275,0.973364800044193,-0.318436745932866,-0.894093544127553,440,31,"CHMP2A;CHMP5;CENPE;KIF14;CHMP4B;CHMP3;SPDL1;KIF22;CDCA8;CHMP2B"
"BP_vasculogenesis%0001570",0.6734375,0.973364800044193,-0.357786708089313,-0.851789145187956,430,15,"SMARCA4;CITED2"
"BP_positive_regulation_of_actin_filament_polymerization%0030838",0.607407407407407,0.973364800044193,-0.344474544449655,-0.900042890774107,409,21,"EVL;PYCARD;RHOA;NCK1;GRB2;PFN1;RICTOR;NCKAP1L;MAP3K1;ARPC2"
"BP_cellular_response_to_xenobiotic_stimulus%0071466",0.625714285714286,0.973364800044193,-0.328101049007509,-0.89990182912498,437,28,"PCNA;PPP1R12A;MYLK;BLM;MCM7;CD69;AIM2;TFRC;GSTM1;RNF149"
"BP_regulation_of_circadian_rhythm%0042752",0.687757909215956,0.973364800044193,-0.296998806271657,-0.853914678513704,499,34,"SFPQ;TIMELESS;HDAC3;EZH2;TOP2A;HNRNPD"
"BP_positive_regulation_of_cytosolic_calcium_ion_concentration%0007204",0.586455331412104,0.973364800044193,-0.344905471569671,-0.933860680139522,406,25,"CD52;CXCR4;LRP1;HMGB1;CCR1"
"BP_telomere_maintenance%0000723",0.630642954856361,0.973364800044193,-0.304587059085418,-0.887029363322547,460,36,"PARP1;TERF1;BLM;INO80;MRE11A;NBN;ACTR8;RPA2;UCHL5;ATR;TERF2"
"BP_mitotic_G2/M_transition_checkpoint%0044818",0.653905053598775,0.973364800044193,-0.355994090227976,-0.865888145959321,426,16,"BARD1;CHEK1;BABAM2;NBN;CDK5RAP3;UIMC1;ATR;INTS3"
"BP_negative_regulation_of_gene_expression,_epigenetic%0045814",0.619738751814224,0.973364800044193,-0.33663050740051,-0.892307888174887,426,22,"MPHOSPH8;MNDAL;IFI209;TRIM27;EZH2;CHEK1"
"BP_regulation_of_actin_filament_polymerization%0030833",0.665158371040724,0.973364800044193,-0.343090099046171,-0.854227362981062,440,17,"ARPC5L;CLEC2I;HCLS1;PFN1;CORO1A;ARPC3"
"BP_negative_regulation_of_protein_catabolic_process%0042177",0.620214395099541,0.973364800044193,-0.367276057533887,-0.893329392939105,404,16,"SNX3;FLNA;MYCBP2;CDK5RAP3;MAD2L1;PARK7;HMGCR"
"BP_wound_healing%0042060",0.634472511144131,0.973364800044193,-0.343849668121028,-0.87251630534836,426,18,"FN1;MACF1;NOTCH2"
"BP_double-strand_break_repair_via_nonhomologous_end_joining%0006303",0.66189111747851,0.973364800044193,0.306529139832816,0.848202266787477,230,16,"TRP53BP1;SMARCAL1;KDM2A"
"BP_negative_regulation_of_mRNA_splicing,_via_spliceosome%0048025",0.693907875185736,0.973364800044193,-0.328024510364705,-0.832360070059391,466,18,"SRSF7;SFSWAP;NPM1;C1QBP"
"BP_negative_regulation_of_protein_kinase_activity%0006469",0.624584717607973,0.973364800044193,0.275809405856922,0.896745965169208,187,29,"PPM1E;MLLT1;TSC2;PREX1;CEP85;PKN1;RB1;NF2;CEACAM1;RTRAF;PPM1F;AKT1;GNAQ;INPP5K"
"BP_nucleotide-excision_repair%0006289",0.678125,0.973364800044193,-0.356664108921366,-0.849116553490068,433,15,"BRCA2;MNAT1;CETN2;RPA3"
"BP_glucose_homeostasis%0042593",0.611764705882353,0.973364800044193,0.266845919316075,0.915826295985531,155,43,"ADIPOR1;MCU;TSC22D4;PTPN11;ALMS1;SPOP;PDE3B;GPI1;SH2B2;NCOR2;STK11;STAT3;FOSL2;PHKB"
"BP_positive_regulation_of_viral_genome_replication%0045070",0.643387815750372,0.973364800044193,-0.340709928853185,-0.864549237295902,432,18,"PPIA;LARP1"
"BP_positive_regulation_of_protein_localization_to_nucleus%1900182",0.673134328358209,0.973364800044193,-0.329456032526937,-0.852832099381947,450,20,"PARP1;HNRNPM;LAMTOR5;TFRC;CDK5RAP3"
"BP_negative_regulation_of_proteasomal_ubiquitin-dependent_protein_catabolic_process%0032435",0.694524495677233,0.973364800044193,-0.314083157733143,-0.850406663501691,481,25,"TAF9;SMARCC1;NOP53;RPL11;CSNK2B;HSP90AB1;DDRGK1;UCHL5;UBXN1"
"BP_positive_regulation_of_T_cell_proliferation%0042102",0.697247706422018,0.973364800044193,0.286025188226906,0.862045561489516,227,21,"TRAF6;JAK2"
"BP_mRNA_catabolic_process%0006402",0.601783060921248,0.973364800044193,-0.352888730266876,-0.895452866987074,404,18,"CNOT9;SND1;LSM5;EXOSC9;EXOSC3"
"BP_autophagosome_maturation%0097352",0.616262482168331,0.973364800044193,-0.327731067201981,-0.905682440087314,431,29,"VAMP8;CHMP2A;GABARAPL2;MAP1LC3B;CHMP5;GABARAP;VCP"
"BP_spindle_assembly%0051225",0.677603423680457,0.973364800044193,-0.310388465758175,-0.857756286100188,474,29,"GTF2B;INO80;HDAC3;PPP2R1A;TPX2;NCOR1;HAUS8;HAUS3;TUBGCP5;RPS3"
"BP_visual_learning%0008542",0.701298701298701,0.973364800044193,0.274715620835341,0.848853856604461,215,25,"CREB1;DDHD2;RGS14;CTNS;RIC8A;PIAS1;BRAF;IDUA;HTT;ABCA7"
"BP_bone_resorption%0045453",0.69060773480663,0.973364800044193,0.305263349396967,0.830984973436007,249,15,"TRAF6;LRRK1;RAB3D;RAB7;SNX10;TNS3;TPP1"
"BP_positive_regulation_of_ubiquitin-dependent_protein_catabolic_process%2000060",0.61875,0.973364800044193,-0.375106283606455,-0.893022165004563,395,15,"BCAP31;VCP;LAPTM5;RNF139"
"BP_glucose_metabolic_process%0006006",0.636363636363636,0.973364800044193,-0.313467140197141,-0.889259234533723,454,32,"FABP5;PDHB"
"BP_pigmentation%0043473",0.666666666666667,0.973364800044193,0.309224488317653,0.869398476701779,225,17,"HPS1;ATRN;MYSM1;ARCN1;VPS33A;KIT;MYC;FIG4"
"BP_epithelial_cell_proliferation%0050673",0.679597701149425,0.973364800044193,-0.318851080384288,-0.867407029923222,472,26,"MKI67;GRN"
"BP_positive_regulation_of_defense_response_to_virus_by_host%0002230",0.70487106017192,0.973364800044193,0.289552429781935,0.801225708684046,245,16,"PML;CGAS;DTX3L;STAT1"
"BP_regulation_of_multicellular_organism_growth%0040014",0.632835820895522,0.973364800044193,-0.340764358471328,-0.882104907901128,423,20,"SOD1;HDAC3;HTRA2;AFG3L2;NCOR1"
"BP_lysosome_organization%0007040",0.694635488308116,0.973364800044193,-0.295991651643103,-0.851018962764364,504,34,"HEXA;CLN5;GRN;CHMP5"
"BP_extrinsic_apoptotic_signaling_pathway_via_death_domain_receptors%0008625",0.683068017366136,0.973364800044193,-0.316493695823075,-0.842850110205195,471,23,"FAS;GABARAP;HMGB2;BLOC1S2"
"BP_antigen_processing_and_presentation%0019882",0.645550527903469,0.973364800044193,-0.347265145922529,-0.864622414582459,427,17,"PSAP;FLT3"
"BP_lung_development%0030324",0.696369636963696,0.973364800044193,0.265550466032917,0.871077328393624,210,30,"YWHAZ;SP3;BAG6;FOXP1;HPS1;ADA;FOSL2;DHCR7;SP1;CUX1;CRISPLD2"
"BP_regulation_of_double-strand_break_repair%2000779",0.588148148148148,0.973364800044193,-0.350392735609189,-0.915505937217469,396,21,"BRD8;MORF4L1;MORF4L2;TRRAP;DEK;PPP4C;ACTB;ATR"
"BP_centrosome_localization%0051642",0.702909647779479,0.973364800044193,-0.341187893219262,-0.829874878243631,458,16,"RANBP2;SYNE2"
"KEGG_Focal_adhesion%mmu04510",0.941391941391941,0.974715549936789,-0.216963795298804,-0.707055926927069,770,77,"FN1;ITGB7;PPP1R12A;VAV1;MYLK;ACTG1;BIRC3;RAC2;MYL12A;RHOA;FLNA;DIAPH1;GRB2;TLN1"
"BP_anaphase-promoting_complex-dependent_catabolic_process%0031145",0.709944751381216,0.97493410968119,0.301466698925328,0.820649767792901,256,15,"ANAPC16;ANAPC5"
"BP_establishment_of_mitotic_spindle_orientation%0000132",0.70926517571885,0.97493410968119,0.283196867088933,0.8469839465973,221,22,"NDEL1;NUMA1;ZW10;GPSM2;CDK5RAP2;INPPL1"
"BP_substrate_adhesion-dependent_cell_spreading%0034446",0.711509715994021,0.975136821920092,-0.323554126225039,-0.825866892374588,475,19,"FN1;ITGB7;RHOA;KIF14"
"BP_cell_chemotaxis%0060326",0.714925373134328,0.975929874437337,-0.320368475859067,-0.8293079891331,478,20,"CXCR4;CCL9;HMGB2;CCL6;CCR1;RHOG;VCAM1"
"BP_type_I_interferon-mediated_signaling_pathway%0060337",0.7140625,0.975929874437337,-0.347089761820634,-0.826322735977346,456,15,"IFNAR2"
"BP_protein_maturation%0051604",0.716353111432706,0.975942456763766,-0.309605298126494,-0.824505710824343,494,23,"CASP1;PRSS57;DNAJB11;AFG3L2;STUB1;PCBP2;ZMPSTE24"
"BP_B_cell_receptor_signaling_pathway%0050853",0.722044728434505,0.981752516132291,0.280699557978382,0.839515005474926,225,22,"RFTN1;MAPK1;LYN;NFAM1;SYK;SH2B2;TEC;PLCG2;PRKCB;NFKB1;VAV3;ABL1;PTPN6"
"BP_response_to_UV%0009411",0.725490196078431,0.982553651381813,0.27069616525289,0.839999481385632,221,26,"PML;MEN1;USF1;UBE4B;DTL"
"BP_response_to_organic_cyclic_compound%0014070",0.725212464589235,0.982553651381813,-0.294175119026764,-0.82597275008028,511,31,"CASP1;ALDH2;CXCR4"
"RA_Regulation_of_PTEN_stability_and_activity%R-MMU-8948751",0.745833333333333,0.983605812897366,-0.278740906873446,-0.827804840980127,536,39,"CSNK2A1;RPS27A;PSMD6;PSMA7;TRIM27;PSMC5;CSNK2B;PSMD7;PSME1;STUB1"
"BP_determination_of_adult_lifespan%0008340",0.728358208955224,0.984087251922045,-0.317745622754339,-0.822518453963508,487,20,"MSH2;SOD1"
"BP_cerebellum_development%0021549",0.729483282674772,0.984087251922045,0.280822769454123,0.804101249048055,239,18,"NR2C2;ATRN;AGTPBP1;IGF1R;LDB1;GART;PTPRS;ZBTB18"
"BP_neuron_differentiation%0030182",0.753947368421053,0.984280435433936,-0.27510964937897,-0.835763388781945,572,48,"AIFM1;HERC2;PPIA;RTN4"
"BP_adipose_tissue_development%0060612",0.75,0.984280435433936,-0.336368829836157,-0.800799223548829,479,15,"AP1S2;SPTLC2;LIPA;ACAT1;BSCL2"
"BP_regulation_of_MAPK_cascade%0043408",0.752212389380531,0.984280435433936,0.283305162967198,0.796525134427297,254,17,"PTPN11;TAOK3;SHOC2;SLA;TAOK2;STK3"
"BP_regulation_of_mitotic_spindle_organization%0060236",0.75,0.984280435433936,-0.336275813607542,-0.80057777816791,479,15,"DYNC1H1;BORA;TPX2;CLTC"
"BP_mitochondrion_organization%0007005",0.735547355473555,0.984280435433936,-0.263733847432964,-0.854410224407162,597,70,"SSBP1;LONP1;PARP1;AFG3L1;SPG7;NDUFS6;HTRA2;OMA1;MTFR2;VPS13C;AFG3L2;VPS13D;LETM1;ARMCX3;LIPA;SH3GLB1;PNPT1;YME1L1;PANK2"
"BP_Notch_signaling_pathway%0007219",0.751655629139073,0.984280435433936,0.254675951510654,0.819871325644036,226,28,"DTX4;EPN1;CTBP1;SEL1L;DTX3L;CDK6;CDKN1B;ADAM10;ADAM17;RBPJ"
"BP_positive_regulation_of_protein_import_into_nucleus%0042307",0.752857142857143,0.984280435433936,-0.291799165876197,-0.800334542981369,526,28,"HSP90AA1;TPR;HDAC3;FLNA;HCLS1;TARDBP;HSP90AB1"
"BP_neuroblast_proliferation%0007405",0.753125,0.984280435433936,-0.334688345693493,-0.796798465222657,481,15,"ZZEF1;ASPM;NBN"
"BP_positive_regulation_of_cell_migration%0030335",0.744297719087635,0.984280435433936,-0.255808913094681,-0.858700194411838,619,93,"VSIR;FN1;CTSH;CXCR4;GRN;CCL9;SYNE2;MYLK;UBE2I;ACTG1;EZH2;PPP3CA;CCL6;HMGB1;CCR1"
"BP_locomotory_behavior%0007626",0.752475247524752,0.984280435433936,0.244504932207854,0.802042287134531,227,30,"ALS2;GAA;DDHD2;SELENOP;ABCA2;IDUA;HTT;GMFB"
"BP_response_to_calcium_ion%0051592",0.748366013071895,0.984280435433936,0.267713916949858,0.830745242318117,228,26,"AHCYL1;SEC31A;SLC25A12;ANXA7;VPS54;ANXA11"
"BP_positive_regulation_of_cell_growth%0030307",0.752727272727273,0.984280435433936,0.252907073573451,0.843696381974442,206,34,"CRK;KDM2B;MAPKAP1;USP47;DDX49;CIB1;SDCBP;TGFBR1"
"BP_tumor_necrosis_factor-mediated_signaling_pathway%0033209",0.745819397993311,0.984280435433936,0.261658628842959,0.821576392722884,222,27,"TIFA;RBCK1;STAT1;JAK2;IKBKB;LIMS1;RELA;TNFRSF1A"
"BP_embryo_implantation%0007566",0.753445635528331,0.984280435433936,-0.324530573890625,-0.789359106364134,491,16,"SOD1;GRN;INTS1"
"BP_cellular_response_to_nerve_growth_factor_stimulus%1990090",0.734426229508197,0.984280435433936,0.27193874846813,0.827911476060632,223,24,"CRK;CSTF2;ARF6;BRAF;CIB1;ACAP2;E2F1;USP8;AKT1;KAT2A;EHD1;RAPGEF1;PTPN1;RAPGEF2"
"BP_DNA-templated_transcription_initiation%0006352",0.747320061255743,0.984280435433936,-0.327362029626562,-0.796246085740635,487,16,"POLR2G;GTF2B;TAF10"
"BP_poly(A)+_mRNA_export_from_nucleus%0016973",0.7453125,0.984280435433936,-0.337397417054636,-0.803247999335549,476,15,"ENY2;NUP93;SARNP;THOC2;NUP133"
"RA_RHOH_GTPase_cycle%R-MMU-9013407",0.748456790123457,0.984383387010199,-0.316124226869572,-0.801000788535937,484,18,"VCP;TMEM59;TFRC"
"BP_protein_K63-linked_ubiquitination%0070534",0.759581881533101,0.984837745813356,0.252742924747103,0.83328513203672,217,32,"TRAF6;ARIH2;WWP2;KCMF1;TRIM8;BFAR"
"BP_heterochromatin_formation%0031507",0.762857142857143,0.984837745813356,-0.289210346094798,-0.79323403640389,533,28,"SMARCA4;CBX5;POLE3;HELLS;EZH2"
"BP_cell_projection_organization%0030030",0.76038338658147,0.984837745813356,0.277105796823354,0.828766800392354,237,22,"TSC2;RABEP2;PKN2;MYO7A;CEP152;PLEK;AKT1;TAPT1;TWF2"
"BP_carbohydrate_metabolic_process%0005975",0.762541806020067,0.984837745813356,0.259263343564766,0.814055487155572,227,27,"GPD1L;LANCL1;GGTA1;EDEM3;SLC3A2;IDUA;PGM1;B4GALT6;EDEM2;RPE;MAN1A2;EDEM1;GUSB;CASD1;PARG"
"BP_bone_mineralization%0030282",0.759375,0.984837745813356,-0.332447340691164,-0.79146326497028,485,15,"MINPP1;GLA;ZMPSTE24;TMEM38B"
"BP_skeletal_muscle_tissue_development%0007519",0.762962962962963,0.984837745813356,-0.299700093515611,-0.783056231234769,514,21,"COL19A1;MYL6;SVIL;RHOA;FLNB;PLEC;PSMA6;SIN3B"
"RA_Transcriptional_regulation_by_RUNX2%R-MMU-8878166",0.750877192982456,0.984890410307612,0.248731929810702,0.844014485650775,213,36,"PSME3;PPM1D;PSMB5;CUL1;CBFB;RBM14;SMAD4;CDK4;PSMD8"
"WP_Purine_metabolism%WP2185",0.972602739726027,0.984914166811167,-0.205359013591564,-0.670863991932263,780,76,"POLR2G;POLR3GL;HPRT;TAF9;POLE3;ADSS;POLE4;POLR2F;ATIC;PRIM1;RRM1;DGUOK;NT5C3;PNPT1;APRT"
"RA_Regulation_of_PTEN_gene_transcription%R-MMU-8943724",0.75397973950796,0.986287010599601,-0.294950142975373,-0.814413334721507,520,27,"CHD4;LAMTOR4;RHEB;RRAGC;LAMTOR5;EZH2"
"KEGG_Spinocerebellar_ataxia%mmu05017",0.962695547533093,0.987474143874971,-0.207801920610755,-0.690274139814422,799,87,"AFG3L1;SEM1;SLC25A4;PSMA2;PSMA3;PSMD6;GTF2B;ATG101;PSMA7;OMA1;PSMA4;AFG3L2;PSMC5;PSMD7;VDAC3;PSMB7"
"KEGG_Hypertrophic_cardiomyopathy%mmu05410",0.966374269005848,0.987474143874971,-0.221261594204299,-0.569190161424665,660,19,"ITGB7;ACTG1"
"KEGG_Arrhythmogenic_right_ventricular_cardiomyopathy%mmu05412",0.959580838323353,0.987474143874971,-0.226608953336773,-0.564231956497308,640,17,"ITGB7;ACTG1"
"WP_Alpha6-Beta4_Integrin_Signaling_Pathway%WP488",0.989761092150171,0.989761092150171,0.185783586346501,0.611499662429976,289,29,"YWHAZ;PIK3CD;PIK3CB;PIK3R1;ERBIN;AKT1;PIK3CG;ABL1"
"RA_Drug_ADME%R-MMU-9748784",0.765230312035661,0.990278401967973,-0.297182304299494,-0.792776962114727,514,23,"PON3"
"RA_Metabolism_of_amino_acids_and_derivatives%R-MMU-71291",0.773838630806846,0.990278401967973,-0.247272845067468,-0.833260072375423,632,86,"DLD;PDHB;NDUFAB1;SAT1;ASS1;PSMD6;QDPR;SERINC1;SERINC3;PSMA7;ECHS1;LIAS;PSMC5;PSMD7;PSME1"
"RA_Kinesins%R-MMU-983189",0.822503961965135,0.990278401967973,-0.294572720382066,-0.730355496216136,518,17,"CENPE;KIF20B;KIF22;KIF2A"
"RA_Factors_involved_in_megakaryocyte_development_and_platelet_production%R-MMU-983231",0.767716535433071,0.990278401967973,0.236278798494788,0.8534247512891,194,48,"PRKAR2B;PRKACA;RAB5A;MFN1;MFN2;KIF20A;KIF16B;SH2B2;GATA2;SH2B3;KIF5B;PRKACB;KLC4;KIF21B;KIF1B;MAFG;KIF2C;EHD1"
"RA_Transport_of_inorganic_cations/anions_and_amino_acids/oligopeptides%R-MMU-425393",0.822485207100592,0.990278401967973,0.264419568023998,0.793011551747672,277,20,"SLC7A5;SLC38A1;CTNS;SLC3A2"
"RA_Regulation_of_PLK1_Activity_at_G2/M_Transition%R-MMU-2565942",0.821571238348868,0.990278401967973,-0.252038921637611,-0.78405735853995,616,55,"DYNC1H1;RPS27A;PCNT;PCM1;HSP90AA1;BORA;RAB8A;AKAP9;CETN2;CCNB2"
"RA_Regulation_of_actin_dynamics_for_phagocytic_cup_formation%R-MMU-2029482",0.777408637873754,0.990278401967973,0.253062816182626,0.835650584485778,233,33,"CRK;MYO1C;ELMO2;CYFIP1;NF2;ELMO1"
"RA_Signaling_by_TGF-beta_Receptor_Complex%R-MMU-170834",0.793220338983051,0.990278401967973,0.238687938760729,0.80135732588565,233,34,"E2F4;MTMR4;MEN1;NCOR2;TGFBR1;RBL1;ITGB5;SMAD4;SP1"
"RA_Signaling_by_TGFB_family_members%R-MMU-9006936",0.789473684210526,0.990278401967973,0.241353676322319,0.818978082693835,224,36,"E2F4;MTMR4;MEN1;NCOR2;TGFBR1;RBL1;ITGB5;SMAD4;SP1;SMAD5"
"RA_RNA_Polymerase_III_Transcription%R-MMU-74158",0.817901234567901,0.990278401967973,-0.291444309201751,-0.738466405427478,529,18,"POLR3GL;SNAPC5;POLR2F"
"RA_RNA_Polymerase_III_Transcription_Initiation%R-MMU-76046",0.817901234567901,0.990278401967973,-0.291444309201751,-0.738466405427478,529,18,"POLR3GL;SNAPC5;POLR2F"
"RA_APC/C:Cdc20_mediated_degradation_of_mitotic_proteins%R-MMU-176409",0.774064171122995,0.990278401967973,-0.26221606254943,-0.80582382161378,578,48,"UBE2E1;RPS27A;UBE2C;PSMD6;PSMA7;ANAPC7;PSMC5;PSMD7;PSME1"
"RA_Activation_of_APC/C_and_APC/C:Cdc20_mediated_degradation_of_mitotic_proteins%R-MMU-176814",0.774064171122995,0.990278401967973,-0.26221606254943,-0.80582382161378,578,48,"UBE2E1;RPS27A;UBE2C;PSMD6;PSMA7;ANAPC7;PSMC5;PSMD7;PSME1"
"RA_APC:Cdc20_mediated_degradation_of_cell_cycle_proteins_prior_to_satisfation_of_the_cell_cycle_checkpoint%R-MMU-179419",0.774762550881954,0.990278401967973,-0.267239692534407,-0.815342172077779,570,47,"UBE2E1;RPS27A;UBE2C;PSMD6;PSMA7;ANAPC7;PSMC5;PSMD7;PSME1"
"RA_Fc_epsilon_receptor_(FCERI)_signaling%R-MMU-2454202",0.820175438596491,0.990278401967973,0.22072047338299,0.849068246060089,186,67,"TRAF6;MAP3K7;PSME3;LYN;SYK;PSMB5;PDPK1;PIK3CB;CUL1;PIK3R1;IKBKB;PSMD8;TEC;PSME4;PLCG2;NFKB1;PSMD1;PSMD11;VAV3;RELA;FBXW11;CDC34;MAPK9;UBC"
"RA_Autodegradation_of_the_E3_ubiquitin_ligase_COP1%R-MMU-349425",0.806404657933042,0.990278401967973,-0.277721264551077,-0.775095292159122,553,29,"RPS27A;PSMD6;PSMA7;PSMC5;PSMD7;PSME1"
"RA_Asymmetric_localization_of_PCP_proteins%R-MMU-4608870",0.808022922636103,0.990278401967973,-0.278784042804456,-0.776876844976876,563,28,"RPS27A;PSMD6;PSMA7;PSMC5;PSMD7;PSME1"
"RA_Ubiquitin_Mediated_Degradation_of_Phosphorylated_Cdc25A%R-MMU-69601",0.816593886462882,0.990278401967973,-0.273134362415705,-0.762293657194407,560,29,"RPS27A;PSMD6;PSMA7;PSMC5;PSMD7;PSME1"
"RA_p53-Independent_DNA_Damage_Response%R-MMU-69610",0.816593886462882,0.990278401967973,-0.273134362415705,-0.762293657194407,560,29,"RPS27A;PSMD6;PSMA7;PSMC5;PSMD7;PSME1"
"RA_p53-Independent_G1/S_DNA_damage_checkpoint%R-MMU-69613",0.816593886462882,0.990278401967973,-0.273134362415705,-0.762293657194407,560,29,"RPS27A;PSMD6;PSMA7;PSMC5;PSMD7;PSME1"
"RA_RUNX1_regulates_transcription_of_genes_involved_in_differentiation_of_HSCs%R-MMU-8939236",0.814245810055866,0.990278401967973,-0.267601357466259,-0.7878388718843,582,38,"RPS27A;CCNH;PSMD6;MNAT1;PSMA7;CDK7;PSMC5;PSMD7;PSME1"
"RA_Axon_guidance%R-MMU-422475",0.818652849740933,0.990278401967973,0.213574229126637,0.847606666729865,157,82,"PTPN11;CREB1;MAPK1;AP2M1;RDX;PRKACA;FRS2;LYN;PIK3CD;MAPK3;AP2A1;PIK3CB;SEMA4A;PIK3R1;SDCBP;SH3KBP1;PLXNC1;AP2B1;RPS6KA5"
"RA_Nervous_system_development%R-MMU-9675108",0.818652849740933,0.990278401967973,0.213574229126637,0.847606666729865,157,82,"PTPN11;CREB1;MAPK1;AP2M1;RDX;PRKACA;FRS2;LYN;PIK3CD;MAPK3;AP2A1;PIK3CB;SEMA4A;PIK3R1;SDCBP;SH3KBP1;PLXNC1;AP2B1;RPS6KA5"
"RA_Platelet_activation,_signaling_and_aggregation%R-MMU-76002",0.770491803278689,0.990278401967973,0.217772126999779,0.885208072300715,140,93,"CRK;PTPN11;DGKZ;MAPK1;YWHAZ;GNG12;SELENOP;LYN;NHLRC2;RASGRP2;MAPK3;GNAI3;CDC37L1;SYK;PDPK1;PIK3CB;PIK3R1"
"RA_RHOG_GTPase_cycle%R-MMU-9013408",0.791023842917251,0.990278401967973,-0.267855367004326,-0.797569256468291,563,41,"KTN1;NDUFS3;VAV1;VRK2;LETM1;RHOG;TFRC;YKT6;DIAPH3;IQGAP2;TRIO;NDUFA5;RBM39;HSPE1"
"RA_TP53_Regulates_Transcription_of_Cell_Cycle_Genes%R-MMU-6791312",0.774193548387097,0.990278401967973,0.263748547450319,0.810902984345919,263,22,"E2F8;CNOT7;CNOT6L;CNOT2;CNOT8;CDKN1B;CENPJ;CCNB1;CNOT1;CNOT3;CNOT6"
"RA_TNF_signaling%R-MMU-75893",0.779605263157895,0.990278401967973,0.255274177066795,0.821520780431813,236,28,"MAP3K7;IKBKE;CFLAR;RBCK1;TBK1;IKBKB;CASP8;MADD;ADAM17"
"RA_Regulation_of_TP53_Activity_through_Acetylation%R-MMU-6804758",0.81638418079096,0.990278401967973,0.265220873970786,0.770905513491513,288,18,"PML;BRD1;GATAD2B;MTA2;PIP4K2A;RBBP7;BRD7"
"RA_Signaling_by_Insulin_receptor%R-MMU-74752",0.822368421052632,0.990278401967973,0.243850075507686,0.784755852085316,249,28,"ATP6V0A2;MAPK1;MAPK3;PDPK1;PIK3CB;PIK3R1"
"RA_Apoptotic_execution_phase%R-MMU-75153",0.818722139673105,0.990278401967973,-0.283422775090747,-0.756071419394237,550,23,"BCAP31;HMGB2;HMGB1;CLSPN"
"RA_Cytosolic_sensors_of_pathogen-associated_DNA%R-MMU-1834949",0.780160857908847,0.990278401967973,0.286208526148611,0.792897637421203,290,15,"DTX4;STAT6;DDX41;TBK1"
"RA_RNA_Polymerase_III_Transcription_Initiation_From_Type_1_Promoter%R-MMU-76061",0.803234501347709,0.990278401967973,0.267664475294844,0.773596052645119,297,17,"TBP;GTF3C5;GTF3A;BDP1"
"KEGG_Cell_cycle%mmu04110",0.97358943577431,0.990521425961689,-0.20295396233575,-0.675475110593326,810,88,"ORC6;SMC3;SMC1A;PCNA;CCNH;MCM7;BUB1;TTK;ANAPC7;CDK7;CCNB2"
"BP_mitotic_spindle_organization%0007052",0.769123783031989,0.99093101634084,-0.272141467965208,-0.794576422628422,552,38,"DYNC1H1;CENPE;PCNT;NDC80;BCCIP;INCENP;BIRC5;KIF2A;CDCA8;CENPH;DCTN6;CKAP5;TBCE"
"KEGG_HIF-1_signaling_pathway%mmu04066",0.979772439949431,0.991002861014907,-0.206362334047949,-0.643913204038961,774,56,"PDHB;ELOC;PGK1;CYBB;IL6RA"
"KEGG_Glucagon_signaling_pathway%mmu04922",0.982532751091703,0.991002861014907,0.170382820043993,0.616032354261722,224,48,"PYGB;CREB1;PRKACA;ATF2;PRKAG1;PDE3B;GNAS;SLC2A1;PHKB;PRKACB;CREBBP;PLCB2;AKT1;PGAM1;PFKL;GNAQ;PFKP;PRMT1;PRKAA1"
"RA_Plasma_lipoprotein_assembly,_remodeling,_and_clearance%R-MMU-174824",0.828746177370031,0.99285433130469,0.250740209302446,0.790429783087977,270,25,"AP2M1;NR1H2;PRKACA;AP2A1;LPL;LDLR;AP2B1;LDLRAP1;SCARB1;PRKACB"
"RA_Ion_transport_by_P-type_ATPases%R-MMU-936837",0.827683615819209,0.99285433130469,0.260400326702074,0.756893846868673,292,18,"ATP2A3;ATP1B3;ATP11A;ATP8A1;ATP11B;ATP1A3"
"RA_Metabolism_of_lipids%R-MMU-556833",0.832967032967033,0.995070761872468,-0.231843101312837,-0.841030628553602,757,194,"FABP5;HACD4;PON3;PSAP;ACADM;MCEE;HSD17B11;HEXA;CSNK2A1;AGPAT5;ACAA2;ACADVL;OXCT1;STARD3;UBE2I;GPD2;HDAC3;CROT;DECR1;SUMO2;ECHS1;SPTLC2;ELOVL1;HADH;GSTM4;ASAH1;ECI1;LPCAT3;HADHA;SRD5A3;CSNK2B;HADHB;DGAT1;HPGD;HACD2;UGCG;PTGES3;DGAT2;PLA2G4A;EBP;CEPT1;SC5D"
"RA_PTEN_Regulation%R-MMU-6807070",0.840466926070039,0.995070761872468,-0.245141294397315,-0.789087055707591,647,68,"CHD4;CSNK2A1;LAMTOR4;RPS27A;PSMD6;PSMA7;TRIM27;RHEB;RRAGC;LAMTOR5;EZH2;PSMC5;CSNK2B;PSMD7;PSME1"
"RA_Stabilization_of_p53%R-MMU-69541",0.835036496350365,0.995070761872468,-0.273748692144454,-0.766223759533167,571,30,"RPS27A;PSMD6;PSMA7;PSMC5;PSMD7;PSME1"
"RA_Mitotic_G1_phase_and_G1/S_transition%R-MMU-453279",0.838709677419355,0.995070761872468,-0.238335896386342,-0.794903686295419,675,81,"GMNN;RPS27A;CCNH;POLE3;PSMD6;MNAT1;PSMA7;MCM7;PPP2R1A;CDK7;POLE4;RPA3;PSMC5;PSMD7;PSME1;PRIM1"
"RA_Regulation_of_RUNX2_expression_and_activity%R-MMU-8939902",0.840875912408759,0.995070761872468,-0.271071807142398,-0.758731146969264,575,30,"RPS27A;PSMD6;PSMA7;PSMC5;PSMD7;PSME1;STUB1"
"BP_blastocyst_formation%0001825",0.775631500742942,0.995586702446164,-0.306901277545667,-0.778760003620493,521,18,"RTN4;SF3B1;SUPT6"
"BP_establishment_of_localization_in_cell%0051649",0.775,0.995586702446164,-0.267723979669615,-0.813326253775417,588,48,"PON3;VAMP8;AP1S2;MAP1LC3B"
"RA_Metabolism_of_vitamins_and_cofactors%R-MMU-196854",0.869684499314129,0.996411483253589,-0.24538175427886,-0.744859952210383,633,45,"MCCC1;MMADHC;HSP90AA1;MTHFD1L;LRP1;PNPO;PCCA;LMBRD1"
"RA_Transport_of_small_molecules%R-MMU-382551",0.98787210584344,0.996411483253589,-0.193314768440981,-0.700467124699049,895,191,"MICU2;NPC2;EMB;SLC4A8;SMDT1;ABCF1;ATP6V1G1;RPS27A;PARL;SPG7;ATP6V1D;SLC25A4;ATP2B4;PSMD6;VCP;AP2S1;PSMA7;TRPV2;ATP2B1;NEDD8;SLC43A2;AFG3L2;OS9;PSMC5;CLTC;PSMD7;PSME1;SLC16A10;ATP6AP1;FTH1;LIPA;APOE;EIF2S2"
"RA_Cargo_recognition_for_clathrin-mediated_endocytosis%R-MMU-8856825",0.93127147766323,0.996411483253589,0.211362976796793,0.74844731553172,270,42,"EPN1;UBQLN1;AP2M1;REPS1;AP2A1;SH3KBP1;STAM;LDLR;AP2B1;LDLRAP1;STAM2;EPS15"
"RA_Clathrin-mediated_endocytosis%R-MMU-8856828",0.939914163090129,0.996411483253589,0.204487333783069,0.783811119536301,218,66,"EPN1;GAPVD1;UBQLN1;ARF6;AP2M1;REPS1;AP2A1;HIP1;SH3KBP1;STAM;LDLR;AP2B1;LDLRAP1;STAM2;EPS15"
"RA_PKMTs_methylate_histone_lysines%R-MMU-3214841",0.981762917933131,0.996411483253589,0.189767690534814,0.58633821310606,322,23,"ATF7IP;AEBP2;EHMT1;SETD2;SUV39H1;NSD3;RBBP7;NFKB1;RELA"
"RA_Chromatin_modifying_enzymes%R-MMU-3247509",0.973118279569892,0.996411483253589,0.183342720301232,0.736394442052449,180,87,"KDM2B;JADE1;PHF2;ATF7IP;RIOX2;BRD1;PADI2;KDM5C;AEBP2;PRMT7;KDM7A;EHMT1;MCRS1;GATAD2B;CDK4;KDM6B;MTA2;KDM2A;MSL2;NCOA2;SETD2;SUV39H1;ARID1B;NSD3;RBBP7;KANSL3;MSL3;KDM3A;NFKB1"
"RA_Chromatin_organization%R-MMU-4839726",0.973118279569892,0.996411483253589,0.183342720301232,0.736394442052449,180,87,"KDM2B;JADE1;PHF2;ATF7IP;RIOX2;BRD1;PADI2;KDM5C;AEBP2;PRMT7;KDM7A;EHMT1;MCRS1;GATAD2B;CDK4;KDM6B;MTA2;KDM2A;MSL2;NCOA2;SETD2;SUV39H1;ARID1B;NSD3;RBBP7;KANSL3;MSL3;KDM3A;NFKB1"
"RA_ESR-mediated_signaling%R-MMU-8939211",0.848611111111111,0.996411483253589,-0.253188230638831,-0.763703720155221,610,43,"GTF2F2;POLR2G;HSP90AA1;GTF2A2;GTF2F1;KDM1A;POLR2F;XPO1;PTGES3;HSP90AB1"
"RA_Biological_oxidations%R-MMU-211859",0.863128491620112,0.996411483253589,-0.255567614357193,-0.752410611409996,617,38,"ALDH2;TRMT112;MGST1;ESD;UGP2;GSTM4;ADH5;ABHD10;CES1D;PTGES3;HSP90AB1;GSTM1"
"RA_Hemostasis%R-MMU-109582",0.88864388092613,0.996411483253589,-0.223356156233041,-0.804360535024754,805,177,"PRCP;ANXA2;FN1;CD48;PSAP;SOD1;APBB1IP;SELL;CD47;CENPE;CBX5;VAV1;OLA1;ATP2B4;KIF20B;CD44;ACTG1;THBD;RAC2;ATP2B1;KDM1A;RHOA;PLAUR;CD63;CD177;FLNA;RHOG;JMJD1C;KIF22;GRB2;TLN1;KIF2A;PRTN3"
"RA_SLC-mediated_transmembrane_transport%R-MMU-425407",0.939944134078212,0.996411483253589,-0.230574013603953,-0.678827538408424,672,38,"EMB;SLC4A8;SLC25A4"
"RA_Neddylation%R-MMU-8951664",0.996411483253589,0.996411483253589,-0.181418409709144,-0.622257048648181,832,103,"COMMD3;COMMD8;ELOC;RPS27A;COMMD4;PSMD6;VCP;UCHL3;PSMA7;NEDD8;FBXO7;PSMC5;PSMD7;PSME1"
"RA_Antigen_processing:_Ubiquitination_&_Proteasome_degradation%R-MMU-983168",0.950413223140496,0.996411483253589,0.189561612064868,0.811984991616157,114,145,"PSME3;UBE2K;KLHL5;MGRN1;FBXL14;FBXL5;RNF114;UBE3B;KLHL2;UBE2J1;ARIH2;UBE2Q1;TRIM37;ANAPC5;FBXO22;UBE4A;RBCK1;UBE2Q2;DTX3L;PSMB5;CUL1;TPP2"
"RA_Metabolism_of_carbohydrates%R-MMU-71387",0.85006045949214,0.996411483253589,-0.234999222020778,-0.799447467125044,702,97,"RANBP2;KHK;HMMR;HEXA;NUP37;PGK1;NUP43;SEC13;TPR;CD44;PCK2;UGP2;GNPDA2;NUP93"
"RA_Loss_of_Nlp_from_mitotic_centrosomes%R-MMU-380259",0.992673992673993,0.996411483253589,0.174226942883639,0.626690760706049,270,46,"PRKAR2B;TUBG1;PRKACA;NEK2;ALMS1;CDK5RAP2;NEDD1;CEP192;CLASP1;HAUS4;CEP152;CENPJ;CEP76;ACTR1A;PLK1;ODF2;DYNLL1"
"RA_Recruitment_of_mitotic_centrosome_proteins_and_complexes%R-MMU-380270",0.982758620689655,0.996411483253589,-0.19676616689597,-0.609530046996416,740,52,"DYNC1H1;CDK11B;PCNT;PCM1;HSP90AA1;AKAP9;CETN2;HAUS8;HAUS3;TUBGCP5"
"RA_Loss_of_proteins_required_for_interphase_microtubule_organization_from_the_centrosome%R-MMU-380284",0.992673992673993,0.996411483253589,0.174226942883639,0.626690760706049,270,46,"PRKAR2B;TUBG1;PRKACA;NEK2;ALMS1;CDK5RAP2;NEDD1;CEP192;CLASP1;HAUS4;CEP152;CENPJ;CEP76;ACTR1A;PLK1;ODF2;DYNLL1"
"RA_Centrosome_maturation%R-MMU-380287",0.982758620689655,0.996411483253589,-0.19676616689597,-0.609530046996416,740,52,"DYNC1H1;CDK11B;PCNT;PCM1;HSP90AA1;AKAP9;CETN2;HAUS8;HAUS3;TUBGCP5"
"RA_Recruitment_of_NuMA_to_mitotic_centrosomes%R-MMU-380320",0.983935742971888,0.996411483253589,0.186293926384543,0.681037134842484,244,51,"PRKAR2B;TUBG1;PRKACA;NEK2;ALMS1;TUBGCP6;CDK5RAP2;NEDD1;CEP192;TUBGCP4;CLASP1;HAUS4;CEP152;CENPJ;CEP76;ACTR1A;PLK1;ODF2;DYNLL1"
"RA_Anchoring_of_the_basal_body_to_the_plasma_membrane%R-MMU-5620912",0.927710843373494,0.996411483253589,0.204314894408495,0.746916622533277,230,51,"PRKAR2B;TUBG1;PRKACA;NEK2;C2CD3;CEP83;ALMS1;CDK5RAP2;NEDD1;CEP192;CLASP1;HAUS4;CEP152;CENPJ;CEP76;ACTR1A;SCLT1;PLK1;ODF2;DYNLL1"
"RA_AURKA_Activation_by_TPX2%R-MMU-8854518",0.878989361702128,0.996411483253589,-0.236750087439311,-0.730941695954297,660,49,"HMMR;DYNC1H1;PCNT;PCM1;HSP90AA1;AKAP9;CETN2;TPX2;HAUS8;HAUS3"
"RA_RHO_GTPases_Activate_WASPs_and_WAVEs%R-MMU-5663213",0.933634992458522,0.996411483253589,-0.242440160104609,-0.636116285822567,618,21,"NCK1;GRB2;ARPC3;NCKAP1L;ARPC2;BRK1;BTK;CDC42;ARPC5;ACTR3;ARPC1A"
"RA_RAC2_GTPase_cycle%R-MMU-9013404",0.924528301886792,0.996411483253589,0.20744737085326,0.752754133154236,244,47,"ABR;TAOK3;CYFIP1;GIT2;EMD;DEPDC1B;PREX1;ARHGAP26;PIK3R1"
"RA_Stimuli-sensing_channels%R-MMU-2672351",0.96045197740113,0.996411483253589,0.213313097416249,0.620027528135858,339,18,"OSTM1;TRPC4AP;SGK3"
"RA_Ion_channel_transport%R-MMU-983712",0.904,0.996411483253589,0.219101881010329,0.792290148479464,225,49,"ATP6V0A2;ATP2A3;OSTM1;ATP1B3;TRPC4AP"
"RA_Regulation_of_RAS_by_GAPs%R-MMU-5658442",0.952314165497896,0.996411483253589,-0.226313261009993,-0.659324637139158,678,35,"RPS27A;PSMD6;PSMA7;PSMC5;PSMD7;PSME1"
"RA_RAF/MAP_kinase_cascade%R-MMU-5673001",0.919354838709677,0.996411483253589,0.202224593009362,0.812233319619898,170,87,"PSME3;PPP2R5C;PTPN7;MAP3K11;MAPK1;SHOC2;MAPK3;PPP2CB;PSMB5;PIK3CB;MAP2K2;JAK2;PIK3R1;RASA3;PDE6D;RAP1B;PSMD8;BRAP;PSME4"
"RA_MAPK1/MAPK3_signaling%R-MMU-5684996",0.956756756756757,0.996411483253589,0.19150161500733,0.768222524133496,176,88,"PSME3;PPP2R5C;PTPN7;MAP3K11;MAPK1;SHOC2;MAPK3;PPP2CB;PSMB5;PIK3CB;MAP2K2;JAK2;PIK3R1;RASA3;PDE6D;RAP1B;PSMD8;BRAP;PSME4"
"RA_RHOA_GTPase_cycle%R-MMU-8980692",0.993718592964824,0.996411483253589,-0.180077664050494,-0.59564768961296,790,76,"TMEM87A;BCAP31;KTN1"
"RA_Metabolism_of_nucleotides%R-MMU-15869",0.956043956043956,0.996411483253589,0.198264193664464,0.708002535297766,260,45,"DCK;UMPS;PPAT;TXNRD1;ADA;AMPD3;AK6;ENTPD7"
"RA_Biosynthesis_of_the_N-glycan_precursor_(dolichol_lipid-linked_oligosaccharide,_LLO)_and_transfer_to_a_nascent_protein%R-MMU-446193",0.962962962962963,0.996411483253589,0.198676681643865,0.63643056342638,311,26,"NUS1;DHDDS;GFPT1;SLC35C1"
"RA_Deadenylation_of_mRNA%R-MMU-429947",0.953242835595777,0.996411483253589,-0.228493625944082,-0.599523266306063,631,21,"CNOT9;EIF4G1;EIF4A2;PAIP1;EIF4A3;PARN"
"RA_Downstream_signaling_events_of_B_Cell_Receptor_(BCR)%R-MMU-1168372",0.899018232819074,0.996411483253589,-0.242910546920138,-0.723293270029088,640,41,"RPS27A;PSMD6;PSMA7;PPP3CA;PSMC5;PSMD7;PSME1"
"RA_Activation_of_NF-kappaB_in_B_cells%R-MMU-1169091",0.9581589958159,0.996411483253589,-0.220724490044103,-0.646752256570054,686,36,"RPS27A;PSMD6;PSMA7;PSMC5;PSMD7;PSME1"
"RA_Cross-presentation_of_soluble_exogenous_antigens_(endosomes)%R-MMU-1236978",0.979739507959479,0.996411483253589,-0.209656567127928,-0.578901580648413,676,27,"PSMD6;PSMA7;PSMC5;PSMD7;PSME1"
"RA_APC/C-mediated_degradation_of_cell_cycle_proteins%R-MMU-174143",0.914780292942743,0.996411483253589,-0.22939877805993,-0.713627081124283,686,55,"UBE2E1;RPS27A;UBE2C;PSMD6;PSMA7;ANAPC7;PSMC5;PSMD7;PSME1"
"RA_TCR_signaling%R-MMU-202403",0.889328063241107,0.996411483253589,0.209337963557637,0.777470628797658,224,54,"TRAF6;PSME3;PSMB5;PDPK1;PIK3CB;CUL1;PIK3R1;IKBKB;PSMD8;PSME4;NFKB1;PSMD1;PSMD11;RELA;FBXW11;CDC34;UBC"
"RA_Regulation_of_ornithine_decarboxylase_(ODC)%R-MMU-350562",0.990536277602524,0.996411483253589,0.181560696980968,0.594307269279236,313,30,"PSME3;PSMB5;AZIN1;PSMD8;OAZ2;PSME4"
"RA_Metabolism_of_polyamines%R-MMU-351202",0.861016949152542,0.996411483253589,0.226899420240093,0.761779223502688,253,34,"PSME3;SRM;PAOX;PSMB5;AZIN1;PSMD8;OAZ2;PSME4"
"RA_ABC-family_proteins_mediated_transport%R-MMU-382556",0.892430278884462,0.996411483253589,-0.233869097065616,-0.723842222213843,671,51,"ABCF1;RPS27A;PSMD6;VCP;PSMA7;OS9;PSMC5;PSMD7;PSME1;EIF2S2;ERLEC1;EIF2S3X;PSMC1;PSMD14;ERLIN1;ABCD2;PSMC4;DERL1;PSMD3"
"RA_Beta-catenin_independent_WNT_signaling%R-MMU-3858494",0.894946808510638,0.996411483253589,-0.230547841239174,-0.711792894763606,672,49,"RPS27A;PSMD6;AP2S1;PSMA7;RAC2;RHOA;PPP3CA;PSMC5;CLTC;PSMD7;PSME1"
"RA_Regulation_of_mitotic_cell_cycle%R-MMU-453276",0.914780292942743,0.996411483253589,-0.22939877805993,-0.713627081124283,686,55,"UBE2E1;RPS27A;UBE2C;PSMD6;PSMA7;ANAPC7;PSMC5;PSMD7;PSME1"
"RA_Degradation_of_DVL%R-MMU-4641258",0.865693430656934,0.996411483253589,-0.258459281615255,-0.72342863410277,592,30,"RPS27A;PSMD6;PSMA7;PSMC5;PSMD7;PSME1"
"RA_Signaling_by_Hedgehog%R-MMU-5358351",0.913217623497997,0.996411483253589,-0.229105189527919,-0.712303493832041,683,54,"TUBA1B;RPS27A;PSMD6;VCP;PSMA7;OS9;PSMC5;PSMD7;PSME1;IFT57"
"RA_Dectin-1_mediated_noncanonical_NF-kB_signaling%R-MMU-5607761",0.955777460770328,0.996411483253589,-0.219624351838907,-0.629424969822941,669,33,"RPS27A;PSMD6;PSMA7;PSMC5;PSMD7;PSME1"
"RA_Degradation_of_GLI1_by_the_proteasome%R-MMU-5610780",0.89031339031339,0.996411483253589,-0.251187520504197,-0.712942649042479,624,31,"RPS27A;PSMD6;PSMA7;PSMC5;PSMD7;PSME1"
"RA_GLI3_is_processed_to_GLI3R_by_the_proteasome%R-MMU-5610785",0.964336661911555,0.996411483253589,-0.209215351536291,-0.599593648084236,675,33,"RPS27A;PSMD6;PSMA7;PSMC5;PSMD7;PSME1"
"RA_Hedgehog_'off'_state%R-MMU-5610787",0.887029288702929,0.996411483253589,-0.245793032658857,-0.741668867905281,635,44,"TUBA1B;RPS27A;PSMD6;PSMA7;PSMC5;PSMD7;PSME1;IFT57"
"RA_Hedgehog_'on'_state%R-MMU-5632684",0.974540311173975,0.996411483253589,-0.212696583847015,-0.61352438471818,688,34,"RPS27A;PSMD6;PSMA7;PSMC5;PSMD7;PSME1"
"RA_TNFR2_non-canonical_NF-kB_pathway%R-MMU-5668541",0.905027932960894,0.996411483253589,-0.242862767981412,-0.715006571569052,647,38,"RPS27A;PSMD6;PSMA7;BIRC3;PSMC5;PSMD7;PSME1"
"RA_NIK-->noncanonical_NF-kB_signaling%R-MMU-5676590",0.955777460770328,0.996411483253589,-0.219624351838907,-0.629424969822941,669,33,"RPS27A;PSMD6;PSMA7;PSMC5;PSMD7;PSME1"
"RA_MAPK6/MAPK4_signaling%R-MMU-5687128",0.907801418439716,0.996411483253589,0.220033193470224,0.764519525372203,255,39,"PSME3;MAPK6;PRKACA;PSMB5;CCND3;DNAJB1;PSMD8;PSME4;PRKACB"
"RA_Orc1_removal_from_chromatin%R-MMU-68949",0.988888888888889,0.996411483253589,-0.195386312213025,-0.589353040336826,711,43,"RPS27A;PSMD6;PSMA7;MCM7;PSMC5;PSMD7;PSME1;MCM5;ORC4;MCM2;PSMC1;PSMD14;CDC6"
"RA_p53-Dependent_G1_DNA_Damage_Response%R-MMU-69563",0.919377652050919,0.996411483253589,-0.242784676266546,-0.700313641297469,649,34,"RPS27A;PSMD6;PSMA7;PSMC5;PSMD7;PSME1"
"RA_p53-Dependent_G1/S_DNA_damage_checkpoint%R-MMU-69580",0.919377652050919,0.996411483253589,-0.242784676266546,-0.700313641297469,649,34,"RPS27A;PSMD6;PSMA7;PSMC5;PSMD7;PSME1"
"RA_G1/S_DNA_Damage_Checkpoints%R-MMU-69615",0.927068723702665,0.996411483253589,-0.237992762710516,-0.693350850125073,660,35,"RPS27A;PSMD6;PSMA7;PSMC5;PSMD7;PSME1"
"RA_Ubiquitin-dependent_degradation_of_Cyclin_D%R-MMU-75815",0.851528384279476,0.996411483253589,-0.262741784003517,-0.733288897282695,584,29,"RPS27A;PSMD6;PSMA7;PSMC5;PSMD7;PSME1"
"RA_FBXL7_down-regulates_AURKA_during_mitotic_entry_and_in_early_mitosis%R-MMU-8854050",0.887464387464387,0.996411483253589,-0.251651688229013,-0.714260090954663,622,31,"RPS27A;PSMD6;PSMA7;PSMC5;PSMD7;PSME1"
"RA_Signaling_by_the_B_Cell_Receptor_(BCR)%R-MMU-983705",0.926218708827404,0.996411483253589,-0.223134664340848,-0.696860305372164,702,56,"RPS27A;VAV1;PSMD6;PSMA7;CD79B;PPP3CA;PSMC5;NCK1;PSMD7;PSME1;GRB2"
"RA_Transcriptional_regulation_by_RUNX3%R-MMU-8878159",0.864714086471409,0.996411483253589,-0.256990840385541,-0.753017510218157,619,36,"RPS27A;PSMD6;PSMA7;SNW1;PSMC5;PSMD7;PSME1"
"RA_Regulation_of_TP53_Activity%R-MMU-5633007",0.920353982300885,0.996411483253589,-0.222921461909223,-0.732595105823636,727,74,"CHD4;RFC4;CSNK2A1;RPS27A;TAF15;TAF9;RFC3;BLM;PPP2R1A;TPX2;RPA3;CSNK2B;TAF10"
"RA_RAB_geranylgeranylation%R-MMU-8873719",0.944954128440367,0.996411483253589,0.213859052010521,0.66481729213128,308,24,"RAB32;RAB5A;RAB6A;RAB5B;RAB3D"
"RA_Synthesis_of_substrates_in_N-glycan_biosythesis%R-MMU-446219",0.936170212765957,0.996411483253589,0.221111086575241,0.683182047666231,307,23,"NUS1;DHDDS;GFPT1;SLC35C1"
"RA_RND1_GTPase_cycle%R-MMU-9696273",0.94620253164557,0.996411483253589,-0.248543632508638,-0.60776547305432,597,16,"TMEM59;KIF14;TFRC;RBMX;RND1;RBM39;CCDC88A"
"RA_COPI-independent_Golgi-to-ER_retrograde_traffic%R-MMU-6811436",0.99554234769688,0.996411483253589,-0.174817386103771,-0.466350769460741,669,23,"DYNC1H1;PLA2G4A;ACTR10;DCTN6;DYNC1LI1;DYNC1I2;DCTN3"
"RA_Apoptotic_cleavage_of_cellular_proteins%R-MMU-111465",0.868462757527734,0.996411483253589,-0.282992967917809,-0.701644976633322,547,17,"BCAP31"
"RA_RHOD_GTPase_cycle%R-MMU-9013405",0.981651376146789,0.996411483253589,0.195862884345007,0.608873139458524,320,24,"EMD;DEPDC1B;ARHGAP26;PIK3R1;ANKFY1;ADD3"
"RA_RHOF_GTPase_cycle%R-MMU-9035034",0.966101694915254,0.996411483253589,0.20486717220735,0.595478139497639,341,18,"DEPDC1B;PIK3R1;SENP1;MTMR1;ADD3;ARHGAP21"
"RA_EPH-Ephrin_signaling%R-MMU-2682334",0.977711738484398,0.996411483253589,-0.214911087654791,-0.573306541913193,657,23,"RHOA;PSENEN;ARPC3;ARHGEF7;ARPC2;EPHA7;CDC42;ROCK1;ARPC5;ACTR3;ARPC1A"
"RA_EPHB-mediated_forward_signaling%R-MMU-3928662",0.952305246422893,0.996411483253589,-0.2494692105676,-0.597783420302005,598,15,"RHOA;ARPC3;ARPC2;CDC42;ROCK1;ARPC5;ACTR3;ARPC1A"
"RA_Antigen_activates_B_Cell_Receptor_(BCR)_leading_to_generation_of_second_messengers%R-MMU-983695",0.865951742627346,0.996411483253589,0.25952850174944,0.718984646088938,322,15,"DAPP1;PIK3CD;SYK;PIK3R1;SH3KBP1"
"RA_Regulation_of_RUNX3_expression_and_activity%R-MMU-8941858",0.854014598540146,0.996411483253589,-0.265752733712424,-0.743843037700794,584,30,"RPS27A;PSMD6;PSMA7;PSMC5;PSMD7;PSME1"
"RA_SCF(Skp2)-mediated_degradation_of_p27/p21%R-MMU-187577",0.938659058487874,0.996411483253589,-0.227875936749277,-0.653073320015959,657,33,"RPS27A;PSMD6;PSMA7;PSMC5;PSMD7;PSME1"
"RA_RNA_Polymerase_III_Transcription_Initiation_From_Type_2_Promoter%R-MMU-76066",0.875,0.996411483253589,-0.279081875001133,-0.682440849797488,552,16,"POLR3GL"
"RA_GSK3B_and_BTRC:CUL1-mediated-degradation_of_NFE2L2%R-MMU-9762114",0.856934306569343,0.996411483253589,-0.262943231314055,-0.735979228477698,586,30,"RPS27A;PSMD6;PSMA7;PSMC5;PSMD7;PSME1"
"BP_axon_guidance%0007411",0.780487804878049,0.997878207033692,-0.281459781074085,-0.758882797552457,543,24,"EMB;EVL"
"BP_positive_regulation_of_extrinsic_apoptotic_signaling_pathway%2001238",0.781767955801105,0.997878207033692,0.280191444578851,0.762734473661208,282,15,"PML;BID;RBCK1;CASP8;LTBR"
"BP_intrinsic_apoptotic_signaling_pathway_in_response_to_DNA_damage%0008630",0.781115879828326,0.997878207033692,-0.284454597575479,-0.790642813587,545,30,"BRCA2;MSH2;HTRA2;ATAD5;MBD4"
"KEGG_Tight_junction%mmu04530",0.99384236453202,0.998107782405548,-0.189028020309518,-0.605865949534422,806,68,"TUBA1B;PCNA;ARPC5L;MYL6;ACTG1;PPP2R1A;RAB8A;MYL12A;RHOA;HCLS1"
"BP_RNA_polymerase_II_preinitiation_complex_assembly%0051123",0.785714285714286,0.998887734077275,-0.284279209040461,-0.779709120015213,549,28,"GTF2F2;TAF9;GTF2B;GTF2A2"
"BP_response_to_oxidative_stress%0006979",0.788366336633663,0.998887734077275,-0.254806210798587,-0.829931661012362,636,75,"AIFM1;PRDX1;NDUFS2;SOD1;NDUFA12;PRDX5;PRDX4;PRDX2"
"BP_negative_regulation_of_ERK1_and_ERK2_cascade%0070373",0.785074626865672,0.998887734077275,-0.299930247054842,-0.77640145272803,525,20,"PTPN2;EIF3A"
"BP_gluconeogenesis%0006094",0.788148148148148,0.998887734077275,-0.292668954662717,-0.76468527570102,531,21,"PGK1;GPD2;PCK2;G6PC3;MDH1;GAPDH;C1QTNF12;TPI1"
"KEGG_Salmonella_infection%mmu05132",1,1,0.164197576112822,0.705391956345551,118,147,"TRAF6;MAP3K7;CYTH1;ARL8B;MAPK1;ELMO2;MAPK14;ARF6;EXOC7;RAB5A;PIK3CD;MAPK3;FBXO22;CYFIP1;VPS39;RAB5B;PIK3CB;RAB7;MAP2K2;PKN1;IRAK4;IKBKB;ELMO1;DCTN4;RHOB;MYD88;FYCO1;KIF5B;CYTH4;SNX18;CASP8;KLC4"
"BP_neuron_migration%0001764",0.876543209876543,1,-0.250812015943531,-0.724261755795133,638,35,"CXCR4;PCNT;PCM1;HSP90AA1;ASPM;RHOA;PEX7"
"BP_positive_regulation_of_lamellipodium_assembly%0010592",0.92330383480826,1,0.22471871713486,0.631806722120693,312,17,"AKIRIN1;CYFIP1;PIK3R1;DNM2;HDAC4;TWF2;WASF2"
"BP_actin_cytoskeleton_organization%0030036",0.838129496402878,1,-0.240561460403193,-0.799589846107335,698,86,"S100A9;SPTAN1;TYROBP;PDLIM1;RAC2;RHOA;FLNA;RHOG;DIAPH1;GRB2;TLN1;PFN1;DIAPH3;FLNB;CLN3;SPECC1;CORO1A;RICTOR;MKLN1;DTNBP1;DNAJB6;PLEC;CSRP1"
"BP_positive_regulation_of_transcription_elongation_by_RNA_polymerase_II%0032968",0.985693848354792,1,-0.198216250302947,-0.550942945461102,688,30,"BRD4;SUPT6;GTF2F1;EAPP;MED4;LEO1;CDK9"
"BP_protein_ubiquitination%0016567",0.795698924731183,1,0.201560346973383,0.895710227826163,73,192,"SOCS6;TRAF6;DTX4;ANAPC16;APPBP2;IFT80;CUL4A;MGRN1;FBXL5;RNF114;KLHL2;UBE2J1;TRPC4AP;ARIH2;UBE2Q1;ANKIB1;KLHDC10;WWP2;RNF38;VCPIP1;MED24;KCMF1;SPOP;DCAF7;MED12;DTX3L;TRIM35;UBE4B;CUL1"
"BP_cell_adhesion%0007155",0.868388683886839,1,-0.235433330792094,-0.764299437232922,705,72,"EMB;OLFM4;ANXA2;FN1;COL19A1;SPG7;PBXIP1;CFDP1;CD44;RHOA;CD177;VCAM1;RPSA"
"BP_protein_stabilization%0050821",0.817102137767221,1,-0.24137259313454,-0.821340815657123,687,106,"SUMO1;RPL23;RTN4;HSPD1;TYROBP;GTPBP4;GRN;PPIB;CCNH;TAF9;HSP90AA1;NOP53;NPM1;RPL11;CCT8;MFSD1;CDK7;UFL1;NCOR1;FLNA"
"BP_neuron_projection_development%0031175",0.910377358490566,1,0.207792486039074,0.788848403598114,192,60,"ECE1;NDEL1;FRY;LYN;SNAPIN;PHGDH;CYFIP1;UBE4B;MRTFA;RB1;IKBKB;IGF1R"
"BP_lipid_catabolic_process%0016042",0.885542168674699,1,0.246309564441542,0.731249271852818,293,20,"PLD1;PAFAH1B2;LPL"
"BP_negative_regulation_of_transforming_growth_factor_beta_receptor_signaling_pathway%0030512",0.98465829846583,1,-0.189915505192875,-0.541863937832547,705,33,"ARID4B;LRP1;ARID4A;STUB1;SIRT1;HDAC2"
"BP_inflammatory_response%0006954",0.950423216444982,1,-0.213245235594997,-0.710355474962819,785,90,"LY86;CD47;CCL9;NDUFS4;CYBB;CD44;PYCARD;LIAS;AIMP1;CCL6;HMGB1;CCR1;VCAM1;NAIP2;PLGRKT;CYBA;LIPA;ASH1L;C3"
"BP_positive_regulation_of_gene_expression%0010628",0.918918918918919,1,0.193535473633513,0.853035221806677,101,171,"TMED2;NFATC1;AGO2;TCF3;MEN1;MAPK14;RGCC;NR1H2;TCF12;RDX;YY1;CELF1;IKZF1;MFN2;PIK3CD;MAZ;ATF2;EMILIN1;PRKAG1;DROSHA;PIK3CB;MAP2K2;PIK3R1;BRAF;CDK6;TGFBR1;ETS1;OLFM1;GATA2;LDLR;STAT3;SMAD4;SNF8;MYD88;E2F1;KDM2A;SP1;ERBB3;NCOA3;SEC16B"
"BP_regulation_of_actin_cytoskeleton_organization%0032956",0.94392523364486,1,-0.21905885876715,-0.660915217275915,706,46,"LRP1;RAC2;NAA20;RHOA;RHOG;BST2;IQGAP2;CORO1A;RICTOR;RND1;CCDC88A;ARPC2;SLC4A2;ILK;ITGB3;ARHGAP17;CDC42"
"BP_transmembrane_transport%0055085",0.919540229885057,1,0.214525698214585,0.731668808147851,239,42,"SLC10A7;SLC25A36;ATP6V0E;SLC35A5;ABCA2;SLC31A1;SLC35B2;ABCC1;MFSD14A;ABCC4;CLCN3;ABCA7;ABCC5;TMEM165;IPO8"
"BP_calcium_ion_transmembrane_transport%0070588",0.911111111111111,1,-0.250891919412599,-0.655530262129378,614,21,"ATP2B4;TMCO1;TRPV2"
"BP_cellular_response_to_UV%0034644",0.87140902872777,1,-0.24809295421,-0.722505203860259,636,36,"PARP1;PCNA;NPM1;INO80;RPL26;KDM1A"
"BP_epigenetic_regulation_of_gene_expression%0040029",0.827637444279346,1,-0.291511218680667,-0.739707828949622,556,18,"KMT2A;HDAC3;KDM1A;ZMPSTE24;KMT2E;RNF2"
"BP_protein_K11-linked_ubiquitination%0070979",0.931982633863965,1,-0.237549726584649,-0.632615486101216,643,23,"UBE2C;ANAPC7;UBE2L3;UBE2A;UBE2B"
"BP_cytoskeleton_organization%0007010",0.982378854625551,1,0.179324896293883,0.669402095603008,222,54,"MAP3K20;PXN;MAPKAP1;PSTPIP2;FMNL3;LMNB2;MAST3;SH3KBP1;ADD1"
"BP_integrin-mediated_signaling_pathway%0007229",0.890196078431373,1,0.228847014934913,0.785412475380361,226,43,"ADAM15;PTPN11;GAB2;PXN;SYK;CTNNA1;FUT8;IKBKB;ITGB5"
"BP_cell_migration%0016477",0.974668275030157,1,-0.203999813348431,-0.684357472184922,807,94,"PRPF40A;MACF1;ZRANB1;CXCR4;ARPC5L;CD47;VAV1;PBXIP1;RNH1;CD44;RHOA;CD63;NCK1;HCLS1;SPDL1"
"BP_lipid_transport%0006869",0.890489913544669,1,-0.25085375094566,-0.679207706991519,617,25,"NAXE;VPS13C;SPNS3;VPS13A;APOE"
"BP_cell_adhesion_mediated_by_integrin%0033627",0.981623277182236,1,-0.222473649798167,-0.541124983353445,640,16,"ITGB7"
"BP_cognition%0050890",0.918276374442793,1,-0.257149075334407,-0.652514112811508,617,18,"ANKRD11;NDUFS4;KMT2A;RP9;CHMP2B"
"BP_Rho_protein_signal_transduction%0007266",0.862385321100918,1,0.25322092894899,0.763177464299261,281,21,"GNA13;MCF2L;RIPOR1"
"BP_nervous_system_development%0007399",0.847102342786683,1,-0.240355942747443,-0.774288081375594,686,68,"FN1;RTN4;CXCR4;SMARCA4;SMARCB1;SMARCC1;SETX;NDUFV2;DPYSL2;NAP1L1;VPS13A;KIF2A;TBCB;CAMK1;UNC119"
"BP_small_GTPase-mediated_signal_transduction%0007264",0.997300944669366,1,-0.172440432867471,-0.514709383422286,738,42,"VAV1;RHEB;RAC2;LIPA;RND1;RAP1A;CCDC88A;GDI2;ARHGEF7;DNAJA3"
"BP_calcium-mediated_signaling%0019722",0.861671469740634,1,-0.258272501015755,-0.699294599074483,597,25,"LAT2;CXCR4"
"BP_regulation_of_cell_cycle%0051726",0.8997668997669,1,-0.221932404735153,-0.768957550192448,771,120,"PCLAF;SFPQ;MSH2;CSNK2A1;CDK11B;PSMG2;NOP53;NPM1;INO80;SON;BRD8;MORF4L1;BIRC3;MORF4L2;PPM1G;CDK7;TRRAP;BIRC5;IRF1;TARDBP;PNPT1;HSP90AB1;UHRF2;CCNG2;ACTB;ACTR8"
"BP_positive_regulation_of_autophagy%0010508",0.908771929824561,1,0.22080325080443,0.731851504768345,258,33,"MAP3K7;IRGM1;TSC2;TBK1;STK11;TRIM8;RB1CC1;SETD2;AMBRA1;ATG7;CCNY;LRRK2;MAP2K1;PRKAA1;PIK3C2A;ATF6;BECN1"
"BP_regulation_of_G1/S_transition_of_mitotic_cell_cycle%2000045",0.887343532684284,1,-0.245394629910635,-0.716483190248485,637,38,"SMARCA4;CCNH;SMARCB1;SMARCC1;MNAT1;INO80;CDK7;KIF14;PSME1;SMARCE1"
"BP_rhythmic_process%0048511",0.907590759075908,1,0.218241970971177,0.715892673272003,274,30,"NFYA;CUL4A;DNM1L;KDM5C;DTL;USP7;SP1;CREBBP;CCAR2;ATG7;FBXW11;MAPK9"
"BP_positive_regulation_of_canonical_NF-kappaB_signal_transduction%0043123",0.801968019680197,1,-0.248721116940916,-0.805773955101851,651,70,"CASP1;PARP1;BRD4;ZC3HAV1;MTDH;UBE2I;BCL10;PYCARD;DDX21;S100A13;LAMTOR5;RHOA;FLNA;HUWE1;DDX1"
"BP_positive_regulation_of_ERK1_and_ERK2_cascade%0070374",0.998677248677249,1,-0.174007233650004,-0.528732153657203,754,50,"CXCR4;NOTCH2;LRP1;CD44;PYCARD;HMGB1;CCR1"
"BP_retina_development_in_camera-type_eye%0060041",0.801161103047896,1,-0.283496212796568,-0.751464592141422,551,22,"GRN;UCHL3;PFDN5;XRN2;RRM1;C3;DTNBP1;RPL24;CEP290"
"BP_fatty_acid_metabolic_process%0006631",0.96728307254623,1,-0.211474049955307,-0.57941422913864,679,27,"NDUFS6;CROT;ASAH1;LIPA;C3;LYPLA2;GPAT4"
"BP_cellular_response_to_hydrogen_peroxide%0070301",0.969529085872576,1,-0.211081514094836,-0.618536360665929,699,39,"AIFM1;PCNA;SETX;EZH2"
"BP_cell_morphogenesis%0000902",0.983849259757739,1,-0.194684304714083,-0.58486224327144,730,45,"LST1;SMARCA4;RHOA;VPS13A;THOC5;MAP7;LIPA;SCFD1;THOC2;FRYL;ITPR1;PLEC;CUL3;DCAF17;NCKAP1L"
"BP_regulation_of_postsynapse_assembly%0150052",0.904977375565611,1,-0.265291736295827,-0.66052462879774,599,17,"RTN4;NEDD8;RHOG;UBE2M;NAE1"
"BP_Wnt_signaling_pathway%0016055",0.958227848101266,1,-0.213454806861902,-0.674867048473138,756,60,"PAF1;MACF1;ZRANB1;CSNK2A1;LRRFIP2"
"BP_positive_regulation_of_canonical_Wnt_signaling_pathway%0090263",0.952908587257618,1,-0.219928908822232,-0.644462057473274,687,39,"RNF220;RPS12;VCP;ASPM"
"BP_negative_regulation_of_translation%0017148",0.801047120418848,1,-0.261804883453943,-0.801698271707447,611,51,"LARP1;CNOT9;NCL;DDX6;PAIP2;GIGYF2;SERBP1;RNF139;EIF4A3;RPS3;DHX36;DDX3X;PRG3"
"BP_negative_regulation_of_protein_phosphorylation%0001933",0.819787985865725,1,0.239391720755565,0.812647235272469,231,38,"MEN1;LYN;SPAG9;TSC2;IBTK;CRKL;PKN1;CIB1;PBK"
"BP_regulation_of_cell_population_proliferation%0042127",0.841836734693878,1,0.21866158691751,0.829257109845095,164,63,"E2F4;STAT6;RIOX2;EMILIN1;MBD2;TOPORS;CTNNA1;STAT1;PIAS1;BRAF;CIB1;NF2;CCND3;STAT3;PTGS1;SMAD4;FOXM1;MYD88;DHCR7;ERBB3;EPS15"
"BP_positive_regulation_of_TORC1_signaling%1904263",0.946502057613169,1,-0.223944828703562,-0.646678247164201,689,35,"LAMTOR4;SEC13;RHEB;RRAGC;LAMTOR5"
"BP_positive_regulation_of_myoblast_differentiation%0045663",0.94888178913738,1,0.223833618786795,0.669440604234014,296,22,"AKIRIN1;MAPK14;MAP3K5;NR2C2;PIK3R1;RIPOR2;ARID2"
"BP_cholesterol_metabolic_process%0008203",0.977142857142857,1,-0.206502301190898,-0.566385871433022,683,28,"NPC2;LRP1;LIPA;APOE;CES1D;SREBF1;ERLIN1;SOAT1;APLP2;ERLIN2;PCTP;APP;PIP4P1"
"BP_negative_regulation_of_NF-kappaB_transcription_factor_activity%0032088",0.922509225092251,1,0.204569873808526,0.689510043174027,249,36,"PARP10;TRIM37;CAT;RBCK1;PPP2CB;GFI1"
"BP_protein_localization_to_plasma_membrane%0072659",0.846938775510204,1,0.217564938815787,0.825098156971056,165,63,"TMED2;ARF6;ATP1B3;RDX;SLMAP;SEC16A;FRMD8;ARL6IP5;CLASP2;IKBKB;EHD4;ZDHHC5;PACS1;TSPAN5;TTC7B;FLOT2;PRKCI;EXOC5;GAK;EZR;TTC7;TNFRSF1A;CASK;EHD1;RAMP1;SEC23A;INPP5K;FCHO2;RAPGEF2;FLOT1;EFR3A"
"BP_cellular_response_to_reactive_oxygen_species%0034614",0.795555555555556,1,-0.290651545541853,-0.759414190315256,536,21,"PSAP;PRDX5"
"BP_response_to_insulin%0032868",0.902266288951841,1,-0.243414329479767,-0.68344870155745,636,31,"KHK;SRSF5;VPS13C;HADH;HADHA"
"BP_memory%0007613",0.951635846372688,1,-0.223441442053034,-0.612203487530248,668,27,"CASP1;EIF4EBP2;PAIP2"
"BP_cerebral_cortex_development%0021987",0.944759206798867,1,-0.227199671763783,-0.637921855270824,666,31,"CSNK2A1;ASPM;KDM1A;KIF14;ATIC;FLNA"
"BP_neuron_development%0048666",0.819571865443425,1,0.26418165011903,0.796211761362153,267,21,"MTMR2;RUNX1;HTT;PBX3;UGDH;SCYL3;ZBTB18;FIG4;BECN1;NCAM1;XBP1"
"BP_positive_regulation_of_G2/M_transition_of_mitotic_cell_cycle%0010971",0.8765625,1,-0.287493109325473,-0.684439931118522,560,15,"BRD4;RRM1"
"BP_positive_regulation_of_G1/S_transition_of_mitotic_cell_cycle%1900087",0.926724137931035,1,-0.23539257254894,-0.640365314034934,644,26,"ANP32B;RPL17;LARP7;EIF4G1"
"BP_negative_regulation_of_canonical_NF-kappaB_signal_transduction%0043124",0.96728307254623,1,-0.206267809319488,-0.56514973708701,679,27,"OLFM4;PYCARD;RHOA;TMSB4X;SIRT1"
"BP_learning_or_memory%0007611",1,1,0.139759475218659,0.421218271143212,326,21,"ARL6IP5;HTT;NEDD9;MAN2B1;ABL1;GM2A;GATM"
"BP_negative_regulation_of_autophagy%0010507",0.913169319826339,1,-0.248801078435765,-0.662578810087839,630,23,"TRIM27;RRAGC;EIF4G1"
"BP_protein_destabilization%0031648",0.998583569405099,1,-0.142742356250881,-0.400786092772015,704,31,"CTSH;NPM1;RNF139"
"BP_multicellular_organism_growth%0035264",0.801290322580645,1,-0.257634720840114,-0.797375835824841,620,54,"ATRX;BRCA2;NOTCH2;ANKRD11;PCNT;NDUFS6;GPD2"
"BP_response_to_estrogen%0043627",0.908554572271387,1,0.232055301230994,0.652433856381876,307,17,"MAPK1;HOXA10;CTNNA1;TGFBR1"
"BP_cell_surface_receptor_signaling_pathway%0007166",0.940350877192983,1,0.207461257974216,0.687629522103564,267,33,"MAPK1;PIK3CD;MAPK3;SYK;ADGRG3;NRG2;MYD88"
"BP_positive_regulation_of_apoptotic_process%0043065",0.84,1,-0.230241707188476,-0.818273635536334,734,156,"SCP2;AIFM1;CASP1;PDCD5;HSPD1;NOTCH2;BARD1;CTSD;LGALS1;ZFP622;FAS;MTCH2;C1QBP;HTRA2;BCL10;PYCARD;OMA1;TOP2A;IRF8;HMGB1;FAM162A;TOMM22;IRF1;STK17B;HPGD;BCLAF1;PLA2G4A;SIRT1;DDX3X;CCAR1;ITGA6;HSPA9;EIF2B5;PPID;ITPR1;TXNIP;LCN2;RPS6;EEF1E1;TSPO;UTP11;BAD;BAK1"
"BP_positive_regulation_of_endocytosis%0045807",0.90625,1,-0.272068171074218,-0.647717507756911,579,15,"LRP1;PPP3CA;CD63;APOE;CKAP5;ARF1"
"BP_androgen_receptor_signaling_pathway%0030521",0.8046875,1,-0.312785595179981,-0.74465419961592,514,15,"RWDD1;DDX5;RHOA"
"BP_oligodendrocyte_differentiation%0048709",0.926493108728943,1,-0.260352628693132,-0.633258419571978,604,16,"RHEB;PTPRJ;HDAC2;EED"
"BP_response_to_ionizing_radiation%0010212",0.864951768488746,1,0.252609674878175,0.769315342996744,268,23,"NABP1;STK11;TOPBP1;PAXIP1"
"BP_cytoplasmic_microtubule_organization%0031122",0.859016393442623,1,0.248632151021851,0.756955058108444,261,24,"SLAIN2;TUBG1;TUBGCP6;CIB1;SLK;TUBGCP4"
"BP_positive_regulation_of_dendritic_spine_development%0060999",0.830609212481427,1,-0.290221031000743,-0.736433986069838,558,18,"LLPH;GRN"
"BP_erythrocyte_differentiation%0030218",0.84471218206158,1,-0.24969770602741,-0.749289222828741,630,43,"PTPN2;CHMP5;RPS19;SELENOW;UFL1;TMEM14C;RPS14;VPS13A;HCLS1;HNRNPU"
"BP_insulin_receptor_signaling_pathway%0008286",0.960219478737997,1,-0.212314213957323,-0.613092896696044,699,35,"PTPN2;FLT3;SMARCC1;EIF4EBP2"
"BP_negative_regulation_of_phosphatidylinositol_3-kinase/protein_kinase_B_signal_transduction%0051898",0.894736842105263,1,-0.249767588479611,-0.684334057882353,628,27,"NOP53;PPP2R1A;NCOR1;AIM2;PDCD6;SIRT1;PTPRJ"
"BP_response_to_xenobiotic_stimulus%0009410",0.995255041518387,1,-0.182058028487778,-0.617567955018298,838,101,"CASP1;UQCRC2;SOD1;MGST1;ASS1;TERF1;CYBB;HSP90AA1"
"BP_negative_regulation_of_interleukin-6_production%0032715",0.86676875957121,1,-0.286062265321074,-0.695792237419346,565,16,"FLT3;SELENOS;CD84;NCKAP1L"
"BP_positive_regulation_of_non-canonical_NF-kappaB_signal_transduction%1901224",0.955271565495208,1,0.220026373273963,0.658053911071513,298,22,"MAP3K7;RC3H2;RBCK1;EIF2AK2;TRIM44;CREBBP;RC3H1;RELA;CALR"
"BP_lamellipodium_assembly%0030032",0.972644376899696,1,0.204251637002902,0.58484928680605,319,18,"PXN;CYFIP1;SPATA13;VAV3;KIT;WASF2;VCL;FGD4"
"BP_ERAD_pathway%0036503",0.955470737913486,1,-0.216296221706456,-0.680520641340476,750,59,"RNF121;SDF2L1;VCP;HSP90B1;TMUB2;UBE2G2;OS9;RNF139;SELENOS;STUB1;UBXN4;ERLEC1;TRIM25"
"BP_positive_regulation_of_microtubule_polymerization%0031116",0.856733524355301,1,0.25053415780754,0.693257550247746,298,16,"SLAIN2;NUMA1;CDK5RAP2;CDKN1B"
"BP_negative_regulation_of_DNA-binding_transcription_factor_activity%0043433",0.882352941176471,1,0.234417033950643,0.727421412721309,269,26,"CEBPG;MEN1;WWP2;SPOP;PIAS2;IGF1R;EGLN1;PURA;RLIM;PAXIP1;RALGAPA1"
"BP_response_to_endoplasmic_reticulum_stress%0034976",0.797709923664122,1,-0.257232419215598,-0.808858782038931,626,58,"BCAP31;TMEM33;UFC1;SDF2L1;PDIA3;TMBIM6;UFL1;OS9;PDIA6;ERP44;NCK1"
"BP_response_to_unfolded_protein%0006986",0.988422575976845,1,-0.184115695489394,-0.490316035616996,682,23,"HSPD1;HSP90AA1;ERP44;UPF2;UBXN4"
"BP_response_to_ischemia%0002931",0.824281150159744,1,0.263838347271341,0.789086570528386,257,22,"MAP3K5;PIK3CB;MAP2K2;CIB1;PINK1;STAT3;HYOU1"
"BP_regulation_of_embryonic_development%0045995",0.939799331103679,1,0.208653132986668,0.655145557735072,280,27,"YY1;BAG6;EHMT1;MCRS1;KAT14;RAB14;KAT2A;RACGAP1;INO80C;SGF29"
"BP_hippocampus_development%0021766",0.932276657060519,1,-0.23082732135421,-0.624984458302753,646,25,"ATP2B4;EZH2;XRN2;KIF14;UQCRQ;ANXA3;HDAC2;EIF2B5;YWHAE"
"BP_chemotaxis%0006935",0.955156950672646,1,-0.23278294618788,-0.594174862206124,638,19,"CXCR4;RAC2;PLGRKT;CMTM7;NCKAP1L;LSP1;CREB3"
"BP_cellular_response_to_amyloid-beta%1904646",0.862464183381089,1,0.245743154837887,0.680000280217037,300,16,"BACE1;ICAM1;SYK;IGF1R;ABCC1"
"BP_blood_coagulation%0007596",0.987767584097859,1,0.172539254685815,0.520012589124221,322,21,"PAPSS2;HPS1"
"BP_positive_regulation_of_endothelial_cell_migration%0010595",0.974025974025974,1,0.199750152791376,0.61721531174203,299,25,"FOXP1;PIK3CD;GPI1;PIK3CB;ETS1;RHOB;AKT1;PIK3CG;ABL1;CALR"
"BP_positive_regulation_of_peptidyl-tyrosine_phosphorylation%0050731",0.820261437908497,1,0.249775194089648,0.775079444890881,250,26,"PTPN11;LRRK1;ICAM1;SYK;EHD4"
"BP_positive_regulation_of_protein_catabolic_process%0045732",0.927710843373494,1,-0.223859349437335,-0.671753860423672,692,43,"CSNK2A1;NDUFA13;HSP90AA1;VCP;SEC22B;NDFIP1"
"BP_response_to_estradiol%0032355",0.837876614060258,1,-0.26902047051875,-0.725343445116979,583,24,"PCNA;GRN;ASS1;EZH2"
"BP_positive_regulation_of_telomere_maintenance%0032206",0.828101644245142,1,-0.293186918309921,-0.748355064837244,553,19,"ATRX;TERF1;MRE11A;NBN;GNL3;DHX36;NVL;TERF2"
"BP_G2/M_transition_of_mitotic_cell_cycle%0000086",0.875399361022364,1,0.253375430784843,0.757794125842306,273,22,"PPM1D;TAF2;LATS1;USP22;FOXM1;ENSA;KAT14;PLK1;CCNY;CHEK2"
"BP_positive_regulation_of_proteolysis%0045862",0.931087289433384,1,-0.256671804800245,-0.624305513151048,607,16,"STUB1;AURKAIP1;HDAC2;BAD;BAK1"
"BP_cellular_response_to_mechanical_stimulus%0071260",0.973426573426574,1,-0.202566780295472,-0.574651556377568,695,32,"TMEM87A;BCL10;CHEK1;IRF1;PLEC;BAD;BAK1"
"BP_neuromuscular_process%0050905",0.9921875,1,-0.198411352396776,-0.472361416543871,634,15,"MYCBP2;VPS13A;ZMPSTE24;UBA5;ATXN2"
"BP_negative_regulation_of_MAP_kinase_activity%0043407",0.979942693409742,1,0.200983069361005,0.556143846914155,341,16,"LYN;RGS14;NUP62;PTPN6;PTPN1;INPP5K"
"BP_DNA_replication%0006260",0.815405046480744,1,-0.25975214351874,-0.785738352771997,613,47,"PCLAF;GINS1;NASP;RFC3;BLM;RPA3;SSRP1;RBBP6;RMI1;RPA2;LIG1;DSCC1;ORC4;RPA1;DNAJC2;TOP1;POLH"
"BP_positive_regulation_of_MAPK_cascade%0043410",0.888174807197943,1,-0.237870285897269,-0.738356046769781,690,55,"PPIA;PSAP;SOD1;ZFP622;PRDX2;BNIP2;IL6RA;LAPTM5"
"BP_response_to_activity%0014823",0.859701492537313,1,-0.276995151577931,-0.717031510477845,575,20,"ANXA2;CBL;HADH"
"BP_neuron_apoptotic_process%0051402",0.873144399460189,1,-0.243065542204461,-0.729637844679409,646,44,"AIFM1;FAS;NDUFS4;HTRA2;FAM162A;PTGES3;SIRT1;CORO1A;NAE1;CTSB"
"BP_protein_targeting_to_lysosome%0006622",1,1,-0.144970106890556,-0.370033950924314,668,19,"LAPTM5;NCOA4;SORL1;PIK3C3;SCARB2;M6PR;GCC2;PIK3R4"
"BP_positive_regulation_of_neuron_apoptotic_process%0043525",0.952191235059761,1,-0.215918728323081,-0.65314427679771,716,47,"AIFM1;GRN;FAS;HDAC3"
"BP_T_cell_proliferation%0042098",0.895714285714286,1,-0.255606890803293,-0.701067885234248,626,28,"CXCR4;PRDX2"
"BP_heart_looping%0001947",0.816618911174785,1,0.256819756327597,0.710650542365025,284,16,"TMED2;C2CD3;STIL;KDM2A"
"BP_positive_regulation_of_nitric_oxide_biosynthetic_process%0045429",0.96711509715994,1,-0.225215645518909,-0.574859444535324,646,19,"ASS1;HSP90AA1;APOE;HSP90AB1"
"BP_regulation_of_postsynapse_organization%0099175",0.995522388059701,1,-0.176542212900527,-0.456998358484091,666,20,"HNRNPM;RHEB;CHMP2B;RBMX"
"BP_chemical_synaptic_transmission%0007268",0.983425414364641,1,0.192417891013829,0.523798144679361,355,15,"SNAPIN;EXOC4;GIPC1;SPG11;GLS;DMXL2;USP14;PAFAH1B1"
"BP_endoplasmic_reticulum_unfolded_protein_response%0030968",0.989473684210526,1,0.174505912910171,0.578399160741525,281,33,"SERP1;QRICH1;EDEM3;ATF6B;HERPUD2;EIF2AK2;EDEM2;TBL2"
"BP_cholesterol_homeostasis%0042632",0.874538745387454,1,0.228676152765619,0.770761114678465,236,36,"NUS1;MIA2;NR1H2;ALMS1;SREBF2;ABCA2;LPL;LDLR;LDLRAP1;SCARB1;LRP5"
"BP_symbiont_entry_into_host_cell%0046718",0.897777777777778,1,-0.257495459739158,-0.672783988480492,605,21,"VAMP8"
"BP_positive_regulation_of_peptidyl-serine_phosphorylation%0033138",0.900862068965517,1,-0.24569539815668,-0.668393267866723,626,26,"CNOT9;TXN1;CD44;EIF4G1;AKAP9"
"BP_regulation_of_inflammatory_response%0050727",0.840228245363766,1,-0.268904618657732,-0.743115973886566,588,29,"CASP1;BRD4;GRN;PYCARD;UFL1"
"BP_mitotic_sister_chromatid_segregation%0000070",0.901639344262295,1,0.239565721971545,0.729352516359902,274,24,"TUBG1;ZW10;NEK2;MIS12;ZWINT"
"BP_protein_N-linked_glycosylation%0006487",0.980519480519481,1,0.180952845122074,0.55913282243782,301,25,"MGAT2;GFPT1;EXT2;FUT8;ALG11;TMEM165;DPAGT1"
"BP_positive_regulation_of_gluconeogenesis%0045722",0.900459418070444,1,-0.274746324215208,-0.668268355610891,587,16,"PTPN2;ARPP19;DGAT2;SIRT1"
"BP_mitotic_cell_cycle%0000278",0.862671660424469,1,-0.240821537838495,-0.771138505372306,690,64,"TUBA1B;IK;PPP1R12A;CENPE;CENPC1;ARPP19;INCENP;CLTC;BIRC5;CDCA8;TUBGCP5;LIPA"
"BP_post-translational_protein_modification%0043687",0.797856049004594,1,-0.31105944498023,-0.756593138736045,520,16,"BAZ1B"
"BP_ovarian_follicle_development%0001541",0.966867469879518,1,0.197693130771974,0.5869157304349,320,20,"FANCG;CTNNA1;ZFX;SMAD4"
"BP_macroautophagy%0016236",0.916786226685796,1,-0.244250540102728,-0.658557796319992,638,24,"VCP;ATG3;RAB2A;SQSTM1;CLN3;VTI1B;MYO5A"
"BP_response_to_hormone%0009725",0.928358208955224,1,-0.243034656615032,-0.629121145039655,621,20,"LONP1;LNPEP;HCLS1;NCOA4;UQCRFS1;ACAT1;PDCD4"
"BP_cholesterol_biosynthetic_process%0006695",0.825421133231241,1,-0.302001393165406,-0.734561144646145,538,16,"LIPA;CES1D;EBP;SREBF1;FDPS;HMGCR;MSMO1;CYB5R3"
"BP_cellular_response_to_cytokine_stimulus%0071345",0.921248142644874,1,-0.255507191114759,-0.648347842240518,619,18,"CXCR4;FLT3;RHOA;HCLS1"
"BP_negative_regulation_of_extrinsic_apoptotic_signaling_pathway%2001237",0.808320950965825,1,-0.298057079558744,-0.756317908522692,543,18,"LGALS3;PRDX2;BIRC6"
"BP_mitochondrial_fusion%0008053",0.8890625,1,-0.280418064215658,-0.667596246068181,568,15,"AFG3L1;PARL;AFG3L2"
"BP_response_to_gamma_radiation%0010332",0.835066864784547,1,-0.288498073990523,-0.732061993817975,561,18,"BRCA2;CBL"
"BP_positive_regulation_of_reactive_oxygen_species_metabolic_process%2000379",0.87292817679558,1,0.255218835478273,0.694754275740081,315,15,"MAPK14;PDGFRB"
"BP_hematopoietic_progenitor_cell_differentiation%0002244",0.878998609179416,1,-0.246243520205333,-0.718961710771683,631,38,"PRRC2C;AGPAT5;CITED2"
"BP_blood_vessel_development%0001568",0.959701492537313,1,-0.227300377164324,-0.588391283536475,642,20,"SMARCA4;CITED2"
"BP_Golgi_to_plasma_membrane_protein_transport%0043001",0.869300911854103,1,0.249682316422439,0.714934415363689,285,18,"PREPL;GOLPH3L;GGA1;KIF13A;RAB31;BLZF1"
"BP_heart_morphogenesis%0003007",0.925414364640884,1,0.236133674451003,0.64280083271917,334,15,"GAA;NCOR2;ARID2;ASXL2"
"BP_adult_locomotory_behavior%0008344",0.995515695067265,1,-0.168132422975418,-0.42915540373465,665,19,"HTRA2;GIGYF2;VPS13A;TBCE;NTAN1;PARK7"
"BP_ubiquitin-dependent_protein_catabolic_process_via_the_multivesicular_body_sorting_pathway%0043162",0.900452488687783,1,-0.267200608346877,-0.665277347523724,596,17,"CHMP2A;CHMP5;CHMP4B;CHMP3;CHMP2B"
"BP_establishment_or_maintenance_of_cell_polarity%0007163",0.895366218236173,1,-0.26383178457721,-0.6734265409642,598,19,"MACF1;RAC2;SPINT2;RHOG"
"BP_gastrulation%0007369",0.874811463046757,1,-0.278701084659446,-0.693911288231498,579,17,"DLD;SYF2;LMBRD1"
"BP_gene_expression%0010467",0.83956574185766,1,-0.240749010336011,-0.8009800672038,695,89,"NPC2;PSAP;FUS;SOD1;ANKRD11;SMARCA4;TAF15;FAS;PBXIP1;NDUFS6;CHD2;GTF2B;HDAC3;NCOR1;VPS13A;TAF10;HADHB;DIAPH1;RNASEH2B;LIPA;APOE;TARDBP;GOLPH3;DIAPH3"
"BP_protein_monoubiquitination%0006513",0.919540229885057,1,-0.23846151761071,-0.648714115982913,639,26,"RNF220;CBL;UBE2R2;TRIM41;HUWE1;STUB1;TRIM25;TSG101;CUL3"
"BP_positive_regulation_of_apoptotic_signaling_pathway%2001235",0.95067264573991,1,-0.236833702607007,-0.604514355182654,635,19,"CTSH;FAS"
"BP_extrinsic_apoptotic_signaling_pathway_in_absence_of_ligand%0097192",0.925,1,-0.264347325585033,-0.629336354319205,591,15,"FAS;LCN2;BAD;BAK1;MKNK2;ITGAV;BAX"
"BP_vesicle_fusion%0006906",0.806938159879336,1,-0.305790178369727,-0.761357842795479,534,17,"VAMP8;STX8"
"BP_homeostasis_of_number_of_cells_within_a_tissue%0048873",0.849028400597907,1,-0.282031899977279,-0.719882053436509,567,19,"FLT3;FH1;KMT2A;GIGYF2;LIPA;CORO1A"
"BP_chaperone_cofactor-dependent_protein_refolding%0051085",0.830609212481427,1,-0.290470842160573,-0.737067880269595,558,18,"SDF2L1;SDF2;DNAJC7;PTGES3;HSPA9;TOR1B;HSPE1"
"BP_regulation_of_protein_binding%0043393",0.911174785100286,1,0.230068577758616,0.636626877555141,317,16,"SNAPIN;TGFBR1;LDLRAP1;PLK1;HDAC4"
"BP_fibroblast_proliferation%0048144",0.886567164179105,1,-0.268857778763456,-0.695967052536086,593,20,"PRDX1;KMT2A;MORF4L1;RNASEH2B;PTGES3"
